{"P00962": {"Enrichment": 0.4749905001899962, "Depletion": 0.5250294994100118, "two-tailed": 0.9499810003799924}}