{"P07813": {"Enrichment": 0.02155956880862383, "Depletion": 0.9784604307913841, "two-tailed": 0.04311913761724766}}