{"P0A6I0": {"Enrichment": 0.24659506809863802, "Depletion": 0.75342493150137, "two-tailed": 0.49319013619727603}}