{"P0A6I0": {"Enrichment": 0.4661506769864603, "Depletion": 0.5338693226135477, "two-tailed": 0.9323013539729206}}