{"P0A7K6": {"Enrichment": 0.7444255574442555, "Depletion": 0.2556744325567443, "two-tailed": 0.5113488651134886}}