{"P0A7J3": {"Enrichment": 0.0633787324253515, "Depletion": 0.9366412671746565, "two-tailed": 0.126757464850703}}