{"P0A7J3": {"Enrichment": 0.07809843803123938, "Depletion": 0.9219215615687686, "two-tailed": 0.15619687606247876}}