{"P0A8M3": {"Enrichment": 0.07315853682926342, "Depletion": 0.9268614627707445, "two-tailed": 0.14631707365852684}}