{"P0AA10": {"Enrichment": 0.016439671206575867, "Depletion": 0.9835803283934321, "two-tailed": 0.032879342413151734}}