{"P0AA37": {"Enrichment": 0.8162036759264815, "Depletion": 0.18381632367352652, "two-tailed": 0.36763264734705303}}