{"P0AA37": {"Enrichment": 0.2121957560848783, "Depletion": 0.7878242435151297, "two-tailed": 0.4243915121697566}}