{"P0AA10": {"Enrichment": 0.015779684406311875, "Depletion": 0.9842403151936961, "two-tailed": 0.03155936881262375}}