{"P0ADY7": {"Enrichment": 0.7986440271194576, "Depletion": 0.2013759724805504, "two-tailed": 0.4027519449611008}}