{"P0ADY3": {"Enrichment": 0.6114677706445871, "Depletion": 0.3885522289554209, "two-tailed": 0.7771044579108418}}