{"P0ADY3": {"Enrichment": 0.6017479650406992, "Depletion": 0.3982720345593088, "two-tailed": 0.7965440691186176}}