{"P0ADY7": {"Enrichment": 0.3992320153596928, "Depletion": 0.6007879842403152, "two-tailed": 0.7984640307193857}}