{"P0AG44": {"Enrichment": 0.8062838743225136, "Depletion": 0.19373612527749445, "two-tailed": 0.3874722505549889}}