{"P0AGD7": {"Enrichment": 0.01613967720645587, "Depletion": 0.9838803223935522, "two-tailed": 0.03227935441291174}}