{"P0AGD7": {"Enrichment": 0.017959640807183857, "Depletion": 0.9820603587928242, "two-tailed": 0.035919281614367714}}