{"P0AG55": {"Enrichment": 0.9734605307893842, "Depletion": 0.026559468810623786, "two-tailed": 0.05311893762124757}}