{"P16384": {"Enrichment": 0.5641087178256435, "Depletion": 0.4359112817743645, "two-tailed": 0.871822563548729}}