{"P21513": {"Enrichment": 0.2584348313033739, "Depletion": 0.741585168296634, "two-tailed": 0.5168696626067478}}