{"P21888": {"Enrichment": 0.05977880442391152, "Depletion": 0.9402411951760965, "two-tailed": 0.11955760884782304}}