{"P21888": {"Enrichment": 0.11101777964440711, "Depletion": 0.8890022199556009, "two-tailed": 0.22203555928881422}}