{"P23882": {"Enrichment": 0.44201115977680444, "Depletion": 0.5580088398232035, "two-tailed": 0.8840223195536089}}