{"P23882": {"Enrichment": 0.44085118297634046, "Depletion": 0.5591688166236676, "two-tailed": 0.8817023659526809}}