{"P30850": {"Enrichment": 0.16487670246595068, "Depletion": 0.8351432971340573, "two-tailed": 0.32975340493190136}}