{"P32684": {"Enrichment": 0.619787604247915, "Depletion": 0.38023239535209297, "two-tailed": 0.7604647907041859}}