{"P32684": {"Enrichment": 0.4767304653906922, "Depletion": 0.5232895342093158, "two-tailed": 0.9534609307813844}}