{"P37765": {"Enrichment": 0.8124437511249775, "Depletion": 0.1875762484750305, "two-tailed": 0.375152496950061}}