{"P37765": {"Enrichment": 0.8510229795404092, "Depletion": 0.1489970200595988, "two-tailed": 0.2979940401191976}}