{"P55135": {"Enrichment": 0.12411751764964701, "Depletion": 0.875902481950361, "two-tailed": 0.24823503529929403}}