{"P60340": {"Enrichment": 0.7902641947161057, "Depletion": 0.20975580488390233, "two-tailed": 0.41951160976780466}}