{"P60340": {"Enrichment": 0.5474290514189716, "Depletion": 0.4525909481810364, "two-tailed": 0.9051818963620728}}