{"P60438": {"Enrichment": 0.7269054618907622, "Depletion": 0.2731145377092458, "two-tailed": 0.5462290754184916}}