{"P60438": {"Enrichment": 0.04739905201895962, "Depletion": 0.9526209475810484, "two-tailed": 0.09479810403791925}}