{"P60422": {"Enrichment": 0.9651206975860482, "Depletion": 0.03489930201395972, "two-tailed": 0.06979860402791944}}