{"P60422": {"Enrichment": 0.98960020799584, "Depletion": 0.010419791604167917, "two-tailed": 0.020839583208335833}}