{"P60624": {"Enrichment": 0.8060638787224256, "Depletion": 0.19395612087758246, "two-tailed": 0.3879122417551649}}