{"P60723": {"Enrichment": 0.9675406491870162, "Depletion": 0.03247935041299174, "two-tailed": 0.06495870082598348}}