{"P60723": {"Enrichment": 0.9672606547869043, "Depletion": 0.03275934481310374, "two-tailed": 0.06551868962620748}}