{"P61175": {"Enrichment": 0.24627507449851002, "Depletion": 0.7537449251014979, "two-tailed": 0.49255014899702004}}