{"P62399": {"Enrichment": 0.4400911981760365, "Depletion": 0.5599288014239715, "two-tailed": 0.880182396352073}}