{"Q46898": {"Enrichment": 0.616467670646587, "Depletion": 0.38355232895342095, "two-tailed": 0.7671046579068419}}