{"Q46899": {"Enrichment": 0.08933821323573529, "Depletion": 0.9106817863642727, "two-tailed": 0.17867642647147058}}