{"Q46898": {"Enrichment": 0.2963340733185336, "Depletion": 0.7036859262814744, "two-tailed": 0.5926681466370672}}