{"Q46901": {"Enrichment": 0.012959740805183896, "Depletion": 0.9870602587948241, "two-tailed": 0.025919481610367792}}