{"P00175": {"Enrichment": 0.9878602427951441, "Depletion": 0.012159756804863902, "two-tailed": 0.024319513609727804}}