{"P00330": {"Enrichment": 0.6743865122697547, "Depletion": 0.3256334873302534, "two-tailed": 0.6512669746605068}}