{"P00410": {"Enrichment": 0.4508109837803244, "Depletion": 0.5492090158196836, "two-tailed": 0.9016219675606488}}