{"P00410": {"Enrichment": 0.026479470410591788, "Depletion": 0.9735405291894162, "two-tailed": 0.052958940821183575}}