{"P00445": {"Enrichment": 0.8574428511429771, "Depletion": 0.14257714845703087, "two-tailed": 0.28515429691406174}}