{"P00549": {"Enrichment": 0.8551228975420492, "Depletion": 0.14489710205795883, "two-tailed": 0.28979420411591766}}