{"P00549": {"Enrichment": 0.9238615227695446, "Depletion": 0.0761584768304634, "two-tailed": 0.1523169536609268}}