{"P00572": {"Enrichment": 0.6475670486590268, "Depletion": 0.35245295094098117, "two-tailed": 0.7049059018819623}}