{"P00729": {"Enrichment": 0.22795544089118217, "Depletion": 0.7720645587088258, "two-tailed": 0.45591088178236433}}