{"P00729": {"Enrichment": 0.5331293374132517, "Depletion": 0.4668906621867563, "two-tailed": 0.9337813243735126}}