{"P00830": {"Enrichment": 0.9228415431691366, "Depletion": 0.07717845643087139, "two-tailed": 0.15435691286174277}}