{"P00817": {"Enrichment": 0.6465470690586188, "Depletion": 0.3534729305413892, "two-tailed": 0.7069458610827783}}