{"P00950": {"Enrichment": 0.21745565088698227, "Depletion": 0.7825643487130257, "two-tailed": 0.43491130177396453}}