{"P00924": {"Enrichment": 0.25801483970320593, "Depletion": 0.742005159896802, "two-tailed": 0.5160296794064119}}