{"P00942": {"Enrichment": 0.7666046679066418, "Depletion": 0.23341533169336615, "two-tailed": 0.4668306633867323}}