{"P00950": {"Enrichment": 0.22811543769124618, "Depletion": 0.7719045619087618, "two-tailed": 0.45623087538249235}}