{"P01123": {"Enrichment": 0.022779544409111816, "Depletion": 0.9772404551908962, "two-tailed": 0.04555908881822363}}