{"P02829": {"Enrichment": 0.7930641387172257, "Depletion": 0.20695586088278234, "two-tailed": 0.4139117217655647}}