{"P02829": {"Enrichment": 0.9072418551628968, "Depletion": 0.09277814443711126, "two-tailed": 0.1855562888742225}}