{"P03870": {"Enrichment": 0.10277794444111117, "Depletion": 0.8972420551588968, "two-tailed": 0.20555588888222234}}