{"P03870": {"Enrichment": 0.374432511349773, "Depletion": 0.625587488250235, "two-tailed": 0.748865022699546}}