{"P03962": {"Enrichment": 0.4367712645747085, "Depletion": 0.5632487350252995, "two-tailed": 0.873542529149417}}