{"P04050": {"Enrichment": 0.018079638407231854, "Depletion": 0.9819403611927762, "two-tailed": 0.03615927681446371}}