{"P04387": {"Enrichment": 0.24559508809823805, "Depletion": 0.7544249115017699, "two-tailed": 0.4911901761964761}}