{"P04387": {"Enrichment": 0.1351572968540629, "Depletion": 0.8648627027459451, "two-tailed": 0.2703145937081258}}