{"P04802": {"Enrichment": 0.6096278074438511, "Depletion": 0.3903921921561569, "two-tailed": 0.7807843843123138}}