{"P04802": {"Enrichment": 0.628667426651467, "Depletion": 0.371352572948541, "two-tailed": 0.742705145897082}}