{"P05750": {"Enrichment": 0.9921601567968641, "Depletion": 0.007859842803143937, "two-tailed": 0.015719685606287875}}