{"P06169": {"Enrichment": 0.98730025399492, "Depletion": 0.012719745605087898, "two-tailed": 0.025439491210175795}}