{"P06169": {"Enrichment": 0.9226015479690406, "Depletion": 0.07741845163096737, "two-tailed": 0.15483690326193475}}