{"P06103": {"Enrichment": 0.21689566208675826, "Depletion": 0.7831243375132497, "two-tailed": 0.4337913241735165}}