{"P06780": {"Enrichment": 0.05097898042039159, "Depletion": 0.9490410191796164, "two-tailed": 0.10195796084078318}}