{"P06839": {"Enrichment": 0.4646707065858683, "Depletion": 0.5353492930141397, "two-tailed": 0.9293414131717366}}