{"P07143": {"Enrichment": 0.9592208155836883, "Depletion": 0.04079918401631968, "two-tailed": 0.08159836803263935}}