{"P07256": {"Enrichment": 0.7355052898942022, "Depletion": 0.2645147097058059, "two-tailed": 0.5290294194116117}}