{"P07271": {"Enrichment": 0.15213695726085477, "Depletion": 0.8478830423391532, "two-tailed": 0.30427391452170954}}