{"P07257": {"Enrichment": 0.2123757524849503, "Depletion": 0.7876442471150576, "two-tailed": 0.4247515049699006}}