{"P07271": {"Enrichment": 0.4202315953680926, "Depletion": 0.5797884042319154, "two-tailed": 0.8404631907361853}}