{"P07342": {"Enrichment": 0.30345393092138156, "Depletion": 0.6965660686786265, "two-tailed": 0.6069078618427631}}