{"P07342": {"Enrichment": 0.3863322733545329, "Depletion": 0.6136877262454751, "two-tailed": 0.7726645467090658}}