{"P07703": {"Enrichment": 0.19215615687686247, "Depletion": 0.8078638427231455, "two-tailed": 0.38431231375372493}}