{"P07884": {"Enrichment": 0.7148257034859303, "Depletion": 0.2851942961140777, "two-tailed": 0.5703885922281554}}