{"P07884": {"Enrichment": 0.6634467310653787, "Depletion": 0.3365732685346293, "two-tailed": 0.6731465370692586}}