{"P08536": {"Enrichment": 0.09657806843863123, "Depletion": 0.9034419311613767, "two-tailed": 0.19315613687726246}}