{"P09201": {"Enrichment": 0.993460130797384, "Depletion": 0.006559868802623947, "two-tailed": 0.013119737605247895}}