{"P09201": {"Enrichment": 0.9854002919941601, "Depletion": 0.014619707605847883, "two-tailed": 0.029239415211695766}}