{"P09624": {"Enrichment": 0.996780064398712, "Depletion": 0.003239935201295974, "two-tailed": 0.006479870402591948}}