{"P09959": {"Enrichment": 0.9845803083938321, "Depletion": 0.015439691206175877, "two-tailed": 0.030879382412351754}}