{"P0CX35": {"Enrichment": 0.7996440071198576, "Depletion": 0.2003759924801504, "two-tailed": 0.4007519849603008}}