{"P10081": {"Enrichment": 0.9538609227815443, "Depletion": 0.04615907681846363, "two-tailed": 0.09231815363692726}}