{"P10507": {"Enrichment": 0.19023619527609448, "Depletion": 0.8097838043239135, "two-tailed": 0.38047239055218895}}