{"P11353": {"Enrichment": 0.6292274154516909, "Depletion": 0.370792584148317, "two-tailed": 0.741585168296634}}