{"P11353": {"Enrichment": 0.625347493050139, "Depletion": 0.374672506549869, "two-tailed": 0.749345013099738}}