{"P11986": {"Enrichment": 0.9624807503849923, "Depletion": 0.037539249215015696, "two-tailed": 0.07507849843003139}}