{"P12612": {"Enrichment": 0.500229995400092, "Depletion": 0.499790004199916, "two-tailed": 0.999580008399832}}