{"P12612": {"Enrichment": 0.495770084598308, "Depletion": 0.5042499150016999, "two-tailed": 0.991540169196616}}