{"P13045": {"Enrichment": 0.4720905581888362, "Depletion": 0.5279294414111718, "two-tailed": 0.9441811163776724}}