{"P13134": {"Enrichment": 0.7740645187096258, "Depletion": 0.2259554808903822, "two-tailed": 0.4519109617807644}}