{"P13298": {"Enrichment": 0.35457290854182916, "Depletion": 0.6454470910581789, "two-tailed": 0.7091458170836583}}