{"P14736": {"Enrichment": 0.7166656666866663, "Depletion": 0.2833543329133417, "two-tailed": 0.5667086658266834}}