{"P14832": {"Enrichment": 0.20787584248315033, "Depletion": 0.7921441571168577, "two-tailed": 0.41575168496630066}}