{"P14832": {"Enrichment": 0.2855942881142377, "Depletion": 0.7144257114857703, "two-tailed": 0.5711885762284754}}