{"P15303": {"Enrichment": 0.8404631907361853, "Depletion": 0.15955680886382273, "two-tailed": 0.31911361772764546}}