{"P15790": {"Enrichment": 0.14493710125797485, "Depletion": 0.8550828983420331, "two-tailed": 0.2898742025159497}}