{"P16370": {"Enrichment": 0.7083058338833224, "Depletion": 0.2917141657166857, "two-tailed": 0.5834283314333714}}