{"P16622": {"Enrichment": 0.7009859802803944, "Depletion": 0.2990340193196136, "two-tailed": 0.5980680386392272}}