{"P16622": {"Enrichment": 0.7021259574808504, "Depletion": 0.2978940421191576, "two-tailed": 0.5957880842383152}}