{"P16862": {"Enrichment": 0.051758964820703586, "Depletion": 0.9482610347793045, "two-tailed": 0.10351792964140717}}