{"P16861": {"Enrichment": 0.08475830483390333, "Depletion": 0.9152616947661046, "two-tailed": 0.16951660966780666}}