{"P16862": {"Enrichment": 0.06295874082518349, "Depletion": 0.9370612587748245, "two-tailed": 0.12591748165036698}}