{"P17157": {"Enrichment": 0.10567788644227115, "Depletion": 0.8943421131577368, "two-tailed": 0.2113557728845423}}