{"P17157": {"Enrichment": 0.07761844763104737, "Depletion": 0.9224015519689607, "two-tailed": 0.15523689526209475}}