{"P18408": {"Enrichment": 0.4746905061898762, "Depletion": 0.5253294934101318, "two-tailed": 0.9493810123797524}}