{"P18480": {"Enrichment": 0.01009979800403992, "Depletion": 0.989920201595968, "two-tailed": 0.02019959600807984}}