{"P20051": {"Enrichment": 0.012039759204815904, "Depletion": 0.987980240395192, "two-tailed": 0.02407951840963181}}