{"P21243": {"Enrichment": 0.41993160136797264, "Depletion": 0.5800883982320354, "two-tailed": 0.8398632027359453}}