{"P21242": {"Enrichment": 0.10535789284214316, "Depletion": 0.8946621067578648, "two-tailed": 0.2107157856842863}}