{"P21691": {"Enrichment": 0.9931801363972721, "Depletion": 0.006839863202735945, "two-tailed": 0.01367972640547189}}