{"P22138": {"Enrichment": 0.43959120817583647, "Depletion": 0.5604287914241716, "two-tailed": 0.8791824163516729}}