{"P22515": {"Enrichment": 0.04675906481870363, "Depletion": 0.9532609347813044, "two-tailed": 0.09351812963740726}}