{"P23394": {"Enrichment": 0.5824283514329713, "Depletion": 0.41759164816703664, "two-tailed": 0.8351832963340733}}