{"P23394": {"Enrichment": 0.4894702105957881, "Depletion": 0.5105497890042199, "two-tailed": 0.9789404211915762}}