{"P23542": {"Enrichment": 0.377812443751125, "Depletion": 0.622207555848883, "two-tailed": 0.75562488750225}}