{"P23639": {"Enrichment": 0.23105537889242214, "Depletion": 0.7689646207075859, "two-tailed": 0.4621107577848443}}