{"P23638": {"Enrichment": 0.28893422131557367, "Depletion": 0.7110857782844343, "two-tailed": 0.5778684426311473}}