{"P23638": {"Enrichment": 0.28967420651586967, "Depletion": 0.7103457930841384, "two-tailed": 0.5793484130317393}}