{"P23776": {"Enrichment": 0.7785444291114177, "Depletion": 0.22147557048859023, "two-tailed": 0.44295114097718047}}