{"P25043": {"Enrichment": 0.9582608347833044, "Depletion": 0.041759164816703664, "two-tailed": 0.08351832963340733}}