{"P25372": {"Enrichment": 0.4674106517869643, "Depletion": 0.5326093478130437, "two-tailed": 0.9348213035739286}}