{"P25443": {"Enrichment": 0.2859142817143657, "Depletion": 0.7141057178856423, "two-tailed": 0.5718285634287315}}