{"P25627": {"Enrichment": 0.23977520449591008, "Depletion": 0.7602447951040979, "two-tailed": 0.47955040899182017}}