{"P25627": {"Enrichment": 0.21921561568768624, "Depletion": 0.7808043839123218, "two-tailed": 0.4384312313753725}}