{"P27472": {"Enrichment": 0.3859522809543809, "Depletion": 0.614067718645627, "two-tailed": 0.7719045619087618}}