{"P27796": {"Enrichment": 0.7310853782924341, "Depletion": 0.26893462130757384, "two-tailed": 0.5378692426151477}}