{"P27809": {"Enrichment": 0.3238335233295334, "Depletion": 0.6761864762704746, "two-tailed": 0.6476670466590668}}