{"P28005": {"Enrichment": 0.0990980180396392, "Depletion": 0.9009219815603688, "two-tailed": 0.1981960360792784}}