{"P28005": {"Enrichment": 0.16727665446691067, "Depletion": 0.8327433451330973, "two-tailed": 0.33455330893382135}}