{"P28007": {"Enrichment": 0.99830003399932, "Depletion": 0.0017199656006879863, "two-tailed": 0.0034399312013759726}}