{"P28241": {"Enrichment": 0.3037739245215096, "Depletion": 0.6962460750784984, "two-tailed": 0.6075478490430192}}