{"P28834": {"Enrichment": 0.39315213695726087, "Depletion": 0.6068678626427472, "two-tailed": 0.7863042739145217}}