{"P29468": {"Enrichment": 0.08113837723245534, "Depletion": 0.9188816223675527, "two-tailed": 0.1622767544649107}}