{"P30656": {"Enrichment": 0.41649167016659666, "Depletion": 0.5835283294334114, "two-tailed": 0.8329833403331933}}