{"P31373": {"Enrichment": 0.6020879582408352, "Depletion": 0.3979320413591728, "two-tailed": 0.7958640827183456}}