{"P31412": {"Enrichment": 0.008359832803343932, "Depletion": 0.991660166796664, "two-tailed": 0.016719665606687865}}