{"P32178": {"Enrichment": 0.3875922481550369, "Depletion": 0.6124277514449711, "two-tailed": 0.7751844963100738}}