{"P32356": {"Enrichment": 0.499690006199876, "Depletion": 0.500329993400132, "two-tailed": 0.999380012399752}}