{"P32356": {"Enrichment": 0.500109997800044, "Depletion": 0.499910001799964, "two-tailed": 0.999820003599928}}