{"P32340": {"Enrichment": 0.1988560228795424, "Depletion": 0.8011639767204656, "two-tailed": 0.3977120457590848}}