{"P32318": {"Enrichment": 0.4294514109717806, "Depletion": 0.5705685886282275, "two-tailed": 0.8589028219435612}}