{"P32379": {"Enrichment": 0.5209895802083958, "Depletion": 0.47903041939161217, "two-tailed": 0.9580608387832243}}