{"P32340": {"Enrichment": 0.15109697806043879, "Depletion": 0.8489230215395692, "two-tailed": 0.30219395612087757}}