{"P32449": {"Enrichment": 0.7687046259074819, "Depletion": 0.23131537369252614, "two-tailed": 0.4626307473850523}}