{"P32419": {"Enrichment": 0.14199716005679885, "Depletion": 0.8580228395432091, "two-tailed": 0.2839943201135977}}