{"P32449": {"Enrichment": 0.74892502149957, "Depletion": 0.251094978100438, "two-tailed": 0.502189956200876}}