{"P32471": {"Enrichment": 0.02117957640847183, "Depletion": 0.9788404231915362, "two-tailed": 0.04235915281694366}}