{"P32419": {"Enrichment": 0.11559768804623907, "Depletion": 0.8844223115537689, "two-tailed": 0.23119537609247814}}