{"P32660": {"Enrichment": 0.4210915781684366, "Depletion": 0.5789284214315714, "two-tailed": 0.8421831563368732}}