{"P32797": {"Enrichment": 0.44635107297854043, "Depletion": 0.5536689266214676, "two-tailed": 0.8927021459570809}}