{"P32797": {"Enrichment": 0.44513109737805245, "Depletion": 0.5548889022219555, "two-tailed": 0.8902621947561049}}