{"P32835": {"Enrichment": 0.09655806883862322, "Depletion": 0.9034619307613848, "two-tailed": 0.19311613767724645}}