{"P32835": {"Enrichment": 0.6683666326673466, "Depletion": 0.33165336693266134, "two-tailed": 0.6633067338653227}}