{"P32833": {"Enrichment": 0.8576228475430492, "Depletion": 0.14239715205695885, "two-tailed": 0.2847943041139177}}