{"P32833": {"Enrichment": 0.8551028979420412, "Depletion": 0.14491710165796684, "two-tailed": 0.2898342033159337}}