{"P32905": {"Enrichment": 0.6920861582768345, "Depletion": 0.30793384132317353, "two-tailed": 0.6158676826463471}}