{"P32905": {"Enrichment": 0.9216415671686566, "Depletion": 0.07837843243135137, "two-tailed": 0.15675686486270274}}