{"P33317": {"Enrichment": 0.3106337873242535, "Depletion": 0.6893862122757545, "two-tailed": 0.621267574648507}}