{"P33332": {"Enrichment": 0.16891662166756666, "Depletion": 0.8311033779324414, "two-tailed": 0.3378332433351333}}