{"P33442": {"Enrichment": 0.44289114217715647, "Depletion": 0.5571288574228516, "two-tailed": 0.8857822843543129}}