{"P33755": {"Enrichment": 0.2618947621047579, "Depletion": 0.73812523749525, "two-tailed": 0.5237895242095159}}