{"P33755": {"Enrichment": 0.2620747585048299, "Depletion": 0.7379452410951781, "two-tailed": 0.5241495170096598}}