{"P33893": {"Enrichment": 0.43319133617327654, "Depletion": 0.5668286634267314, "two-tailed": 0.8663826723465531}}