{"P33895": {"Enrichment": 0.06743865122697545, "Depletion": 0.9325813483730325, "two-tailed": 0.1348773024539509}}