{"P33893": {"Enrichment": 0.502489950200996, "Depletion": 0.497530049399012, "two-tailed": 0.995060098798024}}