{"P34760": {"Enrichment": 0.9306813863722726, "Depletion": 0.06933861322773545, "two-tailed": 0.1386772264554709}}