{"P35184": {"Enrichment": 0.04041919161616768, "Depletion": 0.9596008079838403, "two-tailed": 0.08083838323233536}}