{"P35184": {"Enrichment": 0.38103237935241296, "Depletion": 0.618987620247595, "two-tailed": 0.7620647587048259}}