{"P35202": {"Enrichment": 0.5789084218315633, "Depletion": 0.42111157776844466, "two-tailed": 0.8422231555368893}}