{"P35201": {"Enrichment": 0.08941821163576728, "Depletion": 0.9106017879642407, "two-tailed": 0.17883642327153457}}