{"P35202": {"Enrichment": 0.27693446131077376, "Depletion": 0.7230855382892342, "two-tailed": 0.5538689226215475}}