{"P36156": {"Enrichment": 0.15433691326173476, "Depletion": 0.8456830863382733, "two-tailed": 0.30867382652346953}}