{"P36151": {"Enrichment": 0.4736505269894602, "Depletion": 0.5263694726105478, "two-tailed": 0.9473010539789204}}