{"P36136": {"Enrichment": 0.9646007079858403, "Depletion": 0.035419291614167715, "two-tailed": 0.07083858322833543}}