{"P38074": {"Enrichment": 0.49515009699806006, "Depletion": 0.504869902601948, "two-tailed": 0.9903001939961201}}