{"P38074": {"Enrichment": 0.501769964600708, "Depletion": 0.49825003499930004, "two-tailed": 0.9965000699986001}}