{"P38075": {"Enrichment": 0.9856602867942641, "Depletion": 0.014359712805743885, "two-tailed": 0.02871942561148777}}