{"P38077": {"Enrichment": 0.6511469770604588, "Depletion": 0.3488730225395492, "two-tailed": 0.6977460450790984}}