{"P38075": {"Enrichment": 0.994140117197656, "Depletion": 0.005879882402351953, "two-tailed": 0.011759764804703907}}