{"P38121": {"Enrichment": 0.8959620807583848, "Depletion": 0.10405791884162317, "two-tailed": 0.20811583768324635}}