{"P38115": {"Enrichment": 0.4884502309953801, "Depletion": 0.5115697686046279, "two-tailed": 0.9769004619907602}}