{"P38115": {"Enrichment": 0.09423811523769525, "Depletion": 0.9057818843623128, "two-tailed": 0.1884762304753905}}