{"P38111": {"Enrichment": 0.501789964200716, "Depletion": 0.498230035399292, "two-tailed": 0.996460070798584}}