{"P38121": {"Enrichment": 0.9759204815903681, "Depletion": 0.024099518009639807, "two-tailed": 0.04819903601927961}}