{"P38276": {"Enrichment": 0.9904601907961841, "Depletion": 0.009559808803823924, "two-tailed": 0.019119617607647847}}