{"P38265": {"Enrichment": 0.6446271074578508, "Depletion": 0.35539289214215714, "two-tailed": 0.7107857842843143}}