{"P38208": {"Enrichment": 0.8806623867522649, "Depletion": 0.11935761284774304, "two-tailed": 0.2387152256954861}}