{"P38276": {"Enrichment": 0.5896682066358673, "Depletion": 0.4103517929641407, "two-tailed": 0.8207035859282814}}