{"P38208": {"Enrichment": 0.865962680746385, "Depletion": 0.13405731885362293, "two-tailed": 0.26811463770724586}}