{"P38291": {"Enrichment": 0.0371792564148717, "Depletion": 0.9628407431851363, "two-tailed": 0.0743585128297434}}