{"P38230": {"Enrichment": 0.7898042039159217, "Depletion": 0.21021579568408633, "two-tailed": 0.42043159136817265}}