{"P38265": {"Enrichment": 0.7596048079038419, "Depletion": 0.24041519169616607, "two-tailed": 0.48083038339233214}}