{"P38629": {"Enrichment": 0.5226695466090678, "Depletion": 0.4773504529909402, "two-tailed": 0.9547009059818804}}