{"P38632": {"Enrichment": 0.47829043419131617, "Depletion": 0.5217295654086919, "two-tailed": 0.9565808683826323}}