{"P38624": {"Enrichment": 0.4277714445711086, "Depletion": 0.5722485550288994, "two-tailed": 0.8555428891422172}}