{"P38624": {"Enrichment": 0.4260914781704366, "Depletion": 0.5739285214295714, "two-tailed": 0.8521829563408732}}