{"P38630": {"Enrichment": 0.6135277294454111, "Depletion": 0.3864922701545969, "two-tailed": 0.7729845403091938}}