{"P38862": {"Enrichment": 0.9452810943781125, "Depletion": 0.05473890522189556, "two-tailed": 0.10947781044379112}}