{"P38862": {"Enrichment": 0.99530009399812, "Depletion": 0.004719905601887962, "two-tailed": 0.009439811203775924}}