{"P38989": {"Enrichment": 0.08619827603447931, "Depletion": 0.9138217235655287, "two-tailed": 0.17239655206895863}}