{"P38920": {"Enrichment": 0.8929421411571768, "Depletion": 0.10707785844283114, "two-tailed": 0.2141557168856623}}