{"P38920": {"Enrichment": 0.9825003499930002, "Depletion": 0.01751964960700786, "two-tailed": 0.03503929921401572}}