{"P39079": {"Enrichment": 0.8055038899222016, "Depletion": 0.19451610967780644, "two-tailed": 0.3890322193556129}}