{"P39076": {"Enrichment": 0.5483690326193477, "Depletion": 0.4516509669806604, "two-tailed": 0.9033019339613207}}