{"P39076": {"Enrichment": 0.7822643547129058, "Depletion": 0.21775564488710225, "two-tailed": 0.4355112897742045}}