{"P39077": {"Enrichment": 0.250014999700006, "Depletion": 0.750004999900002, "two-tailed": 0.500029999400012}}