{"P40089": {"Enrichment": 0.9751004979900402, "Depletion": 0.024919501609967802, "two-tailed": 0.049839003219935604}}