{"P40011": {"Enrichment": 0.31495370092598146, "Depletion": 0.6850662986740266, "two-tailed": 0.6299074018519629}}