{"P40202": {"Enrichment": 0.9474610507789845, "Depletion": 0.05255894882102358, "two-tailed": 0.10511789764204715}}