{"P40302": {"Enrichment": 0.2238955220895582, "Depletion": 0.7761244775104498, "two-tailed": 0.4477910441791164}}