{"P40303": {"Enrichment": 0.12831743365132697, "Depletion": 0.871702565948681, "two-tailed": 0.25663486730265395}}