{"P40363": {"Enrichment": 0.3278934421311574, "Depletion": 0.6721265574688506, "two-tailed": 0.6557868842623148}}