{"P40348": {"Enrichment": 0.10185796284074318, "Depletion": 0.8981620367592649, "two-tailed": 0.20371592568148636}}