{"P40339": {"Enrichment": 0.5746885062298754, "Depletion": 0.4253314933701326, "two-tailed": 0.8506629867402652}}