{"P40303": {"Enrichment": 0.12817743645127097, "Depletion": 0.871842563148737, "two-tailed": 0.25635487290254194}}