{"P40454": {"Enrichment": 0.996640067198656, "Depletion": 0.003379932401351973, "two-tailed": 0.006759864802703946}}