{"P40477": {"Enrichment": 0.01991960160796784, "Depletion": 0.9801003979920402, "two-tailed": 0.03983920321593568}}