{"P40413": {"Enrichment": 0.49025019499610006, "Depletion": 0.509769804603908, "two-tailed": 0.9805003899922001}}