{"P40579": {"Enrichment": 0.17883642327153457, "Depletion": 0.8211835763284734, "two-tailed": 0.35767284654306913}}