{"P40506": {"Enrichment": 0.6750864982700346, "Depletion": 0.3249335013299734, "two-tailed": 0.6498670026599468}}