{"P40506": {"Enrichment": 0.44245115097698046, "Depletion": 0.5575688486230276, "two-tailed": 0.8849023019539609}}