{"P40579": {"Enrichment": 0.17545649087018259, "Depletion": 0.8245635087298254, "two-tailed": 0.35091298174036517}}