{"P41338": {"Enrichment": 0.5829883402331953, "Depletion": 0.4170316593668127, "two-tailed": 0.8340633187336254}}