{"P41338": {"Enrichment": 0.5528089438211236, "Depletion": 0.4472110557788844, "two-tailed": 0.8944221115577689}}