{"P41734": {"Enrichment": 0.625267494650107, "Depletion": 0.374752504949901, "two-tailed": 0.749505009899802}}