{"P41812": {"Enrichment": 0.024119517609647808, "Depletion": 0.9759004819903602, "two-tailed": 0.048239035219295616}}