{"P41921": {"Enrichment": 0.9131417371652567, "Depletion": 0.0868782624347513, "two-tailed": 0.1737565248695026}}