{"P42838": {"Enrichment": 0.5141697166056679, "Depletion": 0.48585028299434013, "two-tailed": 0.9717005659886803}}