{"P42943": {"Enrichment": 0.5092498150036999, "Depletion": 0.49077018459630806, "two-tailed": 0.9815403691926161}}