{"P43534": {"Enrichment": 0.8985020299594008, "Depletion": 0.10151796964060719, "two-tailed": 0.20303593928121438}}