{"P43572": {"Enrichment": 0.24077518449631008, "Depletion": 0.7592448151036979, "two-tailed": 0.48155036899262016}}