{"P46962": {"Enrichment": 0.24537509249815004, "Depletion": 0.7546449071018579, "two-tailed": 0.4907501849963001}}