{"P46962": {"Enrichment": 0.4227115457690846, "Depletion": 0.5773084538309233, "two-tailed": 0.8454230915381692}}