{"P46948": {"Enrichment": 0.7979240415191696, "Depletion": 0.20209595808083838, "two-tailed": 0.40419191616167677}}