{"P47017": {"Enrichment": 0.3476330473390532, "Depletion": 0.6523869522609548, "two-tailed": 0.6952660946781064}}