{"P47016": {"Enrichment": 0.33759324813503727, "Depletion": 0.6624267514649707, "two-tailed": 0.6751864962700745}}