{"P47039": {"Enrichment": 0.3914321713565729, "Depletion": 0.6085878282434352, "two-tailed": 0.7828643427131458}}