{"P47096": {"Enrichment": 0.6407071858562828, "Depletion": 0.35931281374372515, "two-tailed": 0.7186256274874503}}