{"P47079": {"Enrichment": 0.17051658966820663, "Depletion": 0.8295034099318014, "two-tailed": 0.34103317933641325}}