{"P47079": {"Enrichment": 0.16795664086718265, "Depletion": 0.8320633587328253, "two-tailed": 0.3359132817343653}}