{"P48589": {"Enrichment": 0.08909821803563929, "Depletion": 0.9109217815643688, "two-tailed": 0.17819643607127858}}