{"P49435": {"Enrichment": 0.3368332633347333, "Depletion": 0.6631867362652747, "two-tailed": 0.6736665266694666}}