{"P49435": {"Enrichment": 0.05471890562188756, "Depletion": 0.9453010939781205, "two-tailed": 0.10943781124377512}}