{"P49960": {"Enrichment": 0.19649607007859843, "Depletion": 0.8035239295214096, "two-tailed": 0.39299214015719686}}