{"P49954": {"Enrichment": 0.5127497450050998, "Depletion": 0.4872702545949081, "two-tailed": 0.9745405091898162}}