{"P49960": {"Enrichment": 0.22085558288834223, "Depletion": 0.7791644167116658, "two-tailed": 0.44171116577668446}}