{"P50102": {"Enrichment": 0.8131637367252655, "Depletion": 0.1868562628747425, "two-tailed": 0.373712525749485}}