{"P50264": {"Enrichment": 0.44373112537749243, "Depletion": 0.5562888742225155, "two-tailed": 0.8874622507549849}}