{"P50264": {"Enrichment": 0.43785621437856215, "Depletion": 0.5622437756224378, "two-tailed": 0.8757124287571243}}