{"P50861": {"Enrichment": 0.4588308233835323, "Depletion": 0.5411891762164757, "two-tailed": 0.9176616467670646}}