{"P53043": {"Enrichment": 0.26949461010779785, "Depletion": 0.7305253894922101, "two-tailed": 0.5389892202155957}}