{"P53090": {"Enrichment": 0.07447851042979141, "Depletion": 0.9255414891702166, "two-tailed": 0.14895702085958282}}