{"P53090": {"Enrichment": 0.13883722325553488, "Depletion": 0.8611827763444732, "two-tailed": 0.27767444651106976}}