{"P53124": {"Enrichment": 0.9255414891702166, "Depletion": 0.07447851042979141, "two-tailed": 0.14895702085958282}}