{"P53124": {"Enrichment": 0.8002039959200816, "Depletion": 0.1998160036799264, "two-tailed": 0.3996320073598528}}