{"P53152": {"Enrichment": 0.8262034759304814, "Depletion": 0.1738165236695266, "two-tailed": 0.3476330473390532}}