{"P53215": {"Enrichment": 0.009099818003639928, "Depletion": 0.9909201815963681, "two-tailed": 0.018199636007279855}}