{"P53256": {"Enrichment": 0.9104217915641687, "Depletion": 0.08959820803583929, "two-tailed": 0.17919641607167858}}