{"P53218": {"Enrichment": 0.16113677726445472, "Depletion": 0.8388832223355532, "two-tailed": 0.32227355452890943}}