{"P53218": {"Enrichment": 0.7759644807103858, "Depletion": 0.22405551888962222, "two-tailed": 0.44811103777924444}}