{"P53378": {"Enrichment": 0.34485310293794125, "Depletion": 0.6551668966620667, "two-tailed": 0.6897062058758825}}