{"P53757": {"Enrichment": 0.25617487650246995, "Depletion": 0.743845123097538, "two-tailed": 0.5123497530049399}}