{"P53757": {"Enrichment": 0.12997740045199097, "Depletion": 0.8700425991480171, "two-tailed": 0.25995480090398193}}