{"P53860": {"Enrichment": 0.9355612887742245, "Depletion": 0.06445871082578349, "two-tailed": 0.12891742165156697}}