{"P54784": {"Enrichment": 0.10648935106489352, "Depletion": 0.8936106389361064, "two-tailed": 0.21297870212978703}}