{"P54790": {"Enrichment": 0.8039439211215775, "Depletion": 0.19607607847843042, "two-tailed": 0.39215215695686084}}