{"P54784": {"Enrichment": 0.20581588368232637, "Depletion": 0.7942041159176817, "two-tailed": 0.41163176736465273}}