{"P54860": {"Enrichment": 0.30293394132117357, "Depletion": 0.6970860582788344, "two-tailed": 0.6058678826423471}}