{"P54860": {"Enrichment": 0.3019539609207816, "Depletion": 0.6980660386792265, "two-tailed": 0.6039079218415632}}