{"P57743": {"Enrichment": 0.10765784684306313, "Depletion": 0.8923621527569449, "two-tailed": 0.21531569368612627}}