{"P80428": {"Enrichment": 0.06417871642567148, "Depletion": 0.9358412831743365, "two-tailed": 0.12835743285134296}}