{"P80667": {"Enrichment": 0.4005319893602128, "Depletion": 0.5994880102397953, "two-tailed": 0.8010639787204256}}