{"Q00055": {"Enrichment": 0.5487490250194996, "Depletion": 0.4512709745805084, "two-tailed": 0.9025419491610168}}