{"Q00684": {"Enrichment": 0.9411211775764484, "Depletion": 0.058898822023559526, "two-tailed": 0.11779764404711905}}