{"Q01080": {"Enrichment": 0.06817863642727146, "Depletion": 0.9318413631727366, "two-tailed": 0.1363572728545429}}