{"Q01080": {"Enrichment": 0.07717845643087139, "Depletion": 0.9228415431691366, "two-tailed": 0.15435691286174277}}