{"Q01217": {"Enrichment": 0.7376252474950501, "Depletion": 0.2623947521049579, "two-tailed": 0.5247895042099158}}