{"Q01217": {"Enrichment": 0.7342853142937141, "Depletion": 0.26573468530629385, "two-tailed": 0.5314693706125877}}