{"Q01454": {"Enrichment": 0.8099038019239615, "Depletion": 0.19011619767604648, "two-tailed": 0.38023239535209297}}