{"Q02197": {"Enrichment": 0.4723905521889562, "Depletion": 0.5276294474110518, "two-tailed": 0.9447811043779124}}