{"Q02555": {"Enrichment": 0.3221735565288694, "Depletion": 0.6778464430711386, "two-tailed": 0.6443471130577388}}