{"Q02724": {"Enrichment": 0.9378412431751365, "Depletion": 0.0621787564248715, "two-tailed": 0.124357512849743}}