{"Q02724": {"Enrichment": 0.9363612727745445, "Depletion": 0.06365872682546349, "two-tailed": 0.12731745365092698}}