{"Q02890": {"Enrichment": 0.3425931481370373, "Depletion": 0.6574268514629708, "two-tailed": 0.6851862962740746}}