{"Q02890": {"Enrichment": 0.3361132777344453, "Depletion": 0.6639067218655627, "two-tailed": 0.6722265554688907}}