{"Q03148": {"Enrichment": 0.2767944641107178, "Depletion": 0.7232255354892902, "two-tailed": 0.5535889282214356}}