{"Q03195": {"Enrichment": 0.5191296174076518, "Depletion": 0.48089038219235614, "two-tailed": 0.9617807643847123}}