{"Q03557": {"Enrichment": 0.882362352752945, "Depletion": 0.11765764684706306, "two-tailed": 0.23531529369412613}}