{"Q03629": {"Enrichment": 0.5598488030239395, "Depletion": 0.44017119657606846, "two-tailed": 0.8803423931521369}}