{"Q03629": {"Enrichment": 0.6389472210555789, "Depletion": 0.3610727785444291, "two-tailed": 0.7221455570888582}}