{"Q04066": {"Enrichment": 0.6668066638667227, "Depletion": 0.3332133357332853, "two-tailed": 0.6664266714665706}}