{"Q04066": {"Enrichment": 0.3603727925441491, "Depletion": 0.6396472070558589, "two-tailed": 0.7207455850882982}}