{"Q04178": {"Enrichment": 0.02357952840943181, "Depletion": 0.9764404711905762, "two-tailed": 0.04715905681886362}}