{"Q04120": {"Enrichment": 0.8043839123217535, "Depletion": 0.19563608727825443, "two-tailed": 0.39127217455650887}}