{"Q04673": {"Enrichment": 0.3050338993220136, "Depletion": 0.6949861002779945, "two-tailed": 0.6100677986440272}}