{"Q04894": {"Enrichment": 0.74712505749885, "Depletion": 0.252894942101158, "two-tailed": 0.505789884202316}}