{"Q04868": {"Enrichment": 0.20907581848363033, "Depletion": 0.7909441811163777, "two-tailed": 0.41815163696726065}}