{"Q05016": {"Enrichment": 0.6915261694766105, "Depletion": 0.30849383012339754, "two-tailed": 0.6169876602467951}}