{"Q05016": {"Enrichment": 0.7900441991160176, "Depletion": 0.2099758004839903, "two-tailed": 0.4199516009679806}}