{"Q05636": {"Enrichment": 0.9305213895722085, "Depletion": 0.06949861002779945, "two-tailed": 0.1389972200555989}}