{"Q06151": {"Enrichment": 0.22287554248915023, "Depletion": 0.7771444571108578, "two-tailed": 0.44575108497830046}}