{"Q06151": {"Enrichment": 0.012379752404951901, "Depletion": 0.987640247195056, "two-tailed": 0.024759504809903802}}