{"Q06321": {"Enrichment": 0.757584848303034, "Depletion": 0.24243515129697407, "two-tailed": 0.48487030259394814}}