{"Q06385": {"Enrichment": 0.10533789324213516, "Depletion": 0.8946821063578728, "two-tailed": 0.21067578648427032}}