{"Q06385": {"Enrichment": 0.8014439711205776, "Depletion": 0.1985760284794304, "two-tailed": 0.3971520569588608}}