{"Q06406": {"Enrichment": 0.9593008139837204, "Depletion": 0.04071918561628767, "two-tailed": 0.08143837123257534}}