{"Q06488": {"Enrichment": 0.34335313293734127, "Depletion": 0.6566668666626667, "two-tailed": 0.6867062658746825}}