{"Q06623": {"Enrichment": 0.4770704585908282, "Depletion": 0.5229495410091798, "two-tailed": 0.9541409171816564}}