{"Q07478": {"Enrichment": 0.9605407891842164, "Depletion": 0.039479210415791686, "two-tailed": 0.07895842083158337}}