{"Q07688": {"Enrichment": 0.9368212635747285, "Depletion": 0.06319873602527949, "two-tailed": 0.12639747205055898}}