{"Q07794": {"Enrichment": 0.23361532769344612, "Depletion": 0.7664046719065619, "two-tailed": 0.46723065538689224}}