{"Q08162": {"Enrichment": 0.9691206175876482, "Depletion": 0.03089938201235975, "two-tailed": 0.0617987640247195}}