{"Q08220": {"Enrichment": 0.5356092878142437, "Depletion": 0.46441071178576426, "two-tailed": 0.9288214235715285}}