{"Q08914": {"Enrichment": 0.8488230235395292, "Depletion": 0.1511969760604788, "two-tailed": 0.3023939521209576}}