{"Q12068": {"Enrichment": 0.20591588168236635, "Depletion": 0.7941041179176417, "two-tailed": 0.4118317633647327}}