{"Q12068": {"Enrichment": 0.19563608727825443, "Depletion": 0.8043839123217535, "two-tailed": 0.39127217455650887}}