{"Q12178": {"Enrichment": 0.6039479210415791, "Depletion": 0.39607207855842885, "two-tailed": 0.7921441571168577}}