{"Q12154": {"Enrichment": 0.5716685666286674, "Depletion": 0.4283514329713406, "two-tailed": 0.8567028659426812}}