{"Q12277": {"Enrichment": 0.7165256694866102, "Depletion": 0.28349433011339775, "two-tailed": 0.5669886602267955}}