{"Q12277": {"Enrichment": 0.8571428571428571, "Depletion": 0.14287714245715086, "two-tailed": 0.2857542849143017}}