{"Q12339": {"Enrichment": 0.5854282914341713, "Depletion": 0.4145917081658367, "two-tailed": 0.8291834163316734}}