{"Q12306": {"Enrichment": 0.7521449571008579, "Depletion": 0.24787504249915002, "two-tailed": 0.49575008499830003}}