{"A0A578": {"Enrichment": 0.12889742205155896, "Depletion": 0.871122577548449, "two-tailed": 0.2577948441031179}}