{"A0FGR8": {"Enrichment": 0.996320073598528, "Depletion": 0.0036999260014799703, "two-tailed": 0.007399852002959941}}