{"A0FGR8": {"Enrichment": 0.9575208495830083, "Depletion": 0.04249915001699966, "two-tailed": 0.08499830003399932}}