{"A1L3X0": {"Enrichment": 0.8841223175536489, "Depletion": 0.11589768204635907, "two-tailed": 0.23179536409271814}}