{"A1L3X0": {"Enrichment": 0.881562368752625, "Depletion": 0.11845763084738305, "two-tailed": 0.2369152616947661}}