{"A1Z1Q3": {"Enrichment": 0.10165796684066318, "Depletion": 0.8983620327593448, "two-tailed": 0.20331593368132636}}