{"A1Z1Q3": {"Enrichment": 0.10269794604107918, "Depletion": 0.8973220535589288, "two-tailed": 0.20539589208215836}}