{"A4D126": {"Enrichment": 0.7632247355052899, "Depletion": 0.2367952640947181, "two-tailed": 0.4735905281894362}}