{"A8MUM7": {"Enrichment": 0.8954820903581928, "Depletion": 0.10453790924181516, "two-tailed": 0.20907581848363033}}