{"A8MW92": {"Enrichment": 0.9407011859762805, "Depletion": 0.059318813623727526, "two-tailed": 0.11863762724745505}}