{"B2RXH2": {"Enrichment": 0.15743685126297474, "Depletion": 0.8425831483370333, "two-tailed": 0.3148737025259495}}