{"B2RXH2": {"Enrichment": 0.00871982560348793, "Depletion": 0.99130017399652, "two-tailed": 0.01743965120697586}}