{"O00182": {"Enrichment": 0.4520109597808044, "Depletion": 0.5480090398192036, "two-tailed": 0.9040219195616088}}