{"O00182": {"Enrichment": 0.3382732345353093, "Depletion": 0.6617467650646988, "two-tailed": 0.6765464690706186}}