{"O00238": {"Enrichment": 0.04613907721845563, "Depletion": 0.9538809223815524, "two-tailed": 0.09227815443691126}}