{"O00213": {"Enrichment": 0.7775644487110258, "Depletion": 0.22245555088898222, "two-tailed": 0.44491110177796445}}