{"O00214": {"Enrichment": 0.8058238835223296, "Depletion": 0.19419611607767845, "two-tailed": 0.3883922321553569}}