{"O00204": {"Enrichment": 0.8412631747365052, "Depletion": 0.15875682486350273, "two-tailed": 0.31751364972700546}}