{"O00213": {"Enrichment": 0.7111057778844423, "Depletion": 0.2889142217155657, "two-tailed": 0.5778284434311314}}