{"O00311": {"Enrichment": 0.018819623607527848, "Depletion": 0.9812003759924801, "two-tailed": 0.037639247215055696}}