{"O00311": {"Enrichment": 0.021919561608767825, "Depletion": 0.9781004379912401, "two-tailed": 0.04383912321753565}}