{"O00391": {"Enrichment": 0.8931821363572728, "Depletion": 0.10683786324273514, "two-tailed": 0.21367572648547029}}