{"O00391": {"Enrichment": 0.7898442031159377, "Depletion": 0.2101757964840703, "two-tailed": 0.4203515929681406}}