{"O00370": {"Enrichment": 0.989020219595608, "Depletion": 0.010999780004399912, "two-tailed": 0.021999560008799823}}