{"O00423": {"Enrichment": 0.04635907281854363, "Depletion": 0.9536609267814644, "two-tailed": 0.09271814563708726}}