{"O00408": {"Enrichment": 0.5222495550088998, "Depletion": 0.4777704445911082, "two-tailed": 0.9555408891822164}}