{"O00445": {"Enrichment": 0.24573508529829402, "Depletion": 0.754284914301714, "two-tailed": 0.49147017059658804}}