{"O00425": {"Enrichment": 0.19459610807783845, "Depletion": 0.8054238915221695, "two-tailed": 0.3891922161556769}}