{"O00425": {"Enrichment": 0.4097118057638847, "Depletion": 0.5903081938361233, "two-tailed": 0.8194236115277694}}