{"O00445": {"Enrichment": 0.24843503129937403, "Depletion": 0.751584968300634, "two-tailed": 0.49687006259874805}}