{"O00429": {"Enrichment": 0.499030019399612, "Depletion": 0.500989980200396, "two-tailed": 0.998060038799224}}