{"O00506": {"Enrichment": 0.02253954920901582, "Depletion": 0.9774804503909922, "two-tailed": 0.04507909841803164}}