{"O00560": {"Enrichment": 0.5442491150176997, "Depletion": 0.45577088458230836, "two-tailed": 0.9115417691646167}}