{"O00571": {"Enrichment": 0.8903221935561288, "Depletion": 0.10969780604387912, "two-tailed": 0.21939561208775823}}