{"O00585": {"Enrichment": 0.09957800843983121, "Depletion": 0.9004419911601768, "two-tailed": 0.19915601687966242}}