{"O00506": {"Enrichment": 0.3620327593448131, "Depletion": 0.6379872402551949, "two-tailed": 0.7240655186896262}}