{"O00625": {"Enrichment": 0.9038619227615448, "Depletion": 0.09615807683846322, "two-tailed": 0.19231615367692645}}