{"O00625": {"Enrichment": 0.8946221075578489, "Depletion": 0.10539789204215916, "two-tailed": 0.21079578408431832}}