{"O00763": {"Enrichment": 0.5647887042259154, "Depletion": 0.4352312953740925, "two-tailed": 0.870462590748185}}