{"O00757": {"Enrichment": 0.41519169616607665, "Depletion": 0.5848283034339313, "two-tailed": 0.8303833923321533}}