{"O00763": {"Enrichment": 0.6628067438651227, "Depletion": 0.3372132557348853, "two-tailed": 0.6744265114697706}}