{"O00757": {"Enrichment": 0.6137877242455151, "Depletion": 0.3862322753544929, "two-tailed": 0.7724645507089858}}