{"O14520": {"Enrichment": 0.3021539569208616, "Depletion": 0.6978660426791464, "two-tailed": 0.6043079138417232}}