{"O14522": {"Enrichment": 0.03133937321253575, "Depletion": 0.9686806263874722, "two-tailed": 0.0626787464250715}}