{"O14522": {"Enrichment": 0.25799484010319795, "Depletion": 0.74202515949681, "two-tailed": 0.5159896802063959}}