{"O14520": {"Enrichment": 0.2682146357072859, "Depletion": 0.7318053638927221, "two-tailed": 0.5364292714145718}}