{"O14607": {"Enrichment": 0.07677846443071139, "Depletion": 0.9232415351692966, "two-tailed": 0.15355692886142278}}