{"O14672": {"Enrichment": 0.19615607687846243, "Depletion": 0.8038639227215456, "two-tailed": 0.39231215375692485}}