{"O14656": {"Enrichment": 0.28199436011279777, "Depletion": 0.7180256394872102, "two-tailed": 0.5639887202255955}}