{"O14686": {"Enrichment": 0.14707705845883082, "Depletion": 0.8529429411411772, "two-tailed": 0.29415411691766163}}