{"O14649": {"Enrichment": 0.3548929021419572, "Depletion": 0.6451270974580509, "two-tailed": 0.7097858042839144}}