{"O14713": {"Enrichment": 0.5908481830363392, "Depletion": 0.40917181656366874, "two-tailed": 0.8183436331273375}}