{"O14744": {"Enrichment": 0.18347633047339054, "Depletion": 0.8165436691266175, "two-tailed": 0.3669526609467811}}