{"O14786": {"Enrichment": 0.6855662886742265, "Depletion": 0.3144537109257815, "two-tailed": 0.628907421851563}}