{"O14713": {"Enrichment": 0.6169676606467871, "Depletion": 0.38305233895322094, "two-tailed": 0.7661046779064419}}