{"O14777": {"Enrichment": 0.46149077018459633, "Depletion": 0.5385292294154117, "two-tailed": 0.9229815403691927}}