{"O14733": {"Enrichment": 0.05187896242075159, "Depletion": 0.9481410371792565, "two-tailed": 0.10375792484150317}}