{"O14777": {"Enrichment": 0.6737865242695146, "Depletion": 0.3262334753304934, "two-tailed": 0.6524669506609868}}