{"O14757": {"Enrichment": 0.0503789924201516, "Depletion": 0.9496410071798564, "two-tailed": 0.1007579848403032}}