{"O14744": {"Enrichment": 0.15885682286354272, "Depletion": 0.8411631767364652, "two-tailed": 0.31771364572708544}}