{"O14727": {"Enrichment": 0.027899442011159778, "Depletion": 0.9721205575888482, "two-tailed": 0.055798884022319556}}