{"O14862": {"Enrichment": 0.8524029519409612, "Depletion": 0.14761704765904682, "two-tailed": 0.29523409531809364}}