{"O14862": {"Enrichment": 0.8552428951420972, "Depletion": 0.14477710445791084, "two-tailed": 0.2895542089158217}}