{"O14994": {"Enrichment": 0.016839663206735866, "Depletion": 0.9831803363932722, "two-tailed": 0.03367932641347173}}