{"O14976": {"Enrichment": 0.22869542609147817, "Depletion": 0.7713245735085298, "two-tailed": 0.45739085218295633}}