{"O14939": {"Enrichment": 0.05461890762184756, "Depletion": 0.9454010919781605, "two-tailed": 0.10923781524369512}}