{"O14920": {"Enrichment": 0.009519809603807924, "Depletion": 0.9905001899962, "two-tailed": 0.01903961920761585}}