{"O14994": {"Enrichment": 0.014419711605767885, "Depletion": 0.9856002879942402, "two-tailed": 0.02883942321153577}}