{"O14966": {"Enrichment": 0.6694466110677787, "Depletion": 0.33057338853222934, "two-tailed": 0.6611467770644587}}