{"O14936": {"Enrichment": 0.4213115737685246, "Depletion": 0.5787084258314834, "two-tailed": 0.8426231475370493}}