{"O14929": {"Enrichment": 0.4728905421891562, "Depletion": 0.5271294574108518, "two-tailed": 0.9457810843783124}}