{"O14939": {"Enrichment": 0.026979460410791783, "Depletion": 0.9730405391892162, "two-tailed": 0.053958920821583566}}