{"O14936": {"Enrichment": 0.9776004479910402, "Depletion": 0.02241955160896782, "two-tailed": 0.04483910321793564}}