{"O14964": {"Enrichment": 0.011859762804743905, "Depletion": 0.9881602367952641, "two-tailed": 0.02371952560948781}}