{"O14965": {"Enrichment": 0.06465870682586349, "Depletion": 0.9353612927741445, "two-tailed": 0.12931741365172697}}