{"O14976": {"Enrichment": 0.23003539929201416, "Depletion": 0.7699846003079939, "two-tailed": 0.46007079858402833}}