{"O15075": {"Enrichment": 0.7345453090938181, "Depletion": 0.2654746905061899, "two-tailed": 0.5309493810123798}}