{"O15075": {"Enrichment": 0.6395872082558349, "Depletion": 0.3604327913441731, "two-tailed": 0.7208655826883462}}