{"O15118": {"Enrichment": 0.2635947281054379, "Depletion": 0.7364252714945702, "two-tailed": 0.5271894562108758}}