{"O15118": {"Enrichment": 0.36401271974560506, "Depletion": 0.6360072798544029, "two-tailed": 0.7280254394912101}}