{"O15194": {"Enrichment": 0.4534509309813804, "Depletion": 0.5465690686186276, "two-tailed": 0.9069018619627608}}