{"O15194": {"Enrichment": 0.8453630927381452, "Depletion": 0.15465690686186276, "two-tailed": 0.3093138137237255}}