{"O15123": {"Enrichment": 0.07765844683106338, "Depletion": 0.9223615527689446, "two-tailed": 0.15531689366212675}}