{"O15270": {"Enrichment": 0.6629467410651787, "Depletion": 0.3370732585348293, "two-tailed": 0.6741465170696586}}