{"O15294": {"Enrichment": 0.3999920001599968, "Depletion": 0.6000279994400112, "two-tailed": 0.7999840003199936}}