{"O15294": {"Enrichment": 0.29301413971720564, "Depletion": 0.7070058598828023, "two-tailed": 0.5860282794344113}}