{"O15229": {"Enrichment": 0.4901101977960441, "Depletion": 0.509909801803964, "two-tailed": 0.9802203955920882}}