{"O15270": {"Enrichment": 0.7791844163116738, "Depletion": 0.22083558328833422, "two-tailed": 0.44167116657666844}}