{"O15229": {"Enrichment": 0.18915621687566248, "Depletion": 0.8108637827243456, "two-tailed": 0.37831243375132495}}