{"O15379": {"Enrichment": 0.17101657966840664, "Depletion": 0.8290034199316013, "two-tailed": 0.3420331593368133}}