{"O15393": {"Enrichment": 0.08463830723385532, "Depletion": 0.9153816923661526, "two-tailed": 0.16927661446771064}}