{"O15393": {"Enrichment": 0.19037619247615048, "Depletion": 0.8096438071238575, "two-tailed": 0.38075238495230096}}