{"O15379": {"Enrichment": 0.128017439651207, "Depletion": 0.872002559948801, "two-tailed": 0.256034879302414}}