{"O15520": {"Enrichment": 0.9232815343693126, "Depletion": 0.07673846523069539, "two-tailed": 0.15347693046139077}}