{"O43143": {"Enrichment": 0.7299854002919942, "Depletion": 0.2700345993080138, "two-tailed": 0.5400691986160276}}