{"O43173": {"Enrichment": 0.1366572668546629, "Depletion": 0.8633627327453451, "two-tailed": 0.2733145337093258}}