{"O43175": {"Enrichment": 0.2618147637047259, "Depletion": 0.7382052358952821, "two-tailed": 0.5236295274094518}}