{"O43175": {"Enrichment": 0.248795024099518, "Depletion": 0.7512249755004899, "two-tailed": 0.497590048199036}}