{"O43159": {"Enrichment": 0.1631767364652707, "Depletion": 0.8368432631347373, "two-tailed": 0.3263534729305414}}