{"O43148": {"Enrichment": 0.3994120117597648, "Depletion": 0.6006079878402432, "two-tailed": 0.7988240235195296}}