{"O43143": {"Enrichment": 0.8186836263274735, "Depletion": 0.18133637327253455, "two-tailed": 0.3626727465450691}}