{"O43148": {"Enrichment": 0.3372332553348933, "Depletion": 0.6627867442651147, "two-tailed": 0.6744665106697866}}