{"O43293": {"Enrichment": 0.3380932381352373, "Depletion": 0.6619267614647707, "two-tailed": 0.6761864762704746}}