{"O43252": {"Enrichment": 0.251134977300454, "Depletion": 0.748885022299554, "two-tailed": 0.502269954600908}}