{"O43252": {"Enrichment": 0.20861582768344633, "Depletion": 0.7914041719165616, "two-tailed": 0.41723165536689266}}