{"O43293": {"Enrichment": 0.14251714965700685, "Depletion": 0.8575028499430012, "two-tailed": 0.2850342993140137}}