{"O43353": {"Enrichment": 0.20553588928221436, "Depletion": 0.7944841103177936, "two-tailed": 0.4110717785644287}}