{"O43323": {"Enrichment": 0.8298034039319213, "Depletion": 0.17021659566808664, "two-tailed": 0.3404331913361733}}