{"O43323": {"Enrichment": 0.8276434471310574, "Depletion": 0.17237655246895062, "two-tailed": 0.34475310493790123}}