{"O43353": {"Enrichment": 0.21561568768624628, "Depletion": 0.7844043119137617, "two-tailed": 0.43123137537249256}}