{"O43414": {"Enrichment": 0.04193916121677566, "Depletion": 0.9580808383832323, "two-tailed": 0.08387832243355132}}