{"O43424": {"Enrichment": 0.36109277814443713, "Depletion": 0.6389272214555709, "two-tailed": 0.7221855562888743}}