{"O43414": {"Enrichment": 0.03143937121257575, "Depletion": 0.9685806283874322, "two-tailed": 0.0628787424251515}}