{"O43451": {"Enrichment": 0.5383292334153317, "Depletion": 0.4616907661846763, "two-tailed": 0.9233815323693526}}