{"O43424": {"Enrichment": 0.35537289254214915, "Depletion": 0.6446471070578589, "two-tailed": 0.7107457850842983}}