{"O43488": {"Enrichment": 0.2779344413111738, "Depletion": 0.7220855582888343, "two-tailed": 0.5558688826223476}}