{"O43488": {"Enrichment": 0.2978740425191496, "Depletion": 0.7021459570808584, "two-tailed": 0.5957480850382992}}