{"O43451": {"Enrichment": 0.376612467750645, "Depletion": 0.623407531849363, "two-tailed": 0.75322493550129}}