{"O43488": {"Enrichment": 0.27837443251134975, "Depletion": 0.7216455670886582, "two-tailed": 0.5567488650226995}}