{"O43583": {"Enrichment": 0.27099458010839783, "Depletion": 0.7290254194916101, "two-tailed": 0.5419891602167957}}