{"O43557": {"Enrichment": 0.2597548049039019, "Depletion": 0.7402651946961061, "two-tailed": 0.5195096098078038}}