{"O43615": {"Enrichment": 0.08099838003239936, "Depletion": 0.9190216195676086, "two-tailed": 0.1619967600647987}}