{"O43719": {"Enrichment": 0.29463410731785367, "Depletion": 0.7053858922821543, "two-tailed": 0.5892682146357073}}