{"O43719": {"Enrichment": 0.20831583368332635, "Depletion": 0.7917041659166817, "two-tailed": 0.4166316673666527}}