{"O43739": {"Enrichment": 0.9875802483950321, "Depletion": 0.0124397512049759, "two-tailed": 0.0248795024099518}}