{"O43704": {"Enrichment": 0.31421371572568546, "Depletion": 0.6858062838743225, "two-tailed": 0.6284274314513709}}