{"O43704": {"Enrichment": 0.08343833123337534, "Depletion": 0.9165816683666327, "two-tailed": 0.16687666246675067}}