{"O43739": {"Enrichment": 0.24147517049659006, "Depletion": 0.7585448291034179, "two-tailed": 0.4829503409931801}}