{"O43781": {"Enrichment": 0.07217855642887143, "Depletion": 0.9278414431711366, "two-tailed": 0.14435711285774286}}