{"O43865": {"Enrichment": 0.5197096058078838, "Depletion": 0.48031039379212415, "two-tailed": 0.9606207875842483}}