{"O43915": {"Enrichment": 0.17023659526809465, "Depletion": 0.8297834043319133, "two-tailed": 0.3404731905361893}}