{"O60218": {"Enrichment": 0.39013219735605287, "Depletion": 0.6098878022439551, "two-tailed": 0.7802643947121057}}