{"O60259": {"Enrichment": 0.22087558248835024, "Depletion": 0.7791444171116577, "two-tailed": 0.44175116497670047}}