{"O60218": {"Enrichment": 0.3878522429551409, "Depletion": 0.6121677566448671, "two-tailed": 0.7757044859102818}}