{"O60341": {"Enrichment": 0.011839763204735905, "Depletion": 0.9881802363952721, "two-tailed": 0.02367952640947181}}