{"O60313": {"Enrichment": 0.5529889402211956, "Depletion": 0.44703105937881243, "two-tailed": 0.8940621187576249}}