{"O60313": {"Enrichment": 0.5572288554228916, "Depletion": 0.44279114417711646, "two-tailed": 0.8855822883542329}}