{"O60565": {"Enrichment": 0.005679886402271955, "Depletion": 0.9943401131977361, "two-tailed": 0.01135977280454391}}