{"O60547": {"Enrichment": 0.010759784804303913, "Depletion": 0.9892602147957041, "two-tailed": 0.021519569608607826}}