{"O60573": {"Enrichment": 0.2900941981160377, "Depletion": 0.7099258014839703, "two-tailed": 0.5801883962320754}}