{"O60507": {"Enrichment": 0.12853742925141498, "Depletion": 0.871482570348593, "two-tailed": 0.25707485850282996}}