{"O60568": {"Enrichment": 0.2619347613047739, "Depletion": 0.7380852382952341, "two-tailed": 0.5238695226095478}}