{"O60507": {"Enrichment": 0.14413711725765485, "Depletion": 0.8558828823423531, "two-tailed": 0.2882742345153097}}