{"O60547": {"Enrichment": 0.008419831603367933, "Depletion": 0.9916001679966401, "two-tailed": 0.016839663206735866}}