{"O60547": {"Enrichment": 0.001999960000799984, "Depletion": 0.998020039599208, "two-tailed": 0.003999920001599968}}