{"O60678": {"Enrichment": 0.7941841163176736, "Depletion": 0.20583588328233435, "two-tailed": 0.4116717665646687}}