{"O60678": {"Enrichment": 0.8160036799264014, "Depletion": 0.18401631967360652, "two-tailed": 0.36803263934721303}}