{"O60678": {"Enrichment": 0.8306433871322574, "Depletion": 0.16937661246775065, "two-tailed": 0.3387532249355013}}