{"O60701": {"Enrichment": 0.5373092538149237, "Depletion": 0.4627107457850843, "two-tailed": 0.9254214915701686}}