{"O60704": {"Enrichment": 0.16991660166796663, "Depletion": 0.8301033979320414, "two-tailed": 0.33983320333593325}}