{"O60704": {"Enrichment": 0.247915041699166, "Depletion": 0.752104957900842, "two-tailed": 0.495830083398332}}