{"O60701": {"Enrichment": 0.5369892602147956, "Depletion": 0.4630307393852123, "two-tailed": 0.9260614787704246}}