{"O60825": {"Enrichment": 0.4826703465930681, "Depletion": 0.5173496530069399, "two-tailed": 0.9653406931861362}}