{"O60844": {"Enrichment": 0.8032439351212975, "Depletion": 0.19677606447871043, "two-tailed": 0.39355212895742087}}