{"O60870": {"Enrichment": 0.375512489750205, "Depletion": 0.624507509849803, "two-tailed": 0.75102497950041}}