{"O60885": {"Enrichment": 0.9500609987800244, "Depletion": 0.0499590008199836, "two-tailed": 0.0999180016399672}}