{"O60885": {"Enrichment": 0.9490610187796245, "Depletion": 0.050958980820383595, "two-tailed": 0.10191796164076719}}