{"O60870": {"Enrichment": 0.34383312333753324, "Depletion": 0.6561868762624747, "two-tailed": 0.6876662466750665}}