{"O60825": {"Enrichment": 0.6495070098598028, "Depletion": 0.35051298974020517, "two-tailed": 0.7010259794804103}}