{"O60930": {"Enrichment": 0.5165096698066038, "Depletion": 0.48351032979340414, "two-tailed": 0.9670206595868083}}