{"O60911": {"Enrichment": 0.7270454590908182, "Depletion": 0.2729745405091898, "two-tailed": 0.5459490810183796}}