{"O60930": {"Enrichment": 0.5156096878062438, "Depletion": 0.48441031179376415, "two-tailed": 0.9688206235875283}}