{"O75151": {"Enrichment": 0.25549489010219795, "Depletion": 0.74452510949781, "two-tailed": 0.5109897802043959}}