{"O75116": {"Enrichment": 0.14821703565928682, "Depletion": 0.8518029639407212, "two-tailed": 0.29643407131857363}}