{"O75173": {"Enrichment": 0.24219515609687806, "Depletion": 0.75782484350313, "two-tailed": 0.4843903121937561}}