{"O75173": {"Enrichment": 0.23991520169596608, "Depletion": 0.760104797904042, "two-tailed": 0.47983040339193217}}