{"O75116": {"Enrichment": 0.08321833563328733, "Depletion": 0.9168016639667207, "two-tailed": 0.16643667126657466}}