{"O75151": {"Enrichment": 0.01853962920741585, "Depletion": 0.9814803703925922, "two-tailed": 0.0370792584148317}}