{"O75173": {"Enrichment": 0.24165516689666205, "Depletion": 0.758364832703346, "two-tailed": 0.4833103337933241}}