{"O75311": {"Enrichment": 0.501429971400572, "Depletion": 0.498590028199436, "two-tailed": 0.997180056398872}}