{"O75390": {"Enrichment": 0.05745885082298354, "Depletion": 0.9425611487770245, "two-tailed": 0.11491770164596708}}