{"O75311": {"Enrichment": 0.38001239975200496, "Depletion": 0.620007599848003, "two-tailed": 0.7600247995040099}}