{"O75317": {"Enrichment": 0.19075618487630247, "Depletion": 0.8092638147237056, "two-tailed": 0.38151236975260494}}