{"O75319": {"Enrichment": 0.7396452070958581, "Depletion": 0.2603747925041499, "two-tailed": 0.5207495850082998}}