{"O75390": {"Enrichment": 0.1492770144597108, "Depletion": 0.8507429851402972, "two-tailed": 0.2985540289194216}}