{"O75385": {"Enrichment": 0.19543609127817443, "Depletion": 0.8045839083218336, "two-tailed": 0.39087218255634887}}