{"O75317": {"Enrichment": 0.5301693966120677, "Depletion": 0.46985060298794024, "two-tailed": 0.9397012059758805}}