{"O75390": {"Enrichment": 0.14539709205815884, "Depletion": 0.8546229075418491, "two-tailed": 0.2907941841163177}}