{"O75351": {"Enrichment": 0.8062038759224815, "Depletion": 0.19381612367752646, "two-tailed": 0.3876322473550529}}