{"O75317": {"Enrichment": 0.19359612807743845, "Depletion": 0.8064238715225696, "two-tailed": 0.3871922561548769}}