{"O75351": {"Enrichment": 0.8050438991220176, "Depletion": 0.19497610047799044, "two-tailed": 0.3899522009559809}}