{"O75385": {"Enrichment": 0.04747905041899162, "Depletion": 0.9525409491810164, "two-tailed": 0.09495810083798324}}