{"O75460": {"Enrichment": 0.2835343293134137, "Depletion": 0.7164856702865943, "two-tailed": 0.5670686586268274}}