{"O75417": {"Enrichment": 0.9683606327873443, "Depletion": 0.03165936681266375, "two-tailed": 0.0633187336253275}}