{"O75475": {"Enrichment": 0.9882802343953121, "Depletion": 0.011739765204695905, "two-tailed": 0.02347953040939181}}