{"O75460": {"Enrichment": 0.2841743165136697, "Depletion": 0.7158456830863382, "two-tailed": 0.5683486330273394}}