{"O75475": {"Enrichment": 0.6326473470530589, "Depletion": 0.36737265254694906, "two-tailed": 0.7347453050938981}}