{"O75530": {"Enrichment": 0.4247715045699086, "Depletion": 0.5752484950300994, "two-tailed": 0.8495430091398172}}