{"O75582": {"Enrichment": 0.9223815523689526, "Depletion": 0.07763844723105538, "two-tailed": 0.15527689446211076}}