{"O75581": {"Enrichment": 0.5045899082018359, "Depletion": 0.495430091398172, "two-tailed": 0.990860182796344}}