{"O75582": {"Enrichment": 0.9962800743985121, "Depletion": 0.00373992520149597, "two-tailed": 0.00747985040299194}}