{"O75581": {"Enrichment": 0.49535009299814003, "Depletion": 0.504669906601868, "two-tailed": 0.9907001859962801}}