{"O75689": {"Enrichment": 0.33037339253214937, "Depletion": 0.6696466070678586, "two-tailed": 0.6607467850642987}}