{"O75695": {"Enrichment": 0.8307033859322813, "Depletion": 0.16931661366772666, "two-tailed": 0.3386332273354533}}