{"O75643": {"Enrichment": 0.19731605367892643, "Depletion": 0.8027039459210816, "two-tailed": 0.39463210735785287}}