{"O75695": {"Enrichment": 0.8288434231315374, "Depletion": 0.17117657646847062, "two-tailed": 0.34235315293694124}}