{"O75643": {"Enrichment": 0.18203635927281456, "Depletion": 0.8179836403271935, "two-tailed": 0.3640727185456291}}