{"O75689": {"Enrichment": 0.4058318833623328, "Depletion": 0.5941881162376752, "two-tailed": 0.8116637667246656}}