{"O75715": {"Enrichment": 0.3393932121357573, "Depletion": 0.6606267874642507, "two-tailed": 0.6787864242715146}}