{"O75716": {"Enrichment": 0.011779764404711906, "Depletion": 0.9882402351952961, "two-tailed": 0.023559528809423812}}