{"O75762": {"Enrichment": 0.09289814203715925, "Depletion": 0.9071218575628487, "two-tailed": 0.1857962840743185}}