{"O75715": {"Enrichment": 0.248935021299574, "Depletion": 0.751084978300434, "two-tailed": 0.497870042599148}}