{"O75762": {"Enrichment": 0.09185816283674327, "Depletion": 0.9081618367632648, "two-tailed": 0.18371632567348653}}