{"O75874": {"Enrichment": 0.3868922621547569, "Depletion": 0.6131277374452511, "two-tailed": 0.7737845243095138}}