{"O75891": {"Enrichment": 0.056778864422711545, "Depletion": 0.9432411351772965, "two-tailed": 0.11355772884542309}}