{"O75817": {"Enrichment": 0.2254954900901982, "Depletion": 0.7745245095098098, "two-tailed": 0.4509909801803964}}