{"O75880": {"Enrichment": 0.11095778084438311, "Depletion": 0.8890622187556249, "two-tailed": 0.22191556168876622}}