{"O75828": {"Enrichment": 0.12671746565068698, "Depletion": 0.873302533949321, "two-tailed": 0.25343493130137396}}