{"O75828": {"Enrichment": 0.12639747205055898, "Depletion": 0.873622527549449, "two-tailed": 0.25279494410111797}}