{"O75815": {"Enrichment": 0.6847463050738986, "Depletion": 0.3152736945261095, "two-tailed": 0.630547389052219}}