{"O75891": {"Enrichment": 0.11959760804783905, "Depletion": 0.880422391552169, "two-tailed": 0.2391952160956781}}