{"O75880": {"Enrichment": 0.10811783764324713, "Depletion": 0.8919021619567609, "two-tailed": 0.21623567528649426}}