{"O75815": {"Enrichment": 0.5383092338153237, "Depletion": 0.4617107657846843, "two-tailed": 0.9234215315693686}}