{"O75907": {"Enrichment": 0.3556928861422772, "Depletion": 0.6443271134577309, "two-tailed": 0.7113857722845544}}