{"O75936": {"Enrichment": 0.02101957960840783, "Depletion": 0.9790004199916001, "two-tailed": 0.04203915921681566}}