{"O75914": {"Enrichment": 0.09687806243875123, "Depletion": 0.9031419371612568, "two-tailed": 0.19375612487750246}}