{"O76036": {"Enrichment": 0.6641867162656747, "Depletion": 0.3358332833343333, "two-tailed": 0.6716665666686666}}