{"O76054": {"Enrichment": 0.08041839163216735, "Depletion": 0.9196016079678406, "two-tailed": 0.1608367832643347}}