{"O76093": {"Enrichment": 0.6882062358752825, "Depletion": 0.3118137637247255, "two-tailed": 0.623627527449451}}