{"O76093": {"Enrichment": 0.6864462710745786, "Depletion": 0.3135737285254295, "two-tailed": 0.627147457050859}}