{"O94779": {"Enrichment": 0.5214695706085878, "Depletion": 0.4785504289914202, "two-tailed": 0.9571008579828404}}