{"O94762": {"Enrichment": 0.13277734445311093, "Depletion": 0.867242655146897, "two-tailed": 0.26555468890622186}}