{"O94768": {"Enrichment": 0.04263914721705566, "Depletion": 0.9573808523829523, "two-tailed": 0.08527829443411132}}