{"O94766": {"Enrichment": 0.375752484950301, "Depletion": 0.624267514649707, "two-tailed": 0.751504969900602}}