{"O94766": {"Enrichment": 0.4283714325713486, "Depletion": 0.5716485670286594, "two-tailed": 0.8567428651426972}}