{"O94875": {"Enrichment": 0.7607447851042979, "Depletion": 0.2392752144957101, "two-tailed": 0.4785504289914202}}