{"O94953": {"Enrichment": 0.0621587568248635, "Depletion": 0.9378612427751445, "two-tailed": 0.124317513649727}}