{"O94923": {"Enrichment": 0.8090638187236255, "Depletion": 0.19095618087638247, "two-tailed": 0.38191236175276494}}