{"O95045": {"Enrichment": 0.5870082598348033, "Depletion": 0.4130117397652047, "two-tailed": 0.8260234795304094}}