{"O95057": {"Enrichment": 0.6179876402471951, "Depletion": 0.38203235935281293, "two-tailed": 0.7640647187056259}}