{"O95050": {"Enrichment": 0.29099418011639766, "Depletion": 0.7090258194836103, "two-tailed": 0.5819883602327953}}