{"O95045": {"Enrichment": 0.13347733045339094, "Depletion": 0.866542669146617, "two-tailed": 0.2669546609067819}}