{"O95050": {"Enrichment": 0.1392772144557109, "Depletion": 0.8607427851442971, "two-tailed": 0.2785544289114218}}