{"O95057": {"Enrichment": 0.36885262294754106, "Depletion": 0.6311673766524669, "two-tailed": 0.7377052458950821}}