{"O95140": {"Enrichment": 0.24321513569728606, "Depletion": 0.756804863902722, "two-tailed": 0.4864302713945721}}