{"O95140": {"Enrichment": 0.2401951960960781, "Depletion": 0.7598248035039299, "two-tailed": 0.4803903921921562}}