{"O95149": {"Enrichment": 0.011119777604447911, "Depletion": 0.98890022199556, "two-tailed": 0.022239555208895822}}