{"O95149": {"Enrichment": 0.010639787204255916, "Depletion": 0.9893802123957521, "two-tailed": 0.02127957440851183}}