{"O95198": {"Enrichment": 0.14057718845623088, "Depletion": 0.8594428111437771, "two-tailed": 0.28115437691246176}}