{"O95154": {"Enrichment": 0.3021339573208536, "Depletion": 0.6978860422791544, "two-tailed": 0.6042679146417071}}