{"O95154": {"Enrichment": 0.31415371692566146, "Depletion": 0.6858662826743465, "two-tailed": 0.6283074338513229}}