{"O95198": {"Enrichment": 0.22961540769184616, "Depletion": 0.7704045919081618, "two-tailed": 0.4592308153836923}}