{"O95147": {"Enrichment": 0.5290694186116278, "Depletion": 0.4709505809883802, "two-tailed": 0.9419011619767604}}