{"O95255": {"Enrichment": 0.377372452550949, "Depletion": 0.622647547049059, "two-tailed": 0.754744905101898}}