{"O95278": {"Enrichment": 0.13323733525329493, "Depletion": 0.866782664346713, "two-tailed": 0.26647467050658985}}