{"O95257": {"Enrichment": 0.6777064458710825, "Depletion": 0.3223135537289254, "two-tailed": 0.6446271074578508}}