{"O95255": {"Enrichment": 0.37795244095118097, "Depletion": 0.622067558648827, "two-tailed": 0.7559048819023619}}