{"O95278": {"Enrichment": 0.1004579908401832, "Depletion": 0.8995620087598248, "two-tailed": 0.2009159816803664}}