{"O95390": {"Enrichment": 0.8426031479370413, "Depletion": 0.15741685166296673, "two-tailed": 0.31483370332593347}}