{"O95372": {"Enrichment": 0.9773004539909201, "Depletion": 0.02271954560908782, "two-tailed": 0.04543909121817564}}