{"O95372": {"Enrichment": 0.9779204415911682, "Depletion": 0.022099558008839823, "two-tailed": 0.044199116017679646}}