{"O95372": {"Enrichment": 0.7318653626927462, "Depletion": 0.2681546369072619, "two-tailed": 0.5363092738145238}}