{"O95390": {"Enrichment": 0.8957620847583049, "Depletion": 0.10425791484170317, "two-tailed": 0.20851582968340635}}