{"O95340": {"Enrichment": 0.06717865642687146, "Depletion": 0.9328413431731365, "two-tailed": 0.13435731285374292}}