{"O95363": {"Enrichment": 0.6663266734665306, "Depletion": 0.33369332613347735, "two-tailed": 0.6673866522669547}}