{"O95497": {"Enrichment": 0.9140617187656247, "Depletion": 0.08595828083438331, "two-tailed": 0.17191656166876662}}