{"O95497": {"Enrichment": 0.7203655926881463, "Depletion": 0.2796544069118618, "two-tailed": 0.5593088138237235}}