{"O95407": {"Enrichment": 0.9138417231655367, "Depletion": 0.0861782764344713, "two-tailed": 0.1723565528689426}}