{"O95407": {"Enrichment": 0.9128617427651446, "Depletion": 0.0871582568348633, "two-tailed": 0.1743165136697266}}