{"O95470": {"Enrichment": 0.02873942521149577, "Depletion": 0.9712805743885122, "two-tailed": 0.05747885042299154}}