{"O95633": {"Enrichment": 0.2007159856802864, "Depletion": 0.7993040139197216, "two-tailed": 0.4014319713605728}}