{"O95633": {"Enrichment": 0.2012559748805024, "Depletion": 0.7987640247195056, "two-tailed": 0.4025119497610048}}