{"O95747": {"Enrichment": 0.16961660766784664, "Depletion": 0.8304033919321614, "two-tailed": 0.3392332153356933}}