{"O95786": {"Enrichment": 0.4013119737605248, "Depletion": 0.5987080258394832, "two-tailed": 0.8026239475210496}}