{"O95716": {"Enrichment": 0.31597368052638947, "Depletion": 0.6840463190736186, "two-tailed": 0.6319473610527789}}