{"O95747": {"Enrichment": 0.057978840423191534, "Depletion": 0.9420411591768164, "two-tailed": 0.11595768084638307}}