{"O95716": {"Enrichment": 0.7936241275174496, "Depletion": 0.20639587208255836, "two-tailed": 0.4127917441651167}}