{"O95786": {"Enrichment": 0.7861842763144737, "Depletion": 0.2138357232855343, "two-tailed": 0.4276714465710686}}