{"O95831": {"Enrichment": 0.5915481690366192, "Depletion": 0.4084718305633887, "two-tailed": 0.8169436611267774}}