{"O95861": {"Enrichment": 0.6467070658586829, "Depletion": 0.35331293374132516, "two-tailed": 0.7066258674826503}}