{"O95861": {"Enrichment": 0.4296714065718686, "Depletion": 0.5703485930281395, "two-tailed": 0.8593428131437372}}