{"O95881": {"Enrichment": 0.24555508889822203, "Depletion": 0.754464910701786, "two-tailed": 0.49111017779644406}}