{"O95831": {"Enrichment": 0.45559088818223636, "Depletion": 0.5444291114177716, "two-tailed": 0.9111817763644727}}