{"O95989": {"Enrichment": 0.7051058978820424, "Depletion": 0.2949141017179656, "two-tailed": 0.5898282034359312}}