{"O95970": {"Enrichment": 0.74912501749965, "Depletion": 0.250894982100358, "two-tailed": 0.501789964200716}}