{"O95989": {"Enrichment": 0.23125537489250214, "Depletion": 0.7687646247075058, "two-tailed": 0.4625107497850043}}