{"O95970": {"Enrichment": 0.5552888942221156, "Depletion": 0.44473110537789245, "two-tailed": 0.8894622107557849}}