{"O96017": {"Enrichment": 0.45755084898302034, "Depletion": 0.5424691506169876, "two-tailed": 0.9151016979660407}}