{"O96013": {"Enrichment": 0.499090018199636, "Depletion": 0.500929981400372, "two-tailed": 0.998180036399272}}