{"O96013": {"Enrichment": 0.24697506049879003, "Depletion": 0.753044939101218, "two-tailed": 0.49395012099758007}}