{"O96007": {"Enrichment": 0.5787684246315073, "Depletion": 0.42125157496850063, "two-tailed": 0.8425031499370013}}