{"O96017": {"Enrichment": 0.46023079538409234, "Depletion": 0.5397892042159157, "two-tailed": 0.9204615907681847}}