{"O96028": {"Enrichment": 0.19483610327793444, "Depletion": 0.8051838963220735, "two-tailed": 0.38967220655586887}}