{"O96028": {"Enrichment": 0.2276154476910462, "Depletion": 0.7724045519089618, "two-tailed": 0.4552308953820924}}