{"P00352": {"Enrichment": 0.019079618407631848, "Depletion": 0.9809403811923761, "two-tailed": 0.038159236815263696}}