{"P00338": {"Enrichment": 0.619907601847963, "Depletion": 0.380112397752045, "two-tailed": 0.76022479550409}}