{"P00390": {"Enrichment": 0.4655906881862363, "Depletion": 0.5344293114137717, "two-tailed": 0.9311813763724726}}