{"P00338": {"Enrichment": 0.613267734645307, "Depletion": 0.3867522649547009, "two-tailed": 0.7735045299094018}}