{"P00374": {"Enrichment": 0.3544329113417732, "Depletion": 0.6455870882582349, "two-tailed": 0.7088658226835464}}