{"P00352": {"Enrichment": 0.012219755604887902, "Depletion": 0.9878002439951201, "two-tailed": 0.024439511209775805}}