{"P00387": {"Enrichment": 0.4313313733725325, "Depletion": 0.5686886262274754, "two-tailed": 0.862662746745065}}