{"P00326": {"Enrichment": 0.6022279554408911, "Depletion": 0.39779204415911684, "two-tailed": 0.7955840883182337}}