{"P00338": {"Enrichment": 0.617027659446811, "Depletion": 0.38299234015319694, "two-tailed": 0.7659846803063939}}