{"P00374": {"Enrichment": 0.35709285814283714, "Depletion": 0.6429271414571709, "two-tailed": 0.7141857162856743}}