{"P00352": {"Enrichment": 0.019839603207935843, "Depletion": 0.9801803963920721, "two-tailed": 0.039679206415871686}}