{"P00387": {"Enrichment": 0.5593088138237235, "Depletion": 0.4407111857762845, "two-tailed": 0.881422371552569}}