{"P00325": {"Enrichment": 0.4494310113797724, "Depletion": 0.5505889882202356, "two-tailed": 0.8988620227595449}}