{"P00325": {"Enrichment": 0.03387932241355173, "Depletion": 0.9661406771864562, "two-tailed": 0.06775864482710346}}