{"P00492": {"Enrichment": 0.5681886362272754, "Depletion": 0.43183136337273254, "two-tailed": 0.8636627267454651}}