{"P00450": {"Enrichment": 0.9004819903601928, "Depletion": 0.0995380092398152, "two-tailed": 0.1990760184796304}}