{"P00492": {"Enrichment": 0.5686486270274594, "Depletion": 0.43137137257254854, "two-tailed": 0.8627427451450971}}