{"P00451": {"Enrichment": 0.9927201455970881, "Depletion": 0.007299854002919942, "two-tailed": 0.014599708005839884}}