{"P00491": {"Enrichment": 0.36983260334793305, "Depletion": 0.630187396252075, "two-tailed": 0.7396652066958661}}