{"P00451": {"Enrichment": 0.9926201475970481, "Depletion": 0.007399852002959941, "two-tailed": 0.014799704005919881}}