{"P00492": {"Enrichment": 0.5462290754184916, "Depletion": 0.45379092418151634, "two-tailed": 0.9075818483630327}}