{"P00450": {"Enrichment": 0.9794404111917762, "Depletion": 0.020579588408231837, "two-tailed": 0.04115917681646367}}