{"P00480": {"Enrichment": 0.6488070238595228, "Depletion": 0.3512129757404852, "two-tailed": 0.7024259514809704}}