{"P00491": {"Enrichment": 0.19715605687886242, "Depletion": 0.8028639427211456, "two-tailed": 0.39431211375772485}}