{"P00568": {"Enrichment": 0.1752164956700866, "Depletion": 0.8248035039299214, "two-tailed": 0.3504329913401732}}