{"P00558": {"Enrichment": 0.003459930801383972, "Depletion": 0.996560068798624, "two-tailed": 0.006919861602767944}}