{"P00558": {"Enrichment": 0.07153856922861543, "Depletion": 0.9284814303713925, "two-tailed": 0.14307713845723086}}