{"P00533": {"Enrichment": 0.8854022919541609, "Depletion": 0.11461770764584708, "two-tailed": 0.22923541529169417}}