{"P00519": {"Enrichment": 0.11645767084658307, "Depletion": 0.8835623287534249, "two-tailed": 0.23291534169316613}}