{"P00734": {"Enrichment": 0.995740085198296, "Depletion": 0.004279914401711966, "two-tailed": 0.008559828803423932}}