{"P00797": {"Enrichment": 0.054598908021839566, "Depletion": 0.9454210915781684, "two-tailed": 0.10919781604367913}}