{"P00738": {"Enrichment": 0.14643707125857483, "Depletion": 0.8535829283414331, "two-tailed": 0.29287414251714966}}