{"P00749": {"Enrichment": 0.375412491750165, "Depletion": 0.624607507849843, "two-tailed": 0.75082498350033}}