{"P00749": {"Enrichment": 0.3294534109317814, "Depletion": 0.6705665886682266, "two-tailed": 0.6589068218635628}}