{"P00742": {"Enrichment": 0.11615767684646307, "Depletion": 0.8838623227535449, "two-tailed": 0.23231535369292614}}