{"P00747": {"Enrichment": 0.745785084298314, "Depletion": 0.25423491530169395, "two-tailed": 0.5084698306033879}}