{"P00742": {"Enrichment": 0.08529829403411932, "Depletion": 0.9147217055658887, "two-tailed": 0.17059658806823863}}