{"P00738": {"Enrichment": 0.31817363652726943, "Depletion": 0.6818463630727385, "two-tailed": 0.6363472730545389}}