{"P00797": {"Enrichment": 0.06149877002459951, "Depletion": 0.9385212295754085, "two-tailed": 0.12299754004919902}}