{"P00797": {"Enrichment": 0.04647907041859163, "Depletion": 0.9535409291814164, "two-tailed": 0.09295814083718326}}