{"P00748": {"Enrichment": 0.49409011819763604, "Depletion": 0.5059298814023719, "two-tailed": 0.9881802363952721}}