{"P00751": {"Enrichment": 0.1994760104797904, "Depletion": 0.8005439891202176, "two-tailed": 0.3989520209595808}}