{"P00813": {"Enrichment": 0.14677706445871083, "Depletion": 0.8532429351412971, "two-tailed": 0.29355412891742166}}