{"P00813": {"Enrichment": 0.14487710245795085, "Depletion": 0.8551428971420572, "two-tailed": 0.2897542049159017}}