{"P00813": {"Enrichment": 0.13317733645327093, "Depletion": 0.8668426631467371, "two-tailed": 0.26635467290654186}}