{"P00915": {"Enrichment": 0.1366172676546469, "Depletion": 0.8634027319453611, "two-tailed": 0.2732345353092938}}