{"P00918": {"Enrichment": 0.9276814463710725, "Depletion": 0.07233855322893543, "two-tailed": 0.14467710645787085}}