{"P00966": {"Enrichment": 0.18371632567348653, "Depletion": 0.8163036739265215, "two-tailed": 0.36743265134697306}}