{"P00918": {"Enrichment": 0.9332213355732886, "Depletion": 0.06679866402671947, "two-tailed": 0.13359732805343894}}