{"P01009": {"Enrichment": 0.031599368012639746, "Depletion": 0.9684206315873682, "two-tailed": 0.06319873602527949}}