{"P01009": {"Enrichment": 0.03677926441471171, "Depletion": 0.9632407351852963, "two-tailed": 0.07355852882942342}}