{"P01008": {"Enrichment": 0.883142337153257, "Depletion": 0.11687766244675106, "two-tailed": 0.23375532489350212}}