{"P01031": {"Enrichment": 0.998280034399312, "Depletion": 0.001739965200695986, "two-tailed": 0.003479930401391972}}