{"P01008": {"Enrichment": 0.9560808783824324, "Depletion": 0.04393912121757565, "two-tailed": 0.0878782424351513}}