{"P01024": {"Enrichment": 0.996140077198456, "Depletion": 0.003879922401551969, "two-tailed": 0.007759844803103938}}