{"P01031": {"Enrichment": 0.999760004799904, "Depletion": 0.0002599948001039979, "two-tailed": 0.0005199896002079958}}