{"P01024": {"Enrichment": 0.9823003539929201, "Depletion": 0.01771964560708786, "two-tailed": 0.03543929121417572}}