{"P01112": {"Enrichment": 0.38357232855342893, "Depletion": 0.616447671046579, "two-tailed": 0.7671446571068579}}