{"P01112": {"Enrichment": 0.7463250734985301, "Depletion": 0.253694926101478, "two-tailed": 0.507389852202956}}