{"P01116": {"Enrichment": 0.7840643187136257, "Depletion": 0.21595568088638228, "two-tailed": 0.43191136177276457}}