{"P01116": {"Enrichment": 0.4506709865802684, "Depletion": 0.5493490130197396, "two-tailed": 0.9013419731605368}}