{"P01111": {"Enrichment": 0.502569948601028, "Depletion": 0.49745005099898004, "two-tailed": 0.9949001019979601}}