{"P01215": {"Enrichment": 0.36835263294734105, "Depletion": 0.631667366652667, "two-tailed": 0.7367052658946821}}