{"P01215": {"Enrichment": 0.25789484210315794, "Depletion": 0.74212515749685, "two-tailed": 0.5157896842063159}}