{"P01225": {"Enrichment": 0.6148877022459551, "Depletion": 0.3851322973540529, "two-tailed": 0.7702645947081058}}