{"P01375": {"Enrichment": 0.8998420031599368, "Depletion": 0.1001779964400712, "two-tailed": 0.2003559928801424}}