{"P01574": {"Enrichment": 0.4112717745645087, "Depletion": 0.5887482250354993, "two-tailed": 0.8225435491290174}}