{"P01574": {"Enrichment": 0.21609567808643826, "Depletion": 0.7839243215135697, "two-tailed": 0.4321913561728765}}