{"P01619": {"Enrichment": 0.06567868642627148, "Depletion": 0.9343413131737365, "two-tailed": 0.13135737285254295}}