{"P02462": {"Enrichment": 0.7225055498890022, "Depletion": 0.2775144497110058, "two-tailed": 0.5550288994220116}}