{"P02452": {"Enrichment": 0.8129237415251696, "Depletion": 0.1870962580748385, "two-tailed": 0.374192516149677}}