{"P02675": {"Enrichment": 0.49099018019639606, "Depletion": 0.5090298194036119, "two-tailed": 0.9819803603927921}}