{"P02675": {"Enrichment": 0.49389012219755607, "Depletion": 0.506129877402452, "two-tailed": 0.9877802443951121}}