{"P02787": {"Enrichment": 0.00619987600247995, "Depletion": 0.993820123597528, "two-tailed": 0.0123997520049599}}