{"P02763": {"Enrichment": 0.6713665726685466, "Depletion": 0.3286534269314614, "two-tailed": 0.6573068538629228}}