{"P02794": {"Enrichment": 0.9676406471870562, "Depletion": 0.03237935241295174, "two-tailed": 0.06475870482590348}}