{"P02775": {"Enrichment": 0.9690006199876002, "Depletion": 0.031019379612407753, "two-tailed": 0.062038759224815505}}