{"P02775": {"Enrichment": 0.9669206615867683, "Depletion": 0.033099338013239735, "two-tailed": 0.06619867602647947}}