{"P02743": {"Enrichment": 0.9886202275954481, "Depletion": 0.011399772004559909, "two-tailed": 0.022799544009119817}}