{"P02788": {"Enrichment": 0.2994140117197656, "Depletion": 0.7006059878802424, "two-tailed": 0.5988280234395312}}