{"P02794": {"Enrichment": 0.5912681746365073, "Depletion": 0.4087518249635007, "two-tailed": 0.8175036499270014}}