{"P02753": {"Enrichment": 0.02105957880842383, "Depletion": 0.9789604207915842, "two-tailed": 0.04211915761684766}}