{"P02749": {"Enrichment": 0.020179596408071838, "Depletion": 0.9798404031919362, "two-tailed": 0.040359192816143676}}