{"P03956": {"Enrichment": 0.4762504749905002, "Depletion": 0.5237695246095078, "two-tailed": 0.9525009499810004}}