{"P03951": {"Enrichment": 0.03447931041379172, "Depletion": 0.9655406891862163, "two-tailed": 0.06895862082758344}}