{"P03952": {"Enrichment": 0.5890282194356112, "Depletion": 0.4109917801643967, "two-tailed": 0.8219835603287934}}