{"P03956": {"Enrichment": 0.47309053818923624, "Depletion": 0.5269294614107718, "two-tailed": 0.9461810763784725}}