{"P03951": {"Enrichment": 0.08083838323233536, "Depletion": 0.9191816163676726, "two-tailed": 0.16167676646467072}}