{"P03952": {"Enrichment": 0.8938021239575209, "Depletion": 0.10621787564248715, "two-tailed": 0.2124357512849743}}