{"P03952": {"Enrichment": 0.5702285954280915, "Depletion": 0.4297914041719166, "two-tailed": 0.8595828083438332}}