{"P04035": {"Enrichment": 0.4435711285774285, "Depletion": 0.5564488710225796, "two-tailed": 0.887142257154857}}