{"P04049": {"Enrichment": 0.9024819503609928, "Depletion": 0.09753804923901523, "two-tailed": 0.19507609847803045}}