{"P04062": {"Enrichment": 0.6512269754604908, "Depletion": 0.3487930241395172, "two-tailed": 0.6975860482790344}}