{"P04062": {"Enrichment": 0.8466230675386492, "Depletion": 0.15339693206135877, "two-tailed": 0.30679386412271753}}