{"P04179": {"Enrichment": 0.749945001099978, "Depletion": 0.25007499850003, "two-tailed": 0.50014999700006}}