{"P04183": {"Enrichment": 0.25839483210335795, "Depletion": 0.7416251674966501, "two-tailed": 0.5167896642067159}}