{"P04183": {"Enrichment": 0.2605547889042219, "Depletion": 0.7394652106957861, "two-tailed": 0.5211095778084438}}