{"P04179": {"Enrichment": 0.8121837563248735, "Depletion": 0.18783624327513448, "two-tailed": 0.37567248655026897}}