{"P04275": {"Enrichment": 0.7342053158936821, "Depletion": 0.2658146837063259, "two-tailed": 0.5316293674126518}}