{"P04278": {"Enrichment": 0.6512469750604988, "Depletion": 0.3487730245395092, "two-tailed": 0.6975460490790184}}