{"P04278": {"Enrichment": 0.026699466010679785, "Depletion": 0.9733205335893282, "two-tailed": 0.05339893202135957}}