{"P04406": {"Enrichment": 0.7331253374932502, "Depletion": 0.2668946621067579, "two-tailed": 0.5337893242135158}}