{"P04406": {"Enrichment": 0.6494870102597948, "Depletion": 0.3505329893402132, "two-tailed": 0.7010659786804264}}