{"P04637": {"Enrichment": 0.8655826883462331, "Depletion": 0.13443731125377492, "two-tailed": 0.26887462250754984}}