{"P04637": {"Enrichment": 0.5579488410231795, "Depletion": 0.44207115857682844, "two-tailed": 0.8841423171536569}}