{"P04746": {"Enrichment": 0.9375812483750325, "Depletion": 0.0624387512249755, "two-tailed": 0.124877502449951}}