{"P04746": {"Enrichment": 0.9353812923741525, "Depletion": 0.06463870722585548, "two-tailed": 0.12927741445171095}}