{"P04798": {"Enrichment": 0.006699866002679946, "Depletion": 0.9933201335973281, "two-tailed": 0.013399732005359892}}