{"P05091": {"Enrichment": 0.5611487770244595, "Depletion": 0.4388712225755485, "two-tailed": 0.877742445151097}}