{"P05091": {"Enrichment": 0.6980660386792265, "Depletion": 0.3019539609207816, "two-tailed": 0.6039079218415632}}