{"P05093": {"Enrichment": 0.008679826403471931, "Depletion": 0.9913401731965361, "two-tailed": 0.017359652806943862}}