{"P05089": {"Enrichment": 0.15223695526089479, "Depletion": 0.8477830443391132, "two-tailed": 0.30447391052178957}}