{"P05091": {"Enrichment": 0.6949461010779785, "Depletion": 0.30507389852202954, "two-tailed": 0.6101477970440591}}