{"P05089": {"Enrichment": 0.07135857282854342, "Depletion": 0.9286614267714646, "two-tailed": 0.14271714565708685}}