{"P05062": {"Enrichment": 0.3213135737285254, "Depletion": 0.6787064258714826, "two-tailed": 0.6426271474570509}}