{"P05062": {"Enrichment": 0.22313553728925423, "Depletion": 0.7768844623107538, "two-tailed": 0.44627107457850845}}