{"P05112": {"Enrichment": 0.6010079798404032, "Depletion": 0.3990120197596048, "two-tailed": 0.7980240395192096}}