{"P05181": {"Enrichment": 0.0375992480150397, "Depletion": 0.9624207515849683, "two-tailed": 0.0751984960300794}}