{"P05129": {"Enrichment": 0.14207715845683086, "Depletion": 0.8579428411431771, "two-tailed": 0.2841543169136617}}