{"P05129": {"Enrichment": 0.14361712765744686, "Depletion": 0.8564028719425612, "two-tailed": 0.2872342553148937}}