{"P05112": {"Enrichment": 0.5992880142397152, "Depletion": 0.4007319853602928, "two-tailed": 0.8014639707205856}}