{"P05181": {"Enrichment": 0.037819243615127694, "Depletion": 0.9622007559848803, "two-tailed": 0.07563848723025539}}