{"P05187": {"Enrichment": 0.9866002679946401, "Depletion": 0.013419731605367892, "two-tailed": 0.026839463210735784}}