{"P05231": {"Enrichment": 0.09249815003699927, "Depletion": 0.9075218495630087, "two-tailed": 0.18499630007399853}}