{"P05230": {"Enrichment": 0.5089098218035639, "Depletion": 0.49111017779644406, "two-tailed": 0.9822203555928881}}