{"P05230": {"Enrichment": 0.5111097778044439, "Depletion": 0.4889102217955641, "two-tailed": 0.9778204435911282}}