{"P05362": {"Enrichment": 0.5065298694026119, "Depletion": 0.49349013019739607, "two-tailed": 0.9869802603947921}}