{"P05543": {"Enrichment": 0.38271234575308494, "Depletion": 0.6173076538469231, "two-tailed": 0.7654246915061699}}