{"P06132": {"Enrichment": 0.5442091158176836, "Depletion": 0.45581088378232437, "two-tailed": 0.9116217675646487}}