{"P06280": {"Enrichment": 0.9327213455730885, "Depletion": 0.06729865402691947, "two-tailed": 0.13459730805383893}}