{"P06276": {"Enrichment": 0.08237835243295134, "Depletion": 0.9176416471670567, "two-tailed": 0.1647567048659027}}