{"P06241": {"Enrichment": 0.06641867162656746, "Depletion": 0.9336013279734405, "two-tailed": 0.13283734325313493}}