{"P06280": {"Enrichment": 0.8975620487590248, "Depletion": 0.10245795084098318, "two-tailed": 0.20491590168196636}}