{"P06239": {"Enrichment": 0.06637867242655147, "Depletion": 0.9336413271734565, "two-tailed": 0.13275734485310295}}