{"P06276": {"Enrichment": 0.05277894442111158, "Depletion": 0.9472410551788965, "two-tailed": 0.10555788884222315}}