{"P06280": {"Enrichment": 0.8961420771584568, "Depletion": 0.10387792244155117, "two-tailed": 0.20775584488310234}}