{"P06213": {"Enrichment": 0.7763444731105378, "Depletion": 0.2236755264894702, "two-tailed": 0.4473510529789404}}