{"P06239": {"Enrichment": 0.06645867082658347, "Depletion": 0.9335613287734246, "two-tailed": 0.13291734165316693}}