{"P06241": {"Enrichment": 0.13271734565308693, "Depletion": 0.8673026539469211, "two-tailed": 0.26543469130617386}}