{"P06276": {"Enrichment": 0.08825823483530329, "Depletion": 0.9117617647647047, "two-tailed": 0.17651646967060658}}