{"P06493": {"Enrichment": 0.614987700245995, "Depletion": 0.3850322993540129, "two-tailed": 0.7700645987080258}}