{"P06493": {"Enrichment": 0.6516669666606668, "Depletion": 0.3483530329393412, "two-tailed": 0.6967060658786824}}