{"P06681": {"Enrichment": 0.8071838563228736, "Depletion": 0.19283614327713447, "two-tailed": 0.38567228655426894}}