{"P06681": {"Enrichment": 0.9193216135677287, "Depletion": 0.08069838603227936, "two-tailed": 0.1613967720645587}}