{"P06746": {"Enrichment": 0.04759904801903962, "Depletion": 0.9524209515809684, "two-tailed": 0.09519809603807924}}