{"P06733": {"Enrichment": 0.1131977360452791, "Depletion": 0.8868222635547289, "two-tailed": 0.2263954720905582}}