{"P06756": {"Enrichment": 0.9805603887922242, "Depletion": 0.019459610807783845, "two-tailed": 0.03891922161556769}}