{"P06733": {"Enrichment": 0.09481810363792724, "Depletion": 0.9052018959620808, "two-tailed": 0.18963620727585448}}