{"P06756": {"Enrichment": 0.9281614367712646, "Depletion": 0.07185856282874342, "two-tailed": 0.14371712565748684}}