{"P06730": {"Enrichment": 0.8670626587468251, "Depletion": 0.13295734085318295, "two-tailed": 0.2659146817063659}}