{"P06737": {"Enrichment": 0.3233735325293494, "Depletion": 0.6766464670706586, "two-tailed": 0.6467470650586988}}