{"P06748": {"Enrichment": 0.9859002819943601, "Depletion": 0.014119717605647886, "two-tailed": 0.028239435211295773}}