{"P06748": {"Enrichment": 0.9749405011899762, "Depletion": 0.0250794984100318, "two-tailed": 0.0501589968200636}}