{"P06737": {"Enrichment": 0.1399972000559989, "Depletion": 0.8600227995440091, "two-tailed": 0.2799944001119978}}