{"P06865": {"Enrichment": 0.31959360812783744, "Depletion": 0.6804263914721705, "two-tailed": 0.6391872162556749}}