{"P06858": {"Enrichment": 0.6603467930641387, "Depletion": 0.3396732065358693, "two-tailed": 0.6793464130717386}}