{"P06865": {"Enrichment": 0.3287134257314854, "Depletion": 0.6713065738685227, "two-tailed": 0.6574268514629708}}