{"P06858": {"Enrichment": 0.6363872722545549, "Depletion": 0.3636327273454531, "two-tailed": 0.7272654546909062}}