{"P07195": {"Enrichment": 0.0744585108297834, "Depletion": 0.9255614887702246, "two-tailed": 0.1489170216595668}}