{"P07203": {"Enrichment": 0.48385032299354014, "Depletion": 0.5161696766064678, "two-tailed": 0.9677006459870803}}