{"P07203": {"Enrichment": 0.2381352372952541, "Depletion": 0.7618847623047539, "two-tailed": 0.4762704745905082}}