{"P07237": {"Enrichment": 0.7836643267134658, "Depletion": 0.21635567288654228, "two-tailed": 0.43271134577308457}}