{"P07333": {"Enrichment": 0.35591288174236513, "Depletion": 0.6441071178576429, "two-tailed": 0.7118257634847303}}