{"P07332": {"Enrichment": 0.1605767884642307, "Depletion": 0.8394432111357772, "two-tailed": 0.3211535769284614}}