{"P07332": {"Enrichment": 0.1614967700645987, "Depletion": 0.8385232295354093, "two-tailed": 0.3229935401291974}}