{"P07332": {"Enrichment": 0.2730145397092058, "Depletion": 0.7270054598908022, "two-tailed": 0.5460290794184116}}