{"P07384": {"Enrichment": 0.752164956700866, "Depletion": 0.247855042899142, "two-tailed": 0.495710085798284}}