{"P07327": {"Enrichment": 0.3664926701465971, "Depletion": 0.633527329453411, "two-tailed": 0.7329853402931942}}