{"P07384": {"Enrichment": 0.751204975900482, "Depletion": 0.24881502369952602, "two-tailed": 0.49763004739905203}}