{"P07333": {"Enrichment": 0.35365292694146117, "Depletion": 0.6463670726585469, "two-tailed": 0.7073058538829223}}