{"P07686": {"Enrichment": 0.125177496450071, "Depletion": 0.8748425031499371, "two-tailed": 0.250354992900142}}