{"P07686": {"Enrichment": 0.21617567648647026, "Depletion": 0.7838443231135377, "two-tailed": 0.43235135297294053}}