{"P07741": {"Enrichment": 0.7322453550928981, "Depletion": 0.26777464450710986, "two-tailed": 0.5355492890142197}}