{"P07741": {"Enrichment": 0.7335053298934021, "Depletion": 0.26651466970660587, "two-tailed": 0.5330293394132117}}