{"P07738": {"Enrichment": 0.2009759804803904, "Depletion": 0.7990440191196176, "two-tailed": 0.4019519609607808}}