{"P07711": {"Enrichment": 0.7635447291054179, "Depletion": 0.2364752704945901, "two-tailed": 0.4729505409891802}}