{"P07738": {"Enrichment": 0.25675486490270194, "Depletion": 0.743265134697306, "two-tailed": 0.5135097298054039}}