{"P07738": {"Enrichment": 0.5155896882062359, "Depletion": 0.48443031139377213, "two-tailed": 0.9688606227875443}}