{"P07858": {"Enrichment": 0.14223715525689487, "Depletion": 0.8577828443431131, "two-tailed": 0.28447431051378974}}