{"P07858": {"Enrichment": 0.014579708405831884, "Depletion": 0.9854402911941761, "two-tailed": 0.029159416811663768}}