{"P07814": {"Enrichment": 0.8395032099358013, "Depletion": 0.1605167896642067, "two-tailed": 0.3210335793284134}}