{"P07902": {"Enrichment": 0.38309233815323696, "Depletion": 0.616927661446771, "two-tailed": 0.7661846763064739}}