{"P07948": {"Enrichment": 0.015099698006039879, "Depletion": 0.9849203015939682, "two-tailed": 0.030199396012079757}}