{"P07949": {"Enrichment": 0.11755764884702306, "Depletion": 0.882462350752985, "two-tailed": 0.23511529769404613}}