{"P07902": {"Enrichment": 0.37789244215115697, "Depletion": 0.6221275574488511, "two-tailed": 0.7557848843023139}}