{"P07954": {"Enrichment": 0.058198836023279535, "Depletion": 0.9418211635767285, "two-tailed": 0.11639767204655907}}