{"P07948": {"Enrichment": 0.03919921601567969, "Depletion": 0.9608207835843283, "two-tailed": 0.07839843203135938}}