{"P08069": {"Enrichment": 0.6562268754624907, "Depletion": 0.3437931241375172, "two-tailed": 0.6875862482750345}}