{"P08195": {"Enrichment": 0.6584268314633708, "Depletion": 0.34159316813663726, "two-tailed": 0.6831863362732745}}