{"P08195": {"Enrichment": 0.42845143097138055, "Depletion": 0.5715685686286275, "two-tailed": 0.8569028619427611}}