{"P08236": {"Enrichment": 0.3044139117217656, "Depletion": 0.6956060878782424, "two-tailed": 0.6088278234435311}}