{"P08246": {"Enrichment": 0.42117157656846865, "Depletion": 0.5788484230315394, "two-tailed": 0.8423431531369373}}