{"P08246": {"Enrichment": 0.30539389212215756, "Depletion": 0.6946261074778505, "two-tailed": 0.6107877842443151}}