{"P08253": {"Enrichment": 0.4120517589648207, "Depletion": 0.5879682406351873, "two-tailed": 0.8241035179296414}}