{"P08243": {"Enrichment": 0.865762684746305, "Depletion": 0.13425731485370293, "two-tailed": 0.26851462970740586}}