{"P08253": {"Enrichment": 0.2788344233115338, "Depletion": 0.7211855762884742, "two-tailed": 0.5576688466230676}}