{"P08243": {"Enrichment": 0.7301653966920661, "Depletion": 0.26985460290794183, "two-tailed": 0.5397092058158837}}