{"P08236": {"Enrichment": 0.1477970440591188, "Depletion": 0.8522229555408892, "two-tailed": 0.2955940881182376}}