{"P08311": {"Enrichment": 0.021539569208615827, "Depletion": 0.9784804303913922, "two-tailed": 0.043079138417231655}}