{"P08319": {"Enrichment": 0.39169216615667685, "Depletion": 0.6083278334433311, "two-tailed": 0.7833843323133537}}