{"P08311": {"Enrichment": 0.13943721125577488, "Depletion": 0.8605827883442331, "two-tailed": 0.27887442251154976}}