{"P08319": {"Enrichment": 0.7338653226935461, "Depletion": 0.2661546769064619, "two-tailed": 0.5323093538129238}}