{"P08476": {"Enrichment": 0.7004659906801864, "Depletion": 0.2995540089198216, "two-tailed": 0.5991080178396432}}