{"P08476": {"Enrichment": 0.7613047739045219, "Depletion": 0.2387152256954861, "two-tailed": 0.4774304513909722}}