{"P08575": {"Enrichment": 0.34381312373752526, "Depletion": 0.6562068758624827, "two-tailed": 0.6876262474750505}}