{"P08559": {"Enrichment": 0.4417911641767165, "Depletion": 0.5582288354232915, "two-tailed": 0.883582328353433}}