{"P08514": {"Enrichment": 0.868382632347353, "Depletion": 0.13163736725265496, "two-tailed": 0.2632747345053099}}