{"P08514": {"Enrichment": 0.874222515549689, "Depletion": 0.125797484050319, "two-tailed": 0.251594968100638}}