{"P08572": {"Enrichment": 0.6590868182636347, "Depletion": 0.3409331813363733, "two-tailed": 0.6818663626727466}}