{"P08631": {"Enrichment": 0.7292654146917061, "Depletion": 0.27075458490830184, "two-tailed": 0.5415091698166037}}