{"P08684": {"Enrichment": 0.0059198816023679525, "Depletion": 0.9941001179976401, "two-tailed": 0.011839763204735905}}