{"P08620": {"Enrichment": 0.40605187896242073, "Depletion": 0.5939681206375872, "two-tailed": 0.8121037579248415}}