{"P08648": {"Enrichment": 0.9558608827823444, "Depletion": 0.04415911681766364, "two-tailed": 0.08831823363532729}}