{"P08686": {"Enrichment": 0.00881982360352793, "Depletion": 0.99120017599648, "two-tailed": 0.01763964720705586}}