{"P08620": {"Enrichment": 0.40403191936161276, "Depletion": 0.5959880802383952, "two-tailed": 0.8080638387232255}}