{"P08631": {"Enrichment": 0.7352252954940901, "Depletion": 0.2647947041059179, "two-tailed": 0.5295894082118358}}