{"P08648": {"Enrichment": 0.9556408871822564, "Depletion": 0.044379112417751644, "two-tailed": 0.08875822483550329}}