{"P08754": {"Enrichment": 0.20567588648227036, "Depletion": 0.7943441131177377, "two-tailed": 0.41135177296454073}}