{"P08700": {"Enrichment": 0.9293614127717446, "Depletion": 0.07065858682826344, "two-tailed": 0.14131717365652688}}