{"P08842": {"Enrichment": 0.7689046219075618, "Depletion": 0.23111537769244614, "two-tailed": 0.4622307553848923}}