{"P08887": {"Enrichment": 0.20515589688206237, "Depletion": 0.7948641027179456, "two-tailed": 0.41031179376412474}}