{"P08922": {"Enrichment": 0.19149617007659847, "Depletion": 0.8085238295234095, "two-tailed": 0.38299234015319694}}