{"P09104": {"Enrichment": 0.04857902841943161, "Depletion": 0.9514409711805764, "two-tailed": 0.09715805683886322}}