{"P09104": {"Enrichment": 0.06659866802663947, "Depletion": 0.9334213315733685, "two-tailed": 0.13319733605327894}}