{"P09238": {"Enrichment": 0.997940041199176, "Depletion": 0.0020799584008319833, "two-tailed": 0.004159916801663967}}