{"P09238": {"Enrichment": 0.9909401811963761, "Depletion": 0.009079818403631928, "two-tailed": 0.018159636807263856}}