{"P09237": {"Enrichment": 0.869302613947721, "Depletion": 0.13071738565228697, "two-tailed": 0.26143477130457393}}