{"P09237": {"Enrichment": 0.866542669146617, "Depletion": 0.13347733045339094, "two-tailed": 0.2669546609067819}}