{"P09237": {"Enrichment": 0.757704845903082, "Depletion": 0.24231515369692605, "two-tailed": 0.4846303073938521}}