{"P09467": {"Enrichment": 0.9803403931921362, "Depletion": 0.019679606407871843, "two-tailed": 0.039359212815743685}}