{"P09467": {"Enrichment": 0.9815603687926241, "Depletion": 0.018459630807383852, "two-tailed": 0.036919261614767704}}