{"P09668": {"Enrichment": 0.4350912981740365, "Depletion": 0.5649287014259715, "two-tailed": 0.870182596348073}}