{"P09874": {"Enrichment": 0.0027799444011119777, "Depletion": 0.997240055198896, "two-tailed": 0.0055598888022239555}}