{"P09884": {"Enrichment": 0.7038459230815384, "Depletion": 0.2961740765184696, "two-tailed": 0.5923481530369392}}