{"P09874": {"Enrichment": 0.2782144357112858, "Depletion": 0.7218055638887222, "two-tailed": 0.5564288714225716}}