{"P09884": {"Enrichment": 0.8458030839383213, "Depletion": 0.15421691566168677, "two-tailed": 0.30843383132337354}}