{"P09960": {"Enrichment": 0.6938861222775544, "Depletion": 0.30613387732245356, "two-tailed": 0.6122677546449071}}