{"P09960": {"Enrichment": 0.623627527449451, "Depletion": 0.376392472150557, "two-tailed": 0.752784944301114}}