{"P09960": {"Enrichment": 0.6621067578648427, "Depletion": 0.3379132417351653, "two-tailed": 0.6758264834703306}}