{"P0C024": {"Enrichment": 0.4339713205735885, "Depletion": 0.5660486790264194, "two-tailed": 0.867942641147177}}