{"P0C024": {"Enrichment": 0.009499810003799925, "Depletion": 0.990520189596208, "two-tailed": 0.01899962000759985}}