{"P0C7P0": {"Enrichment": 0.6757264854702906, "Depletion": 0.3242935141297174, "two-tailed": 0.6485870282594348}}