{"P0C870": {"Enrichment": 0.10175796484070318, "Depletion": 0.8982620347593048, "two-tailed": 0.20351592968140636}}