{"P0C870": {"Enrichment": 0.03605927881442371, "Depletion": 0.9639607207855843, "two-tailed": 0.07211855762884742}}