{"P0CG29": {"Enrichment": 0.20939581208375832, "Depletion": 0.7906241875162496, "two-tailed": 0.41879162416751664}}