{"P0DMM9": {"Enrichment": 0.7762644747105057, "Depletion": 0.2237555248895022, "two-tailed": 0.4475110497790044}}