{"P0DMV8": {"Enrichment": 0.05801883962320754, "Depletion": 0.9420011599768005, "two-tailed": 0.11603767924641507}}