{"P0DMV9": {"Enrichment": 0.27967440651186976, "Depletion": 0.7203455930881383, "two-tailed": 0.5593488130237395}}