{"P0DPD7": {"Enrichment": 0.740745185096298, "Depletion": 0.2592748145037099, "two-tailed": 0.5185496290074199}}