{"P10153": {"Enrichment": 0.1643167136657267, "Depletion": 0.8357032859342813, "two-tailed": 0.3286334273314534}}