{"P10109": {"Enrichment": 0.49547009059818803, "Depletion": 0.50454990900182, "two-tailed": 0.9909401811963761}}