{"P10147": {"Enrichment": 0.7251054978900422, "Depletion": 0.2749145017099658, "two-tailed": 0.5498290034199316}}