{"P10153": {"Enrichment": 0.16471670566588667, "Depletion": 0.8353032939341213, "two-tailed": 0.32943341133177334}}