{"P10114": {"Enrichment": 0.6586868262634747, "Depletion": 0.3413331733365333, "two-tailed": 0.6826663466730666}}