{"P10147": {"Enrichment": 0.7304853902921942, "Depletion": 0.26953460930781387, "two-tailed": 0.5390692186156277}}