{"P10144": {"Enrichment": 0.6886262274754504, "Depletion": 0.3113937721245575, "two-tailed": 0.622787544249115}}