{"P10109": {"Enrichment": 0.8254634907301854, "Depletion": 0.1745565088698226, "two-tailed": 0.3491130177396452}}