{"P10253": {"Enrichment": 0.5692886142277155, "Depletion": 0.43073138537229255, "two-tailed": 0.8614627707445851}}