{"P10253": {"Enrichment": 0.8153236935261294, "Depletion": 0.18469630607387852, "two-tailed": 0.36939261214775704}}