{"P10301": {"Enrichment": 0.47835043299134017, "Depletion": 0.5216695666086678, "two-tailed": 0.9567008659826803}}