{"P10586": {"Enrichment": 0.20229595408091838, "Depletion": 0.7977240455190896, "two-tailed": 0.40459190816183677}}