{"P10644": {"Enrichment": 0.017759644807103857, "Depletion": 0.9822603547929042, "two-tailed": 0.035519289614207715}}