{"P10644": {"Enrichment": 0.018159636807263856, "Depletion": 0.9818603627927441, "two-tailed": 0.03631927361452771}}