{"P11021": {"Enrichment": 0.14577708445831083, "Depletion": 0.8542429151416971, "two-tailed": 0.29155416891662167}}