{"P11021": {"Enrichment": 0.1487770244595108, "Depletion": 0.8512429751404972, "two-tailed": 0.2975540489190216}}