{"P11086": {"Enrichment": 0.34261314773704526, "Depletion": 0.6574068518629628, "two-tailed": 0.6852262954740905}}