{"P11169": {"Enrichment": 0.03929921401571969, "Depletion": 0.9607207855842883, "two-tailed": 0.07859842803143938}}