{"P11142": {"Enrichment": 0.28105437891242174, "Depletion": 0.7189656206875863, "two-tailed": 0.5621087578248435}}