{"P11172": {"Enrichment": 0.22445551088978222, "Depletion": 0.7755644887102258, "two-tailed": 0.44891102177956443}}