{"P11166": {"Enrichment": 0.42101157976840464, "Depletion": 0.5790084198316033, "two-tailed": 0.8420231595368093}}