{"P11142": {"Enrichment": 0.2742745145097098, "Depletion": 0.7257454850902982, "two-tailed": 0.5485490290194196}}