{"P11177": {"Enrichment": 0.6420871582568348, "Depletion": 0.35793284134317316, "two-tailed": 0.7158656826863463}}