{"P11172": {"Enrichment": 0.250634987300254, "Depletion": 0.749385012299754, "two-tailed": 0.501269974600508}}