{"P11177": {"Enrichment": 0.3007539849203016, "Depletion": 0.6992660146797064, "two-tailed": 0.6015079698406032}}