{"P11166": {"Enrichment": 0.3411731765364693, "Depletion": 0.6588468230635387, "two-tailed": 0.6823463530729386}}