{"P11169": {"Enrichment": 0.11889762204755905, "Depletion": 0.8811223775524489, "two-tailed": 0.2377952440951181}}