{"P11234": {"Enrichment": 0.39283214335713285, "Depletion": 0.6071878562428752, "two-tailed": 0.7856642867142657}}