{"P11233": {"Enrichment": 0.3677526449471011, "Depletion": 0.632267354652907, "two-tailed": 0.7355052898942022}}