{"P11216": {"Enrichment": 0.503229935401292, "Depletion": 0.496790064198716, "two-tailed": 0.993580128397432}}