{"P11245": {"Enrichment": 0.009579808403831923, "Depletion": 0.9904401911961761, "two-tailed": 0.019159616807663846}}