{"P11233": {"Enrichment": 0.4125517489650207, "Depletion": 0.5874682506349873, "two-tailed": 0.8251034979300415}}