{"P11216": {"Enrichment": 0.31833363332733344, "Depletion": 0.6816863662726745, "two-tailed": 0.6366672666546669}}