{"P11309": {"Enrichment": 0.1866762664746705, "Depletion": 0.8133437331253375, "two-tailed": 0.373352532949341}}