{"P11362": {"Enrichment": 0.16557668846623066, "Depletion": 0.8344433111337773, "two-tailed": 0.33115337693246133}}