{"P11310": {"Enrichment": 0.632467350652987, "Depletion": 0.36755264894702105, "two-tailed": 0.7351052978940421}}