{"P11310": {"Enrichment": 0.6328873422531549, "Depletion": 0.3671326573468531, "two-tailed": 0.7342653146937062}}