{"P11387": {"Enrichment": 0.5175696486070278, "Depletion": 0.4824503509929801, "two-tailed": 0.9649007019859602}}