{"P11310": {"Enrichment": 0.6110277794444111, "Depletion": 0.38899222015559687, "two-tailed": 0.7779844403111937}}