{"P11362": {"Enrichment": 0.16581668366632668, "Depletion": 0.8342033159336814, "two-tailed": 0.33163336733265336}}