{"P11498": {"Enrichment": 0.5982880342393152, "Depletion": 0.4017319653606928, "two-tailed": 0.8034639307213856}}