{"P11597": {"Enrichment": 0.10469790604187916, "Depletion": 0.8953220935581289, "two-tailed": 0.20939581208375832}}