{"P11511": {"Enrichment": 0.0064598708025839485, "Depletion": 0.9935601287974241, "two-tailed": 0.012919741605167897}}