{"P11586": {"Enrichment": 0.6842063158736825, "Depletion": 0.31581368372632546, "two-tailed": 0.6316273674526509}}