{"P11586": {"Enrichment": 0.625907481850363, "Depletion": 0.374112517749645, "two-tailed": 0.74822503549929}}