{"P11597": {"Enrichment": 0.2734145317093658, "Depletion": 0.7266054678906422, "two-tailed": 0.5468290634187316}}