{"P11509": {"Enrichment": 0.013979720405591887, "Depletion": 0.9860402791944161, "two-tailed": 0.027959440811183775}}