{"P11717": {"Enrichment": 0.6022079558408832, "Depletion": 0.3978120437591248, "two-tailed": 0.7956240875182496}}