{"P11766": {"Enrichment": 0.8432231355372892, "Depletion": 0.15679686406271875, "two-tailed": 0.3135937281254375}}