{"P11717": {"Enrichment": 0.5643487130257395, "Depletion": 0.4356712865742685, "two-tailed": 0.871342573148537}}