{"P11712": {"Enrichment": 0.02739945201095978, "Depletion": 0.9726205475890483, "two-tailed": 0.05479890402191956}}