{"P12081": {"Enrichment": 0.4850302993940121, "Depletion": 0.5149897002059959, "two-tailed": 0.9700605987880242}}