{"P12081": {"Enrichment": 0.6774464510709786, "Depletion": 0.3225735485290294, "two-tailed": 0.6451470970580588}}