{"P12532": {"Enrichment": 0.04423911521769565, "Depletion": 0.9557808843823123, "two-tailed": 0.0884782304353913}}