{"P12532": {"Enrichment": 0.09705805883882322, "Depletion": 0.9029619407611847, "two-tailed": 0.19411611767764644}}