{"P12544": {"Enrichment": 0.29681406371872565, "Depletion": 0.7032059358812823, "two-tailed": 0.5936281274374513}}