{"P12694": {"Enrichment": 0.25513489730205396, "Depletion": 0.744885102297954, "two-tailed": 0.5102697946041079}}