{"P12694": {"Enrichment": 0.2652546949061019, "Depletion": 0.7347653046939061, "two-tailed": 0.5305093898122037}}