{"P12643": {"Enrichment": 0.019419611607767846, "Depletion": 0.9806003879922401, "two-tailed": 0.03883922321553569}}