{"P12724": {"Enrichment": 0.5904881902361953, "Depletion": 0.4095318093638127, "two-tailed": 0.8190636187276255}}