{"P12883": {"Enrichment": 0.19625607487850244, "Depletion": 0.8037639247215056, "two-tailed": 0.3925121497570049}}