{"P12821": {"Enrichment": 0.3199536009279814, "Depletion": 0.6800663986720266, "two-tailed": 0.6399072018559628}}