{"P12883": {"Enrichment": 0.19881602367952642, "Depletion": 0.8012039759204815, "two-tailed": 0.39763204735905283}}