{"P12821": {"Enrichment": 0.18445631087378253, "Depletion": 0.8155636887262254, "two-tailed": 0.36891262174756506}}