{"P12821": {"Enrichment": 0.3244135117297654, "Depletion": 0.6756064878702426, "two-tailed": 0.6488270234595308}}