{"P12955": {"Enrichment": 0.9328213435731285, "Depletion": 0.06719865602687947, "two-tailed": 0.13439731205375893}}