{"P12931": {"Enrichment": 0.24519509609807805, "Depletion": 0.75482490350193, "two-tailed": 0.4903901921961561}}