{"P12955": {"Enrichment": 0.4921101577968441, "Depletion": 0.5079098418031639, "two-tailed": 0.9842203155936882}}