{"P13051": {"Enrichment": 0.5126697466050679, "Depletion": 0.4873502529949401, "two-tailed": 0.9747005059898802}}