{"P13497": {"Enrichment": 0.3633727325453491, "Depletion": 0.6366472670546589, "two-tailed": 0.7267454650906982}}