{"P13500": {"Enrichment": 0.002739945201095978, "Depletion": 0.997280054398912, "two-tailed": 0.005479890402191956}}