{"P13569": {"Enrichment": 0.43261134777304455, "Depletion": 0.5674086518269634, "two-tailed": 0.8652226955460891}}