{"P13500": {"Enrichment": 0.003379932401351973, "Depletion": 0.996640067198656, "two-tailed": 0.006759864802703946}}