{"P13501": {"Enrichment": 0.5529689406211876, "Depletion": 0.4470510589788204, "two-tailed": 0.8941021179576408}}