{"P13569": {"Enrichment": 0.30443391132177355, "Depletion": 0.6955860882782344, "two-tailed": 0.6088678226435471}}