{"P13591": {"Enrichment": 0.20599588008239836, "Depletion": 0.7940241195176097, "two-tailed": 0.4119917601647967}}