{"P13671": {"Enrichment": 0.9879602407951841, "Depletion": 0.012059758804823904, "two-tailed": 0.024119517609647808}}