{"P13671": {"Enrichment": 0.75042499150017, "Depletion": 0.249595008099838, "two-tailed": 0.499190016199676}}