{"P13667": {"Enrichment": 0.4615907681846363, "Depletion": 0.5384292314153717, "two-tailed": 0.9231815363692726}}