{"P13686": {"Enrichment": 0.013239735205295894, "Depletion": 0.9867802643947121, "two-tailed": 0.026479470410591788}}