{"P13686": {"Enrichment": 0.013059738805223896, "Depletion": 0.986960260794784, "two-tailed": 0.02611947761044779}}