{"P13667": {"Enrichment": 0.5492690146197076, "Depletion": 0.4507509849803004, "two-tailed": 0.9015019699606008}}