{"P13804": {"Enrichment": 0.6937461250774984, "Depletion": 0.30627387452250954, "two-tailed": 0.6125477490450191}}