{"P13804": {"Enrichment": 0.4023519529609408, "Depletion": 0.5976680466390673, "two-tailed": 0.8047039059218816}}