{"P14061": {"Enrichment": 0.004159916801663967, "Depletion": 0.995860082798344, "two-tailed": 0.008319833603327933}}