{"P14061": {"Enrichment": 0.003639927201455971, "Depletion": 0.996380072398552, "two-tailed": 0.007279854402911942}}