{"P14061": {"Enrichment": 0.004399912001759965, "Depletion": 0.995620087598248, "two-tailed": 0.00879982400351993}}