{"P14210": {"Enrichment": 0.868042639147217, "Depletion": 0.13197736045279093, "two-tailed": 0.26395472090558186}}