{"P14210": {"Enrichment": 0.9117217655646888, "Depletion": 0.08829823403531929, "two-tailed": 0.17659646807063858}}