{"P14410": {"Enrichment": 0.748765024699506, "Depletion": 0.25125497490050197, "two-tailed": 0.5025099498010039}}