{"P14618": {"Enrichment": 0.18185636287274254, "Depletion": 0.8181636367272654, "two-tailed": 0.3637127257454851}}