{"P14784": {"Enrichment": 0.994760104797904, "Depletion": 0.005259894802103958, "two-tailed": 0.010519789604207916}}