{"P14866": {"Enrichment": 0.8658826823463531, "Depletion": 0.13413731725365494, "two-tailed": 0.2682746345073099}}