{"P14867": {"Enrichment": 0.3615327693446131, "Depletion": 0.6384872302553949, "two-tailed": 0.7230655386892262}}