{"P14920": {"Enrichment": 3.999920001599968e-05, "Depletion": 0.999980000399992, "two-tailed": 7.999840003199936e-05}}