{"P14920": {"Enrichment": 0.030199396012079757, "Depletion": 0.9698206035879282, "two-tailed": 0.060398792024159514}}