{"P15056": {"Enrichment": 0.20335593288134238, "Depletion": 0.7966640667186656, "two-tailed": 0.40671186576268475}}