{"P15056": {"Enrichment": 0.2228155436891262, "Depletion": 0.7772044559108818, "two-tailed": 0.4456310873782524}}