{"P15153": {"Enrichment": 0.20771584568308635, "Depletion": 0.7923041539169217, "two-tailed": 0.4154316913661727}}