{"P15121": {"Enrichment": 0.41489170216595667, "Depletion": 0.5851282974340514, "two-tailed": 0.8297834043319133}}