{"P15104": {"Enrichment": 0.042079158416831665, "Depletion": 0.9579408411831764, "two-tailed": 0.08415831683366333}}