{"P15104": {"Enrichment": 0.017159656806863863, "Depletion": 0.9828603427931442, "two-tailed": 0.034319313613727725}}