{"P15121": {"Enrichment": 0.5723085538289234, "Depletion": 0.42771144577108455, "two-tailed": 0.8554228915421691}}