{"P15144": {"Enrichment": 0.0373192536149277, "Depletion": 0.9627007459850803, "two-tailed": 0.0746385072298554}}