{"P15144": {"Enrichment": 0.053358932821343574, "Depletion": 0.9466610667786645, "two-tailed": 0.10671786564268715}}