{"P15153": {"Enrichment": 0.20605587888242236, "Depletion": 0.7939641207175856, "two-tailed": 0.4121117577648447}}