{"P15151": {"Enrichment": 0.2615747685046299, "Depletion": 0.7384452310953781, "two-tailed": 0.5231495370092598}}