{"P15169": {"Enrichment": 0.500489990200196, "Depletion": 0.499530009399812, "two-tailed": 0.999060018799624}}