{"P15309": {"Enrichment": 0.12135757284854302, "Depletion": 0.878662426751465, "two-tailed": 0.24271514569708605}}