{"P15328": {"Enrichment": 0.37321253574928503, "Depletion": 0.626807463850723, "two-tailed": 0.7464250714985701}}