{"P15309": {"Enrichment": 0.3209135817283654, "Depletion": 0.6791064178716426, "two-tailed": 0.6418271634567309}}