{"P15428": {"Enrichment": 0.29487410251794965, "Depletion": 0.7051458970820583, "two-tailed": 0.5897482050358993}}