{"P15428": {"Enrichment": 0.46953060938781227, "Depletion": 0.5304893902121958, "two-tailed": 0.9390612187756245}}