{"P15531": {"Enrichment": 0.35841283174336513, "Depletion": 0.6416071678566428, "two-tailed": 0.7168256634867303}}