{"P15531": {"Enrichment": 0.3970120597588048, "Depletion": 0.6030079398412032, "two-tailed": 0.7940241195176097}}