{"P15531": {"Enrichment": 0.44153116937661246, "Depletion": 0.5584888302233956, "two-tailed": 0.8830623387532249}}