{"P15735": {"Enrichment": 0.254714905701886, "Depletion": 0.745305093898122, "two-tailed": 0.509429811403772}}