{"P15735": {"Enrichment": 0.18051638967220657, "Depletion": 0.8195036099278015, "two-tailed": 0.36103277934441314}}