{"P15848": {"Enrichment": 0.3229935401291974, "Depletion": 0.6770264594708106, "two-tailed": 0.6459870802583948}}