{"P15907": {"Enrichment": 0.9540809183816323, "Depletion": 0.04593908121837563, "two-tailed": 0.09187816243675126}}