{"P15907": {"Enrichment": 0.6481070378592428, "Depletion": 0.3519129617407652, "two-tailed": 0.7038259234815304}}