{"P16070": {"Enrichment": 0.9674206515869682, "Depletion": 0.032599348013039736, "two-tailed": 0.06519869602607947}}