{"P16070": {"Enrichment": 0.9667806643867123, "Depletion": 0.03323933521329574, "two-tailed": 0.06647867042659147}}