{"P16144": {"Enrichment": 0.7927841443171136, "Depletion": 0.20723585528289434, "two-tailed": 0.4144717105657887}}