{"P16118": {"Enrichment": 0.1376172476550469, "Depletion": 0.8624027519449611, "two-tailed": 0.2752344953100938}}