{"P16118": {"Enrichment": 0.3475530489390212, "Depletion": 0.6524669506609868, "two-tailed": 0.6951060978780425}}