{"P16152": {"Enrichment": 0.5819283614327714, "Depletion": 0.41809163816723666, "two-tailed": 0.8361832763344733}}