{"P16152": {"Enrichment": 0.6607267854642908, "Depletion": 0.3392932141357173, "two-tailed": 0.6785864282714346}}