{"P16109": {"Enrichment": 0.010959780804383912, "Depletion": 0.9890602187956241, "two-tailed": 0.021919561608767825}}