{"P16152": {"Enrichment": 0.6601867962640747, "Depletion": 0.33983320333593325, "two-tailed": 0.6796664066718665}}