{"P16118": {"Enrichment": 0.5905681886362273, "Depletion": 0.40945181096378075, "two-tailed": 0.8189036219275615}}