{"P16219": {"Enrichment": 0.622987540249195, "Depletion": 0.377032459350813, "two-tailed": 0.754064918701626}}