{"P16219": {"Enrichment": 0.6302673946521069, "Depletion": 0.369752604947901, "two-tailed": 0.739505209895802}}