{"P16278": {"Enrichment": 0.8662826743465131, "Depletion": 0.13373732525349494, "two-tailed": 0.2674746505069899}}