{"P16278": {"Enrichment": 0.8587828243435132, "Depletion": 0.14123717525649487, "two-tailed": 0.28247435051298975}}