{"P16298": {"Enrichment": 0.41797164056718866, "Depletion": 0.5820483590328194, "two-tailed": 0.8359432811343773}}