{"P16284": {"Enrichment": 0.749145017099658, "Depletion": 0.25087498250035, "two-tailed": 0.5017499650007}}