{"P16298": {"Enrichment": 0.47041059178816425, "Depletion": 0.5296094078118437, "two-tailed": 0.9408211835763285}}