{"P16219": {"Enrichment": 0.622907541849163, "Depletion": 0.377112457750845, "two-tailed": 0.75422491550169}}