{"P16422": {"Enrichment": 0.20287594248115037, "Depletion": 0.7971440571188576, "two-tailed": 0.40575188496230075}}