{"P16422": {"Enrichment": 0.033319333613327735, "Depletion": 0.9667006659866803, "two-tailed": 0.06663866722665547}}