{"P16435": {"Enrichment": 0.8872422551548969, "Depletion": 0.1127777444451111, "two-tailed": 0.2255554888902222}}