{"P16435": {"Enrichment": 0.30283394332113356, "Depletion": 0.6971860562788744, "two-tailed": 0.6056678866422671}}