{"P16444": {"Enrichment": 0.1861362772744545, "Depletion": 0.8138837223255535, "two-tailed": 0.372272554548909}}