{"P16442": {"Enrichment": 0.7822243555128897, "Depletion": 0.21779564408711827, "two-tailed": 0.43559128817423654}}