{"P16442": {"Enrichment": 0.5067298654026919, "Depletion": 0.49329013419731604, "two-tailed": 0.9865802683946321}}