{"P16471": {"Enrichment": 0.3246535069298614, "Depletion": 0.6753664926701466, "two-tailed": 0.6493070138597228}}