{"P16671": {"Enrichment": 0.7159656806863862, "Depletion": 0.2840543189136217, "two-tailed": 0.5681086378272434}}