{"P16671": {"Enrichment": 0.7139857202855943, "Depletion": 0.2860342793144137, "two-tailed": 0.5720685586288274}}