{"P16871": {"Enrichment": 0.7206255874882502, "Depletion": 0.27939441211175775, "two-tailed": 0.5587888242235155}}