{"P17081": {"Enrichment": 0.5787084258314834, "Depletion": 0.4213115737685246, "two-tailed": 0.8426231475370493}}