{"P17050": {"Enrichment": 0.8119637607247855, "Depletion": 0.1880562388752225, "two-tailed": 0.376112477750445}}