{"P17066": {"Enrichment": 0.35573288534229314, "Depletion": 0.6442871142577149, "two-tailed": 0.7114657706845863}}