{"P17050": {"Enrichment": 0.9845603087938242, "Depletion": 0.015459690806183876, "two-tailed": 0.030919381612367753}}