{"P17066": {"Enrichment": 0.35383292334153316, "Depletion": 0.6461870762584748, "two-tailed": 0.7076658466830663}}