{"P17081": {"Enrichment": 0.20305593888122236, "Depletion": 0.7969640607187857, "two-tailed": 0.40611187776244473}}