{"P17050": {"Enrichment": 0.7946441071178576, "Depletion": 0.20537589248215035, "two-tailed": 0.4107517849643007}}