{"P17213": {"Enrichment": 0.10291794164116717, "Depletion": 0.8971020579588408, "two-tailed": 0.20583588328233435}}