{"P17252": {"Enrichment": 0.11807763844723106, "Depletion": 0.8819423611527769, "two-tailed": 0.2361552768944621}}