{"P17405": {"Enrichment": 0.9399212015759685, "Depletion": 0.06009879802403952, "two-tailed": 0.12019759604807904}}