{"P17540": {"Enrichment": 0.0039399212015759685, "Depletion": 0.996080078398432, "two-tailed": 0.007879842403151937}}