{"P17540": {"Enrichment": 0.12035759284814304, "Depletion": 0.8796624067518649, "two-tailed": 0.24071518569628608}}