{"P17516": {"Enrichment": 0.14703705925881483, "Depletion": 0.8529829403411932, "two-tailed": 0.29407411851762966}}