{"P17516": {"Enrichment": 0.1526569468610628, "Depletion": 0.8473630527389452, "two-tailed": 0.3053138937221256}}