{"P17516": {"Enrichment": 0.14543709125817483, "Depletion": 0.8545829083418331, "two-tailed": 0.29087418251634967}}