{"P17643": {"Enrichment": 0.6030479390412192, "Depletion": 0.3969720605587888, "two-tailed": 0.7939441211175776}}