{"P17643": {"Enrichment": 0.6795864082718346, "Depletion": 0.32043359132817345, "two-tailed": 0.6408671826563469}}