{"P17706": {"Enrichment": 0.4413311733765325, "Depletion": 0.5586888262234755, "two-tailed": 0.882662346753065}}