{"P17707": {"Enrichment": 0.2368952620947581, "Depletion": 0.7631247375052499, "two-tailed": 0.4737905241895162}}