{"P17706": {"Enrichment": 0.019299614007719845, "Depletion": 0.9807203855922881, "two-tailed": 0.03859922801543969}}