{"P17813": {"Enrichment": 0.03811923761524769, "Depletion": 0.9619007619847603, "two-tailed": 0.07623847523049539}}