{"P17931": {"Enrichment": 0.99360012799744, "Depletion": 0.006419871602567948, "two-tailed": 0.012839743205135897}}