{"P18031": {"Enrichment": 0.28053438931221375, "Depletion": 0.7194856102877942, "two-tailed": 0.5610687786244275}}