{"P18085": {"Enrichment": 0.44399112017759645, "Depletion": 0.5560288794224115, "two-tailed": 0.8879822403551929}}