{"P18085": {"Enrichment": 0.623927521449571, "Depletion": 0.376092478150437, "two-tailed": 0.752184956300874}}