{"P18283": {"Enrichment": 0.9049219015619687, "Depletion": 0.09509809803803924, "two-tailed": 0.1901961960760785}}