{"P18283": {"Enrichment": 0.8163836723265535, "Depletion": 0.18363632727345452, "two-tailed": 0.36727265454690905}}