{"P18440": {"Enrichment": 0.4282514349713006, "Depletion": 0.5717685646287074, "two-tailed": 0.8565028699426012}}