{"P18507": {"Enrichment": 0.2242355152896942, "Depletion": 0.7757844843103138, "two-tailed": 0.4484710305793884}}