{"P18669": {"Enrichment": 0.02635947281054379, "Depletion": 0.9736605267894642, "two-tailed": 0.05271894562108758}}