{"P18669": {"Enrichment": 0.06971860562788744, "Depletion": 0.9303013939721205, "two-tailed": 0.13943721125577488}}