{"P19099": {"Enrichment": 0.03519929601407972, "Depletion": 0.9648207035859283, "two-tailed": 0.07039859202815944}}