{"P19113": {"Enrichment": 0.5433091338173237, "Depletion": 0.4567108657826843, "two-tailed": 0.9134217315653687}}