{"P19113": {"Enrichment": 0.2378752424951501, "Depletion": 0.7621447571048579, "two-tailed": 0.4757504849903002}}