{"P19235": {"Enrichment": 0.2887942241155177, "Depletion": 0.7112257754844903, "two-tailed": 0.5775884482310354}}