{"P19235": {"Enrichment": 0.29307413851722963, "Depletion": 0.7069458610827783, "two-tailed": 0.5861482770344593}}