{"P19367": {"Enrichment": 0.034299314013719724, "Depletion": 0.9657206855862883, "two-tailed": 0.06859862802743945}}