{"P19447": {"Enrichment": 0.4655706885862283, "Depletion": 0.5344493110137797, "two-tailed": 0.9311413771724566}}