{"P19623": {"Enrichment": 0.24649507009859803, "Depletion": 0.7535249295014099, "two-tailed": 0.49299014019719606}}