{"P19623": {"Enrichment": 0.24343513129737404, "Depletion": 0.7565848683026339, "two-tailed": 0.4868702625947481}}