{"P19623": {"Enrichment": 0.24393512129757405, "Depletion": 0.756084878302434, "two-tailed": 0.4878702425951481}}