{"P19652": {"Enrichment": 0.6374072518549629, "Depletion": 0.3626127477450451, "two-tailed": 0.7252254954900902}}