{"P19784": {"Enrichment": 0.6995660086798264, "Depletion": 0.3004539909201816, "two-tailed": 0.6009079818403632}}