{"P19883": {"Enrichment": 0.8920221595568089, "Depletion": 0.10799784004319914, "two-tailed": 0.21599568008639827}}