{"P19883": {"Enrichment": 0.9688406231875363, "Depletion": 0.03117937641247175, "two-tailed": 0.0623587528249435}}