{"P20062": {"Enrichment": 0.8288234235315294, "Depletion": 0.17119657606847863, "two-tailed": 0.34239315213695726}}