{"P20062": {"Enrichment": 0.874542509149817, "Depletion": 0.125477490450191, "two-tailed": 0.250954980900382}}