{"P20061": {"Enrichment": 0.06487870242595148, "Depletion": 0.9351412971740565, "two-tailed": 0.12975740485190296}}