{"P20132": {"Enrichment": 0.1483170336593268, "Depletion": 0.8517029659406812, "two-tailed": 0.2966340673186536}}