{"P20132": {"Enrichment": 0.3651726965460691, "Depletion": 0.6348473030539389, "two-tailed": 0.7303453930921382}}