{"P20231": {"Enrichment": 0.879042419151617, "Depletion": 0.12097758044839103, "two-tailed": 0.24195516089678207}}