{"P20273": {"Enrichment": 0.19343613127737444, "Depletion": 0.8065838683226335, "two-tailed": 0.3868722625547489}}