{"P20231": {"Enrichment": 0.9038019239615208, "Depletion": 0.09621807563848724, "two-tailed": 0.19243615127697447}}