{"P20273": {"Enrichment": 0.2363352732945341, "Depletion": 0.7636847263054739, "two-tailed": 0.4726705465890682}}