{"P20231": {"Enrichment": 0.9104017919641607, "Depletion": 0.08961820763584728, "two-tailed": 0.17923641527169457}}