{"P20340": {"Enrichment": 0.49347013059738803, "Depletion": 0.50654986900262, "two-tailed": 0.9869402611947761}}