{"P20339": {"Enrichment": 0.3917121657566849, "Depletion": 0.6083078338433231, "two-tailed": 0.7834243315133698}}