{"P20337": {"Enrichment": 0.5156296874062519, "Depletion": 0.4843903121937561, "two-tailed": 0.9687806243875122}}