{"P20338": {"Enrichment": 0.6680266394672106, "Depletion": 0.33199336013279734, "two-tailed": 0.6639867202655947}}