{"P20339": {"Enrichment": 0.2774344513109738, "Depletion": 0.7225855482890342, "two-tailed": 0.5548689026219475}}