{"P20337": {"Enrichment": 0.505289894202116, "Depletion": 0.49473010539789203, "two-tailed": 0.9894602107957841}}