{"P20591": {"Enrichment": 0.27869442611147777, "Depletion": 0.7213255734885302, "two-tailed": 0.5573888522229555}}