{"P20591": {"Enrichment": 0.5900081998360033, "Depletion": 0.4100117997640047, "two-tailed": 0.8200235995280094}}