{"P20618": {"Enrichment": 0.5194296114077719, "Depletion": 0.48059038819223615, "two-tailed": 0.9611807763844723}}