{"P20702": {"Enrichment": 0.6497070058598828, "Depletion": 0.3503129937401252, "two-tailed": 0.7006259874802504}}