{"P20701": {"Enrichment": 0.25057498850023, "Depletion": 0.749445011099778, "two-tailed": 0.50114997700046}}