{"P20718": {"Enrichment": 0.7733045339093219, "Depletion": 0.22671546569068618, "two-tailed": 0.45343093138137236}}