{"P20718": {"Enrichment": 0.6085878282434352, "Depletion": 0.3914321713565729, "two-tailed": 0.7828643427131458}}