{"P20701": {"Enrichment": 0.23247535049299015, "Depletion": 0.7675446491070178, "two-tailed": 0.4649507009859803}}