{"P20702": {"Enrichment": 0.997620047599048, "Depletion": 0.0023999520009599807, "two-tailed": 0.004799904001919961}}