{"P20809": {"Enrichment": 0.8281434371312574, "Depletion": 0.17187656246875063, "two-tailed": 0.34375312493750126}}