{"P20809": {"Enrichment": 0.7883242335153297, "Depletion": 0.2116957660846783, "two-tailed": 0.4233915321693566}}