{"P20849": {"Enrichment": 0.43427131457370854, "Depletion": 0.5657486850262995, "two-tailed": 0.8685426291474171}}