{"P20813": {"Enrichment": 0.008379832403351934, "Depletion": 0.991640167196656, "two-tailed": 0.016759664806703867}}