{"P20813": {"Enrichment": 0.009939801203975921, "Depletion": 0.9900801983960321, "two-tailed": 0.019879602407951842}}