{"P20849": {"Enrichment": 0.1876162476750465, "Depletion": 0.8124037519249615, "two-tailed": 0.375232495350093}}