{"P21281": {"Enrichment": 0.9855202895942081, "Depletion": 0.014499710005799884, "two-tailed": 0.028999420011599768}}