{"P21397": {"Enrichment": 0.0016799664006719867, "Depletion": 0.9983400331993361, "two-tailed": 0.0033599328013439733}}