{"P21359": {"Enrichment": 0.5909081818363633, "Depletion": 0.40911181776364475, "two-tailed": 0.8182236355272895}}