{"P21399": {"Enrichment": 0.2992940141197176, "Depletion": 0.7007259854802904, "two-tailed": 0.5985880282394352}}