{"P21589": {"Enrichment": 0.6833263334733305, "Depletion": 0.3166936661266775, "two-tailed": 0.633387332253355}}