{"P21589": {"Enrichment": 0.6635667286654267, "Depletion": 0.3364532709345813, "two-tailed": 0.6729065418691627}}