{"P21549": {"Enrichment": 0.6320873582528349, "Depletion": 0.3679326413471731, "two-tailed": 0.7358652826943461}}