{"P21549": {"Enrichment": 0.6328473430531389, "Depletion": 0.36717265654686904, "two-tailed": 0.7343453130937381}}