{"P21579": {"Enrichment": 0.7975040499190016, "Depletion": 0.2025159496810064, "two-tailed": 0.4050318993620128}}