{"P21695": {"Enrichment": 0.12095758084838303, "Depletion": 0.8790624187516249, "two-tailed": 0.24191516169676605}}