{"P21802": {"Enrichment": 0.7928241435171297, "Depletion": 0.20719585608287835, "two-tailed": 0.4143917121657567}}