{"P21802": {"Enrichment": 0.7952440951180977, "Depletion": 0.20477590448191035, "two-tailed": 0.4095518089638207}}