{"P21964": {"Enrichment": 0.6128877422451551, "Depletion": 0.3871322573548529, "two-tailed": 0.7742645147097058}}