{"P21953": {"Enrichment": 0.8137437251254975, "Depletion": 0.1862762744745105, "two-tailed": 0.372552548949021}}