{"P21964": {"Enrichment": 0.5358292834143317, "Depletion": 0.4641907161856763, "two-tailed": 0.9283814323713526}}