{"P21953": {"Enrichment": 0.5080098398032039, "Depletion": 0.49201015979680407, "two-tailed": 0.9840203195936081}}