{"P21980": {"Enrichment": 0.0003999920001599968, "Depletion": 0.999620007599848, "two-tailed": 0.0007999840003199936}}