{"P22033": {"Enrichment": 0.18289634207315852, "Depletion": 0.8171236575268495, "two-tailed": 0.36579268414631705}}