{"P22033": {"Enrichment": 0.24157516849663008, "Depletion": 0.7584448311033779, "two-tailed": 0.48315033699326015}}