{"P22061": {"Enrichment": 0.7653446931061378, "Depletion": 0.2346753064938701, "two-tailed": 0.4693506129877402}}