{"P22102": {"Enrichment": 0.13165736685266294, "Depletion": 0.868362632747345, "two-tailed": 0.2633147337053259}}