{"P22102": {"Enrichment": 0.14535709285814283, "Depletion": 0.8546629067418652, "two-tailed": 0.29071418571628566}}