{"P22234": {"Enrichment": 0.7354052918941621, "Depletion": 0.2646147077058459, "two-tailed": 0.5292294154116918}}