{"P22234": {"Enrichment": 0.3976120477590448, "Depletion": 0.6024079518409632, "two-tailed": 0.7952240955180896}}