{"P22362": {"Enrichment": 0.5911281774364513, "Depletion": 0.40889182216355674, "two-tailed": 0.8177836443271135}}