{"P22352": {"Enrichment": 0.4041719165616688, "Depletion": 0.5958480830383392, "two-tailed": 0.8083438331233376}}