{"P22303": {"Enrichment": 0.01873962520749585, "Depletion": 0.9812803743925121, "two-tailed": 0.0374792504149917}}