{"P22304": {"Enrichment": 0.43531129377412453, "Depletion": 0.5647087058258835, "two-tailed": 0.8706225875482491}}