{"P22352": {"Enrichment": 0.4252514949701006, "Depletion": 0.5747685046299074, "two-tailed": 0.8505029899402012}}