{"P22362": {"Enrichment": 0.5875682486350273, "Depletion": 0.4124517509649807, "two-tailed": 0.8249035019299614}}