{"P22455": {"Enrichment": 0.9245815083698325, "Depletion": 0.0754384912301754, "two-tailed": 0.1508769824603508}}