{"P22455": {"Enrichment": 0.9249615007699846, "Depletion": 0.0750584988300234, "two-tailed": 0.1501169976600468}}