{"P22557": {"Enrichment": 0.11655766884662307, "Depletion": 0.883462330753385, "two-tailed": 0.23311533769324613}}