{"P22680": {"Enrichment": 0.8914021719565609, "Depletion": 0.10861782764344713, "two-tailed": 0.21723565528689426}}