{"P22670": {"Enrichment": 0.8595228095438091, "Depletion": 0.14049719005619887, "two-tailed": 0.28099438011239775}}