{"P22607": {"Enrichment": 0.1751764964700706, "Depletion": 0.8248435031299374, "two-tailed": 0.3503529929401412}}