{"P22681": {"Enrichment": 0.4491310173796524, "Depletion": 0.5508889822203555, "two-tailed": 0.8982620347593048}}