{"P22680": {"Enrichment": 0.3637727245455091, "Depletion": 0.636247275054499, "two-tailed": 0.7275454490910181}}