{"P22748": {"Enrichment": 0.8580428391432171, "Depletion": 0.14197716045679087, "two-tailed": 0.28395432091358175}}