{"P22748": {"Enrichment": 0.8867822643547129, "Depletion": 0.1132377352452951, "two-tailed": 0.2264754704905902}}