{"P22830": {"Enrichment": 0.07325853482930342, "Depletion": 0.9267614647707045, "two-tailed": 0.14651706965860684}}