{"P22830": {"Enrichment": 0.2381752364952701, "Depletion": 0.7618447631047379, "two-tailed": 0.4763504729905402}}