{"P22894": {"Enrichment": 0.9317213655726886, "Depletion": 0.06829863402731945, "two-tailed": 0.1365972680546389}}