{"P22894": {"Enrichment": 0.9305413891722165, "Depletion": 0.06947861042779144, "two-tailed": 0.13895722085558287}}