{"P22894": {"Enrichment": 0.9276614467710645, "Depletion": 0.07235855282894342, "two-tailed": 0.14471710565788684}}