{"P23141": {"Enrichment": 0.1603767924641507, "Depletion": 0.8396432071358573, "two-tailed": 0.3207535849283014}}