{"P23141": {"Enrichment": 0.14803703925921483, "Depletion": 0.8519829603407932, "two-tailed": 0.29607407851842965}}