{"P23284": {"Enrichment": 0.4926301473970521, "Depletion": 0.507389852202956, "two-tailed": 0.9852602947941042}}