{"P23284": {"Enrichment": 0.014479710405791884, "Depletion": 0.9855402891942161, "two-tailed": 0.02895942081158377}}