{"P23368": {"Enrichment": 0.43943121137577246, "Depletion": 0.5605887882242355, "two-tailed": 0.8788624227515449}}