{"P23378": {"Enrichment": 0.2921741565168697, "Depletion": 0.7078458430831384, "two-tailed": 0.5843483130337394}}