{"P23368": {"Enrichment": 0.6344873102537949, "Depletion": 0.3655326893462131, "two-tailed": 0.7310653786924262}}