{"P23443": {"Enrichment": 0.25881482370352593, "Depletion": 0.741205175896482, "two-tailed": 0.5176296474070519}}