{"P23443": {"Enrichment": 0.1508569828603428, "Depletion": 0.8491630167396652, "two-tailed": 0.3017139657206856}}