{"P23467": {"Enrichment": 0.1516369672606548, "Depletion": 0.8483830323393532, "two-tailed": 0.3032739345213096}}