{"P23467": {"Enrichment": 0.6775464490710186, "Depletion": 0.3224735505289894, "two-tailed": 0.6449471010579788}}