{"P23467": {"Enrichment": 0.7625847483050339, "Depletion": 0.2374352512949741, "two-tailed": 0.4748705025899482}}