{"P23526": {"Enrichment": 0.9842603147937041, "Depletion": 0.015759684806303874, "two-tailed": 0.03151936961260775}}