{"P23526": {"Enrichment": 0.5995080098398032, "Depletion": 0.4005119897602048, "two-tailed": 0.8010239795204096}}