{"P23677": {"Enrichment": 0.8824823503529929, "Depletion": 0.11753764924701506, "two-tailed": 0.2350752984940301}}