{"P23919": {"Enrichment": 0.09799804003919922, "Depletion": 0.9020219595608088, "two-tailed": 0.19599608007839844}}