{"P23921": {"Enrichment": 0.9715205695886082, "Depletion": 0.028499430011399773, "two-tailed": 0.056998860022799545}}