{"P23919": {"Enrichment": 0.14915701685966282, "Depletion": 0.8508629827403452, "two-tailed": 0.29831403371932563}}