{"P24394": {"Enrichment": 0.2126157476850463, "Depletion": 0.7874042519149617, "two-tailed": 0.4252314953700926}}