{"P24462": {"Enrichment": 0.007639847203055939, "Depletion": 0.9923801523969521, "two-tailed": 0.015279694406111878}}