{"P24462": {"Enrichment": 0.009399812003759925, "Depletion": 0.990620187596248, "two-tailed": 0.01879962400751985}}