{"P24530": {"Enrichment": 0.09841803163936721, "Depletion": 0.9016019679606407, "two-tailed": 0.19683606327873443}}