{"P24530": {"Enrichment": 0.024559508809823802, "Depletion": 0.9754604907901842, "two-tailed": 0.049119017619647605}}