{"P24723": {"Enrichment": 0.28395432091358175, "Depletion": 0.7160656786864262, "two-tailed": 0.5679086418271635}}