{"P24723": {"Enrichment": 0.08625827483450331, "Depletion": 0.9137617247655047, "two-tailed": 0.17251654966900662}}