{"P24752": {"Enrichment": 0.9916001679966401, "Depletion": 0.008419831603367933, "two-tailed": 0.016839663206735866}}