{"P24863": {"Enrichment": 0.3996320073598528, "Depletion": 0.6003879922401552, "two-tailed": 0.7992640147197057}}