{"P24821": {"Enrichment": 0.010499790004199917, "Depletion": 0.9895202095958081, "two-tailed": 0.020999580008399833}}