{"P24941": {"Enrichment": 0.4460910781784364, "Depletion": 0.5539289214215716, "two-tailed": 0.8921821563568728}}