{"P24941": {"Enrichment": 0.8846623067538649, "Depletion": 0.11535769284614308, "two-tailed": 0.23071538569228617}}