{"P25098": {"Enrichment": 0.49333013339733206, "Depletion": 0.506689866202676, "two-tailed": 0.9866602667946641}}