{"P25325": {"Enrichment": 0.9469610607787844, "Depletion": 0.053058938821223575, "two-tailed": 0.10611787764244715}}