{"P25311": {"Enrichment": 0.22239555208895823, "Depletion": 0.7776244475110498, "two-tailed": 0.44479110417791645}}