{"P26358": {"Enrichment": 0.21167576648467032, "Depletion": 0.7883442331153377, "two-tailed": 0.42335153296934064}}