{"P26440": {"Enrichment": 0.24961500769984601, "Depletion": 0.750404991900162, "two-tailed": 0.49923001539969203}}