{"P26440": {"Enrichment": 0.8301033979320414, "Depletion": 0.16991660166796663, "two-tailed": 0.33983320333593325}}