{"P26440": {"Enrichment": 0.8264034719305614, "Depletion": 0.1736165276694466, "two-tailed": 0.3472330553388932}}