{"P26639": {"Enrichment": 0.5706885862282755, "Depletion": 0.4293314133717326, "two-tailed": 0.8586628267434652}}