{"P26998": {"Enrichment": 0.6610667786644268, "Depletion": 0.3389532209355813, "two-tailed": 0.6779064418711626}}