{"P26998": {"Enrichment": 0.6464270714585708, "Depletion": 0.35359292814143717, "two-tailed": 0.7071858562828743}}