{"P27144": {"Enrichment": 0.33199336013279734, "Depletion": 0.6680266394672106, "two-tailed": 0.6639867202655947}}