{"P27361": {"Enrichment": 0.009759804803903921, "Depletion": 0.990260194796104, "two-tailed": 0.019519609607807843}}