{"P27487": {"Enrichment": 0.8068038639227215, "Depletion": 0.19321613567728646, "two-tailed": 0.3864322713545729}}