{"P27487": {"Enrichment": 0.6596868062638748, "Depletion": 0.34033319333613327, "two-tailed": 0.6806663866722665}}