{"P27695": {"Enrichment": 0.8088238235235296, "Depletion": 0.19119617607647846, "two-tailed": 0.3823923521529569}}