{"P27695": {"Enrichment": 0.44045119097618046, "Depletion": 0.5595688086238275, "two-tailed": 0.8809023819523609}}