{"P27707": {"Enrichment": 0.6492270154596909, "Depletion": 0.3507929841403172, "two-tailed": 0.7015859682806344}}