{"P27707": {"Enrichment": 0.3141737165256695, "Depletion": 0.6858462830743385, "two-tailed": 0.628347433051339}}