{"P27815": {"Enrichment": 0.7112657746845064, "Depletion": 0.2887542249155017, "two-tailed": 0.5775084498310034}}