{"P27815": {"Enrichment": 0.6769864602707946, "Depletion": 0.3230335393292134, "two-tailed": 0.6460670786584268}}