{"P28039": {"Enrichment": 0.35685286294274116, "Depletion": 0.6431671366572669, "two-tailed": 0.7137057258854823}}