{"P28074": {"Enrichment": 0.2250554988900222, "Depletion": 0.7749645007099858, "two-tailed": 0.4501109977800444}}