{"P28062": {"Enrichment": 0.5968280634387312, "Depletion": 0.4031919361612768, "two-tailed": 0.8063838723225536}}