{"P28074": {"Enrichment": 0.2223555528889422, "Depletion": 0.7776644467110658, "two-tailed": 0.4447111057778844}}