{"P28062": {"Enrichment": 0.5963080738385232, "Depletion": 0.4037119257614848, "two-tailed": 0.8074238515229696}}