{"P28072": {"Enrichment": 0.756884862302754, "Depletion": 0.24313513729725406, "two-tailed": 0.4862702745945081}}