{"P28039": {"Enrichment": 0.032199356012879744, "Depletion": 0.9678206435871283, "two-tailed": 0.06439871202575949}}