{"P28329": {"Enrichment": 0.09557808843823123, "Depletion": 0.9044419111617767, "two-tailed": 0.19115617687646247}}