{"P28347": {"Enrichment": 0.41673166536669265, "Depletion": 0.5832883342333154, "two-tailed": 0.8334633307333853}}