{"P28347": {"Enrichment": 0.26831463370732583, "Depletion": 0.7317053658926821, "two-tailed": 0.5366292674146517}}