{"P28329": {"Enrichment": 0.2864142717145657, "Depletion": 0.7136057278854423, "two-tailed": 0.5728285434291314}}