{"P28329": {"Enrichment": 0.2258154836903262, "Depletion": 0.7742045159096818, "two-tailed": 0.4516309673806524}}