{"P28472": {"Enrichment": 0.0375592488150237, "Depletion": 0.9624607507849843, "two-tailed": 0.0751184976300474}}