{"P28482": {"Enrichment": 0.496270074598508, "Depletion": 0.5037499250015, "two-tailed": 0.992540149197016}}