{"P28482": {"Enrichment": 0.1638967220655587, "Depletion": 0.8361232775344493, "two-tailed": 0.3277934441311174}}