{"P28562": {"Enrichment": 0.17845643087138258, "Depletion": 0.8215635687286255, "two-tailed": 0.35691286174276515}}