{"P28562": {"Enrichment": 0.18321633567328655, "Depletion": 0.8168036639267214, "two-tailed": 0.3664326713465731}}