{"P28562": {"Enrichment": 0.18305633887322253, "Depletion": 0.8169636607267855, "two-tailed": 0.36611267774644507}}