{"P28845": {"Enrichment": 0.8475230495390093, "Depletion": 0.15249695006099878, "two-tailed": 0.30499390012199756}}