{"P28845": {"Enrichment": 0.8490830183396332, "Depletion": 0.1509369812603748, "two-tailed": 0.3018739625207496}}