{"P28845": {"Enrichment": 0.8487230255394892, "Depletion": 0.15129697406051879, "two-tailed": 0.30259394812103757}}