{"P28907": {"Enrichment": 0.3135937281254375, "Depletion": 0.6864262714745705, "two-tailed": 0.627187456250875}}