{"P28907": {"Enrichment": 0.22191556168876622, "Depletion": 0.7781044379112417, "two-tailed": 0.44383112337753244}}