{"P29074": {"Enrichment": 0.6510469790604188, "Depletion": 0.34897302053958923, "two-tailed": 0.6979460410791785}}