{"P29323": {"Enrichment": 0.3998720025599488, "Depletion": 0.6001479970400592, "two-tailed": 0.7997440051198976}}