{"P29317": {"Enrichment": 0.00375992480150397, "Depletion": 0.996260074798504, "two-tailed": 0.00751984960300794}}