{"P29320": {"Enrichment": 0.08805823883522329, "Depletion": 0.9119617607647847, "two-tailed": 0.17611647767044658}}