{"P29375": {"Enrichment": 0.5173096538069238, "Depletion": 0.48271034579308414, "two-tailed": 0.9654206915861683}}