{"P29375": {"Enrichment": 0.5328093438131237, "Depletion": 0.46721065578688425, "two-tailed": 0.9344213115737685}}