{"P29322": {"Enrichment": 0.16719665606687867, "Depletion": 0.8328233435331294, "two-tailed": 0.33439331213375734}}