{"P29317": {"Enrichment": 0.5416091678166437, "Depletion": 0.45841083178336434, "two-tailed": 0.9168216635667287}}