{"P29475": {"Enrichment": 0.0381792364152717, "Depletion": 0.9618407631847363, "two-tailed": 0.0763584728305434}}