{"P29401": {"Enrichment": 0.05209895802083958, "Depletion": 0.9479210415791685, "two-tailed": 0.10419791604167916}}