{"P29474": {"Enrichment": 0.19471610567788644, "Depletion": 0.8053038939221215, "two-tailed": 0.3894322113557729}}