{"P29474": {"Enrichment": 0.008899822003559928, "Depletion": 0.9911201775964481, "two-tailed": 0.017799644007119857}}