{"P29460": {"Enrichment": 0.30893382132357355, "Depletion": 0.6910861782764345, "two-tailed": 0.6178676426471471}}