{"P29401": {"Enrichment": 0.024759504809903802, "Depletion": 0.9752604947901042, "two-tailed": 0.049519009619807604}}