{"P29558": {"Enrichment": 0.750644987100258, "Depletion": 0.24937501249975, "two-tailed": 0.4987500249995}}