{"P29622": {"Enrichment": 0.869402611947761, "Depletion": 0.13061738765224695, "two-tailed": 0.2612347753044939}}