{"P30085": {"Enrichment": 0.06879862402751945, "Depletion": 0.9312213755724885, "two-tailed": 0.1375972480550389}}