{"P30086": {"Enrichment": 0.5587888242235155, "Depletion": 0.4412311753764925, "two-tailed": 0.882462350752985}}