{"P30085": {"Enrichment": 0.08309833803323934, "Depletion": 0.9169216615667687, "two-tailed": 0.16619667606647867}}