{"P30044": {"Enrichment": 0.7988240235195296, "Depletion": 0.2011959760804784, "two-tailed": 0.4023919521609568}}