{"P30044": {"Enrichment": 0.5197496050078998, "Depletion": 0.4802703945921082, "two-tailed": 0.9605407891842164}}