{"P30305": {"Enrichment": 0.2778744425111498, "Depletion": 0.7221455570888582, "two-tailed": 0.5557488850222996}}