{"P30305": {"Enrichment": 0.34793304133917324, "Depletion": 0.6520869582608347, "two-tailed": 0.6958660826783465}}