{"P30305": {"Enrichment": 0.3453930921381572, "Depletion": 0.6546269074618508, "two-tailed": 0.6907861842763144}}