{"P30307": {"Enrichment": 0.2753544929101418, "Depletion": 0.7246655066898662, "two-tailed": 0.5507089858202836}}