{"P30414": {"Enrichment": 0.032119357612847746, "Depletion": 0.9679006419871603, "two-tailed": 0.06423871522569549}}