{"P30405": {"Enrichment": 0.1482570348593028, "Depletion": 0.8517629647407052, "two-tailed": 0.2965140697186056}}