{"P30414": {"Enrichment": 0.06475870482590348, "Depletion": 0.9352612947741045, "two-tailed": 0.12951740965180697}}