{"P30520": {"Enrichment": 0.19461610767784646, "Depletion": 0.8054038919221616, "two-tailed": 0.3892322153556929}}