{"P30519": {"Enrichment": 0.5673286534269315, "Depletion": 0.43269134617307653, "two-tailed": 0.8653826923461531}}