{"P30519": {"Enrichment": 0.5339293214135717, "Depletion": 0.4660906781864363, "two-tailed": 0.9321813563728726}}