{"P30520": {"Enrichment": 0.19583608327833443, "Depletion": 0.8041839163216735, "two-tailed": 0.39167216655666887}}