{"P30613": {"Enrichment": 0.48303033939321216, "Depletion": 0.5169896602067958, "two-tailed": 0.9660606787864243}}