{"P30613": {"Enrichment": 0.9328613427731446, "Depletion": 0.06715865682686346, "two-tailed": 0.13431731365372693}}