{"P30838": {"Enrichment": 0.44363112737745247, "Depletion": 0.5563888722225555, "two-tailed": 0.8872622547549049}}