{"P30838": {"Enrichment": 0.23249535009299813, "Depletion": 0.7675246495070098, "two-tailed": 0.46499070018599625}}