{"P31040": {"Enrichment": 0.6513069738605228, "Depletion": 0.3487130257394852, "two-tailed": 0.6974260514789704}}