{"P31040": {"Enrichment": 0.5410491790164197, "Depletion": 0.45897082058358835, "two-tailed": 0.9179416411671767}}