{"P31371": {"Enrichment": 0.6109477810443791, "Depletion": 0.3890722185556289, "two-tailed": 0.7781444371112578}}