{"P31371": {"Enrichment": 0.5670686586268274, "Depletion": 0.43295134097318055, "two-tailed": 0.8659026819463611}}