{"P31751": {"Enrichment": 0.00045999080018399634, "Depletion": 0.999560008799824, "two-tailed": 0.0009199816003679927}}