{"P31749": {"Enrichment": 0.2606547869042619, "Depletion": 0.7393652126957461, "two-tailed": 0.5213095738085238}}