{"P31785": {"Enrichment": 0.0009799804003919922, "Depletion": 0.999040019199616, "two-tailed": 0.0019599608007839844}}