{"P31751": {"Enrichment": 0.023859522809543808, "Depletion": 0.9761604767904641, "two-tailed": 0.047719045619087616}}