{"P31941": {"Enrichment": 0.5610287794244115, "Depletion": 0.4389912201755965, "two-tailed": 0.877982440351193}}