{"P31939": {"Enrichment": 0.11813763724725505, "Depletion": 0.881882362352753, "two-tailed": 0.2362752744945101}}