{"P31939": {"Enrichment": 0.11863762724745505, "Depletion": 0.8813823723525529, "two-tailed": 0.2372752544949101}}