{"P31939": {"Enrichment": 0.12303753924921501, "Depletion": 0.876982460350793, "two-tailed": 0.24607507849843002}}