{"P32019": {"Enrichment": 0.29379412411751765, "Depletion": 0.7062258754824904, "two-tailed": 0.5875882482350353}}