{"P32019": {"Enrichment": 0.16729665406691865, "Depletion": 0.8327233455330894, "two-tailed": 0.3345933081338373}}