{"P32298": {"Enrichment": 0.21601567968640628, "Depletion": 0.7840043199136018, "two-tailed": 0.43203135937281256}}