{"P32238": {"Enrichment": 0.001879962400751985, "Depletion": 0.998140037199256, "two-tailed": 0.00375992480150397}}