{"P32298": {"Enrichment": 0.0626387472250555, "Depletion": 0.9373812523749525, "two-tailed": 0.125277494450111}}