{"P32322": {"Enrichment": 0.6862262754744906, "Depletion": 0.3137937241255175, "two-tailed": 0.627587448251035}}