{"P32322": {"Enrichment": 0.7202255954880903, "Depletion": 0.27979440411191775, "two-tailed": 0.5595888082238355}}