{"P32455": {"Enrichment": 0.025479490410191798, "Depletion": 0.9745405091898162, "two-tailed": 0.050958980820383595}}