{"P32754": {"Enrichment": 0.12793744125117498, "Depletion": 0.872082558348833, "two-tailed": 0.25587488250234997}}