{"P32754": {"Enrichment": 0.3027539449211016, "Depletion": 0.6972660546789065, "two-tailed": 0.6055078898422032}}