{"P32970": {"Enrichment": 0.8526029479410412, "Depletion": 0.14741705165896682, "two-tailed": 0.29483410331793364}}