{"P32929": {"Enrichment": 0.499830003399932, "Depletion": 0.500189996200076, "two-tailed": 0.999660006799864}}