{"P33176": {"Enrichment": 0.8038639227215456, "Depletion": 0.19615607687846243, "two-tailed": 0.39231215375692485}}