{"P33261": {"Enrichment": 0.4242915141697166, "Depletion": 0.5757284854302914, "two-tailed": 0.8485830283394332}}