{"P33261": {"Enrichment": 0.3643127137457251, "Depletion": 0.6357072858542829, "two-tailed": 0.7286254274914502}}