{"P33316": {"Enrichment": 0.02343953120937581, "Depletion": 0.9765804683906322, "two-tailed": 0.04687906241875162}}