{"P33316": {"Enrichment": 0.6779264414711705, "Depletion": 0.32209355812883744, "two-tailed": 0.6441871162576749}}