{"P33527": {"Enrichment": 0.7576248475030499, "Depletion": 0.24239515209695806, "two-tailed": 0.4847903041939161}}