{"P33527": {"Enrichment": 0.759304813903722, "Depletion": 0.24071518569628608, "two-tailed": 0.48143037139257217}}