{"P33981": {"Enrichment": 0.14041719165616687, "Depletion": 0.8596028079438411, "two-tailed": 0.28083438331233374}}