{"P34059": {"Enrichment": 0.017179656406871864, "Depletion": 0.9828403431931362, "two-tailed": 0.03435931281374373}}