{"P34897": {"Enrichment": 0.03897922041559169, "Depletion": 0.9610407791844163, "two-tailed": 0.07795844083118338}}