{"P34913": {"Enrichment": 0.5149897002059959, "Depletion": 0.4850302993940121, "two-tailed": 0.9700605987880242}}