{"P34931": {"Enrichment": 0.33433331333373334, "Depletion": 0.6656866862662747, "two-tailed": 0.6686666266674667}}