{"P34947": {"Enrichment": 0.21425571488570228, "Depletion": 0.7857642847143057, "two-tailed": 0.42851142977140455}}