{"P34913": {"Enrichment": 0.49693006139877205, "Depletion": 0.5030899382012359, "two-tailed": 0.9938601227975441}}