{"P34947": {"Enrichment": 0.04159916801663967, "Depletion": 0.9584208315833683, "two-tailed": 0.08319833603327934}}