{"P34931": {"Enrichment": 0.33375332493350135, "Depletion": 0.6662666746665067, "two-tailed": 0.6675066498670027}}