{"P35030": {"Enrichment": 0.006959860802783944, "Depletion": 0.9930601387972241, "two-tailed": 0.013919721605567889}}