{"P35236": {"Enrichment": 0.4496510069798604, "Depletion": 0.5503689926201476, "two-tailed": 0.8993020139597208}}