{"P35240": {"Enrichment": 0.6959660806783864, "Depletion": 0.3040539189216216, "two-tailed": 0.6081078378432432}}