{"P35240": {"Enrichment": 0.6800063998720025, "Depletion": 0.3200135997280054, "two-tailed": 0.6400271994560108}}