{"P35228": {"Enrichment": 0.009319813603727925, "Depletion": 0.9907001859962801, "two-tailed": 0.01863962720745585}}