{"P35236": {"Enrichment": 0.024919501609967802, "Depletion": 0.9751004979900402, "two-tailed": 0.049839003219935604}}