{"P35270": {"Enrichment": 0.32043359132817345, "Depletion": 0.6795864082718346, "two-tailed": 0.6408671826563469}}