{"P35270": {"Enrichment": 0.4239915201695966, "Depletion": 0.5760284794304114, "two-tailed": 0.8479830403391933}}