{"P35475": {"Enrichment": 0.7033659326813464, "Depletion": 0.29665406691866164, "two-tailed": 0.5933081338373233}}