{"P35475": {"Enrichment": 0.8540229195416091, "Depletion": 0.14599708005839884, "two-tailed": 0.2919941601167977}}