{"P35557": {"Enrichment": 0.004919901601967961, "Depletion": 0.99510009799804, "two-tailed": 0.009839803203935921}}