{"P35557": {"Enrichment": 0.027159456810863784, "Depletion": 0.9728605427891442, "two-tailed": 0.05431891362172757}}