{"P35558": {"Enrichment": 0.8237035259294814, "Depletion": 0.17631647367052658, "two-tailed": 0.35263294734105316}}