{"P35558": {"Enrichment": 0.8070238595228095, "Depletion": 0.19299614007719845, "two-tailed": 0.3859922801543969}}