{"P35558": {"Enrichment": 0.8024839503209936, "Depletion": 0.19753604927901441, "two-tailed": 0.39507209855802883}}