{"P35520": {"Enrichment": 0.03547929041419172, "Depletion": 0.9645407091858162, "two-tailed": 0.07095858082838344}}