{"P35658": {"Enrichment": 0.09725805483890322, "Depletion": 0.9027619447611048, "two-tailed": 0.19451610967780644}}