{"P35670": {"Enrichment": 0.997820043599128, "Depletion": 0.0021999560008799826, "two-tailed": 0.004399912001759965}}