{"P35813": {"Enrichment": 0.375652486950261, "Depletion": 0.624367512649747, "two-tailed": 0.751304973900522}}