{"P35813": {"Enrichment": 0.6461070778584428, "Depletion": 0.3539129217415652, "two-tailed": 0.7078258434831304}}