{"P35968": {"Enrichment": 0.15587688246235076, "Depletion": 0.8441431171376572, "two-tailed": 0.3117537649247015}}