{"P35914": {"Enrichment": 0.2775944481110378, "Depletion": 0.7224255514889703, "two-tailed": 0.5551888962220756}}