{"P35914": {"Enrichment": 0.7443651126977461, "Depletion": 0.25565488690226196, "two-tailed": 0.5113097738045239}}