{"P36222": {"Enrichment": 0.005459890802183957, "Depletion": 0.9945601087978241, "two-tailed": 0.010919781604367913}}