{"P36222": {"Enrichment": 0.060198796024079515, "Depletion": 0.9398212035759285, "two-tailed": 0.12039759204815903}}