{"P36404": {"Enrichment": 0.2400551988960221, "Depletion": 0.7599648007039859, "two-tailed": 0.4801103977920442}}