{"P36404": {"Enrichment": 0.2388152236955261, "Depletion": 0.7612047759044819, "two-tailed": 0.4776304473910522}}