{"P36544": {"Enrichment": 0.34427311453770926, "Depletion": 0.6557468850622987, "two-tailed": 0.6885462290754185}}