{"P36551": {"Enrichment": 0.1125777484450311, "Depletion": 0.8874422511549769, "two-tailed": 0.2251554968900622}}