{"P36551": {"Enrichment": 0.2954740905181896, "Depletion": 0.7045459090818184, "two-tailed": 0.5909481810363792}}