{"P36544": {"Enrichment": 0.6929661406771864, "Depletion": 0.30705385892282155, "two-tailed": 0.6141077178456431}}