{"P36639": {"Enrichment": 0.75192496150077, "Depletion": 0.24809503809923802, "two-tailed": 0.49619007619847605}}