{"P36639": {"Enrichment": 0.5420291594168116, "Depletion": 0.45799084018319636, "two-tailed": 0.9159816803663927}}