{"P36776": {"Enrichment": 0.08973820523589528, "Depletion": 0.9102817943641127, "two-tailed": 0.17947641047179055}}