{"P36897": {"Enrichment": 0.31855362892742145, "Depletion": 0.6814663706725865, "two-tailed": 0.6371072578548429}}