{"P36897": {"Enrichment": 0.500889982200356, "Depletion": 0.499130017399652, "two-tailed": 0.998260034799304}}