{"P36871": {"Enrichment": 0.9806603867922642, "Depletion": 0.019359612807743846, "two-tailed": 0.03871922561548769}}