{"P36873": {"Enrichment": 0.7099858002839943, "Depletion": 0.29003419931601365, "two-tailed": 0.5800683986320273}}