{"P36871": {"Enrichment": 0.9177616447671046, "Depletion": 0.08225835483290334, "two-tailed": 0.16451670966580667}}