{"P36873": {"Enrichment": 0.5145297094058119, "Depletion": 0.4854902901941961, "two-tailed": 0.9709805803883922}}