{"P36959": {"Enrichment": 0.19527609447811045, "Depletion": 0.8047439051218975, "two-tailed": 0.3905521889562209}}