{"P36959": {"Enrichment": 0.8970020599588008, "Depletion": 0.10301793964120717, "two-tailed": 0.20603587928241435}}