{"P36969": {"Enrichment": 0.7253654926901462, "Depletion": 0.2746545069098618, "two-tailed": 0.5493090138197236}}