{"P36959": {"Enrichment": 0.19169616607667847, "Depletion": 0.8083238335233295, "two-tailed": 0.38339233215335694}}