{"P37173": {"Enrichment": 0.20815583688326234, "Depletion": 0.7918641627167456, "two-tailed": 0.41631167376652467}}