{"P37173": {"Enrichment": 0.10659786804263914, "Depletion": 0.8934221315573688, "two-tailed": 0.21319573608527828}}