{"P38117": {"Enrichment": 0.2367152656946861, "Depletion": 0.7633047339053219, "two-tailed": 0.4734305313893722}}