{"P38117": {"Enrichment": 0.3603327933441331, "Depletion": 0.6396872062558748, "two-tailed": 0.7206655866882662}}