{"P38484": {"Enrichment": 0.8479630407391853, "Depletion": 0.1520569588608228, "two-tailed": 0.3041139177216456}}