{"P38571": {"Enrichment": 0.03151936961260775, "Depletion": 0.9685006299874003, "two-tailed": 0.0630387392252155}}