{"P38571": {"Enrichment": 0.03013939721205576, "Depletion": 0.9698806023879523, "two-tailed": 0.06027879442411152}}