{"P38646": {"Enrichment": 0.23183536329273416, "Depletion": 0.7681846363072738, "two-tailed": 0.4636707265854683}}