{"P38646": {"Enrichment": 0.23285534289314214, "Depletion": 0.7671646567068658, "two-tailed": 0.4657106857862843}}