{"P38935": {"Enrichment": 0.21641567168656628, "Depletion": 0.7836043279134417, "two-tailed": 0.43283134337313256}}