{"P38935": {"Enrichment": 0.4374112517749645, "Depletion": 0.5626087478250436, "two-tailed": 0.874822503549929}}