{"P38919": {"Enrichment": 0.6875462490750185, "Depletion": 0.3124737505249895, "two-tailed": 0.624947501049979}}