{"P38919": {"Enrichment": 0.864382712345753, "Depletion": 0.13563728725425492, "two-tailed": 0.27127457450850984}}