{"P39900": {"Enrichment": 0.378332433351333, "Depletion": 0.621687566248675, "two-tailed": 0.756664866702666}}