{"P39900": {"Enrichment": 0.3141137177256455, "Depletion": 0.6859062818743625, "two-tailed": 0.628227435451291}}