{"P39900": {"Enrichment": 0.6141277174456511, "Depletion": 0.3858922821543569, "two-tailed": 0.7717845643087138}}