{"P40261": {"Enrichment": 0.08285834283314333, "Depletion": 0.9171616567668647, "two-tailed": 0.16571668566628667}}