{"P40337": {"Enrichment": 0.034619307613847725, "Depletion": 0.9654006919861603, "two-tailed": 0.06923861522769545}}