{"P40394": {"Enrichment": 0.30541389172216554, "Depletion": 0.6946061078778425, "two-tailed": 0.6108277834443311}}