{"P40394": {"Enrichment": 0.741085178296434, "Depletion": 0.2589348213035739, "two-tailed": 0.5178696426071479}}