{"P40926": {"Enrichment": 0.09755804883902322, "Depletion": 0.9024619507609848, "two-tailed": 0.19511609767804644}}