{"P40926": {"Enrichment": 0.18489630207395852, "Depletion": 0.8151236975260495, "two-tailed": 0.36979260414791704}}