{"P41180": {"Enrichment": 0.9883002339953201, "Depletion": 0.011719765604687906, "two-tailed": 0.02343953120937581}}