{"P41180": {"Enrichment": 0.3180136397272055, "Depletion": 0.6820063598728026, "two-tailed": 0.636027279454411}}