{"P41279": {"Enrichment": 0.06115877682446351, "Depletion": 0.9388612227755445, "two-tailed": 0.12231755364892702}}