{"P41273": {"Enrichment": 0.006079878402431951, "Depletion": 0.993940121197576, "two-tailed": 0.012159756804863902}}