{"P41235": {"Enrichment": 0.9897402051958961, "Depletion": 0.010279794404111918, "two-tailed": 0.020559588808223835}}