{"P41235": {"Enrichment": 0.9904201915961681, "Depletion": 0.009599808003839923, "two-tailed": 0.019199616007679846}}