{"P41227": {"Enrichment": 0.8885422291554169, "Depletion": 0.1114777704445911, "two-tailed": 0.2229555408891822}}