{"P41273": {"Enrichment": 0.252434951300974, "Depletion": 0.747585048299034, "two-tailed": 0.504869902601948}}