{"P41222": {"Enrichment": 0.9708605827883442, "Depletion": 0.029159416811663768, "two-tailed": 0.058318833623327536}}