{"P41743": {"Enrichment": 0.5197696046079079, "Depletion": 0.48025039499210015, "two-tailed": 0.9605007899842003}}