{"P42285": {"Enrichment": 0.0008399832003359933, "Depletion": 0.999180016399672, "two-tailed": 0.0016799664006719867}}