{"P42262": {"Enrichment": 0.9625807483850323, "Depletion": 0.037439251214975704, "two-tailed": 0.07487850242995141}}