{"P42262": {"Enrichment": 0.6417071658566829, "Depletion": 0.3583128337433251, "two-tailed": 0.7166256674866502}}