{"P42285": {"Enrichment": 0.003999920001599968, "Depletion": 0.996020079598408, "two-tailed": 0.007999840003199936}}