{"P42330": {"Enrichment": 0.2355952880942381, "Depletion": 0.7644247115057698, "two-tailed": 0.4711905761884762}}