{"P42658": {"Enrichment": 0.30781384372312554, "Depletion": 0.6922061558768825, "two-tailed": 0.6156276874462511}}