{"P42684": {"Enrichment": 0.3028139437211256, "Depletion": 0.6972060558788824, "two-tailed": 0.6056278874422512}}