{"P42684": {"Enrichment": 0.44509109817803644, "Depletion": 0.5549289014219716, "two-tailed": 0.8901821963560729}}