{"P42765": {"Enrichment": 0.9832603347933041, "Depletion": 0.016759664806703867, "two-tailed": 0.033519329613407735}}