{"P42785": {"Enrichment": 0.8220435591288174, "Depletion": 0.17797644047119057, "two-tailed": 0.35595288094238114}}