{"P42892": {"Enrichment": 0.9412411751764965, "Depletion": 0.05877882442351153, "two-tailed": 0.11755764884702306}}