{"P42892": {"Enrichment": 0.9399612007759844, "Depletion": 0.06005879882402352, "two-tailed": 0.12011759764804704}}