{"P42892": {"Enrichment": 0.9430211395772085, "Depletion": 0.056998860022799545, "two-tailed": 0.11399772004559909}}