{"P42898": {"Enrichment": 0.8390232195356093, "Depletion": 0.16099678006439871, "two-tailed": 0.32199356012879743}}