{"P43250": {"Enrichment": 0.34457310853782924, "Depletion": 0.6554468910621788, "two-tailed": 0.6891462170756585}}