{"P43246": {"Enrichment": 0.6993260134797304, "Depletion": 0.3006939861202776, "two-tailed": 0.6013879722405552}}