{"P43250": {"Enrichment": 0.030599388012239756, "Depletion": 0.9694206115877683, "two-tailed": 0.06119877602447951}}