{"P43405": {"Enrichment": 0.04605907881842363, "Depletion": 0.9539609207815843, "two-tailed": 0.09211815763684726}}