{"P43403": {"Enrichment": 0.14329713405731886, "Depletion": 0.8567228655426892, "two-tailed": 0.28659426811463773}}