{"P43405": {"Enrichment": 0.046999060018799624, "Depletion": 0.9530209395812084, "two-tailed": 0.09399812003759925}}