{"P43490": {"Enrichment": 0.03467930641387172, "Depletion": 0.9653406931861362, "two-tailed": 0.06935861282774344}}