{"P43631": {"Enrichment": 0.7955640887182256, "Depletion": 0.20445591088178236, "two-tailed": 0.4089118217635647}}