{"P43652": {"Enrichment": 0.9964000719985601, "Depletion": 0.003619927601447971, "two-tailed": 0.007239855202895942}}