{"P45381": {"Enrichment": 0.4085718285634287, "Depletion": 0.5914481710365793, "two-tailed": 0.8171436571268574}}