{"P45381": {"Enrichment": 0.030499390012199756, "Depletion": 0.9695206095878083, "two-tailed": 0.06099878002439951}}