{"P45452": {"Enrichment": 0.23029539409211816, "Depletion": 0.7697246055078898, "two-tailed": 0.4605907881842363}}