{"P45452": {"Enrichment": 0.23349533009339812, "Depletion": 0.7665246695066099, "two-tailed": 0.46699066018679625}}