{"P45877": {"Enrichment": 0.252194956100878, "Depletion": 0.74782504349913, "two-tailed": 0.504389912201756}}