{"P45877": {"Enrichment": 0.1749165016699666, "Depletion": 0.8251034979300415, "two-tailed": 0.3498330033399332}}