{"P45954": {"Enrichment": 0.6452470950580989, "Depletion": 0.3547729045419092, "two-tailed": 0.7095458090838184}}