{"P45983": {"Enrichment": 0.060418791624167516, "Depletion": 0.9396012079758405, "two-tailed": 0.12083758324833503}}