{"P45954": {"Enrichment": 0.1505369892602148, "Depletion": 0.8494830103397932, "two-tailed": 0.3010739785204296}}