{"P45983": {"Enrichment": 0.09855802883942322, "Depletion": 0.9014619707605848, "two-tailed": 0.19711605767884643}}