{"P46597": {"Enrichment": 0.6101277974440511, "Depletion": 0.3898922021559569, "two-tailed": 0.7797844043119138}}