{"P46597": {"Enrichment": 0.8576828463430731, "Depletion": 0.14233715325693486, "two-tailed": 0.2846743065138697}}