{"P46976": {"Enrichment": 0.2985740285194296, "Depletion": 0.7014459710805784, "two-tailed": 0.5971480570388592}}