{"P46926": {"Enrichment": 0.02241955160896782, "Depletion": 0.9776004479910402, "two-tailed": 0.04483910321793564}}