{"P46926": {"Enrichment": 0.07205855882882342, "Depletion": 0.9279614407711846, "two-tailed": 0.14411711765764684}}