{"P46952": {"Enrichment": 0.5605287894242115, "Depletion": 0.4394912101757965, "two-tailed": 0.878982420351593}}