{"P46976": {"Enrichment": 0.4837503249935001, "Depletion": 0.5162696746065079, "two-tailed": 0.9675006499870002}}