{"P46952": {"Enrichment": 0.29229415411691767, "Depletion": 0.7077258454830904, "two-tailed": 0.5845883082338353}}