{"P46926": {"Enrichment": 0.12423751524969501, "Depletion": 0.875782484350313, "two-tailed": 0.24847503049939001}}