{"P47736": {"Enrichment": 0.16615667686646268, "Depletion": 0.8338633227335454, "two-tailed": 0.33231335373292537}}