{"P47736": {"Enrichment": 0.4124717505649887, "Depletion": 0.5875482490350193, "two-tailed": 0.8249435011299774}}