{"P47895": {"Enrichment": 0.2865142697146057, "Depletion": 0.7135057298854023, "two-tailed": 0.5730285394292114}}