{"P47870": {"Enrichment": 0.4104517909641807, "Depletion": 0.5895682086358273, "two-tailed": 0.8209035819283614}}