{"P47895": {"Enrichment": 0.28419431611367774, "Depletion": 0.7158256834863302, "two-tailed": 0.5683886322273555}}