{"P47871": {"Enrichment": 0.7712445751084979, "Depletion": 0.22877542449151017, "two-tailed": 0.45755084898302034}}