{"P47871": {"Enrichment": 0.7768844623107538, "Depletion": 0.22313553728925423, "two-tailed": 0.44627107457850845}}