{"P47989": {"Enrichment": 0.008459830803383932, "Depletion": 0.9915601687966241, "two-tailed": 0.016919661606767864}}