{"P47989": {"Enrichment": 0.017459650806983862, "Depletion": 0.9825603487930241, "two-tailed": 0.034919301613967724}}