{"P48023": {"Enrichment": 0.7064858702825944, "Depletion": 0.29353412931741363, "two-tailed": 0.5870682586348273}}