{"P48023": {"Enrichment": 0.5482690346193076, "Depletion": 0.4517509649807004, "two-tailed": 0.9035019299614008}}