{"P48052": {"Enrichment": 0.17773644527109458, "Depletion": 0.8222835543289134, "two-tailed": 0.35547289054218917}}