{"P48061": {"Enrichment": 0.02145957080858383, "Depletion": 0.9785604287914241, "two-tailed": 0.04291914161716766}}