{"P48449": {"Enrichment": 0.41679166416671665, "Depletion": 0.5832283354332913, "two-tailed": 0.8335833283334333}}