{"P48449": {"Enrichment": 0.49815003699926, "Depletion": 0.501869962600748, "two-tailed": 0.99630007399852}}