{"P48637": {"Enrichment": 0.03415931681366373, "Depletion": 0.9658606827863443, "two-tailed": 0.06831863362732746}}