{"P48775": {"Enrichment": 0.9461210775784484, "Depletion": 0.05389892202155957, "two-tailed": 0.10779784404311914}}