{"P48729": {"Enrichment": 0.30433391332173354, "Depletion": 0.6956860862782744, "two-tailed": 0.6086678266434671}}