{"P48728": {"Enrichment": 0.8225635487290254, "Depletion": 0.17745645087098258, "two-tailed": 0.35491290174196516}}