{"P48728": {"Enrichment": 0.5726685466290674, "Depletion": 0.42735145297094057, "two-tailed": 0.8547029059418811}}