{"P48775": {"Enrichment": 0.9456810863782724, "Depletion": 0.05433891322173556, "two-tailed": 0.10867782644347113}}