{"P48729": {"Enrichment": 0.44521109577808443, "Depletion": 0.5548089038219236, "two-tailed": 0.8904221915561689}}