{"P48735": {"Enrichment": 0.2268154636907262, "Depletion": 0.7732045359092818, "two-tailed": 0.4536309273814524}}