{"P48735": {"Enrichment": 0.11419771604567909, "Depletion": 0.8858222835543289, "two-tailed": 0.22839543209135818}}