{"P49137": {"Enrichment": 0.6467870642587148, "Depletion": 0.3532329353412932, "two-tailed": 0.7064658706825864}}