{"P49189": {"Enrichment": 0.18031639367212657, "Depletion": 0.8197036059278815, "two-tailed": 0.36063278734425314}}