{"P49137": {"Enrichment": 0.41507169856602866, "Depletion": 0.5849483010339793, "two-tailed": 0.8301433971320573}}