{"P49189": {"Enrichment": 0.07983840323193536, "Depletion": 0.9201815963680726, "two-tailed": 0.15967680646387072}}