{"P49336": {"Enrichment": 0.763184736305274, "Depletion": 0.23683526329473412, "two-tailed": 0.47367052658946823}}