{"P49366": {"Enrichment": 0.8319633607327853, "Depletion": 0.16805663886722266, "two-tailed": 0.3361132777344453}}