{"P49356": {"Enrichment": 0.18975620487590247, "Depletion": 0.8102637947241055, "two-tailed": 0.37951240975180495}}