{"P49356": {"Enrichment": 0.13229735405291895, "Depletion": 0.8677226455470891, "two-tailed": 0.2645947081058379}}