{"P49336": {"Enrichment": 0.7881642367152657, "Depletion": 0.2118557628847423, "two-tailed": 0.4237115257694846}}