{"P49448": {"Enrichment": 0.8621427571448571, "Depletion": 0.1378772424551509, "two-tailed": 0.2757544849103018}}