{"P49419": {"Enrichment": 0.9791404171916561, "Depletion": 0.020879582408351832, "two-tailed": 0.041759164816703664}}