{"P49419": {"Enrichment": 0.9128817423651527, "Depletion": 0.0871382572348553, "two-tailed": 0.1742765144697106}}