{"P49419": {"Enrichment": 0.9105617887642247, "Depletion": 0.08945821083578329, "two-tailed": 0.17891642167156657}}