{"P49588": {"Enrichment": 0.0006799864002719945, "Depletion": 0.999340013199736, "two-tailed": 0.001359972800543989}}