{"P49591": {"Enrichment": 0.7689246215075698, "Depletion": 0.23109537809243816, "two-tailed": 0.4621907561848763}}