{"P49642": {"Enrichment": 0.5265694686106278, "Depletion": 0.4734505309893802, "two-tailed": 0.9469010619787604}}