{"P49642": {"Enrichment": 0.5525489490210196, "Depletion": 0.4474710505789884, "two-tailed": 0.8949421011579768}}