{"P49674": {"Enrichment": 0.991860162796744, "Depletion": 0.008159836803263935, "two-tailed": 0.01631967360652787}}