{"P49760": {"Enrichment": 0.9504609907801844, "Depletion": 0.049559008819823606, "two-tailed": 0.09911801763964721}}