{"P49763": {"Enrichment": 0.7284054318913622, "Depletion": 0.27161456770864584, "two-tailed": 0.5432291354172917}}