{"P49748": {"Enrichment": 0.01137977240455191, "Depletion": 0.9886402271954561, "two-tailed": 0.02275954480910382}}