{"P49720": {"Enrichment": 0.5073498530029399, "Depletion": 0.49267014659706804, "two-tailed": 0.9853402931941361}}