{"P49761": {"Enrichment": 0.40169196616067676, "Depletion": 0.5983280334393312, "two-tailed": 0.8033839323213535}}