{"P49763": {"Enrichment": 0.7257054858902822, "Depletion": 0.2743145137097258, "two-tailed": 0.5486290274194516}}