{"P49759": {"Enrichment": 0.3882122357552849, "Depletion": 0.6118077638447231, "two-tailed": 0.7764244715105698}}