{"P49760": {"Enrichment": 0.5177296454070919, "Depletion": 0.48229035419291616, "two-tailed": 0.9645807083858323}}