{"P49761": {"Enrichment": 0.1601767964640707, "Depletion": 0.8398432031359373, "two-tailed": 0.3203535929281414}}