{"P49759": {"Enrichment": 0.45539089218215634, "Depletion": 0.5446291074178516, "two-tailed": 0.9107817843643127}}