{"P49841": {"Enrichment": 0.20551588968220635, "Depletion": 0.7945041099178016, "two-tailed": 0.4110317793644127}}