{"P49862": {"Enrichment": 0.5573088538229235, "Depletion": 0.4427111457770845, "two-tailed": 0.885422291554169}}