{"P49841": {"Enrichment": 0.2794144117117658, "Depletion": 0.7206055878882422, "two-tailed": 0.5588288234235316}}