{"P49888": {"Enrichment": 0.24089518209635807, "Depletion": 0.7591248175036499, "two-tailed": 0.48179036419271615}}