{"P49862": {"Enrichment": 0.497770044599108, "Depletion": 0.5022499550009, "two-tailed": 0.995540089198216}}