{"P49862": {"Enrichment": 0.5755484890302194, "Depletion": 0.4244715105697886, "two-tailed": 0.8489430211395772}}