{"P49888": {"Enrichment": 0.21939561208775823, "Depletion": 0.7806243875122497, "two-tailed": 0.43879122417551647}}