{"P49841": {"Enrichment": 0.2751944961100778, "Depletion": 0.7248255034899302, "two-tailed": 0.5503889922201556}}