{"P49903": {"Enrichment": 0.23263534729305413, "Depletion": 0.7673846523069539, "two-tailed": 0.46527069458610826}}