{"P49914": {"Enrichment": 0.20785584288314235, "Depletion": 0.7921641567168657, "two-tailed": 0.4157116857662847}}