{"P49903": {"Enrichment": 0.13235735285294295, "Depletion": 0.8676626467470651, "two-tailed": 0.2647147057058859}}