{"P49917": {"Enrichment": 0.6609067818643627, "Depletion": 0.3391132177356453, "two-tailed": 0.6782264354712906}}