{"P49915": {"Enrichment": 0.4650706985860283, "Depletion": 0.5349493010139797, "two-tailed": 0.9301413971720566}}