{"P49915": {"Enrichment": 0.30677386452270955, "Depletion": 0.6932461350772985, "two-tailed": 0.6135477290454191}}