{"P49917": {"Enrichment": 0.6907861842763144, "Depletion": 0.30923381532369354, "two-tailed": 0.6184676306473871}}