{"P50053": {"Enrichment": 0.12951740965180697, "Depletion": 0.8705025899482011, "two-tailed": 0.25903481930361394}}