{"P50135": {"Enrichment": 0.5453890922181557, "Depletion": 0.45463090738185236, "two-tailed": 0.9092618147637047}}