{"P50135": {"Enrichment": 0.2018559628807424, "Depletion": 0.7981640367192656, "two-tailed": 0.4037119257614848}}