{"P50226": {"Enrichment": 0.6892462150756985, "Depletion": 0.31077378452430954, "two-tailed": 0.6215475690486191}}