{"P50226": {"Enrichment": 0.6888662226755465, "Depletion": 0.3111537769244615, "two-tailed": 0.622307553848923}}