{"P50225": {"Enrichment": 0.7135057298854023, "Depletion": 0.2865142697146057, "two-tailed": 0.5730285394292114}}