{"P50336": {"Enrichment": 0.4508909821803564, "Depletion": 0.5491290174196516, "two-tailed": 0.9017819643607128}}