{"P50440": {"Enrichment": 0.07407851842963141, "Depletion": 0.9259414811703766, "two-tailed": 0.14815703685926282}}