{"P50479": {"Enrichment": 0.379652406951861, "Depletion": 0.620367592648147, "two-tailed": 0.759304813903722}}