{"P50479": {"Enrichment": 0.38163236735265293, "Depletion": 0.618387632247355, "two-tailed": 0.7632647347053059}}