{"P50440": {"Enrichment": 0.05651886962260755, "Depletion": 0.9435011299774004, "two-tailed": 0.1130377392452151}}