{"P50579": {"Enrichment": 0.17783644327113457, "Depletion": 0.8221835563288734, "two-tailed": 0.35567288654226914}}