{"P50583": {"Enrichment": 0.743485130297394, "Depletion": 0.25653486930261393, "two-tailed": 0.5130697386052279}}