{"P50583": {"Enrichment": 0.992540149197016, "Depletion": 0.00747985040299194, "two-tailed": 0.01495970080598388}}