{"P50613": {"Enrichment": 0.993720125597488, "Depletion": 0.00629987400251995, "two-tailed": 0.0125997480050399}}