{"P50613": {"Enrichment": 0.9922601547969041, "Depletion": 0.007759844803103938, "two-tailed": 0.015519689606207875}}