{"P50897": {"Enrichment": 0.4675906481870363, "Depletion": 0.5324293514129718, "two-tailed": 0.9351812963740725}}