{"P50897": {"Enrichment": 0.46877062458750823, "Depletion": 0.5312493750124998, "two-tailed": 0.9375412491750165}}