{"P51157": {"Enrichment": 0.6531869362612748, "Depletion": 0.3468330633387332, "two-tailed": 0.6936661266774664}}