{"P51149": {"Enrichment": 0.8473630527389452, "Depletion": 0.1526569468610628, "two-tailed": 0.3053138937221256}}