{"P51149": {"Enrichment": 0.35497290054198916, "Depletion": 0.6450470990580188, "two-tailed": 0.7099458010839783}}