{"P51452": {"Enrichment": 0.40283194336113276, "Depletion": 0.5971880562388753, "two-tailed": 0.8056638867222655}}