{"P51452": {"Enrichment": 0.26799464010719787, "Depletion": 0.7320253594928101, "two-tailed": 0.5359892802143957}}