{"P51452": {"Enrichment": 0.3660526789464211, "Depletion": 0.633967320653587, "two-tailed": 0.7321053578928421}}