{"P51553": {"Enrichment": 0.22737545249095018, "Depletion": 0.7726445471090578, "two-tailed": 0.45475090498190035}}