{"P51512": {"Enrichment": 0.7894242115157697, "Depletion": 0.21059578808423832, "two-tailed": 0.42119157616847663}}