{"P51570": {"Enrichment": 0.24107517849643006, "Depletion": 0.758944821103578, "two-tailed": 0.48215035699286013}}