{"P51580": {"Enrichment": 0.8241435171296574, "Depletion": 0.1758764824703506, "two-tailed": 0.3517529649407012}}