{"P51512": {"Enrichment": 0.8371632567348654, "Depletion": 0.1628567428651427, "two-tailed": 0.3257134857302854}}