{"P51570": {"Enrichment": 0.13991720165596688, "Depletion": 0.8601027979440411, "two-tailed": 0.27983440331193377}}