{"P51580": {"Enrichment": 0.7787044259114818, "Depletion": 0.22131557368852622, "two-tailed": 0.44263114737705245}}