{"P51659": {"Enrichment": 0.44553108937821245, "Depletion": 0.5544889102217956, "two-tailed": 0.8910621787564249}}