{"P51649": {"Enrichment": 0.3355732885342293, "Depletion": 0.6644467110657787, "two-tailed": 0.6711465770684586}}