{"P51665": {"Enrichment": 0.7177856442871142, "Depletion": 0.28223435531289376, "two-tailed": 0.5644687106257875}}