{"P51665": {"Enrichment": 0.7183856322873543, "Depletion": 0.28163436731265373, "two-tailed": 0.5632687346253075}}