{"P51659": {"Enrichment": 0.49661006779864403, "Depletion": 0.503409931801364, "two-tailed": 0.9932201355972881}}