{"P51659": {"Enrichment": 0.5424491510169797, "Depletion": 0.4575708485830283, "two-tailed": 0.9151416971660566}}