{"P51649": {"Enrichment": 0.5275294494110118, "Depletion": 0.4724905501889962, "two-tailed": 0.9449811003779924}}