{"P51795": {"Enrichment": 0.20649587008259834, "Depletion": 0.7935241295174097, "two-tailed": 0.4129917401651967}}