{"P51798": {"Enrichment": 0.496790064198716, "Depletion": 0.503229935401292, "two-tailed": 0.993580128397432}}