{"P51798": {"Enrichment": 0.511389772204556, "Depletion": 0.4886302273954521, "two-tailed": 0.9772604547909042}}