{"P51795": {"Enrichment": 0.20377592448151036, "Depletion": 0.7962440751184976, "two-tailed": 0.4075518489630207}}