{"P51857": {"Enrichment": 0.08545829083418331, "Depletion": 0.9145617087658247, "two-tailed": 0.17091658166836662}}