{"P51857": {"Enrichment": 0.21983560328793425, "Depletion": 0.7801843963120738, "two-tailed": 0.4396712065758685}}