{"P51857": {"Enrichment": 0.22019559608807823, "Depletion": 0.7798244035119297, "two-tailed": 0.44039119217615647}}