{"P51813": {"Enrichment": 0.04879902401951961, "Depletion": 0.9512209755804883, "two-tailed": 0.09759804803903922}}