{"P51955": {"Enrichment": 0.19157616847663048, "Depletion": 0.8084438311233776, "two-tailed": 0.38315233695326095}}