{"P51955": {"Enrichment": 0.11377772444551108, "Depletion": 0.8862422751544969, "two-tailed": 0.22755544889102217}}