{"P52209": {"Enrichment": 0.7974640507189856, "Depletion": 0.20255594888102238, "two-tailed": 0.40511189776204476}}