{"P52298": {"Enrichment": 0.5431091378172437, "Depletion": 0.45691086178276435, "two-tailed": 0.9138217235655287}}