{"P52209": {"Enrichment": 0.8482430351392972, "Depletion": 0.1517769644607108, "two-tailed": 0.3035539289214216}}