{"P52209": {"Enrichment": 0.8532229355412891, "Depletion": 0.1467970640587188, "two-tailed": 0.2935941281174376}}