{"P52333": {"Enrichment": 0.4668906621867563, "Depletion": 0.5331293374132517, "two-tailed": 0.9337813243735126}}