{"P52333": {"Enrichment": 0.3239935201295974, "Depletion": 0.6760264794704106, "two-tailed": 0.6479870402591948}}