{"P52594": {"Enrichment": 0.5093698126037479, "Depletion": 0.49065018699626006, "two-tailed": 0.9813003739925201}}