{"P52732": {"Enrichment": 0.16971660566788666, "Depletion": 0.8303033939321214, "two-tailed": 0.3394332113357733}}