{"P52758": {"Enrichment": 0.5300293994120118, "Depletion": 0.46999060018799627, "two-tailed": 0.9399812003759925}}