{"P52790": {"Enrichment": 0.02247955040899182, "Depletion": 0.9775404491910161, "two-tailed": 0.04495910081798364}}