{"P52701": {"Enrichment": 0.4322513549729005, "Depletion": 0.5677686446271074, "two-tailed": 0.864502709945801}}