{"P52789": {"Enrichment": 0.5326493470130598, "Depletion": 0.46737065258694827, "two-tailed": 0.9347413051738965}}