{"P52790": {"Enrichment": 0.014339713205735885, "Depletion": 0.9856802863942721, "two-tailed": 0.02867942641147177}}