{"P52732": {"Enrichment": 0.38167236655266895, "Depletion": 0.6183476330473391, "two-tailed": 0.7633447331053379}}