{"P52789": {"Enrichment": 0.5387492250154997, "Depletion": 0.4612707745845083, "two-tailed": 0.9225415491690167}}