{"P52701": {"Enrichment": 0.9422011559768805, "Depletion": 0.05781884362312754, "two-tailed": 0.11563768724625507}}