{"P52895": {"Enrichment": 0.26749465010699786, "Depletion": 0.7325253494930102, "two-tailed": 0.5349893002139957}}