{"P52803": {"Enrichment": 0.9572408551828964, "Depletion": 0.042779144417111656, "two-tailed": 0.08555828883422331}}