{"P53004": {"Enrichment": 0.869662606747865, "Depletion": 0.13035739285214296, "two-tailed": 0.2607147857042859}}