{"P53355": {"Enrichment": 0.32959340813183735, "Depletion": 0.6704265914681706, "two-tailed": 0.6591868162636747}}