{"P53355": {"Enrichment": 0.16767664646707067, "Depletion": 0.8323433531329374, "two-tailed": 0.33535329293414134}}