{"P53396": {"Enrichment": 0.9352612947741045, "Depletion": 0.06475870482590348, "two-tailed": 0.12951740965180697}}