{"P53350": {"Enrichment": 0.18585628287434253, "Depletion": 0.8141637167256655, "two-tailed": 0.37171256574868505}}