{"P53350": {"Enrichment": 0.009299814003719925, "Depletion": 0.990720185596288, "two-tailed": 0.01859962800743985}}