{"P53582": {"Enrichment": 0.11455770884582309, "Depletion": 0.8854622907541849, "two-tailed": 0.22911541769164617}}