{"P53582": {"Enrichment": 0.3247735045299094, "Depletion": 0.6752464950700986, "two-tailed": 0.6495470090598188}}