{"P53667": {"Enrichment": 0.06847863042739145, "Depletion": 0.9315413691726165, "two-tailed": 0.1369572608547829}}