{"P53667": {"Enrichment": 0.19419611607767845, "Depletion": 0.8058238835223296, "two-tailed": 0.3883922321553569}}