{"P53602": {"Enrichment": 0.9083018339633208, "Depletion": 0.09171816563668726, "two-tailed": 0.18343633127337453}}