{"P53634": {"Enrichment": 0.04499910001799964, "Depletion": 0.9550208995820083, "two-tailed": 0.08999820003599927}}