{"P53602": {"Enrichment": 0.8384032319353613, "Depletion": 0.1616167676646467, "two-tailed": 0.3232335353292934}}