{"P53779": {"Enrichment": 0.47097058058838825, "Depletion": 0.5290494190116197, "two-tailed": 0.9419411611767765}}