{"P53779": {"Enrichment": 0.14043719125617488, "Depletion": 0.8595828083438332, "two-tailed": 0.28087438251234975}}