{"P53778": {"Enrichment": 0.618267634647307, "Depletion": 0.38175236495270093, "two-tailed": 0.7635047299054019}}