{"P53778": {"Enrichment": 0.8319833603327933, "Depletion": 0.16803663926721465, "two-tailed": 0.3360732785344293}}