{"P53985": {"Enrichment": 0.036519269614607705, "Depletion": 0.9635007299854003, "two-tailed": 0.07303853922921541}}