{"P53985": {"Enrichment": 0.004799904001919961, "Depletion": 0.995220095598088, "two-tailed": 0.009599808003839923}}