{"P54132": {"Enrichment": 0.7008659826803464, "Depletion": 0.2991540169196616, "two-tailed": 0.5983080338393232}}