{"P54136": {"Enrichment": 0.05955880882382352, "Depletion": 0.9404611907761845, "two-tailed": 0.11911761764764704}}