{"P54136": {"Enrichment": 0.06843863122737545, "Depletion": 0.9315813683726325, "two-tailed": 0.1368772624547509}}