{"P54132": {"Enrichment": 0.6589068218635628, "Depletion": 0.3411131777364453, "two-tailed": 0.6822263554728906}}