{"P54289": {"Enrichment": 0.48475030499390015, "Depletion": 0.5152696946061078, "two-tailed": 0.9695006099878003}}