{"P54289": {"Enrichment": 0.48223035539289216, "Depletion": 0.5177896442071158, "two-tailed": 0.9644607107857843}}