{"P54317": {"Enrichment": 0.20195596088078238, "Depletion": 0.7980640387192256, "two-tailed": 0.40391192176156476}}