{"P54577": {"Enrichment": 0.8505629887402252, "Depletion": 0.1494570108597828, "two-tailed": 0.2989140217195656}}