{"P54577": {"Enrichment": 0.6559268814623708, "Depletion": 0.34409311813763727, "two-tailed": 0.6881862362752745}}