{"P54646": {"Enrichment": 0.1729565408691826, "Depletion": 0.8270634587308254, "two-tailed": 0.3459130817383652}}