{"P54687": {"Enrichment": 0.32913341733165336, "Depletion": 0.6708865822683546, "two-tailed": 0.6582668346633067}}