{"P54687": {"Enrichment": 0.14895702085958282, "Depletion": 0.8510629787404252, "two-tailed": 0.29791404171916563}}