{"P54646": {"Enrichment": 0.030739385212295755, "Depletion": 0.9692806143877123, "two-tailed": 0.06147877042459151}}