{"P54652": {"Enrichment": 0.2998140037199256, "Depletion": 0.7002059958800824, "two-tailed": 0.5996280074398512}}