{"P54652": {"Enrichment": 0.30513389732205354, "Depletion": 0.6948861022779544, "two-tailed": 0.6102677946441071}}