{"P54762": {"Enrichment": 0.28291434171316576, "Depletion": 0.7171056578868422, "two-tailed": 0.5658286834263315}}