{"P54762": {"Enrichment": 0.28037439251214974, "Depletion": 0.7196456070878583, "two-tailed": 0.5607487850242995}}