{"P54756": {"Enrichment": 0.5950280994380113, "Depletion": 0.40499190016199677, "two-tailed": 0.8099838003239935}}