{"P54756": {"Enrichment": 0.8945421091578168, "Depletion": 0.10547789044219115, "two-tailed": 0.2109557808843823}}