{"P54760": {"Enrichment": 0.11951760964780704, "Depletion": 0.880502389952201, "two-tailed": 0.23903521929561408}}