{"P54855": {"Enrichment": 0.5640887182256354, "Depletion": 0.43593128137437254, "two-tailed": 0.8718625627487451}}