{"P54819": {"Enrichment": 0.19519609607807845, "Depletion": 0.8048239035219296, "two-tailed": 0.3903921921561569}}