{"P54868": {"Enrichment": 0.8529429411411772, "Depletion": 0.14707705845883082, "two-tailed": 0.29415411691766163}}