{"P54802": {"Enrichment": 0.4122717545649087, "Depletion": 0.5877482450350993, "two-tailed": 0.8245435091298174}}