{"P54802": {"Enrichment": 0.13351732965340693, "Depletion": 0.8665026699466011, "two-tailed": 0.26703465930681386}}