{"P54868": {"Enrichment": 0.7063458730825384, "Depletion": 0.29367412651746966, "two-tailed": 0.5873482530349393}}