{"P54922": {"Enrichment": 0.01135977280454391, "Depletion": 0.9886602267954641, "two-tailed": 0.02271954560908782}}