{"P54922": {"Enrichment": 0.04897902041959161, "Depletion": 0.9510409791804164, "two-tailed": 0.09795804083918322}}