{"P55072": {"Enrichment": 0.9691006179876402, "Depletion": 0.030919381612367753, "two-tailed": 0.061838763224735506}}