{"P55064": {"Enrichment": 0.14205715885682285, "Depletion": 0.8579628407431852, "two-tailed": 0.2841143177136457}}