{"P55087": {"Enrichment": 0.3843923121537569, "Depletion": 0.6156276874462511, "two-tailed": 0.7687846243075138}}