{"P55087": {"Enrichment": 0.9695206095878083, "Depletion": 0.030499390012199756, "two-tailed": 0.06099878002439951}}