{"P55072": {"Enrichment": 0.9914601707965841, "Depletion": 0.008559828803423932, "two-tailed": 0.017119657606847864}}