{"P55263": {"Enrichment": 0.50804983900322, "Depletion": 0.49197016059678805, "two-tailed": 0.9839403211935761}}