{"P55212": {"Enrichment": 0.8389232215355693, "Depletion": 0.1610967780644387, "two-tailed": 0.3221935561288774}}