{"P55212": {"Enrichment": 0.755204895902082, "Depletion": 0.24481510369792603, "two-tailed": 0.48963020739585206}}