{"P55201": {"Enrichment": 0.9685806283874322, "Depletion": 0.03143937121257575, "two-tailed": 0.0628787424251515}}