{"P55263": {"Enrichment": 0.5370292594148117, "Depletion": 0.4629907401851963, "two-tailed": 0.9259814803703926}}