{"P55263": {"Enrichment": 0.507729845403092, "Depletion": 0.4922901541969161, "two-tailed": 0.9845803083938321}}