{"P55201": {"Enrichment": 0.9659206815863682, "Depletion": 0.034099318013639725, "two-tailed": 0.06819863602727945}}