{"P56192": {"Enrichment": 0.5518289634207316, "Depletion": 0.4481910361792764, "two-tailed": 0.8963820723585528}}