{"P56192": {"Enrichment": 0.8590428191436171, "Depletion": 0.14097718045639088, "two-tailed": 0.28195436091278175}}