{"P56282": {"Enrichment": 0.9289814203715926, "Depletion": 0.07103857922841543, "two-tailed": 0.14207715845683086}}