{"P56282": {"Enrichment": 0.5480090398192036, "Depletion": 0.4520109597808044, "two-tailed": 0.9040219195616088}}