{"P56373": {"Enrichment": 0.9174616507669847, "Depletion": 0.08255834883302333, "two-tailed": 0.16511669766604667}}