{"P56373": {"Enrichment": 0.6503469930601388, "Depletion": 0.3496730065398692, "two-tailed": 0.6993460130797384}}