{"P56524": {"Enrichment": 0.10523789524209516, "Depletion": 0.8947821043579128, "two-tailed": 0.21047579048419032}}