{"P56545": {"Enrichment": 0.46765064698706027, "Depletion": 0.5323693526129477, "two-tailed": 0.9353012939741205}}