{"P56524": {"Enrichment": 0.005119897602047959, "Depletion": 0.9949001019979601, "two-tailed": 0.010239795204095918}}