{"P56545": {"Enrichment": 0.3164136717265655, "Depletion": 0.6836063278734426, "two-tailed": 0.632827343453131}}