{"P56704": {"Enrichment": 0.4406111877762445, "Depletion": 0.5594088118237636, "two-tailed": 0.881222375552489}}