{"P56703": {"Enrichment": 0.21773564528709427, "Depletion": 0.7822843543129138, "two-tailed": 0.43547129057418854}}