{"P56704": {"Enrichment": 0.4375312493750125, "Depletion": 0.5624887502249954, "two-tailed": 0.875062498750025}}