{"P56817": {"Enrichment": 0.06907861842763145, "Depletion": 0.9309413811723766, "two-tailed": 0.1381572368552629}}