{"P57075": {"Enrichment": 0.2671746565068699, "Depletion": 0.7328453430931381, "two-tailed": 0.5343493130137398}}