{"P57075": {"Enrichment": 0.4252314953700926, "Depletion": 0.5747885042299155, "two-tailed": 0.8504629907401852}}