{"P57729": {"Enrichment": 0.4017319653606928, "Depletion": 0.5982880342393152, "two-tailed": 0.8034639307213856}}