{"P57735": {"Enrichment": 0.8244435111297774, "Depletion": 0.1755764884702306, "two-tailed": 0.3511529769404612}}