{"P57735": {"Enrichment": 0.8247235055298894, "Depletion": 0.1752964940701186, "two-tailed": 0.3505929881402372}}