{"P57729": {"Enrichment": 0.5349693006139877, "Depletion": 0.4650506989860203, "two-tailed": 0.9301013979720406}}