{"P58743": {"Enrichment": 0.0990580188396232, "Depletion": 0.9009619807603848, "two-tailed": 0.1981160376792464}}