{"P60763": {"Enrichment": 0.45577088458230836, "Depletion": 0.5442491150176997, "two-tailed": 0.9115417691646167}}