{"P60842": {"Enrichment": 0.8995620087598248, "Depletion": 0.1004579908401832, "two-tailed": 0.2009159816803664}}