{"P60953": {"Enrichment": 0.5323093538129238, "Depletion": 0.46771064578708427, "two-tailed": 0.9354212915741685}}