{"P60953": {"Enrichment": 0.5312893742125158, "Depletion": 0.4687306253874923, "two-tailed": 0.9374612507749845}}