{"P61019": {"Enrichment": 0.34097318053638925, "Depletion": 0.6590468190636187, "two-tailed": 0.6819463610727785}}