{"P61020": {"Enrichment": 0.12043759124817503, "Depletion": 0.879582408351833, "two-tailed": 0.24087518249635007}}