{"P61006": {"Enrichment": 0.5741485170296594, "Depletion": 0.42587148257034857, "two-tailed": 0.8517429651406971}}