{"P61011": {"Enrichment": 0.26401471970560586, "Depletion": 0.7360052798944021, "two-tailed": 0.5280294394112117}}