{"P61020": {"Enrichment": 0.5993480130397392, "Depletion": 0.4006719865602688, "two-tailed": 0.8013439731205376}}