{"P61011": {"Enrichment": 0.5582088358232835, "Depletion": 0.44181116377672447, "two-tailed": 0.8836223275534489}}