{"P61026": {"Enrichment": 0.4090318193636127, "Depletion": 0.5909881802363953, "two-tailed": 0.8180636387272254}}