{"P61026": {"Enrichment": 0.4112117757644847, "Depletion": 0.5888082238355233, "two-tailed": 0.8224235515289694}}