{"P61006": {"Enrichment": 0.39307213855722883, "Depletion": 0.6069478610427791, "two-tailed": 0.7861442771144577}}