{"P61106": {"Enrichment": 0.7643247135057298, "Depletion": 0.23569528609427812, "two-tailed": 0.47139057218855623}}