{"P61224": {"Enrichment": 0.8775824483510329, "Depletion": 0.12243755124897503, "two-tailed": 0.24487510249795005}}