{"P61224": {"Enrichment": 0.6346273074538509, "Depletion": 0.36539269214615705, "two-tailed": 0.7307853842923141}}