{"P61328": {"Enrichment": 0.8790624187516249, "Depletion": 0.12095758084838303, "two-tailed": 0.24191516169676605}}