{"P61328": {"Enrichment": 0.878782424351513, "Depletion": 0.12123757524849503, "two-tailed": 0.24247515049699006}}