{"P61586": {"Enrichment": 0.17199656006879863, "Depletion": 0.8280234395312094, "two-tailed": 0.34399312013759725}}