{"P61586": {"Enrichment": 0.17239655206895863, "Depletion": 0.8276234475310493, "two-tailed": 0.34479310413791725}}