{"P61964": {"Enrichment": 0.2130357392852143, "Depletion": 0.7869842603147937, "two-tailed": 0.4260714785704286}}