{"P62136": {"Enrichment": 0.18251634967300653, "Depletion": 0.8175036499270014, "two-tailed": 0.36503269934601307}}