{"P62330": {"Enrichment": 0.3375132497350053, "Depletion": 0.6625067498650027, "two-tailed": 0.6750264994700106}}