{"P62330": {"Enrichment": 0.3409331813363733, "Depletion": 0.6590868182636347, "two-tailed": 0.6818663626727466}}