{"P62491": {"Enrichment": 0.4861102777944441, "Depletion": 0.5139097218055639, "two-tailed": 0.9722205555888882}}