{"P62491": {"Enrichment": 0.6704465910681786, "Depletion": 0.32957340853182937, "two-tailed": 0.6591468170636587}}