{"P62888": {"Enrichment": 0.5375692486150278, "Depletion": 0.4624507509849803, "two-tailed": 0.9249015019699606}}