{"P62826": {"Enrichment": 0.41557168856622867, "Depletion": 0.5844483110337794, "two-tailed": 0.8311433771324573}}