{"P62834": {"Enrichment": 0.886562268754625, "Depletion": 0.11345773084538309, "two-tailed": 0.22691546169076618}}