{"P62820": {"Enrichment": 0.1846163076738465, "Depletion": 0.8154036919261615, "two-tailed": 0.369232615347693}}