{"P62888": {"Enrichment": 0.15227695446091077, "Depletion": 0.8477430451390973, "two-tailed": 0.30455390892182155}}