{"P62834": {"Enrichment": 0.4773504529909402, "Depletion": 0.5226695466090678, "two-tailed": 0.9547009059818804}}