{"P62826": {"Enrichment": 0.6406871862562749, "Depletion": 0.3593328133437331, "two-tailed": 0.7186656266874663}}