{"P62937": {"Enrichment": 0.16405671886562267, "Depletion": 0.8359632807343853, "two-tailed": 0.32811343773124535}}