{"P62937": {"Enrichment": 0.28481430371392574, "Depletion": 0.7152056958860823, "two-tailed": 0.5696286074278515}}