{"P63000": {"Enrichment": 0.3116737665246695, "Depletion": 0.6883462330753385, "two-tailed": 0.623347533049339}}