{"P63000": {"Enrichment": 0.626287474250515, "Depletion": 0.373732525349493, "two-tailed": 0.747465050698986}}