{"P63096": {"Enrichment": 0.05387892242155157, "Depletion": 0.9461410771784564, "two-tailed": 0.10775784484310313}}