{"P63096": {"Enrichment": 0.09775804483910322, "Depletion": 0.9022619547609048, "two-tailed": 0.19551608967820644}}