{"P63092": {"Enrichment": 0.40399192016159674, "Depletion": 0.5960280794384112, "two-tailed": 0.8079838403231935}}