{"P63272": {"Enrichment": 0.9270214595708086, "Depletion": 0.07299854002919942, "two-tailed": 0.14599708005839884}}