{"P68106": {"Enrichment": 0.06147877042459151, "Depletion": 0.9385412291754165, "two-tailed": 0.12295754084918302}}