{"P68363": {"Enrichment": 0.8476630467390652, "Depletion": 0.15235695286094278, "two-tailed": 0.30471390572188556}}