{"P68400": {"Enrichment": 0.5124897502049959, "Depletion": 0.4875302493950121, "two-tailed": 0.9750604987900242}}