{"P68400": {"Enrichment": 0.41867162656746865, "Depletion": 0.5813483730325394, "two-tailed": 0.8373432531349373}}