{"P78310": {"Enrichment": 0.19303613927721447, "Depletion": 0.8069838603227936, "two-tailed": 0.38607227855442894}}