{"P78368": {"Enrichment": 0.06133877322453551, "Depletion": 0.9386812263754725, "two-tailed": 0.12267754644907101}}