{"P78330": {"Enrichment": 0.06679866402671947, "Depletion": 0.9332213355732886, "two-tailed": 0.13359732805343894}}