{"P78363": {"Enrichment": 0.7237655246895062, "Depletion": 0.2762544749105018, "two-tailed": 0.5525089498210036}}