{"P78363": {"Enrichment": 0.7216855662886742, "Depletion": 0.2783344333113338, "two-tailed": 0.5566688666226676}}