{"P78310": {"Enrichment": 0.19455610887782243, "Depletion": 0.8054638907221856, "two-tailed": 0.38911221775564486}}