{"P78362": {"Enrichment": 0.004479910401791964, "Depletion": 0.995540089198216, "two-tailed": 0.008959820803583929}}