{"P78352": {"Enrichment": 0.0007199856002879943, "Depletion": 0.99930001399972, "two-tailed": 0.0014399712005759885}}