{"P78417": {"Enrichment": 0.47327053458930823, "Depletion": 0.5267494650106997, "two-tailed": 0.9465410691786165}}