{"P78417": {"Enrichment": 0.5226895462090758, "Depletion": 0.47733045339093216, "two-tailed": 0.9546609067818643}}