{"P78540": {"Enrichment": 0.06919861602767945, "Depletion": 0.9308213835723286, "two-tailed": 0.1383972320553589}}