{"P78552": {"Enrichment": 0.13003739925201496, "Depletion": 0.869982600347993, "two-tailed": 0.2600747985040299}}