{"P78556": {"Enrichment": 0.7637647247055059, "Depletion": 0.2362552748945021, "two-tailed": 0.4725105497890042}}