{"P78552": {"Enrichment": 0.12991740165196697, "Depletion": 0.870102597948041, "two-tailed": 0.25983480330393394}}