{"P78536": {"Enrichment": 0.5513089738205236, "Depletion": 0.4487110257794844, "two-tailed": 0.8974220515589688}}