{"P80188": {"Enrichment": 0.6558268834623308, "Depletion": 0.3441931161376772, "two-tailed": 0.6883862322753544}}