{"P82251": {"Enrichment": 0.2273354532909342, "Depletion": 0.7726845463090738, "two-tailed": 0.4546709065818684}}