{"P82251": {"Enrichment": 0.06997860042799144, "Depletion": 0.9300413991720166, "two-tailed": 0.13995720085598287}}