{"P84095": {"Enrichment": 0.4598108037839243, "Depletion": 0.5402091958160837, "two-tailed": 0.9196216075678486}}