{"P84077": {"Enrichment": 0.5621087578248435, "Depletion": 0.4379112417751645, "two-tailed": 0.875822483550329}}