{"P84077": {"Enrichment": 0.3502529949401012, "Depletion": 0.6497670046599068, "two-tailed": 0.7005059898802024}}