{"P84022": {"Enrichment": 0.4135117297654047, "Depletion": 0.5865082698346034, "two-tailed": 0.8270234595308094}}