{"P84022": {"Enrichment": 0.4099918001639967, "Depletion": 0.5900281994360113, "two-tailed": 0.8199836003279934}}