{"P84095": {"Enrichment": 0.9143417131657366, "Depletion": 0.08567828643427132, "two-tailed": 0.17135657286854264}}