{"Q00013": {"Enrichment": 0.47739045219095616, "Depletion": 0.5226295474090518, "two-tailed": 0.9547809043819123}}