{"Q00013": {"Enrichment": 0.3165936681266375, "Depletion": 0.6834263314733705, "two-tailed": 0.633187336253275}}