{"Q00169": {"Enrichment": 0.8478830423391532, "Depletion": 0.15213695726085477, "two-tailed": 0.30427391452170954}}