{"Q00266": {"Enrichment": 0.4348313033739325, "Depletion": 0.5651886962260755, "two-tailed": 0.869662606747865}}