{"Q00536": {"Enrichment": 0.5190296194076118, "Depletion": 0.48099038019239615, "two-tailed": 0.9619807603847923}}