{"Q00536": {"Enrichment": 0.999620007599848, "Depletion": 0.0003999920001599968, "two-tailed": 0.0007999840003199936}}