{"Q00535": {"Enrichment": 0.6408671826563469, "Depletion": 0.35915281694366114, "two-tailed": 0.7183056338873223}}