{"Q00532": {"Enrichment": 0.5592488150236995, "Depletion": 0.4407711845763085, "two-tailed": 0.881542369152617}}