{"Q00535": {"Enrichment": 0.6143877122457551, "Depletion": 0.3856322873542529, "two-tailed": 0.7712645747085058}}