{"Q00688": {"Enrichment": 0.3043539129217416, "Depletion": 0.6956660866782665, "two-tailed": 0.6087078258434832}}