{"Q00796": {"Enrichment": 0.8538829223415532, "Depletion": 0.14613707725845482, "two-tailed": 0.29227415451690963}}