{"Q00987": {"Enrichment": 0.996540069198616, "Depletion": 0.003479930401391972, "two-tailed": 0.006959860802783944}}