{"Q01415": {"Enrichment": 0.04881902361952761, "Depletion": 0.9512009759804804, "two-tailed": 0.09763804723905523}}