{"Q01415": {"Enrichment": 0.047219055618887625, "Depletion": 0.9528009439811204, "two-tailed": 0.09443811123777525}}