{"Q01581": {"Enrichment": 0.7054058918821624, "Depletion": 0.29461410771784563, "two-tailed": 0.5892282154356913}}