{"Q01581": {"Enrichment": 0.49359012819743603, "Depletion": 0.5064298714025719, "two-tailed": 0.9871802563948721}}