{"Q01650": {"Enrichment": 0.03633927321453571, "Depletion": 0.9636807263854723, "two-tailed": 0.07267854642907141}}