{"Q01650": {"Enrichment": 0.029579408411831765, "Depletion": 0.9704405911881763, "two-tailed": 0.05915881682366353}}