{"Q01813": {"Enrichment": 0.6613867722645547, "Depletion": 0.3386332273354533, "two-tailed": 0.6772664546709066}}