{"Q01955": {"Enrichment": 0.7922841543169137, "Depletion": 0.20773584528309433, "two-tailed": 0.41547169056618866}}