{"Q02083": {"Enrichment": 0.6456470870582588, "Depletion": 0.3543729125417492, "two-tailed": 0.7087458250834984}}