{"Q02127": {"Enrichment": 0.04291914161716766, "Depletion": 0.9571008579828404, "two-tailed": 0.08583828323433532}}