{"Q02127": {"Enrichment": 0.006039879202415952, "Depletion": 0.9939801203975921, "two-tailed": 0.012079758404831904}}