{"Q02763": {"Enrichment": 0.758284834303314, "Depletion": 0.24173516529669406, "two-tailed": 0.4834703305933881}}