{"Q03164": {"Enrichment": 0.2892342153156937, "Depletion": 0.7107857842843143, "two-tailed": 0.5784684306313874}}