{"Q03164": {"Enrichment": 0.2878342433151337, "Depletion": 0.7121857562848743, "two-tailed": 0.5756684866302674}}