{"Q03518": {"Enrichment": 0.04531909361812764, "Depletion": 0.9547009059818804, "two-tailed": 0.09063818723625527}}