{"Q03518": {"Enrichment": 0.07299854002919942, "Depletion": 0.9270214595708086, "two-tailed": 0.14599708005839884}}