{"Q03692": {"Enrichment": 0.46985060298794024, "Depletion": 0.5301693966120677, "two-tailed": 0.9397012059758805}}