{"Q04446": {"Enrichment": 0.15507689846203077, "Depletion": 0.8449431011379772, "two-tailed": 0.31015379692406153}}