{"Q04609": {"Enrichment": 0.3499530009399812, "Depletion": 0.6500669986600268, "two-tailed": 0.6999060018799624}}