{"Q04609": {"Enrichment": 0.3607127857442851, "Depletion": 0.6393072138557229, "two-tailed": 0.7214255714885702}}