{"Q04760": {"Enrichment": 0.013019739605207897, "Depletion": 0.9870002599948001, "two-tailed": 0.026039479210415793}}