{"Q04760": {"Enrichment": 0.4743705125897482, "Depletion": 0.5256494870102598, "two-tailed": 0.9487410251794964}}