{"Q04759": {"Enrichment": 0.03483930321393572, "Depletion": 0.9651806963860723, "two-tailed": 0.06967860642787144}}