{"Q04756": {"Enrichment": 0.885302293954121, "Depletion": 0.11471770564588708, "two-tailed": 0.22943541129177417}}