{"Q04828": {"Enrichment": 0.1851362972740545, "Depletion": 0.8148837023259535, "two-tailed": 0.370272594548109}}