{"Q05193": {"Enrichment": 0.48413031739365214, "Depletion": 0.5158896822063559, "two-tailed": 0.9682606347873043}}