{"Q05193": {"Enrichment": 0.7028859422811544, "Depletion": 0.2971340573188536, "two-tailed": 0.5942681146377072}}