{"Q05209": {"Enrichment": 0.6362872742545149, "Depletion": 0.3637327253454931, "two-tailed": 0.7274654506909862}}