{"Q05329": {"Enrichment": 0.9884202315953681, "Depletion": 0.011599768004639906, "two-tailed": 0.023199536009279813}}