{"Q05329": {"Enrichment": 0.990380192396152, "Depletion": 0.009639807203855924, "two-tailed": 0.019279614407711847}}