{"Q05586": {"Enrichment": 0.7044859102817944, "Depletion": 0.2955340893182136, "two-tailed": 0.5910681786364272}}