{"Q05823": {"Enrichment": 0.022139557208855822, "Depletion": 0.9778804423911521, "two-tailed": 0.044279114417711644}}