{"Q06124": {"Enrichment": 0.8007839843203136, "Depletion": 0.1992360152796944, "two-tailed": 0.3984720305593888}}