{"Q06520": {"Enrichment": 0.05613887722245555, "Depletion": 0.9438811223775524, "two-tailed": 0.1122777544449111}}