{"Q06830": {"Enrichment": 0.20155596888062238, "Depletion": 0.7984640307193857, "two-tailed": 0.40311193776124477}}