{"Q07075": {"Enrichment": 0.6995860082798344, "Depletion": 0.3004339913201736, "two-tailed": 0.6008679826403472}}