{"Q07075": {"Enrichment": 0.8230435391292175, "Depletion": 0.17697646047079058, "two-tailed": 0.35395292094158115}}