{"Q07157": {"Enrichment": 0.7160656786864262, "Depletion": 0.28395432091358175, "two-tailed": 0.5679086418271635}}