{"Q07343": {"Enrichment": 0.6022679546409072, "Depletion": 0.3977520449591008, "two-tailed": 0.7955040899182017}}