{"Q07889": {"Enrichment": 0.1603167936641267, "Depletion": 0.8397032059358813, "two-tailed": 0.3206335873282534}}