{"Q07812": {"Enrichment": 0.45321093578128435, "Depletion": 0.5468090638187236, "two-tailed": 0.9064218715625687}}