{"Q07837": {"Enrichment": 0.6827263454730905, "Depletion": 0.31729365412691746, "two-tailed": 0.6345873082538349}}