{"Q07889": {"Enrichment": 0.1750964980700386, "Depletion": 0.8249235015299694, "two-tailed": 0.3501929961400772}}