{"Q07812": {"Enrichment": 0.4482510349793004, "Depletion": 0.5517689646207076, "two-tailed": 0.8965020699586008}}