{"Q07912": {"Enrichment": 0.36671266574668504, "Depletion": 0.6333073338533229, "two-tailed": 0.7334253314933701}}