{"Q07912": {"Enrichment": 0.1848163036739265, "Depletion": 0.8152036959260814, "two-tailed": 0.369632607347853}}