{"Q08188": {"Enrichment": 0.7085458290834183, "Depletion": 0.2914741705165897, "two-tailed": 0.5829483410331794}}