{"Q08174": {"Enrichment": 0.30499390012199756, "Depletion": 0.6950260994780104, "two-tailed": 0.6099878002439951}}