{"Q08188": {"Enrichment": 0.1372572548549029, "Depletion": 0.8627627447451051, "two-tailed": 0.2745145097098058}}