{"Q08257": {"Enrichment": 0.7343053138937221, "Depletion": 0.26571468570628587, "two-tailed": 0.5314293714125717}}