{"Q08211": {"Enrichment": 0.2656946861062779, "Depletion": 0.7343253134937301, "two-tailed": 0.5313893722125558}}