{"Q08209": {"Enrichment": 0.885662286754265, "Depletion": 0.11435771284574309, "two-tailed": 0.22871542569148617}}