{"Q08257": {"Enrichment": 0.6573868522629548, "Depletion": 0.34263314733705325, "two-tailed": 0.6852662946741065}}