{"Q08209": {"Enrichment": 0.8917221655566888, "Depletion": 0.10829783404331914, "two-tailed": 0.21659566808663827}}