{"Q08211": {"Enrichment": 0.28161436771264575, "Depletion": 0.7184056318873623, "two-tailed": 0.5632287354252915}}