{"Q08334": {"Enrichment": 0.39453210935781285, "Depletion": 0.6054878902421952, "two-tailed": 0.7890642187156257}}