{"Q08334": {"Enrichment": 0.3355132897342053, "Depletion": 0.6645067098658027, "two-tailed": 0.6710265794684106}}