{"Q08499": {"Enrichment": 0.618427631447371, "Depletion": 0.381592368152637, "two-tailed": 0.763184736305274}}