{"Q08499": {"Enrichment": 0.5839883202335954, "Depletion": 0.41603167936641267, "two-tailed": 0.8320633587328253}}