{"Q08499": {"Enrichment": 0.23267534649307015, "Depletion": 0.7673446531069379, "two-tailed": 0.4653506929861403}}