{"Q08623": {"Enrichment": 0.9089818203635928, "Depletion": 0.09103817923641527, "two-tailed": 0.18207635847283055}}