{"Q08881": {"Enrichment": 0.08945821083578329, "Depletion": 0.9105617887642247, "two-tailed": 0.17891642167156657}}