{"Q08AH3": {"Enrichment": 0.6679066418671626, "Depletion": 0.33211335773284534, "two-tailed": 0.6642267154656907}}