{"Q09013": {"Enrichment": 0.08131837363252735, "Depletion": 0.9187016259674806, "two-tailed": 0.1626367472650547}}