{"Q10471": {"Enrichment": 0.45589088218235635, "Depletion": 0.5441291174176517, "two-tailed": 0.9117817643647127}}