{"Q10469": {"Enrichment": 0.7299254014919702, "Depletion": 0.2700945981080378, "two-tailed": 0.5401891962160756}}