{"Q10469": {"Enrichment": 0.7105657886842263, "Depletion": 0.28945421091578166, "two-tailed": 0.5789084218315633}}