{"Q10588": {"Enrichment": 0.19267614647707046, "Depletion": 0.8073438531229375, "two-tailed": 0.3853522929541409}}