{"Q10588": {"Enrichment": 0.33479330413391734, "Depletion": 0.6652266954660907, "two-tailed": 0.6695866082678347}}