{"Q12794": {"Enrichment": 0.3501729965400692, "Depletion": 0.6498470030599388, "two-tailed": 0.7003459930801385}}