{"Q12756": {"Enrichment": 0.5777684446311073, "Depletion": 0.4222515549689006, "two-tailed": 0.8445031099378012}}