{"Q12794": {"Enrichment": 0.4374512509749805, "Depletion": 0.5625687486250275, "two-tailed": 0.874902501949961}}