{"Q12756": {"Enrichment": 0.5776084478310434, "Depletion": 0.4224115517689646, "two-tailed": 0.8448231035379292}}