{"Q12802": {"Enrichment": 0.9786004279914402, "Depletion": 0.02141957160856783, "two-tailed": 0.04283914321713566}}