{"Q12884": {"Enrichment": 0.03293934121317574, "Depletion": 0.9670806583868322, "two-tailed": 0.06587868242635148}}