{"Q12888": {"Enrichment": 0.2907541849163017, "Depletion": 0.7092658146837063, "two-tailed": 0.5815083698326033}}