{"Q12802": {"Enrichment": 0.9784804303913922, "Depletion": 0.021539569208615827, "two-tailed": 0.043079138417231655}}