{"Q12866": {"Enrichment": 0.05311893762124757, "Depletion": 0.9469010619787604, "two-tailed": 0.10623787524249514}}