{"Q12888": {"Enrichment": 0.9120017599648007, "Depletion": 0.0880182396352073, "two-tailed": 0.1760364792704146}}