{"Q12884": {"Enrichment": 0.09683806323873523, "Depletion": 0.9031819363612728, "two-tailed": 0.19367612647747046}}