{"Q12866": {"Enrichment": 0.036539269214615706, "Depletion": 0.9634807303853923, "two-tailed": 0.07307853842923141}}