{"Q12849": {"Enrichment": 0.4219515609687806, "Depletion": 0.5780684386312274, "two-tailed": 0.8439031219375612}}