{"Q12931": {"Enrichment": 0.7221455570888582, "Depletion": 0.2778744425111498, "two-tailed": 0.5557488850222996}}