{"Q12931": {"Enrichment": 0.866102677946441, "Depletion": 0.13391732165356693, "two-tailed": 0.26783464330713386}}