{"Q12923": {"Enrichment": 0.74132517349653, "Depletion": 0.25869482610347794, "two-tailed": 0.5173896522069559}}