{"Q12967": {"Enrichment": 0.9462810743785124, "Depletion": 0.05373892522149557, "two-tailed": 0.10747785044299114}}