{"Q12923": {"Enrichment": 0.7358852822943541, "Depletion": 0.2641347173056539, "two-tailed": 0.5282694346113078}}