{"Q13093": {"Enrichment": 0.6430671386572269, "Depletion": 0.35695286094278117, "two-tailed": 0.7139057218855623}}