{"Q13043": {"Enrichment": 0.019459610807783845, "Depletion": 0.9805603887922242, "two-tailed": 0.03891922161556769}}