{"Q13043": {"Enrichment": 0.031919361612767747, "Depletion": 0.9681006379872402, "two-tailed": 0.06383872322553549}}