{"Q13115": {"Enrichment": 0.614967700645987, "Depletion": 0.38505229895402093, "two-tailed": 0.7701045979080419}}