{"Q13115": {"Enrichment": 0.6815863682726345, "Depletion": 0.31843363132737346, "two-tailed": 0.6368672626547469}}