{"Q13148": {"Enrichment": 0.03921921561568768, "Depletion": 0.9608007839843203, "two-tailed": 0.07843843123137537}}