{"Q13153": {"Enrichment": 0.04367912641747165, "Depletion": 0.9563408731825364, "two-tailed": 0.0873582528349433}}