{"Q13126": {"Enrichment": 0.05485890282194356, "Depletion": 0.9451610967780645, "two-tailed": 0.10971780564388713}}