{"Q13224": {"Enrichment": 0.7155256894862103, "Depletion": 0.2844943101137977, "two-tailed": 0.5689886202275954}}