{"Q13231": {"Enrichment": 0.07139857202855943, "Depletion": 0.9286214275714486, "two-tailed": 0.14279714405711885}}