{"Q13202": {"Enrichment": 0.6105277894442112, "Depletion": 0.3894922101557969, "two-tailed": 0.7789844203115938}}