{"Q13224": {"Enrichment": 0.7167456650866982, "Depletion": 0.28327433451330974, "two-tailed": 0.5665486690266195}}