{"Q13232": {"Enrichment": 0.743765124697506, "Depletion": 0.25625487490250193, "two-tailed": 0.5125097498050039}}