{"Q13206": {"Enrichment": 0.7188256234875302, "Depletion": 0.2811943761124778, "two-tailed": 0.5623887522249555}}