{"Q13232": {"Enrichment": 0.4333313333733325, "Depletion": 0.5666886662266755, "two-tailed": 0.866662666746665}}