{"Q13283": {"Enrichment": 0.9229015419691606, "Depletion": 0.07711845763084739, "two-tailed": 0.15423691526169478}}