{"Q13202": {"Enrichment": 0.5926881462370752, "Depletion": 0.40733185336293276, "two-tailed": 0.8146637067258655}}