{"Q13363": {"Enrichment": 0.2729945401091978, "Depletion": 0.7270254594908102, "two-tailed": 0.5459890802183957}}