{"Q13303": {"Enrichment": 0.040439191216175674, "Depletion": 0.9595808083838323, "two-tailed": 0.08087838243235135}}