{"Q13336": {"Enrichment": 0.8221035579288414, "Depletion": 0.17791644167116658, "two-tailed": 0.35583288334233315}}