{"Q13356": {"Enrichment": 0.4434511309773804, "Depletion": 0.5565688686226276, "two-tailed": 0.8869022619547609}}