{"Q13356": {"Enrichment": 0.35955280894382113, "Depletion": 0.6404671906561868, "two-tailed": 0.7191056178876423}}