{"Q13423": {"Enrichment": 0.370892582148357, "Depletion": 0.629127417451651, "two-tailed": 0.741785164296714}}