{"Q13451": {"Enrichment": 0.2125957480850383, "Depletion": 0.7874242515149698, "two-tailed": 0.4251914961700766}}