{"Q13451": {"Enrichment": 0.2236355272894542, "Depletion": 0.7763844723105537, "two-tailed": 0.4472710545789084}}