{"Q13464": {"Enrichment": 0.07113857722845543, "Depletion": 0.9288814223715526, "two-tailed": 0.14227715445691086}}