{"Q13423": {"Enrichment": 0.35687286254274914, "Depletion": 0.6431471370572589, "two-tailed": 0.7137457250854983}}