{"Q13563": {"Enrichment": 0.742845143097138, "Depletion": 0.2571748565028699, "two-tailed": 0.5143497130057398}}