{"Q13510": {"Enrichment": 0.32329353412931744, "Depletion": 0.6767264654706906, "two-tailed": 0.6465870682586349}}