{"Q13547": {"Enrichment": 0.027959440811183775, "Depletion": 0.9720605587888242, "two-tailed": 0.05591888162236755}}