{"Q13555": {"Enrichment": 0.15881682366352673, "Depletion": 0.8412031759364813, "two-tailed": 0.31763364732705346}}