{"Q13564": {"Enrichment": 0.04705905881882362, "Depletion": 0.9529609407811844, "two-tailed": 0.09411811763764724}}