{"Q13509": {"Enrichment": 0.8058038839223216, "Depletion": 0.19421611567768646, "two-tailed": 0.3884322313553729}}