{"Q13564": {"Enrichment": 0.06621867562648746, "Depletion": 0.9338013239735206, "two-tailed": 0.13243735125297493}}