{"Q13557": {"Enrichment": 0.14269714605707887, "Depletion": 0.8573228535429291, "two-tailed": 0.28539429211415773}}