{"Q13569": {"Enrichment": 0.5069698606027879, "Depletion": 0.49305013899722006, "two-tailed": 0.9861002779944401}}