{"Q13526": {"Enrichment": 0.054358912821743564, "Depletion": 0.9456610867782644, "two-tailed": 0.10871782564348713}}