{"Q13572": {"Enrichment": 0.6959260814783704, "Depletion": 0.30409391812163755, "two-tailed": 0.6081878362432751}}