{"Q13523": {"Enrichment": 0.12883742325153497, "Depletion": 0.8711825763484731, "two-tailed": 0.25767484650306993}}