{"Q13523": {"Enrichment": 0.19855602887942242, "Depletion": 0.8014639707205856, "two-tailed": 0.39711205775884484}}