{"Q13510": {"Enrichment": 0.31905361892762146, "Depletion": 0.6809663806723866, "two-tailed": 0.6381072378552429}}