{"Q13555": {"Enrichment": 0.3348133037339253, "Depletion": 0.6652066958660827, "two-tailed": 0.6696266074678506}}