{"Q13569": {"Enrichment": 0.504309913801724, "Depletion": 0.495710085798284, "two-tailed": 0.991420171596568}}