{"Q13554": {"Enrichment": 0.06163876722465551, "Depletion": 0.9383812323753525, "two-tailed": 0.12327753444931101}}