{"Q13572": {"Enrichment": 0.24407511849763006, "Depletion": 0.755944881102378, "two-tailed": 0.4881502369952601}}