{"Q13547": {"Enrichment": 0.03267934641307174, "Depletion": 0.9673406531869363, "two-tailed": 0.06535869282614348}}