{"Q13563": {"Enrichment": 0.7072458550828984, "Depletion": 0.29277414451710965, "two-tailed": 0.5855482890342193}}