{"Q13614": {"Enrichment": 0.10665786684266315, "Depletion": 0.8933621327573449, "two-tailed": 0.2133157336853263}}