{"Q13614": {"Enrichment": 0.10733785324293514, "Depletion": 0.8926821463570729, "two-tailed": 0.21467570648587028}}