{"Q13627": {"Enrichment": 0.09785804283914322, "Depletion": 0.9021619567608647, "two-tailed": 0.19571608567828644}}