{"Q13635": {"Enrichment": 0.0764584708305834, "Depletion": 0.9235615287694247, "two-tailed": 0.1529169416611668}}