{"Q13630": {"Enrichment": 0.07755844883102338, "Depletion": 0.9224615507689846, "two-tailed": 0.15511689766204675}}