{"Q13637": {"Enrichment": 0.3233335333293334, "Depletion": 0.6766864662706746, "two-tailed": 0.6466670666586668}}