{"Q13637": {"Enrichment": 0.38373232535349294, "Depletion": 0.6162876742465151, "two-tailed": 0.7674646507069859}}