{"Q13686": {"Enrichment": 0.3130737385252295, "Depletion": 0.6869462610747785, "two-tailed": 0.626147477050459}}