{"Q13636": {"Enrichment": 0.5251694966100678, "Depletion": 0.4748505029899402, "two-tailed": 0.9497010059798804}}