{"Q13630": {"Enrichment": 0.09279814403711925, "Depletion": 0.9072218555628887, "two-tailed": 0.1855962880742385}}