{"Q13613": {"Enrichment": 0.505989880202396, "Depletion": 0.49403011939761204, "two-tailed": 0.9880602387952241}}