{"Q13613": {"Enrichment": 0.5086698266034679, "Depletion": 0.49135017299654005, "two-tailed": 0.9827003459930801}}