{"Q13636": {"Enrichment": 0.6519669606607867, "Depletion": 0.34805303893922124, "two-tailed": 0.6961060778784425}}