{"Q13625": {"Enrichment": 0.21565568688626227, "Depletion": 0.7843643127137457, "two-tailed": 0.43131137377252454}}