{"Q13740": {"Enrichment": 0.02235955280894382, "Depletion": 0.9776604467910642, "two-tailed": 0.04471910561788764}}