{"Q13740": {"Enrichment": 0.022839543209135817, "Depletion": 0.9771804563908721, "two-tailed": 0.04567908641827163}}