{"Q13882": {"Enrichment": 0.3218335633287334, "Depletion": 0.6781864362712746, "two-tailed": 0.6436671266574668}}