{"Q13873": {"Enrichment": 0.034319313613727725, "Depletion": 0.9657006859862802, "two-tailed": 0.06863862722745545}}