{"Q13822": {"Enrichment": 0.37881242375152496, "Depletion": 0.6212075758484831, "two-tailed": 0.7576248475030499}}