{"Q13873": {"Enrichment": 0.42707145857082857, "Depletion": 0.5729485410291795, "two-tailed": 0.8541429171416571}}