{"Q13907": {"Enrichment": 0.01839963200735985, "Depletion": 0.9816203675926481, "two-tailed": 0.0367992640147197}}