{"Q13976": {"Enrichment": 0.013419731605367892, "Depletion": 0.9866002679946401, "two-tailed": 0.026839463210735784}}