{"Q14004": {"Enrichment": 0.9440811183776324, "Depletion": 0.05593888122237555, "two-tailed": 0.1118777624447511}}