{"Q14160": {"Enrichment": 0.7616047679046419, "Depletion": 0.2384152316953661, "two-tailed": 0.4768304633907322}}