{"Q14145": {"Enrichment": 0.32283354332913344, "Depletion": 0.6771864562708746, "two-tailed": 0.6456670866582669}}