{"Q14116": {"Enrichment": 0.5905081898362032, "Depletion": 0.40951180976380475, "two-tailed": 0.8190236195276095}}