{"Q14185": {"Enrichment": 0.9953600927981441, "Depletion": 0.0046599068018639625, "two-tailed": 0.009319813603727925}}