{"Q14145": {"Enrichment": 0.1745365092698146, "Depletion": 0.8254834903301934, "two-tailed": 0.3490730185396292}}