{"Q14117": {"Enrichment": 0.24229515409691807, "Depletion": 0.7577248455030899, "two-tailed": 0.48459030819383614}}