{"Q14117": {"Enrichment": 0.24349513009739807, "Depletion": 0.75652486950261, "two-tailed": 0.48699026019479613}}