{"Q14142": {"Enrichment": 0.5767084658306834, "Depletion": 0.4233115337693246, "two-tailed": 0.8466230675386492}}