{"Q14191": {"Enrichment": 0.012259754804903902, "Depletion": 0.987760244795104, "two-tailed": 0.024519509609807803}}