{"Q14191": {"Enrichment": 0.14769704605907882, "Depletion": 0.8523229535409291, "two-tailed": 0.29539409211815765}}