{"Q14149": {"Enrichment": 0.042179156416871665, "Depletion": 0.9578408431831363, "two-tailed": 0.08435831283374333}}