{"Q14108": {"Enrichment": 0.39769204615907683, "Depletion": 0.6023279534409312, "two-tailed": 0.7953840923181537}}