{"Q14142": {"Enrichment": 0.7723245535089298, "Depletion": 0.22769544609107817, "two-tailed": 0.45539089218215634}}