{"Q14258": {"Enrichment": 0.75452490950181, "Depletion": 0.24549509009819803, "two-tailed": 0.49099018019639606}}