{"Q14397": {"Enrichment": 0.14185716285674285, "Depletion": 0.8581628367432651, "two-tailed": 0.2837143257134857}}