{"Q14353": {"Enrichment": 0.3360132797344053, "Depletion": 0.6640067198656027, "two-tailed": 0.6720265594688106}}