{"Q14397": {"Enrichment": 0.06415871682566349, "Depletion": 0.9358612827743445, "two-tailed": 0.12831743365132697}}