{"Q14498": {"Enrichment": 0.11525769484610308, "Depletion": 0.8847623047539049, "two-tailed": 0.23051538969220617}}