{"Q14498": {"Enrichment": 0.05297894042119158, "Depletion": 0.9470410591788164, "two-tailed": 0.10595788084238315}}