{"Q14416": {"Enrichment": 0.8994020119597608, "Depletion": 0.1006179876402472, "two-tailed": 0.2012359752804944}}