{"Q14416": {"Enrichment": 0.9559008819823603, "Depletion": 0.04411911761764765, "two-tailed": 0.0882382352352953}}