{"Q14596": {"Enrichment": 0.9890402191956161, "Depletion": 0.010979780404391912, "two-tailed": 0.021959560808783824}}