{"Q14534": {"Enrichment": 1.999960000799984e-05, "Depletion": 1.0, "two-tailed": 3.999920001599968e-05}}