{"Q14653": {"Enrichment": 0.3981120377592448, "Depletion": 0.6019079618407632, "two-tailed": 0.7962240755184896}}