{"Q14623": {"Enrichment": 0.996480070398592, "Depletion": 0.003539929201415972, "two-tailed": 0.007079858402831944}}