{"Q14653": {"Enrichment": 0.7650646987060259, "Depletion": 0.23495530089398212, "two-tailed": 0.46991060178796423}}