{"Q14623": {"Enrichment": 0.9960000799984, "Depletion": 0.004019919601607968, "two-tailed": 0.008039839203215935}}