{"Q14728": {"Enrichment": 0.14129717405651887, "Depletion": 0.8587228255434891, "two-tailed": 0.28259434811303774}}