{"Q14749": {"Enrichment": 0.8520629587408252, "Depletion": 0.14795704085918282, "two-tailed": 0.29591408171836564}}