{"Q14728": {"Enrichment": 0.19617607647847043, "Depletion": 0.8038439231215375, "two-tailed": 0.39235215295694087}}