{"Q14894": {"Enrichment": 0.4008919821603568, "Depletion": 0.5991280174396512, "two-tailed": 0.8017839643207136}}