{"Q14894": {"Enrichment": 0.8167836643267135, "Depletion": 0.18323633527329453, "two-tailed": 0.36647267054658905}}