{"Q14914": {"Enrichment": 0.3243135137297254, "Depletion": 0.6757064858702826, "two-tailed": 0.6486270274594508}}