{"Q15063": {"Enrichment": 0.10153796924061519, "Depletion": 0.8984820303593928, "two-tailed": 0.20307593848123037}}