{"Q15029": {"Enrichment": 0.09659806803863923, "Depletion": 0.9034219315613687, "two-tailed": 0.19319613607727845}}