{"Q15046": {"Enrichment": 0.0873982520349593, "Depletion": 0.9126217475650487, "two-tailed": 0.1747965040699186}}