{"Q15126": {"Enrichment": 0.3585528289434211, "Depletion": 0.6414671706565869, "two-tailed": 0.7171056578868422}}