{"Q15116": {"Enrichment": 0.07907841843163137, "Depletion": 0.9209415811683767, "two-tailed": 0.15815683686326273}}