{"Q15126": {"Enrichment": 0.35913281734365315, "Depletion": 0.6408871822563549, "two-tailed": 0.7182656346873063}}