{"Q15120": {"Enrichment": 0.1358772824543509, "Depletion": 0.864142717145657, "two-tailed": 0.2717545649087018}}