{"Q15120": {"Enrichment": 0.13157736845263096, "Depletion": 0.8684426311473771, "two-tailed": 0.2631547369052619}}