{"Q15109": {"Enrichment": 0.03629927401451971, "Depletion": 0.9637207255854883, "two-tailed": 0.07259854802903942}}