{"Q15185": {"Enrichment": 0.3174336513269735, "Depletion": 0.6825863482730345, "two-tailed": 0.634867302653947}}