{"Q15119": {"Enrichment": 0.22243555128897421, "Depletion": 0.7775844483110338, "two-tailed": 0.44487110257794843}}