{"Q15208": {"Enrichment": 0.18441631167376651, "Depletion": 0.8156036879262415, "two-tailed": 0.36883262334753303}}