{"Q15286": {"Enrichment": 0.751104977900442, "Depletion": 0.248915021699566, "two-tailed": 0.497830043399132}}