{"Q15223": {"Enrichment": 0.9923801523969521, "Depletion": 0.007639847203055939, "two-tailed": 0.015279694406111878}}