{"Q15208": {"Enrichment": 0.06779864402711945, "Depletion": 0.9322213555728885, "two-tailed": 0.1355972880542389}}