{"Q15262": {"Enrichment": 0.5661286774264515, "Depletion": 0.4338913221735565, "two-tailed": 0.867782644347113}}