{"Q15286": {"Enrichment": 0.7088058238835223, "Depletion": 0.29121417571648567, "two-tailed": 0.5824283514329713}}