{"Q15291": {"Enrichment": 0.4900701985960281, "Depletion": 0.5099498010039799, "two-tailed": 0.9801403971920561}}