{"Q15256": {"Enrichment": 0.5517689646207076, "Depletion": 0.4482510349793004, "two-tailed": 0.8965020699586008}}