{"Q15208": {"Enrichment": 0.07457850842983141, "Depletion": 0.9254414911701766, "two-tailed": 0.14915701685966282}}