{"Q15262": {"Enrichment": 0.48917021659566806, "Depletion": 0.5108497830043399, "two-tailed": 0.9783404331913361}}