{"Q15223": {"Enrichment": 0.9928401431971361, "Depletion": 0.0071798564028719425, "two-tailed": 0.014359712805743885}}