{"Q15303": {"Enrichment": 0.9315613687726245, "Depletion": 0.06845863082738345, "two-tailed": 0.1369172616547669}}