{"Q15382": {"Enrichment": 0.31957360852782946, "Depletion": 0.6804463910721785, "two-tailed": 0.6391472170556589}}