{"Q15363": {"Enrichment": 0.7213055738885222, "Depletion": 0.27871442571148575, "two-tailed": 0.5574288514229715}}