{"Q15418": {"Enrichment": 0.14051718965620688, "Depletion": 0.8595028099438011, "two-tailed": 0.28103437931241376}}