{"Q15485": {"Enrichment": 0.9934001319973601, "Depletion": 0.006619867602647947, "two-tailed": 0.013239735205295894}}