{"Q15493": {"Enrichment": 0.037059258814823706, "Depletion": 0.9629607407851843, "two-tailed": 0.07411851762964741}}