{"Q15485": {"Enrichment": 0.9929401411971761, "Depletion": 0.007079858402831944, "two-tailed": 0.014159716805663887}}