{"Q15582": {"Enrichment": 0.6383272334553309, "Depletion": 0.3616927661446771, "two-tailed": 0.7233855322893542}}