{"Q15599": {"Enrichment": 0.36993260134797307, "Depletion": 0.630087398252035, "two-tailed": 0.7398652026959461}}