{"Q155Q3": {"Enrichment": 0.4673506529869403, "Depletion": 0.5326693466130678, "two-tailed": 0.9347013059738806}}