{"Q15582": {"Enrichment": 0.5091298174036519, "Depletion": 0.49089018219635605, "two-tailed": 0.9817803643927121}}