{"Q15691": {"Enrichment": 0.5843083138337233, "Depletion": 0.4157116857662847, "two-tailed": 0.8314233715325694}}