{"Q15652": {"Enrichment": 0.7369052618947621, "Depletion": 0.2631147377052459, "two-tailed": 0.5262294754104918}}