{"Q15661": {"Enrichment": 0.42123157536849265, "Depletion": 0.5787884242315153, "two-tailed": 0.8424631507369853}}