{"Q15652": {"Enrichment": 0.6117677646447071, "Depletion": 0.38825223495530087, "two-tailed": 0.7765044699106017}}