{"Q15691": {"Enrichment": 0.20571588568228635, "Depletion": 0.7943041139177216, "two-tailed": 0.4114317713645727}}