{"Q15759": {"Enrichment": 0.5451490970180597, "Depletion": 0.45487090258194834, "two-tailed": 0.9097418051638967}}