{"Q15771": {"Enrichment": 0.4650506989860203, "Depletion": 0.5349693006139877, "two-tailed": 0.9301013979720406}}