{"Q15717": {"Enrichment": 0.9111817763644727, "Depletion": 0.0888382232355353, "two-tailed": 0.1776764464710706}}