{"Q15771": {"Enrichment": 0.744645107097858, "Depletion": 0.25537489250214995, "two-tailed": 0.5107497850042999}}