{"Q15782": {"Enrichment": 0.1618367632647347, "Depletion": 0.8381832363352733, "two-tailed": 0.3236735265294694}}