{"Q15782": {"Enrichment": 0.2806143877122457, "Depletion": 0.7194056118877622, "two-tailed": 0.5612287754244915}}