{"Q15717": {"Enrichment": 0.8626027479450411, "Depletion": 0.1374172516549669, "two-tailed": 0.2748345033099338}}