{"Q15759": {"Enrichment": 0.3065138697226055, "Depletion": 0.6935061298774025, "two-tailed": 0.613027739445211}}