{"Q15907": {"Enrichment": 0.4847303053938921, "Depletion": 0.5152896942061159, "two-tailed": 0.9694606107877842}}