{"Q15904": {"Enrichment": 0.4848303033939321, "Depletion": 0.5151896962060759, "two-tailed": 0.9696606067878643}}