{"Q15907": {"Enrichment": 0.6741865162696746, "Depletion": 0.3258334833303334, "two-tailed": 0.6516669666606668}}