{"Q16222": {"Enrichment": 0.05493890122197556, "Depletion": 0.9450810983780324, "two-tailed": 0.10987780244395112}}