{"Q16222": {"Enrichment": 0.03327933441331173, "Depletion": 0.9667406651866962, "two-tailed": 0.06655866882662347}}