{"Q16539": {"Enrichment": 0.22217555648887022, "Depletion": 0.7778444431111378, "two-tailed": 0.44435111297774044}}