{"Q16555": {"Enrichment": 0.05891882162356753, "Depletion": 0.9411011779764404, "two-tailed": 0.11783764324713505}}