{"Q16555": {"Enrichment": 0.048319033619327614, "Depletion": 0.9517009659806804, "two-tailed": 0.09663806723865523}}