{"Q16513": {"Enrichment": 0.052158956820863585, "Depletion": 0.9478610427791444, "two-tailed": 0.10431791364172717}}