{"Q16552": {"Enrichment": 0.9414211715765685, "Depletion": 0.058598828023439534, "two-tailed": 0.11719765604687907}}