{"Q16513": {"Enrichment": 0.0013999720005599889, "Depletion": 0.998620027599448, "two-tailed": 0.0027999440011199778}}