{"Q16690": {"Enrichment": 0.5409491810163797, "Depletion": 0.4590708185836283, "two-tailed": 0.9181416371672566}}