{"Q16611": {"Enrichment": 0.027839443211135777, "Depletion": 0.9721805563888722, "two-tailed": 0.055678886422271555}}