{"Q16620": {"Enrichment": 0.1753964920701586, "Depletion": 0.8246235075298494, "two-tailed": 0.3507929841403172}}