{"Q16643": {"Enrichment": 0.06709865802683947, "Depletion": 0.9329213415731685, "two-tailed": 0.13419731605367893}}