{"Q16671": {"Enrichment": 0.1601167976640467, "Depletion": 0.8399032019359612, "two-tailed": 0.3202335953280934}}