{"Q16666": {"Enrichment": 0.7933441331173376, "Depletion": 0.20667586648267033, "two-tailed": 0.41335173296534067}}