{"Q16666": {"Enrichment": 0.7937441251174977, "Depletion": 0.20627587448251036, "two-tailed": 0.4125517489650207}}