{"Q16647": {"Enrichment": 0.371412571748565, "Depletion": 0.628607427851443, "two-tailed": 0.74282514349713}}