{"Q16671": {"Enrichment": 0.5412091758164836, "Depletion": 0.45881082378352434, "two-tailed": 0.9176216475670487}}