{"Q16611": {"Enrichment": 0.4886102277954441, "Depletion": 0.5114097718045639, "two-tailed": 0.9772204555908882}}