{"Q16696": {"Enrichment": 0.01133977320453591, "Depletion": 0.988680226395472, "two-tailed": 0.02267954640907182}}