{"Q16651": {"Enrichment": 0.9222415551688966, "Depletion": 0.07777844443111137, "two-tailed": 0.15555688886222274}}