{"Q16690": {"Enrichment": 0.5353292934141317, "Depletion": 0.46469070618587627, "two-tailed": 0.9293814123717525}}