{"Q16775": {"Enrichment": 0.5852082958340833, "Depletion": 0.4148117037659247, "two-tailed": 0.8296234075318494}}