{"Q16775": {"Enrichment": 0.2603147937041259, "Depletion": 0.7397052058958821, "two-tailed": 0.5206295874082518}}