{"Q16769": {"Enrichment": 0.2822743545129097, "Depletion": 0.7177456450870983, "two-tailed": 0.5645487090258194}}