{"Q16769": {"Enrichment": 0.14691706165876683, "Depletion": 0.8531029379412411, "two-tailed": 0.29383412331753367}}