{"Q16769": {"Enrichment": 0.1134377312453751, "Depletion": 0.8865822683546329, "two-tailed": 0.2268754624907502}}