{"Q16881": {"Enrichment": 0.8196236075278495, "Depletion": 0.18039639207215855, "two-tailed": 0.3607927841443171}}