{"Q16829": {"Enrichment": 0.4647707045859083, "Depletion": 0.5352492950140997, "two-tailed": 0.9295414091718166}}