{"Q16831": {"Enrichment": 0.14589708205835883, "Depletion": 0.8541229175416492, "two-tailed": 0.29179416411671766}}