{"Q16829": {"Enrichment": 0.4658106837863243, "Depletion": 0.5342093158136837, "two-tailed": 0.9316213675726486}}