{"Q16829": {"Enrichment": 0.4613107737845243, "Depletion": 0.5387092258154836, "two-tailed": 0.9226215475690486}}