{"Q16875": {"Enrichment": 0.035299294014119714, "Depletion": 0.9647207055858883, "two-tailed": 0.07059858802823943}}