{"Q16881": {"Enrichment": 0.6462270754584908, "Depletion": 0.3537929241415172, "two-tailed": 0.7075858482830344}}