{"Q16854": {"Enrichment": 0.6124677506449872, "Depletion": 0.3875522489550209, "two-tailed": 0.7751044979100418}}