{"Q16828": {"Enrichment": 0.7335453290934182, "Depletion": 0.26647467050658985, "two-tailed": 0.5329493410131797}}