{"Q16853": {"Enrichment": 0.4106517869642607, "Depletion": 0.5893682126357472, "two-tailed": 0.8213035739285214}}