{"Q16878": {"Enrichment": 0.07385852282954342, "Depletion": 0.9261614767704646, "two-tailed": 0.14771704565908683}}