{"Q16875": {"Enrichment": 0.0012799744005119898, "Depletion": 0.998740025199496, "two-tailed": 0.0025599488010239796}}