{"Q16831": {"Enrichment": 0.15809683806323874, "Depletion": 0.8419231615367693, "two-tailed": 0.3161936761264775}}