{"Q16820": {"Enrichment": 0.3128337433251335, "Depletion": 0.6871862562748745, "two-tailed": 0.625667486650267}}