{"Q16850": {"Enrichment": 0.5388492230155397, "Depletion": 0.4611707765844683, "two-tailed": 0.9223415531689366}}