{"Q16827": {"Enrichment": 0.5305693886122278, "Depletion": 0.46945061098778024, "two-tailed": 0.9389012219755605}}