{"Q16820": {"Enrichment": 0.04147917041659167, "Depletion": 0.9585408291834163, "two-tailed": 0.08295834083318333}}