{"Q16881": {"Enrichment": 0.8127437451250975, "Depletion": 0.1872762544749105, "two-tailed": 0.374552508949821}}