{"Q2M2I8": {"Enrichment": 0.18343633127337453, "Depletion": 0.8165836683266334, "two-tailed": 0.36687266254674905}}