{"Q2M2I8": {"Enrichment": 0.18099638007239854, "Depletion": 0.8190236195276095, "two-tailed": 0.3619927601447971}}