{"Q2TAK8": {"Enrichment": 0.7415051698966021, "Depletion": 0.25851482970340595, "two-tailed": 0.5170296594068119}}