{"Q2TAK8": {"Enrichment": 0.7375252494950101, "Depletion": 0.2624947501049979, "two-tailed": 0.5249895002099958}}