{"Q2TBA0": {"Enrichment": 0.1493370132597348, "Depletion": 0.8506829863402732, "two-tailed": 0.2986740265194696}}