{"Q2TBA0": {"Enrichment": 0.5955880882382353, "Depletion": 0.40443191136177276, "two-tailed": 0.8088638227235455}}