{"Q460N3": {"Enrichment": 0.0005399892002159956, "Depletion": 0.999480010399792, "two-tailed": 0.0010799784004319913}}