{"Q460N5": {"Enrichment": 0.03977920441591168, "Depletion": 0.9602407951840963, "two-tailed": 0.07955840883182336}}