{"Q460N5": {"Enrichment": 0.1852762944741105, "Depletion": 0.8147437051258974, "two-tailed": 0.370552588948221}}