{"Q4G0W2": {"Enrichment": 0.8199636007279855, "Depletion": 0.18005639887202257, "two-tailed": 0.36011279774404514}}