{"Q53FA7": {"Enrichment": 0.3147337053258935, "Depletion": 0.6852862942741145, "two-tailed": 0.629467410651787}}