{"Q53FA7": {"Enrichment": 0.36475270494590106, "Depletion": 0.6352672946541069, "two-tailed": 0.7295054098918021}}