{"Q53G59": {"Enrichment": 0.13147737045259095, "Depletion": 0.8685426291474171, "two-tailed": 0.2629547409051819}}