{"Q53H82": {"Enrichment": 0.6652866942661146, "Depletion": 0.33473330533389334, "two-tailed": 0.6694666106677867}}