{"Q53H47": {"Enrichment": 0.09567808643827123, "Depletion": 0.9043419131617367, "two-tailed": 0.19135617287654247}}