{"Q53H47": {"Enrichment": 0.26469470610587786, "Depletion": 0.7353252934941301, "two-tailed": 0.5293894122117557}}