{"Q5FWF5": {"Enrichment": 0.875562488750225, "Depletion": 0.124457510849783, "two-tailed": 0.248915021699566}}