{"Q5H9F3": {"Enrichment": 0.7879842403151937, "Depletion": 0.2120357592848143, "two-tailed": 0.4240715185696286}}