{"Q5H9F3": {"Enrichment": 0.6015879682406352, "Depletion": 0.39843203135937283, "two-tailed": 0.7968640627187457}}