{"Q5JRX3": {"Enrichment": 0.26607467850642985, "Depletion": 0.7339453210935781, "two-tailed": 0.5321493570128597}}