{"Q5JRX3": {"Enrichment": 0.44823103537929243, "Depletion": 0.5517889642207155, "two-tailed": 0.8964620707585849}}