{"Q5JSS6": {"Enrichment": 0.2651346973060539, "Depletion": 0.7348853022939541, "two-tailed": 0.5302693946121078}}