{"Q5JSS6": {"Enrichment": 0.26761464770704585, "Depletion": 0.7324053518929622, "two-tailed": 0.5352292954140917}}