{"Q5R372": {"Enrichment": 0.31863362732745343, "Depletion": 0.6813863722725545, "two-tailed": 0.6372672546549069}}