{"Q5SRI9": {"Enrichment": 0.032699346013079736, "Depletion": 0.9673206535869283, "two-tailed": 0.06539869202615947}}