{"Q5SRE7": {"Enrichment": 0.013579728405431892, "Depletion": 0.9864402711945761, "two-tailed": 0.027159456810863784}}