{"Q5SRE7": {"Enrichment": 0.013999720005599889, "Depletion": 0.9860202795944081, "two-tailed": 0.027999440011199778}}