{"Q5T0W9": {"Enrichment": 0.7710045799084019, "Depletion": 0.22901541969160616, "two-tailed": 0.4580308393832123}}