{"Q5T0W9": {"Enrichment": 0.7723445531089378, "Depletion": 0.2276754464910702, "two-tailed": 0.4553508929821404}}