{"Q5T4W7": {"Enrichment": 0.9382212355752885, "Depletion": 0.0617987640247195, "two-tailed": 0.123597528049439}}