{"Q5T9L3": {"Enrichment": 0.6964860702785944, "Depletion": 0.3035339293214136, "two-tailed": 0.6070678586428272}}