{"Q5T9L3": {"Enrichment": 0.6536869262614747, "Depletion": 0.34633307333853325, "two-tailed": 0.6926661466770665}}