{"Q5TCY1": {"Enrichment": 0.5296094078118437, "Depletion": 0.47041059178816425, "two-tailed": 0.9408211835763285}}