{"Q5TDH0": {"Enrichment": 0.6379472410551789, "Depletion": 0.3620727585448291, "two-tailed": 0.7241455170896582}}