{"Q5TDH0": {"Enrichment": 0.6370672586548269, "Depletion": 0.3629527409451811, "two-tailed": 0.7259054818903622}}