{"Q5VT66": {"Enrichment": 0.0002799944001119978, "Depletion": 0.999740005199896, "two-tailed": 0.0005599888002239956}}