{"Q5VVY1": {"Enrichment": 0.15425691486170276, "Depletion": 0.8457630847383052, "two-tailed": 0.3085138297234055}}