{"Q5VWK5": {"Enrichment": 0.873642527149457, "Depletion": 0.12637747245055098, "two-tailed": 0.25275494490110195}}