{"Q5VWZ2": {"Enrichment": 0.8980420391592168, "Depletion": 0.10197796044079119, "two-tailed": 0.20395592088158238}}