{"Q5VWZ2": {"Enrichment": 0.8944821103577928, "Depletion": 0.10553788924221516, "two-tailed": 0.21107577848443032}}