{"Q5VWZ2": {"Enrichment": 0.9654206915861683, "Depletion": 0.03459930801383972, "two-tailed": 0.06919861602767945}}