{"Q5VYS8": {"Enrichment": 0.6974860502789945, "Depletion": 0.3025339493210136, "two-tailed": 0.6050678986420271}}