{"Q5VYX0": {"Enrichment": 0.2140157196856063, "Depletion": 0.7860042799144017, "two-tailed": 0.4280314393712126}}