{"Q5VYS8": {"Enrichment": 0.6973260534789304, "Depletion": 0.3026939461210776, "two-tailed": 0.6053878922421552}}