{"Q5VZV1": {"Enrichment": 0.40671186576268475, "Depletion": 0.5933081338373233, "two-tailed": 0.8134237315253695}}