{"Q5XUX0": {"Enrichment": 0.32833343333133336, "Depletion": 0.6716865662686746, "two-tailed": 0.6566668666626667}}