{"Q676U5": {"Enrichment": 0.22679546409071819, "Depletion": 0.7732245355092898, "two-tailed": 0.45359092818143637}}