{"Q68D85": {"Enrichment": 0.0992980140397192, "Depletion": 0.9007219855602888, "two-tailed": 0.1985960280794384}}