{"Q68J44": {"Enrichment": 0.2232355352892942, "Depletion": 0.7767844643107138, "two-tailed": 0.4464710705785884}}