{"Q68J44": {"Enrichment": 0.30563388732225355, "Depletion": 0.6943861122777545, "two-tailed": 0.6112677746445071}}