{"Q695T7": {"Enrichment": 0.00997980040399192, "Depletion": 0.990040199196016, "two-tailed": 0.01995960080798384}}