{"Q6B0I6": {"Enrichment": 0.13453730925381494, "Depletion": 0.8654826903461931, "two-tailed": 0.26907461850762987}}