{"Q6B8I1": {"Enrichment": 0.5899682006359873, "Depletion": 0.4100517989640207, "two-tailed": 0.8201035979280414}}