{"Q6B8I1": {"Enrichment": 0.5880482390352193, "Depletion": 0.4119717605647887, "two-tailed": 0.8239435211295774}}