{"Q6B8I1": {"Enrichment": 0.5920281594368113, "Depletion": 0.40799184016319673, "two-tailed": 0.8159836803263935}}