{"Q6DD88": {"Enrichment": 0.3375532489350213, "Depletion": 0.6624667506649867, "two-tailed": 0.6751064978700426}}