{"Q6DD88": {"Enrichment": 0.3403731925361493, "Depletion": 0.6596468070638587, "two-tailed": 0.6807463850722986}}