{"Q6DN90": {"Enrichment": 0.10543789124217516, "Depletion": 0.8945821083578328, "two-tailed": 0.21087578248435032}}