{"Q6EIG7": {"Enrichment": 0.19427611447771045, "Depletion": 0.8057438851222976, "two-tailed": 0.3885522289554209}}