{"Q6EIG7": {"Enrichment": 0.747285054298914, "Depletion": 0.25273494530109397, "two-tailed": 0.5054698906021879}}