{"Q6IA69": {"Enrichment": 0.14559708805823884, "Depletion": 0.8544229115417692, "two-tailed": 0.2911941761164777}}