{"Q6IBS0": {"Enrichment": 0.32765344693106135, "Depletion": 0.6723665526689466, "two-tailed": 0.6553068938621227}}