{"Q6IQ22": {"Enrichment": 0.752084958300834, "Depletion": 0.247935041299174, "two-tailed": 0.495870082598348}}