{"Q6IQ20": {"Enrichment": 0.08095838083238335, "Depletion": 0.9190616187676246, "two-tailed": 0.1619167616647667}}