{"Q6N021": {"Enrichment": 0.124557508849823, "Depletion": 0.875462490750185, "two-tailed": 0.249115017699646}}