{"Q6NS38": {"Enrichment": 0.09679806403871923, "Depletion": 0.9032219355612888, "two-tailed": 0.19359612807743845}}