{"Q6NS38": {"Enrichment": 0.25187496250075, "Depletion": 0.7481450370992581, "two-tailed": 0.5037499250015}}