{"Q6NUJ5": {"Enrichment": 0.028079438411231776, "Depletion": 0.9719405611887763, "two-tailed": 0.05615887682246355}}