{"Q6NUJ5": {"Enrichment": 0.028459430811383774, "Depletion": 0.9715605687886242, "two-tailed": 0.05691886162276755}}