{"Q6NYC1": {"Enrichment": 0.3215535689286214, "Depletion": 0.6784664306713866, "two-tailed": 0.6431071378572428}}