{"Q6NYC1": {"Enrichment": 0.36831263374732504, "Depletion": 0.631707365852683, "two-tailed": 0.7366252674946501}}