{"Q6P179": {"Enrichment": 0.8934021319573608, "Depletion": 0.10661786764264715, "two-tailed": 0.2132357352852943}}