{"Q6P179": {"Enrichment": 0.9286214275714486, "Depletion": 0.07139857202855943, "two-tailed": 0.14279714405711885}}