{"Q6P1N9": {"Enrichment": 0.4368712625747485, "Depletion": 0.5631487370252595, "two-tailed": 0.873742525149497}}