{"Q6P1N9": {"Enrichment": 0.5957280854382913, "Depletion": 0.4042919141617168, "two-tailed": 0.8085838283234336}}