{"Q6P179": {"Enrichment": 0.9280414391712166, "Depletion": 0.07197856042879143, "two-tailed": 0.14395712085758286}}