{"Q6P1M3": {"Enrichment": 0.25125497490050197, "Depletion": 0.748765024699506, "two-tailed": 0.5025099498010039}}