{"Q6P2Q9": {"Enrichment": 0.9467410651786964, "Depletion": 0.053278934421311576, "two-tailed": 0.10655786884262315}}