{"Q6P2Q9": {"Enrichment": 0.9933001339973201, "Depletion": 0.006719865602687947, "two-tailed": 0.013439731205375893}}