{"Q6P4F2": {"Enrichment": 0.7588848223035539, "Depletion": 0.24113517729645406, "two-tailed": 0.4822703545929081}}