{"Q6P4F2": {"Enrichment": 0.23049539009219816, "Depletion": 0.7695246095078099, "two-tailed": 0.4609907801843963}}