{"Q6P587": {"Enrichment": 0.012319753604927902, "Depletion": 0.9877002459950801, "two-tailed": 0.024639507209855804}}