{"Q6P6C2": {"Enrichment": 0.20473590528189436, "Depletion": 0.7952840943181136, "two-tailed": 0.40947181056378873}}