{"Q6P6C2": {"Enrichment": 0.505409891802164, "Depletion": 0.49461010779784403, "two-tailed": 0.9892202155956881}}