{"Q6P988": {"Enrichment": 0.09857802843943121, "Depletion": 0.9014419711605768, "two-tailed": 0.19715605687886242}}