{"Q6PHW0": {"Enrichment": 0.02091958160836783, "Depletion": 0.9791004179916402, "two-tailed": 0.04183916321673566}}