{"Q6PHW0": {"Enrichment": 0.02353952920941581, "Depletion": 0.9764804703905922, "two-tailed": 0.04707905841883162}}