{"Q6PJP8": {"Enrichment": 0.29643407131857363, "Depletion": 0.7035859282814344, "two-tailed": 0.5928681426371473}}