{"Q6PJP8": {"Enrichment": 0.31941361172776545, "Depletion": 0.6806063878722426, "two-tailed": 0.6388272234555309}}