{"Q6QEF8": {"Enrichment": 0.0006199876002479951, "Depletion": 0.99940001199976, "two-tailed": 0.0012399752004959902}}