{"Q6SZW1": {"Enrichment": 0.8834023319533609, "Depletion": 0.11661766764664706, "two-tailed": 0.23323533529329413}}