{"Q6SZW1": {"Enrichment": 0.9012619747605047, "Depletion": 0.09875802483950322, "two-tailed": 0.19751604967900643}}