{"Q6TDP4": {"Enrichment": 0.9053018939621208, "Depletion": 0.09471810563788724, "two-tailed": 0.18943621127577448}}