{"Q6TDP4": {"Enrichment": 0.6646467070658587, "Depletion": 0.3353732925341493, "two-tailed": 0.6707465850682987}}