{"Q6UWV6": {"Enrichment": 0.009279814403711926, "Depletion": 0.990740185196296, "two-tailed": 0.01855962880742385}}