{"Q6UWP2": {"Enrichment": 0.3611127777444451, "Depletion": 0.6389072218555629, "two-tailed": 0.7222255554888902}}