{"Q6UWP2": {"Enrichment": 0.7226455470890583, "Depletion": 0.2773744525109498, "two-tailed": 0.5547489050218996}}