{"Q6UXL0": {"Enrichment": 0.35359292814143717, "Depletion": 0.6464270714585708, "two-tailed": 0.7071858562828743}}