{"Q6V1X1": {"Enrichment": 0.6910061798764024, "Depletion": 0.30901381972360553, "two-tailed": 0.6180276394472111}}