{"Q6V1X1": {"Enrichment": 0.7422051558968821, "Depletion": 0.25781484370312596, "two-tailed": 0.5156296874062519}}