{"Q6VAB6": {"Enrichment": 0.026639467210655788, "Depletion": 0.9733805323893522, "two-tailed": 0.053278934421311576}}