{"Q6VAB6": {"Enrichment": 0.0252394952100958, "Depletion": 0.9747805043899122, "two-tailed": 0.0504789904201916}}