{"Q6YN16": {"Enrichment": 0.1723565528689426, "Depletion": 0.8276634467310654, "two-tailed": 0.3447131057378852}}