{"Q6YN16": {"Enrichment": 0.33149337013259733, "Depletion": 0.6685266294674107, "two-tailed": 0.6629867402651947}}