{"Q6YN16": {"Enrichment": 0.16925661486770266, "Depletion": 0.8307633847323054, "two-tailed": 0.3385132297354053}}