{"Q6ZMT4": {"Enrichment": 0.06707865842683146, "Depletion": 0.9329413411731765, "two-tailed": 0.13415731685366292}}