{"Q6ZMI3": {"Enrichment": 0.8896622067558649, "Depletion": 0.11035779284414311, "two-tailed": 0.22071558568828623}}