{"Q6ZMJ4": {"Enrichment": 0.0039799204015919685, "Depletion": 0.9960400791984161, "two-tailed": 0.007959840803183937}}