{"Q6ZMT4": {"Enrichment": 0.05469890602187956, "Depletion": 0.9453210935781284, "two-tailed": 0.10939781204375912}}