{"Q6ZMJ4": {"Enrichment": 0.003879922401551969, "Depletion": 0.996140077198456, "two-tailed": 0.007759844803103938}}