{"Q6ZMI3": {"Enrichment": 0.8369832603347933, "Depletion": 0.1630367392652147, "two-tailed": 0.3260734785304294}}