{"Q76I76": {"Enrichment": 0.751184976300474, "Depletion": 0.248835023299534, "two-tailed": 0.497670046599068}}