{"Q76I76": {"Enrichment": 0.7961240775184496, "Depletion": 0.20389592208155838, "two-tailed": 0.40779184416311676}}