{"Q76LX8": {"Enrichment": 0.03901921961560769, "Depletion": 0.9610007799844004, "two-tailed": 0.07803843923121538}}