{"Q7KZF4": {"Enrichment": 0.8327433451330973, "Depletion": 0.16727665446691067, "two-tailed": 0.33455330893382135}}