{"Q7KZF4": {"Enrichment": 0.7104457910841783, "Depletion": 0.28957420851582966, "two-tailed": 0.5791484170316593}}