{"Q7L1T6": {"Enrichment": 0.2797544049119018, "Depletion": 0.7202655946881062, "two-tailed": 0.5595088098238036}}