{"Q7L1T6": {"Enrichment": 0.3340733185336293, "Depletion": 0.6659466810663787, "two-tailed": 0.6681466370672586}}