{"Q7L576": {"Enrichment": 0.02397952040959181, "Depletion": 0.9760404791904161, "two-tailed": 0.04795904081918362}}