{"Q7L523": {"Enrichment": 0.22197556048879022, "Depletion": 0.7780444391112178, "two-tailed": 0.44395112097758044}}