{"Q7L576": {"Enrichment": 0.025259494810103797, "Depletion": 0.9747605047899042, "two-tailed": 0.050518989620207594}}