{"Q7L523": {"Enrichment": 0.22123557528849422, "Depletion": 0.7787844243115137, "two-tailed": 0.44247115057698844}}