{"Q7LBE3": {"Enrichment": 0.050858982820343596, "Depletion": 0.9491610167796644, "two-tailed": 0.10171796564068719}}