{"Q7LBC6": {"Enrichment": 0.7231655366892662, "Depletion": 0.2768544629107418, "two-tailed": 0.5537089258214836}}