{"Q7LBE3": {"Enrichment": 0.25663486730265395, "Depletion": 0.743385132297354, "two-tailed": 0.5132697346053079}}