{"Q7LBC6": {"Enrichment": 0.7121457570848583, "Depletion": 0.2878742425151497, "two-tailed": 0.5757484850302994}}