{"Q7LG56": {"Enrichment": 0.15987680246395072, "Depletion": 0.8401431971360572, "two-tailed": 0.31975360492790145}}