{"Q7RTP6": {"Enrichment": 0.48397032059358813, "Depletion": 0.5160496790064198, "two-tailed": 0.9679406411871763}}