{"Q7RTP6": {"Enrichment": 0.4852502949941001, "Depletion": 0.5147697046059079, "two-tailed": 0.9705005899882002}}