{"Q7Z2E3": {"Enrichment": 0.38477230455390893, "Depletion": 0.6152476950460991, "two-tailed": 0.7695446091078179}}