{"Q7Z2E3": {"Enrichment": 0.2823943521129577, "Depletion": 0.7176256474870503, "two-tailed": 0.5647887042259154}}