{"Q7Z3C6": {"Enrichment": 0.12355752884942302, "Depletion": 0.876462470750585, "two-tailed": 0.24711505769884604}}