{"Q7Z3T8": {"Enrichment": 0.9333213335733286, "Depletion": 0.06669866602667947, "two-tailed": 0.13339733205335894}}