{"Q7Z3T8": {"Enrichment": 0.9347013059738806, "Depletion": 0.06531869362612748, "two-tailed": 0.13063738725225496}}