{"Q7Z3C6": {"Enrichment": 0.12195756084878302, "Depletion": 0.878062438751225, "two-tailed": 0.24391512169756605}}