{"Q7Z4S6": {"Enrichment": 0.6717465650686987, "Depletion": 0.32827343453130936, "two-tailed": 0.6565468690626187}}