{"Q7Z4W1": {"Enrichment": 0.9350212995740085, "Depletion": 0.06499870002599949, "two-tailed": 0.12999740005199897}}