{"Q7Z4W1": {"Enrichment": 0.38499230015399694, "Depletion": 0.6150276994460111, "two-tailed": 0.7699846003079939}}