{"Q7Z4S6": {"Enrichment": 0.6691866162676746, "Depletion": 0.33083338333233336, "two-tailed": 0.6616667666646667}}