{"Q7Z406": {"Enrichment": 0.7462050758984821, "Depletion": 0.253814923701526, "two-tailed": 0.507629847403052}}