{"Q7Z5Q5": {"Enrichment": 0.6787064258714826, "Depletion": 0.3213135737285254, "two-tailed": 0.6426271474570509}}