{"Q7Z624": {"Enrichment": 0.9767004659906802, "Depletion": 0.023319533609327814, "two-tailed": 0.04663906721865563}}