{"Q86SR1": {"Enrichment": 0.24111517769644608, "Depletion": 0.7589048219035619, "two-tailed": 0.48223035539289216}}