{"Q86SQ9": {"Enrichment": 0.2358752824943501, "Depletion": 0.7641447171056579, "two-tailed": 0.4717505649887002}}