{"Q86SX6": {"Enrichment": 0.00873982520349593, "Depletion": 0.9912801743965121, "two-tailed": 0.01747965040699186}}