{"Q86TU7": {"Enrichment": 0.866442671146577, "Depletion": 0.13357732845343093, "two-tailed": 0.26715465690686185}}