{"Q86UY5": {"Enrichment": 0.06787864242715146, "Depletion": 0.9321413571728565, "two-tailed": 0.1357572848543029}}