{"Q86UE8": {"Enrichment": 0.14003719925601488, "Depletion": 0.8599828003439931, "two-tailed": 0.28007439851202975}}