{"Q86U86": {"Enrichment": 0.21789564208715825, "Depletion": 0.7821243575128497, "two-tailed": 0.4357912841743165}}