{"Q86U44": {"Enrichment": 0.09641807163856723, "Depletion": 0.9036019279614408, "two-tailed": 0.19283614327713447}}