{"Q86U86": {"Enrichment": 0.1383372332553349, "Depletion": 0.8616827663446731, "two-tailed": 0.2766744665106698}}