{"Q86U44": {"Enrichment": 0.20783584328313434, "Depletion": 0.7921841563168737, "two-tailed": 0.4156716865662687}}