{"Q86UE8": {"Enrichment": 0.020459590808183836, "Depletion": 0.9795604087918242, "two-tailed": 0.04091918161636767}}