{"Q86UY5": {"Enrichment": 0.06625867482650347, "Depletion": 0.9337613247735045, "two-tailed": 0.13251734965300693}}