{"Q86V88": {"Enrichment": 0.5386492270154597, "Depletion": 0.4613707725845483, "two-tailed": 0.9227415451690966}}