{"Q86V25": {"Enrichment": 0.0001399972000559989, "Depletion": 0.999880002399952, "two-tailed": 0.0002799944001119978}}