{"Q86VQ6": {"Enrichment": 0.8122837543249135, "Depletion": 0.1877362452750945, "two-tailed": 0.375472490550189}}