{"Q86V88": {"Enrichment": 0.5433691326173476, "Depletion": 0.45665086698266033, "two-tailed": 0.9133017339653207}}