{"Q86VQ6": {"Enrichment": 0.4643307133857323, "Depletion": 0.5356892862142757, "two-tailed": 0.9286614267714646}}