{"Q86V81": {"Enrichment": 0.879802403951921, "Depletion": 0.12021759564808704, "two-tailed": 0.24043519129617408}}