{"Q86W56": {"Enrichment": 0.5635487290254195, "Depletion": 0.4364712705745885, "two-tailed": 0.872942541149177}}