{"Q86W56": {"Enrichment": 0.5849883002339953, "Depletion": 0.4150316993660127, "two-tailed": 0.8300633987320254}}