{"Q86X55": {"Enrichment": 0.7206655866882662, "Depletion": 0.2793544129117418, "two-tailed": 0.5587088258234836}}