{"Q86X55": {"Enrichment": 0.7195856082878342, "Depletion": 0.28043439131217374, "two-tailed": 0.5608687826243475}}