{"Q86XE5": {"Enrichment": 0.5601687966240675, "Depletion": 0.4398512029759405, "two-tailed": 0.879702405951881}}