{"Q86Y78": {"Enrichment": 0.9785804283914322, "Depletion": 0.021439571208575828, "two-tailed": 0.042879142417151656}}