{"Q86Y78": {"Enrichment": 0.9792404151916961, "Depletion": 0.020779584408311833, "two-tailed": 0.041559168816623665}}