{"Q86Y38": {"Enrichment": 0.496170076598468, "Depletion": 0.50384992300154, "two-tailed": 0.992340153196936}}