{"Q86Y38": {"Enrichment": 0.6221275574488511, "Depletion": 0.37789244215115697, "two-tailed": 0.7557848843023139}}