{"Q86Y97": {"Enrichment": 0.06721865562688746, "Depletion": 0.9328013439731205, "two-tailed": 0.13443731125377492}}