{"Q86YV6": {"Enrichment": 0.17167656646867063, "Depletion": 0.8283434331313374, "two-tailed": 0.34335313293734127}}