{"Q86Y97": {"Enrichment": 0.06497870042599148, "Depletion": 0.9350412991740166, "two-tailed": 0.12995740085198296}}