{"Q86Y07": {"Enrichment": 0.05259894802103958, "Depletion": 0.9474210515789684, "two-tailed": 0.10519789604207916}}