{"Q8IUF8": {"Enrichment": 0.0043399132017359655, "Depletion": 0.995680086398272, "two-tailed": 0.008679826403471931}}