{"Q8IU60": {"Enrichment": 0.8038039239215216, "Depletion": 0.19621607567848642, "two-tailed": 0.39243215135697285}}