{"Q8IU60": {"Enrichment": 0.756984860302794, "Depletion": 0.24303513929721404, "two-tailed": 0.4860702785944281}}