{"Q8IVS2": {"Enrichment": 0.36149277014459713, "Depletion": 0.6385272294554108, "two-tailed": 0.7229855402891943}}