{"Q8IVS2": {"Enrichment": 0.0021799564008719826, "Depletion": 0.997840043199136, "two-tailed": 0.004359912801743965}}