{"Q8IVT5": {"Enrichment": 0.07051858962820744, "Depletion": 0.9295014099718005, "two-tailed": 0.14103717925641487}}