{"Q8IVH8": {"Enrichment": 0.12693746125077499, "Depletion": 0.873082538349233, "two-tailed": 0.25387492250154997}}