{"Q8IWU9": {"Enrichment": 0.7781044379112417, "Depletion": 0.22191556168876622, "two-tailed": 0.44383112337753244}}