{"Q8IWA4": {"Enrichment": 0.3655126897462051, "Depletion": 0.6345073098538029, "two-tailed": 0.7310253794924102}}