{"Q8IWL3": {"Enrichment": 0.7210655786884262, "Depletion": 0.2789544209115818, "two-tailed": 0.5579088418231636}}