{"Q8IWA4": {"Enrichment": 0.36269274614507707, "Depletion": 0.6373272534549309, "two-tailed": 0.7253854922901541}}