{"Q8IWL3": {"Enrichment": 0.7199256014879702, "Depletion": 0.28009439811203773, "two-tailed": 0.5601887962240755}}