{"Q8IX04": {"Enrichment": 0.9839603207935841, "Depletion": 0.016059678806423873, "two-tailed": 0.032119357612847746}}