{"Q8IXL7": {"Enrichment": 0.1618167636647267, "Depletion": 0.8382032359352813, "two-tailed": 0.3236335273294534}}