{"Q8IX04": {"Enrichment": 0.9730405391892162, "Depletion": 0.026979460410791783, "two-tailed": 0.053958920821583566}}