{"Q8IXL7": {"Enrichment": 0.15875682486350273, "Depletion": 0.8412631747365052, "two-tailed": 0.31751364972700546}}