{"Q8IXQ5": {"Enrichment": 0.34407311853762923, "Depletion": 0.6559468810623788, "two-tailed": 0.6881462370752585}}