{"Q8IXI2": {"Enrichment": 0.8606027879442412, "Depletion": 0.1394172116557669, "two-tailed": 0.2788344233115338}}