{"Q8IXI2": {"Enrichment": 0.8649827003459931, "Depletion": 0.13503729925401492, "two-tailed": 0.27007459850802984}}