{"Q8IXI1": {"Enrichment": 0.124097518049639, "Depletion": 0.875922481550369, "two-tailed": 0.248195036099278}}