{"Q8IYB1": {"Enrichment": 0.1643767124657507, "Depletion": 0.8356432871342573, "two-tailed": 0.3287534249315014}}