{"Q8IYT8": {"Enrichment": 0.49677006459870804, "Depletion": 0.5032499350013, "two-tailed": 0.9935401291974161}}