{"Q8IYS0": {"Enrichment": 0.17769644607107857, "Depletion": 0.8223235535289294, "two-tailed": 0.35539289214215714}}