{"Q8IYT8": {"Enrichment": 0.17317653646927061, "Depletion": 0.8268434631307374, "two-tailed": 0.34635307293854123}}