{"Q8IYB1": {"Enrichment": 0.1611167776644467, "Depletion": 0.8389032219355613, "two-tailed": 0.3222335553288934}}