{"Q8IZF0": {"Enrichment": 0.06965860682786344, "Depletion": 0.9303613927721446, "two-tailed": 0.13931721365572688}}