{"Q8IZT8": {"Enrichment": 0.4367512649747005, "Depletion": 0.5632687346253075, "two-tailed": 0.873502529949401}}