{"Q8N0X4": {"Enrichment": 0.125417491650167, "Depletion": 0.874602507949841, "two-tailed": 0.250834983300334}}