{"Q8N0W4": {"Enrichment": 0.4467110657786844, "Depletion": 0.5533089338213236, "two-tailed": 0.8934221315573688}}