{"Q8N0X4": {"Enrichment": 0.12571748565028698, "Depletion": 0.874302513949721, "two-tailed": 0.25143497130057396}}