{"Q8N0Z6": {"Enrichment": 0.4487110257794844, "Depletion": 0.5513089738205236, "two-tailed": 0.8974220515589688}}