{"Q8N1G2": {"Enrichment": 0.7170456590868183, "Depletion": 0.28297434051318976, "two-tailed": 0.5659486810263795}}