{"Q8N1G2": {"Enrichment": 0.6753064938701226, "Depletion": 0.3247135057298854, "two-tailed": 0.6494270114597708}}