{"Q8N371": {"Enrichment": 0.036619267614647705, "Depletion": 0.9634007319853602, "two-tailed": 0.07323853522929541}}