{"Q8N371": {"Enrichment": 0.13657726845463092, "Depletion": 0.8634427311453771, "two-tailed": 0.27315453690926184}}