{"Q8N335": {"Enrichment": 0.003619927601447971, "Depletion": 0.9964000719985601, "two-tailed": 0.007239855202895942}}