{"Q8N335": {"Enrichment": 0.003519929601407972, "Depletion": 0.9965000699986001, "two-tailed": 0.007039859202815944}}