{"Q8N465": {"Enrichment": 0.1981360372792544, "Depletion": 0.8018839623207535, "two-tailed": 0.3962720745585088}}