{"Q8N465": {"Enrichment": 0.11649767004659907, "Depletion": 0.8835223295534089, "two-tailed": 0.23299534009319814}}