{"Q8N4E4": {"Enrichment": 0.5217695646087078, "Depletion": 0.47825043499130016, "two-tailed": 0.9565008699826003}}