{"Q8N4Q0": {"Enrichment": 0.880862382752345, "Depletion": 0.11915761684766304, "two-tailed": 0.2383152336953261}}