{"Q8N4T8": {"Enrichment": 0.33021339573208536, "Depletion": 0.6698066038679227, "two-tailed": 0.6604267914641707}}