{"Q8N4A0": {"Enrichment": 0.9498810023799524, "Depletion": 0.050138997220055596, "two-tailed": 0.10027799444011119}}