{"Q8N4A0": {"Enrichment": 0.9893802123957521, "Depletion": 0.010639787204255916, "two-tailed": 0.02127957440851183}}