{"Q8N4E7": {"Enrichment": 0.631247375052499, "Depletion": 0.36877262454750903, "two-tailed": 0.7375452490950181}}