{"Q8N4J0": {"Enrichment": 0.7921241575168496, "Depletion": 0.20789584208315834, "two-tailed": 0.4157916841663167}}