{"Q8N4T8": {"Enrichment": 0.7661446771064578, "Depletion": 0.23387532249355014, "two-tailed": 0.4677506449871003}}