{"Q8N4T8": {"Enrichment": 0.7715245695086098, "Depletion": 0.22849543009139817, "two-tailed": 0.45699086018279633}}