{"Q8N4E7": {"Enrichment": 0.9566408671826564, "Depletion": 0.043379132417351654, "two-tailed": 0.08675826483470331}}