{"Q8N4E4": {"Enrichment": 0.4682706345873083, "Depletion": 0.5317493650126998, "two-tailed": 0.9365412691746166}}