{"Q8N4Q0": {"Enrichment": 0.9103817923641527, "Depletion": 0.08963820723585528, "two-tailed": 0.17927641447171055}}