{"Q8N539": {"Enrichment": 0.7735045299094018, "Depletion": 0.22651546969060618, "two-tailed": 0.45303093938121236}}