{"Q8N5A5": {"Enrichment": 0.9756804863902722, "Depletion": 0.024339513209735805, "two-tailed": 0.04867902641947161}}