{"Q8N5Y2": {"Enrichment": 0.6025679486410271, "Depletion": 0.39745205095898084, "two-tailed": 0.7949041019179617}}