{"Q8N539": {"Enrichment": 0.7747645047099058, "Depletion": 0.2252554948901022, "two-tailed": 0.4505109897802044}}