{"Q8N6R0": {"Enrichment": 0.742365152696946, "Depletion": 0.25765484690306195, "two-tailed": 0.5153096938061239}}