{"Q8N6T7": {"Enrichment": 0.7668446631067378, "Depletion": 0.23317533649327013, "two-tailed": 0.46635067298654026}}