{"Q8N6T7": {"Enrichment": 0.7577648447031059, "Depletion": 0.24225515489690205, "two-tailed": 0.4845103097938041}}