{"Q8N6H7": {"Enrichment": 0.1123577528449431, "Depletion": 0.8876622467550649, "two-tailed": 0.2247155056898862}}