{"Q8N6T3": {"Enrichment": 0.13477730445391092, "Depletion": 0.8652426951460971, "two-tailed": 0.26955460890782185}}