{"Q8N6T7": {"Enrichment": 0.7803243935121298, "Depletion": 0.21969560608787825, "two-tailed": 0.4393912121757565}}