{"Q8N6H7": {"Enrichment": 0.11397772044559108, "Depletion": 0.8860422791544169, "two-tailed": 0.22795544089118217}}