{"Q8N8Q3": {"Enrichment": 0.5914881702365953, "Depletion": 0.40853182936341276, "two-tailed": 0.8170636587268255}}