{"Q8N8N7": {"Enrichment": 0.6175676486470271, "Depletion": 0.3824523509529809, "two-tailed": 0.7649047019059618}}