{"Q8N9L9": {"Enrichment": 0.5100297994040119, "Depletion": 0.4899902001959961, "two-tailed": 0.9799804003919922}}