{"Q8NAT1": {"Enrichment": 0.7403251934961301, "Depletion": 0.2596948061038779, "two-tailed": 0.5193896122077558}}