{"Q8NAT1": {"Enrichment": 0.7670846583068338, "Depletion": 0.23293534129317414, "two-tailed": 0.4658706825863483}}