{"Q8NBP7": {"Enrichment": 0.22023559528809425, "Depletion": 0.7797844043119138, "two-tailed": 0.4404711905761885}}