{"Q8NBS9": {"Enrichment": 0.3217135657286854, "Depletion": 0.6783064338713226, "two-tailed": 0.6434271314573708}}