{"Q8NBJ7": {"Enrichment": 0.06595868082638347, "Depletion": 0.9340613187736245, "two-tailed": 0.13191736165276693}}