{"Q8NB16": {"Enrichment": 0.1883562328753425, "Depletion": 0.8116637667246656, "two-tailed": 0.376712465750685}}