{"Q8NBZ7": {"Enrichment": 0.17789644207115857, "Depletion": 0.8221235575288495, "two-tailed": 0.35579288414231713}}