{"Q8NBS9": {"Enrichment": 0.628087438251235, "Depletion": 0.371932561348773, "two-tailed": 0.743865122697546}}