{"Q8NBQ5": {"Enrichment": 0.010259794804103918, "Depletion": 0.9897602047959041, "two-tailed": 0.020519589608207836}}