{"Q8NBL1": {"Enrichment": 0.29225415491690165, "Depletion": 0.7077658446831063, "two-tailed": 0.5845083098338033}}