{"Q8NBP7": {"Enrichment": 0.21553568928621428, "Depletion": 0.7844843103137937, "two-tailed": 0.43107137857242855}}