{"Q8NBZ7": {"Enrichment": 0.05401891962160757, "Depletion": 0.9460010799784004, "two-tailed": 0.10803783924321514}}