{"Q8NBJ7": {"Enrichment": 0.0006999860002799944, "Depletion": 0.999320013599728, "two-tailed": 0.0013999720005599889}}