{"Q8NBL1": {"Enrichment": 0.23283534329313413, "Depletion": 0.7671846563068738, "two-tailed": 0.46567068658626826}}