{"Q8NBZ7": {"Enrichment": 0.17683646327073457, "Depletion": 0.8231835363292734, "two-tailed": 0.35367292654146915}}