{"Q8NCC3": {"Enrichment": 0.6079478410431791, "Depletion": 0.39207215855682886, "two-tailed": 0.7841443171136577}}