{"Q8NCC3": {"Enrichment": 0.4097918041639167, "Depletion": 0.5902281954360913, "two-tailed": 0.8195836083278334}}