{"Q8NEJ0": {"Enrichment": 0.882442351152977, "Depletion": 0.11757764844703106, "two-tailed": 0.23515529689406212}}