{"Q8NEJ0": {"Enrichment": 0.7695446091078179, "Depletion": 0.23047539049219015, "two-tailed": 0.4609507809843803}}