{"Q8NEZ4": {"Enrichment": 0.4694106117877642, "Depletion": 0.5306093878122438, "two-tailed": 0.9388212235755284}}