{"Q8NEZ4": {"Enrichment": 0.4635907281854363, "Depletion": 0.5364292714145718, "two-tailed": 0.9271814563708726}}