{"Q8NFU5": {"Enrichment": 0.14321713565728686, "Depletion": 0.8568028639427211, "two-tailed": 0.2864342713145737}}