{"Q8NHP6": {"Enrichment": 0.9439411211775764, "Depletion": 0.056078878422431554, "two-tailed": 0.11215775684486311}}