{"Q8NHP6": {"Enrichment": 0.9423411531769365, "Depletion": 0.05767884642307154, "two-tailed": 0.11535769284614308}}