{"Q8NHJ6": {"Enrichment": 0.0036799264014719707, "Depletion": 0.996340073198536, "two-tailed": 0.007359852802943941}}