{"Q8TAF3": {"Enrichment": 0.4423711525769485, "Depletion": 0.5576488470230595, "two-tailed": 0.884742305153897}}