{"Q8TBE9": {"Enrichment": 0.375852482950341, "Depletion": 0.624167516649667, "two-tailed": 0.751704965900682}}