{"Q8TBE9": {"Enrichment": 0.375572488550229, "Depletion": 0.624447511049779, "two-tailed": 0.751144977100458}}