{"Q8TBC4": {"Enrichment": 0.004139917201655967, "Depletion": 0.995880082398352, "two-tailed": 0.008279834403311934}}