{"Q8TCS8": {"Enrichment": 0.13327733445331094, "Depletion": 0.8667426651466971, "two-tailed": 0.2665546689066219}}