{"Q8TCS8": {"Enrichment": 0.09897802043959121, "Depletion": 0.9010419791604168, "two-tailed": 0.19795604087918242}}