{"Q8TD30": {"Enrichment": 0.5134097318053639, "Depletion": 0.4866102677946441, "two-tailed": 0.9732205355892882}}