{"Q8TDQ0": {"Enrichment": 0.372452550948981, "Depletion": 0.627567448651027, "two-tailed": 0.744905101897962}}