{"Q8TD30": {"Enrichment": 0.6757464850702986, "Depletion": 0.32427351452970943, "two-tailed": 0.6485470290594189}}