{"Q8TE69": {"Enrichment": 0.8186436271274574, "Depletion": 0.18137637247255056, "two-tailed": 0.3627527449451011}}