{"Q8TEK3": {"Enrichment": 0.0878982420351593, "Depletion": 0.9121217575648487, "two-tailed": 0.1757964840703186}}