{"Q8TEH3": {"Enrichment": 0.6880462390752184, "Depletion": 0.3119737605247895, "two-tailed": 0.623947521049579}}