{"Q8TE04": {"Enrichment": 0.42955140897182054, "Depletion": 0.5704685906281874, "two-tailed": 0.8591028179436411}}