{"Q8TE69": {"Enrichment": 0.8188036239275215, "Depletion": 0.18121637567248655, "two-tailed": 0.3624327513449731}}