{"Q8TE04": {"Enrichment": 0.9848003039939202, "Depletion": 0.015219695606087878, "two-tailed": 0.030439391212175756}}