{"Q8TEP8": {"Enrichment": 0.9751604967900642, "Depletion": 0.0248595028099438, "two-tailed": 0.0497190056198876}}