{"Q8TEP8": {"Enrichment": 0.9744005119897602, "Depletion": 0.025619487610247797, "two-tailed": 0.05123897522049559}}