{"Q8TEH3": {"Enrichment": 0.620727585448291, "Depletion": 0.37929241415171694, "two-tailed": 0.7585848283034339}}