{"Q8TF42": {"Enrichment": 0.19737605247895043, "Depletion": 0.8026439471210576, "two-tailed": 0.39475210495790086}}