{"Q8TF42": {"Enrichment": 0.14137717245655088, "Depletion": 0.8586428271434571, "two-tailed": 0.28275434491310175}}