{"Q8WTR2": {"Enrichment": 0.6422671546569069, "Depletion": 0.3577528449431011, "two-tailed": 0.7155056898862022}}