{"Q8WTT0": {"Enrichment": 0.31513369732605345, "Depletion": 0.6848863022739545, "two-tailed": 0.6302673946521069}}