{"Q8WTU0": {"Enrichment": 0.8440431191376172, "Depletion": 0.15597688046239075, "two-tailed": 0.3119537609247815}}