{"Q8WTU0": {"Enrichment": 0.74702505949881, "Depletion": 0.252994940101198, "two-tailed": 0.505989880202396}}