{"Q8WTX7": {"Enrichment": 0.5885082298354033, "Depletion": 0.4115117697646047, "two-tailed": 0.8230235395292094}}