{"Q8WTR2": {"Enrichment": 0.6468070638587228, "Depletion": 0.35321293574128515, "two-tailed": 0.7064258714825703}}