{"Q8WTR2": {"Enrichment": 0.6473470530589388, "Depletion": 0.3526729465410692, "two-tailed": 0.7053458930821384}}