{"Q8WTU0": {"Enrichment": 0.7440251194976101, "Depletion": 0.25599488010239796, "two-tailed": 0.5119897602047959}}