{"Q8WUD1": {"Enrichment": 0.35585288294234113, "Depletion": 0.6441671166576668, "two-tailed": 0.7117057658846823}}