{"Q8WUD1": {"Enrichment": 0.35353292934141317, "Depletion": 0.6464870702585949, "two-tailed": 0.7070658586828263}}