{"Q8WUJ0": {"Enrichment": 0.5586888262234755, "Depletion": 0.4413311733765325, "two-tailed": 0.882662346753065}}