{"Q8WU08": {"Enrichment": 0.33387332253354934, "Depletion": 0.6661466770664587, "two-tailed": 0.6677466450670987}}