{"Q8WU79": {"Enrichment": 0.007359852802943941, "Depletion": 0.992660146797064, "two-tailed": 0.014719705605887883}}