{"Q8WU79": {"Enrichment": 0.1379172416551669, "Depletion": 0.8621027579448411, "two-tailed": 0.2758344833103338}}