{"Q8WVQ1": {"Enrichment": 0.40197196056078877, "Depletion": 0.5980480390392192, "two-tailed": 0.8039439211215775}}