{"Q8WVV9": {"Enrichment": 0.5887482250354993, "Depletion": 0.4112717745645087, "two-tailed": 0.8225435491290174}}