{"Q8WV92": {"Enrichment": 0.9048219035619287, "Depletion": 0.09519809603807924, "two-tailed": 0.1903961920761585}}