{"Q8WVQ1": {"Enrichment": 0.4065118697626047, "Depletion": 0.5935081298374032, "two-tailed": 0.8130237395252095}}