{"Q8WVN8": {"Enrichment": 0.7063258734825304, "Depletion": 0.29369412611747764, "two-tailed": 0.5873882522349553}}