{"Q8WV92": {"Enrichment": 0.9079418411631768, "Depletion": 0.09207815843683126, "two-tailed": 0.18415631687366252}}