{"Q8WVN8": {"Enrichment": 0.5388692226155477, "Depletion": 0.46115077698446033, "two-tailed": 0.9223015539689207}}