{"Q8WWV3": {"Enrichment": 0.6843063138737225, "Depletion": 0.3157136857262855, "two-tailed": 0.631427371452571}}