{"Q8WWA0": {"Enrichment": 0.9013619727605447, "Depletion": 0.09865802683946322, "two-tailed": 0.19731605367892643}}