{"Q8WWV3": {"Enrichment": 0.6777264454710906, "Depletion": 0.3222935541289174, "two-tailed": 0.6445871082578348}}