{"Q8WWA0": {"Enrichment": 0.884862302753945, "Depletion": 0.11515769684606308, "two-tailed": 0.23031539369212617}}