{"Q8WWZ1": {"Enrichment": 0.17247655046899063, "Depletion": 0.8275434491310174, "two-tailed": 0.34495310093798126}}