{"Q8WXB1": {"Enrichment": 0.882682346353073, "Depletion": 0.11733765324693506, "two-tailed": 0.2346753064938701}}