{"Q8WXH5": {"Enrichment": 0.01753964920701586, "Depletion": 0.9824803503929921, "two-tailed": 0.03507929841403172}}