{"Q8WXF7": {"Enrichment": 0.20961580768384633, "Depletion": 0.7904041919161616, "two-tailed": 0.41923161536769266}}