{"Q8WXF1": {"Enrichment": 0.12253754924901503, "Depletion": 0.8774824503509929, "two-tailed": 0.24507509849803005}}