{"Q8WXB1": {"Enrichment": 0.749805003899922, "Depletion": 0.250214995700086, "two-tailed": 0.500429991400172}}