{"Q8WY64": {"Enrichment": 0.5449691006179876, "Depletion": 0.45505089898202034, "two-tailed": 0.9101017979640407}}