{"Q8WY64": {"Enrichment": 0.632227355452891, "Depletion": 0.36779264414711704, "two-tailed": 0.7355852882942341}}