{"Q8WZ42": {"Enrichment": 0.10589788204235916, "Depletion": 0.8941221175576488, "two-tailed": 0.2117957640847183}}