{"Q92484": {"Enrichment": 0.0871582568348633, "Depletion": 0.9128617427651446, "two-tailed": 0.1743165136697266}}