{"Q92484": {"Enrichment": 0.08043839123217536, "Depletion": 0.9195816083678326, "two-tailed": 0.16087678246435072}}