{"Q92598": {"Enrichment": 0.2005759884802304, "Depletion": 0.7994440111197776, "two-tailed": 0.4011519769604608}}