{"Q92583": {"Enrichment": 0.4379712405751885, "Depletion": 0.5620487590248195, "two-tailed": 0.875942481150377}}