{"Q92542": {"Enrichment": 0.05953880922381553, "Depletion": 0.9404811903761925, "two-tailed": 0.11907761844763105}}