{"Q92598": {"Enrichment": 0.2008559828803424, "Depletion": 0.7991640167196656, "two-tailed": 0.4017119657606848}}