{"Q92630": {"Enrichment": 0.029299414011719767, "Depletion": 0.9707205855882882, "two-tailed": 0.058598828023439534}}