{"Q92772": {"Enrichment": 0.255114897702046, "Depletion": 0.744905101897962, "two-tailed": 0.510229795404092}}