{"Q92797": {"Enrichment": 0.06885862282754344, "Depletion": 0.9311613767724646, "two-tailed": 0.1377172456550869}}