{"Q92730": {"Enrichment": 0.4498910021799564, "Depletion": 0.5501289974200516, "two-tailed": 0.8997820043599128}}