{"Q92769": {"Enrichment": 0.2246955060898782, "Depletion": 0.7753244935101298, "two-tailed": 0.4493910121797564}}