{"Q92730": {"Enrichment": 0.5518089638207235, "Depletion": 0.4482110357792844, "two-tailed": 0.8964220715585688}}