{"Q92769": {"Enrichment": 0.15367692646147077, "Depletion": 0.8463430731385372, "two-tailed": 0.30735385292294154}}