{"Q92797": {"Enrichment": 0.07097858042839143, "Depletion": 0.9290414191716165, "two-tailed": 0.14195716085678287}}