{"Q92772": {"Enrichment": 0.25599488010239796, "Depletion": 0.7440251194976101, "two-tailed": 0.5119897602047959}}