{"Q92772": {"Enrichment": 0.07855842883142337, "Depletion": 0.9214615707685846, "two-tailed": 0.15711685766284675}}