{"Q92876": {"Enrichment": 0.09505809883802324, "Depletion": 0.9049619007619848, "two-tailed": 0.19011619767604648}}