{"Q92876": {"Enrichment": 0.05429891402171957, "Depletion": 0.9457210855782885, "two-tailed": 0.10859782804343913}}