{"Q92830": {"Enrichment": 0.5416891662166756, "Depletion": 0.45833083338333236, "two-tailed": 0.9166616667666647}}