{"Q92831": {"Enrichment": 0.39221215575688484, "Depletion": 0.6078078438431231, "two-tailed": 0.7844243115137697}}