{"Q92835": {"Enrichment": 0.883382332353353, "Depletion": 0.11663766724665507, "two-tailed": 0.23327533449331014}}