{"Q92820": {"Enrichment": 0.15399692006159876, "Depletion": 0.8460230795384093, "two-tailed": 0.3079938401231975}}