{"Q92882": {"Enrichment": 0.998940021199576, "Depletion": 0.0010799784004319913, "two-tailed": 0.0021599568008639825}}