{"Q92835": {"Enrichment": 0.8477630447391052, "Depletion": 0.1522569548609028, "two-tailed": 0.3045139097218056}}