{"Q92820": {"Enrichment": 0.10561788764224715, "Depletion": 0.8944021119577609, "two-tailed": 0.2112357752844943}}