{"Q92841": {"Enrichment": 0.877522449551009, "Depletion": 0.12249755004899902, "two-tailed": 0.24499510009799805}}