{"Q92876": {"Enrichment": 0.7140657186856263, "Depletion": 0.2859542809143817, "two-tailed": 0.5719085618287634}}