{"Q92841": {"Enrichment": 0.9376412471750565, "Depletion": 0.0623787524249515, "two-tailed": 0.124757504849903}}