{"Q92947": {"Enrichment": 0.2665546689066219, "Depletion": 0.7334653306933862, "two-tailed": 0.5331093378132438}}