{"Q92900": {"Enrichment": 0.25709485810283794, "Depletion": 0.74292514149717, "two-tailed": 0.5141897162056759}}