{"Q92947": {"Enrichment": 0.26595468090638186, "Depletion": 0.7340653186936261, "two-tailed": 0.5319093618127637}}