{"Q92932": {"Enrichment": 0.2119157616847663, "Depletion": 0.7881042379152416, "two-tailed": 0.4238315233695326}}