{"Q92900": {"Enrichment": 0.25143497130057396, "Depletion": 0.748585028299434, "two-tailed": 0.5028699426011479}}