{"Q92918": {"Enrichment": 0.3623927521449571, "Depletion": 0.637627247455051, "two-tailed": 0.7247855042899142}}