{"Q93096": {"Enrichment": 0.2605947881042379, "Depletion": 0.7394252114957701, "two-tailed": 0.5211895762084758}}