{"Q93096": {"Enrichment": 0.46395072098558027, "Depletion": 0.5360692786144277, "two-tailed": 0.9279014419711605}}