{"Q93096": {"Enrichment": 0.26617467650646986, "Depletion": 0.7338453230935381, "two-tailed": 0.5323493530129397}}