{"Q969H0": {"Enrichment": 0.7076658466830663, "Depletion": 0.29235415291694167, "two-tailed": 0.5847083058338833}}