{"Q969V5": {"Enrichment": 0.750064998700026, "Depletion": 0.249955000899982, "two-tailed": 0.499910001799964}}