{"Q969H0": {"Enrichment": 0.6391672166556669, "Depletion": 0.3608527829443411, "two-tailed": 0.7217055658886822}}