{"Q969V5": {"Enrichment": 0.75232495350093, "Depletion": 0.24769504609907803, "two-tailed": 0.49539009219815605}}