{"Q969G6": {"Enrichment": 0.21093578128437432, "Depletion": 0.7890842183156337, "two-tailed": 0.42187156256874864}}