{"Q96AZ1": {"Enrichment": 0.4472710545789084, "Depletion": 0.5527489450210996, "two-tailed": 0.8945421091578168}}