{"Q96A44": {"Enrichment": 0.9521409571808563, "Depletion": 0.04787904241915162, "two-tailed": 0.09575808483830324}}