{"Q96AX1": {"Enrichment": 0.08775824483510329, "Depletion": 0.9122617547649047, "two-tailed": 0.17551648967020658}}