{"Q96AC1": {"Enrichment": 0.7329453410931781, "Depletion": 0.2670746585068299, "two-tailed": 0.5341493170136598}}