{"Q96AE4": {"Enrichment": 0.023419531609367814, "Depletion": 0.9766004679906402, "two-tailed": 0.04683906321873563}}