{"Q96AC1": {"Enrichment": 0.7340053198936022, "Depletion": 0.26601467970640585, "two-tailed": 0.5320293594128117}}