{"Q96AT9": {"Enrichment": 0.9501609967800644, "Depletion": 0.0498590028199436, "two-tailed": 0.0997180056398872}}