{"Q96AZ1": {"Enrichment": 0.2378952420951581, "Depletion": 0.7621247575048499, "two-tailed": 0.4757904841903162}}