{"Q96AB6": {"Enrichment": 0.15887682246355073, "Depletion": 0.8411431771364573, "two-tailed": 0.31775364492710145}}