{"Q96A44": {"Enrichment": 0.9459610807783845, "Depletion": 0.054058918821623565, "two-tailed": 0.10811783764324713}}