{"Q96AB6": {"Enrichment": 0.07073858522829543, "Depletion": 0.9292814143717125, "two-tailed": 0.14147717045659086}}