{"Q96A58": {"Enrichment": 0.9049419011619768, "Depletion": 0.09507809843803124, "two-tailed": 0.19015619687606247}}