{"Q96AP4": {"Enrichment": 0.38225235495290094, "Depletion": 0.6177676446471071, "two-tailed": 0.7645047099058019}}