{"Q96AP4": {"Enrichment": 0.24755504889902202, "Depletion": 0.752464950700986, "two-tailed": 0.49511009779804405}}