{"Q96AX1": {"Enrichment": 0.09001819963600728, "Depletion": 0.9100017999640008, "two-tailed": 0.18003639927201456}}