{"Q96BZ9": {"Enrichment": 0.74962500749985, "Depletion": 0.250394992100158, "two-tailed": 0.500789984200316}}