{"Q96BM9": {"Enrichment": 0.3837723245535089, "Depletion": 0.616247675046499, "two-tailed": 0.7675446491070178}}