{"Q96BM9": {"Enrichment": 0.7292054158916822, "Depletion": 0.27081458370832584, "two-tailed": 0.5416291674166517}}