{"Q96BY9": {"Enrichment": 0.9325213495730086, "Depletion": 0.06749865002699947, "two-tailed": 0.13499730005399893}}