{"Q96BN8": {"Enrichment": 0.7363852722945541, "Depletion": 0.2636347273054539, "two-tailed": 0.5272694546109078}}