{"Q96BY9": {"Enrichment": 0.9919601607967841, "Depletion": 0.008059838803223935, "two-tailed": 0.01611967760644787}}