{"Q96CB9": {"Enrichment": 0.6653866922661547, "Depletion": 0.3346333073338533, "two-tailed": 0.6692666146677066}}