{"Q96C45": {"Enrichment": 0.1506769864602708, "Depletion": 0.8493430131397373, "two-tailed": 0.3013539729205416}}