{"Q96CB9": {"Enrichment": 0.8581828363432731, "Depletion": 0.14183716325673487, "two-tailed": 0.28367432651346974}}