{"Q96C86": {"Enrichment": 0.06443871122577549, "Depletion": 0.9355812883742325, "two-tailed": 0.12887742245155098}}