{"Q96C86": {"Enrichment": 0.2862342753144937, "Depletion": 0.7137857242855143, "two-tailed": 0.5724685506289874}}