{"Q96CW9": {"Enrichment": 0.6964460710785785, "Depletion": 0.30357392852142956, "two-tailed": 0.6071478570428591}}