{"Q96DN0": {"Enrichment": 0.9019019619607608, "Depletion": 0.09811803763924722, "two-tailed": 0.19623607527849443}}