{"Q96D42": {"Enrichment": 0.3548329033419332, "Depletion": 0.6451870962580748, "two-tailed": 0.7096658066838664}}