{"Q96DA0": {"Enrichment": 0.617287654246915, "Depletion": 0.3827323453530929, "two-tailed": 0.7654646907061858}}