{"Q96DA2": {"Enrichment": 0.7940241195176097, "Depletion": 0.20599588008239836, "two-tailed": 0.4119917601647967}}