{"Q96DU7": {"Enrichment": 0.876942461150777, "Depletion": 0.12307753844923101, "two-tailed": 0.24615507689846203}}