{"Q96DA2": {"Enrichment": 0.7697446051078979, "Depletion": 0.23027539449211015, "two-tailed": 0.4605507889842203}}