{"Q96DN0": {"Enrichment": 0.7297654046919062, "Depletion": 0.27025459490810183, "two-tailed": 0.5405091898162037}}