{"Q96EF0": {"Enrichment": 0.1004179916401672, "Depletion": 0.8996020079598408, "two-tailed": 0.2008359832803344}}