{"Q96EP0": {"Enrichment": 0.631427371452571, "Depletion": 0.36859262814743704, "two-tailed": 0.7371852562948741}}