{"Q96EY8": {"Enrichment": 0.14195716085678287, "Depletion": 0.8580628387432251, "two-tailed": 0.28391432171356573}}