{"Q96EY8": {"Enrichment": 0.29475410491790166, "Depletion": 0.7052658946821063, "two-tailed": 0.5895082098358033}}