{"Q96ES7": {"Enrichment": 0.46863062738745226, "Depletion": 0.5313893722125558, "two-tailed": 0.9372612547749045}}