{"Q96EF0": {"Enrichment": 0.10685786284274315, "Depletion": 0.8931621367572649, "two-tailed": 0.2137157256854863}}