{"Q96EB6": {"Enrichment": 0.5372892542149157, "Depletion": 0.4627307453850923, "two-tailed": 0.9254614907701846}}