{"Q96EB6": {"Enrichment": 0.5356692866142677, "Depletion": 0.46435071298574027, "two-tailed": 0.9287014259714805}}