{"Q96ES7": {"Enrichment": 0.4249515009699806, "Depletion": 0.5750684986300274, "two-tailed": 0.8499030019399612}}