{"Q96EP0": {"Enrichment": 0.627807443851123, "Depletion": 0.372212555748885, "two-tailed": 0.74442511149777}}