{"Q96FZ2": {"Enrichment": 0.10027799444011119, "Depletion": 0.8997420051598968, "two-tailed": 0.20055598888022239}}