{"Q96FJ0": {"Enrichment": 0.1502569948601028, "Depletion": 0.8497630047399052, "two-tailed": 0.3005139897202056}}