{"Q96FJ0": {"Enrichment": 0.13011739765204697, "Depletion": 0.8699026019479611, "two-tailed": 0.26023479530409394}}