{"Q96GD3": {"Enrichment": 0.12907741845163095, "Depletion": 0.8709425811483771, "two-tailed": 0.2581548369032619}}