{"Q96GD3": {"Enrichment": 0.09141817163656726, "Depletion": 0.9086018279634407, "two-tailed": 0.18283634327313453}}