{"Q96HU8": {"Enrichment": 0.512189756204876, "Depletion": 0.4878302433951321, "two-tailed": 0.9756604867902642}}