{"Q96HN2": {"Enrichment": 0.26573468530629385, "Depletion": 0.7342853142937141, "two-tailed": 0.5314693706125877}}