{"Q96IU4": {"Enrichment": 0.7207855842883142, "Depletion": 0.27923441531169374, "two-tailed": 0.5584688306233875}}