{"Q96IU4": {"Enrichment": 0.8636427271454571, "Depletion": 0.13637727245455092, "two-tailed": 0.27275454490910184}}