{"Q96IU4": {"Enrichment": 0.6907261854762905, "Depletion": 0.30929381412371754, "two-tailed": 0.6185876282474351}}