{"Q96JM7": {"Enrichment": 0.4353912921741565, "Depletion": 0.5646287074258515, "two-tailed": 0.870782584348313}}