{"Q96JM7": {"Enrichment": 0.5717885642287154, "Depletion": 0.4282314353712926, "two-tailed": 0.8564628707425852}}