{"Q96JA3": {"Enrichment": 0.07701845963080739, "Depletion": 0.9230015399692006, "two-tailed": 0.15403691926161478}}