{"Q96KS0": {"Enrichment": 0.7611847763044739, "Depletion": 0.23883522329553408, "two-tailed": 0.47767044659106817}}