{"Q96KC2": {"Enrichment": 0.5537289254214915, "Depletion": 0.44629107417851643, "two-tailed": 0.8925821483570329}}