{"Q96KP4": {"Enrichment": 0.6589668206635867, "Depletion": 0.3410531789364213, "two-tailed": 0.6821063578728426}}