{"Q96KQ7": {"Enrichment": 0.28123437531249373, "Depletion": 0.7187856242875142, "two-tailed": 0.5624687506249875}}