{"Q96KN2": {"Enrichment": 0.05121897562048759, "Depletion": 0.9488010239795204, "two-tailed": 0.10243795124097518}}