{"Q96KP4": {"Enrichment": 0.14005719885602289, "Depletion": 0.8599628007439851, "two-tailed": 0.28011439771204577}}