{"Q96LA8": {"Enrichment": 0.2603747925041499, "Depletion": 0.7396452070958581, "two-tailed": 0.5207495850082998}}