{"Q96LB9": {"Enrichment": 0.12691746165076698, "Depletion": 0.873102537949241, "two-tailed": 0.25383492330153395}}