{"Q96L73": {"Enrichment": 0.16699666006679867, "Depletion": 0.8330233395332093, "two-tailed": 0.33399332013359734}}