{"Q96LA8": {"Enrichment": 0.5345093098138037, "Depletion": 0.4655106897862043, "two-tailed": 0.9310213795724086}}