{"Q96L73": {"Enrichment": 0.17143657126857462, "Depletion": 0.8285834283314334, "two-tailed": 0.34287314253714923}}