{"Q96LB9": {"Enrichment": 0.16527669446611068, "Depletion": 0.8347433051338973, "two-tailed": 0.33055338893222136}}