{"Q96LA8": {"Enrichment": 0.25673486530269396, "Depletion": 0.743285134297314, "two-tailed": 0.5134697306053879}}