{"Q96MU7": {"Enrichment": 0.00875982480350393, "Depletion": 0.9912601747965041, "two-tailed": 0.01751964960700786}}