{"Q96MU7": {"Enrichment": 0.004119917601647967, "Depletion": 0.99590008199836, "two-tailed": 0.008239835203295935}}