{"Q96MU8": {"Enrichment": 0.29001419971600567, "Depletion": 0.7100057998840024, "two-tailed": 0.5800283994320113}}