{"Q96MU8": {"Enrichment": 0.007999840003199936, "Depletion": 0.9920201595968081, "two-tailed": 0.015999680006399872}}