{"Q96PP8": {"Enrichment": 0.3004739905201896, "Depletion": 0.6995460090798185, "two-tailed": 0.6009479810403792}}