{"Q96PN6": {"Enrichment": 0.09523809523809523, "Depletion": 0.9047819043619127, "two-tailed": 0.19047619047619047}}