{"Q96PY6": {"Enrichment": 0.12205755884882302, "Depletion": 0.877962440751185, "two-tailed": 0.24411511769764604}}