{"Q96PP8": {"Enrichment": 0.29503409931801367, "Depletion": 0.7049859002819944, "two-tailed": 0.5900681986360273}}