{"Q96P47": {"Enrichment": 0.3241135177296454, "Depletion": 0.6759064818703626, "two-tailed": 0.6482270354592908}}