{"Q96Q83": {"Enrichment": 0.08385832283354333, "Depletion": 0.9161616767664646, "two-tailed": 0.16771664566708666}}