{"Q96Q83": {"Enrichment": 0.6454470910581789, "Depletion": 0.35457290854182916, "two-tailed": 0.7091458170836583}}