{"Q96RG2": {"Enrichment": 0.21633567328653427, "Depletion": 0.7836843263134737, "two-tailed": 0.43267134657306855}}