{"Q96RG2": {"Enrichment": 0.1641167176656467, "Depletion": 0.8359032819343614, "two-tailed": 0.3282334353312934}}