{"Q96RS0": {"Enrichment": 0.5489490210195797, "Depletion": 0.4510709785804284, "two-tailed": 0.9021419571608568}}