{"Q96SW2": {"Enrichment": 0.10817783644327114, "Depletion": 0.8918421631567368, "two-tailed": 0.21635567288654228}}