{"Q96S59": {"Enrichment": 0.023499530009399812, "Depletion": 0.9765204695906082, "two-tailed": 0.046999060018799624}}