{"Q96SL4": {"Enrichment": 0.9341213175736486, "Depletion": 0.06589868202635947, "two-tailed": 0.13179736405271894}}