{"Q96SB4": {"Enrichment": 0.0019399612007759844, "Depletion": 0.998080038399232, "two-tailed": 0.003879922401551969}}