{"Q96S44": {"Enrichment": 0.010839783204335913, "Depletion": 0.9891802163956721, "two-tailed": 0.021679566408671826}}