{"Q96SY0": {"Enrichment": 0.09351812963740726, "Depletion": 0.9065018699626007, "two-tailed": 0.18703625927481451}}