{"Q96SW2": {"Enrichment": 0.16081678366432672, "Depletion": 0.8392032159356813, "two-tailed": 0.32163356732865345}}