{"Q96T51": {"Enrichment": 0.0038199236015279696, "Depletion": 0.99620007599848, "two-tailed": 0.007639847203055939}}