{"Q99259": {"Enrichment": 0.9360212795744085, "Depletion": 0.06399872002559949, "two-tailed": 0.12799744005119898}}