{"Q99250": {"Enrichment": 0.372512549749005, "Depletion": 0.6275074498510029, "two-tailed": 0.74502509949801}}