{"Q99250": {"Enrichment": 0.38269234615307696, "Depletion": 0.6173276534469311, "two-tailed": 0.7653846923061539}}