{"Q99259": {"Enrichment": 0.9571808563828723, "Depletion": 0.04283914321713566, "two-tailed": 0.08567828643427132}}