{"Q99469": {"Enrichment": 0.11855762884742305, "Depletion": 0.8814623707525849, "two-tailed": 0.2371152576948461}}