{"Q99594": {"Enrichment": 0.26933461330773384, "Depletion": 0.7306853862922742, "two-tailed": 0.5386692266154677}}