{"Q99523": {"Enrichment": 0.876382472350553, "Depletion": 0.12363752724945501, "two-tailed": 0.24727505449891002}}