{"Q99538": {"Enrichment": 0.7425651486970261, "Depletion": 0.2574548509029819, "two-tailed": 0.5149097018059638}}