{"Q99538": {"Enrichment": 0.739385212295754, "Depletion": 0.26063478730425393, "two-tailed": 0.5212695746085079}}