{"Q99523": {"Enrichment": 0.877682446351073, "Depletion": 0.12233755324893503, "two-tailed": 0.24467510649787005}}