{"Q99640": {"Enrichment": 0.09797804043919121, "Depletion": 0.9020419591608168, "two-tailed": 0.19595608087838243}}