{"Q99685": {"Enrichment": 0.6866262674746505, "Depletion": 0.3133937321253575, "two-tailed": 0.626787464250715}}