{"Q99685": {"Enrichment": 0.9496010079798404, "Depletion": 0.050418991620167594, "two-tailed": 0.10083798324033519}}