{"Q99616": {"Enrichment": 0.5528689426211476, "Depletion": 0.44715105697886043, "two-tailed": 0.8943021139577209}}