{"Q99640": {"Enrichment": 0.03455930881382372, "Depletion": 0.9654606907861842, "two-tailed": 0.06911861762764744}}