{"Q99616": {"Enrichment": 0.5456490870182596, "Depletion": 0.4543709125817484, "two-tailed": 0.9087418251634968}}