{"Q99638": {"Enrichment": 0.6670866582668347, "Depletion": 0.3329333413331733, "two-tailed": 0.6658666826663466}}