{"Q99728": {"Enrichment": 0.006719865602687947, "Depletion": 0.9933001339973201, "two-tailed": 0.013439731205375893}}