{"Q99707": {"Enrichment": 0.11407771844563108, "Depletion": 0.8859422811543769, "two-tailed": 0.22815543689126216}}