{"Q99720": {"Enrichment": 0.374032519349613, "Depletion": 0.625987480250395, "two-tailed": 0.748065038699226}}