{"Q99720": {"Enrichment": 0.4858302833943321, "Depletion": 0.5141897162056759, "two-tailed": 0.9716605667886642}}