{"Q99873": {"Enrichment": 0.5938881222375553, "Depletion": 0.40613187736245276, "two-tailed": 0.8122637547249055}}