{"Q99873": {"Enrichment": 0.6730865382692346, "Depletion": 0.3269334613307734, "two-tailed": 0.6538669226615468}}