{"Q99895": {"Enrichment": 0.8092038159236815, "Depletion": 0.19081618367632647, "two-tailed": 0.38163236735265293}}