{"Q99835": {"Enrichment": 0.8491430171396572, "Depletion": 0.1508769824603508, "two-tailed": 0.3017539649207016}}