{"Q99895": {"Enrichment": 0.40339193216135677, "Depletion": 0.5966280674386513, "two-tailed": 0.8067838643227135}}