{"Q99835": {"Enrichment": 0.8489830203395932, "Depletion": 0.1510369792604148, "two-tailed": 0.3020739585208296}}