{"Q99986": {"Enrichment": 0.1117777644447111, "Depletion": 0.8882422351552969, "two-tailed": 0.2235555288894222}}