{"Q99986": {"Enrichment": 0.10835783284334313, "Depletion": 0.8916621667566649, "two-tailed": 0.21671566568668627}}