{"Q9BPX1": {"Enrichment": 0.8421431571368573, "Depletion": 0.15787684246315073, "two-tailed": 0.31575368492630146}}