{"Q9BPU6": {"Enrichment": 0.7190256194876102, "Depletion": 0.28099438011239775, "two-tailed": 0.5619887602247955}}