{"Q9BPU6": {"Enrichment": 0.5622287554248915, "Depletion": 0.4377912441751165, "two-tailed": 0.875582488350233}}