{"Q9BQ69": {"Enrichment": 0.248455030899382, "Depletion": 0.751564968700626, "two-tailed": 0.496910061798764}}