{"Q9BQG2": {"Enrichment": 0.1631167376652467, "Depletion": 0.8369032619347613, "two-tailed": 0.3262334753304934}}