{"Q9BQG2": {"Enrichment": 0.0755384892302154, "Depletion": 0.9244815103697926, "two-tailed": 0.1510769784604308}}