{"Q9BRR9": {"Enrichment": 0.016679666406671866, "Depletion": 0.9833403331933361, "two-tailed": 0.03335933281334373}}