{"Q9BRS2": {"Enrichment": 0.007199856002879942, "Depletion": 0.992820143597128, "two-tailed": 0.014399712005759884}}