{"Q9BS26": {"Enrichment": 0.6343873122537549, "Depletion": 0.3656326873462531, "two-tailed": 0.7312653746925062}}