{"Q9BTZ2": {"Enrichment": 0.9102417951640968, "Depletion": 0.08977820443591128, "two-tailed": 0.17955640887182256}}