{"Q9BT30": {"Enrichment": 0.011199776004479911, "Depletion": 0.9888202235955281, "two-tailed": 0.022399552008959822}}