{"Q9BTZ2": {"Enrichment": 0.4487310253794924, "Depletion": 0.5512889742205156, "two-tailed": 0.8974620507589848}}