{"Q9BTZ2": {"Enrichment": 0.9109417811643767, "Depletion": 0.08907821843563128, "two-tailed": 0.17815643687126256}}