{"Q9BUI4": {"Enrichment": 0.9912401751964961, "Depletion": 0.008779824403511929, "two-tailed": 0.017559648807023858}}