{"Q9BUT1": {"Enrichment": 0.9110617787644247, "Depletion": 0.08895822083558329, "two-tailed": 0.17791644167116658}}