{"Q9BUZ4": {"Enrichment": 0.022699546009079818, "Depletion": 0.9773204535909282, "two-tailed": 0.045399092018159636}}