{"Q9BUQ8": {"Enrichment": 0.8118637627247455, "Depletion": 0.1881562368752625, "two-tailed": 0.376312473750525}}