{"Q9BUP3": {"Enrichment": 0.6714865702685946, "Depletion": 0.3285334293314134, "two-tailed": 0.6570668586628268}}