{"Q9BUQ8": {"Enrichment": 0.6791264174716506, "Depletion": 0.32089358212835745, "two-tailed": 0.6417871642567149}}