{"Q9BUI4": {"Enrichment": 0.9888802223955521, "Depletion": 0.01113977720445591, "two-tailed": 0.02227955440891182}}