{"Q9BUT1": {"Enrichment": 0.3286934261314774, "Depletion": 0.6713265734685306, "two-tailed": 0.6573868522629548}}