{"Q9BV23": {"Enrichment": 0.7349653006939861, "Depletion": 0.2650546989060219, "two-tailed": 0.5301093978120438}}