{"Q9BVS4": {"Enrichment": 0.8417431651366972, "Depletion": 0.15827683446331073, "two-tailed": 0.31655366892662146}}