{"Q9BV79": {"Enrichment": 0.9269614607707846, "Depletion": 0.07305853882922342, "two-tailed": 0.14611707765844684}}