{"Q9BV47": {"Enrichment": 0.48257034859302816, "Depletion": 0.5174496510069798, "two-tailed": 0.9651406971860563}}