{"Q9BVG8": {"Enrichment": 0.6648067038659227, "Depletion": 0.3352132957340853, "two-tailed": 0.6704265914681706}}