{"Q9BV23": {"Enrichment": 0.5681086378272434, "Depletion": 0.43191136177276457, "two-tailed": 0.8638227235455291}}