{"Q9BVM4": {"Enrichment": 0.0032799344013119736, "Depletion": 0.9967400651986961, "two-tailed": 0.006559868802623947}}