{"Q9BV47": {"Enrichment": 0.48327033459330815, "Depletion": 0.5167496650066998, "two-tailed": 0.9665406691866163}}