{"Q9BVA6": {"Enrichment": 0.12093758124837503, "Depletion": 0.8790824183516329, "two-tailed": 0.24187516249675006}}