{"Q9BV79": {"Enrichment": 0.9173616527669447, "Depletion": 0.08265834683306333, "two-tailed": 0.16531669366612667}}