{"Q9BV47": {"Enrichment": 0.4833103337933241, "Depletion": 0.5167096658066839, "two-tailed": 0.9666206675866482}}