{"Q9BWS9": {"Enrichment": 0.45331093378132437, "Depletion": 0.5467090658186836, "two-tailed": 0.9066218675626487}}