{"Q9BW91": {"Enrichment": 0.2581948361032779, "Depletion": 0.7418251634967301, "two-tailed": 0.5163896722065558}}