{"Q9BWS9": {"Enrichment": 0.3620127597448051, "Depletion": 0.6380072398552029, "two-tailed": 0.7240255194896102}}