{"Q9BWT3": {"Enrichment": 0.03839923201535969, "Depletion": 0.9616207675846483, "two-tailed": 0.07679846403071938}}