{"Q9BWT3": {"Enrichment": 0.0373992520149597, "Depletion": 0.9626207475850483, "two-tailed": 0.0747985040299194}}