{"Q9BWD1": {"Enrichment": 0.8457430851382972, "Depletion": 0.15427691446171077, "two-tailed": 0.30855382892342154}}