{"Q9BX70": {"Enrichment": 0.8519629607407851, "Depletion": 0.1480570388592228, "two-tailed": 0.2961140777184456}}