{"Q9BXD5": {"Enrichment": 0.37155256894862104, "Depletion": 0.628467430651387, "two-tailed": 0.7431051378972421}}