{"Q9BXS1": {"Enrichment": 0.2585348293034139, "Depletion": 0.7414851702965941, "two-tailed": 0.5170696586068279}}