{"Q9BXR0": {"Enrichment": 0.29625407491850164, "Depletion": 0.7037659246815063, "two-tailed": 0.5925081498370033}}