{"Q9BXS1": {"Enrichment": 0.19601607967840642, "Depletion": 0.8040039199216016, "two-tailed": 0.39203215935681285}}