{"Q9BXD5": {"Enrichment": 0.09603807923841523, "Depletion": 0.9039819203615928, "two-tailed": 0.19207615847683046}}