{"Q9BX70": {"Enrichment": 0.5139097218055639, "Depletion": 0.4861102777944441, "two-tailed": 0.9722205555888882}}