{"Q9BXS1": {"Enrichment": 0.47917041659166815, "Depletion": 0.5208495830083398, "two-tailed": 0.9583408331833363}}