{"Q9BYW2": {"Enrichment": 0.058178836423271534, "Depletion": 0.9418411631767365, "two-tailed": 0.11635767284654307}}