{"Q9BYP7": {"Enrichment": 0.8530029399412011, "Depletion": 0.14701705965880682, "two-tailed": 0.29403411931761364}}