{"Q9BYF1": {"Enrichment": 0.11529769404611907, "Depletion": 0.884722305553889, "two-tailed": 0.23059538809223815}}