{"Q9BY84": {"Enrichment": 0.6613467730645387, "Depletion": 0.3386732265354693, "two-tailed": 0.6773464530709385}}