{"Q9BY84": {"Enrichment": 0.6644267114657707, "Depletion": 0.33559328813423733, "two-tailed": 0.6711865762684747}}