{"Q9BYF1": {"Enrichment": 0.23555528889422211, "Depletion": 0.7644647107057859, "two-tailed": 0.47111057778844423}}