{"Q9BYN0": {"Enrichment": 0.004459910801783964, "Depletion": 0.995560088798224, "two-tailed": 0.008919821603567928}}