{"Q9BYJ9": {"Enrichment": 0.4859902801943961, "Depletion": 0.5140297194056119, "two-tailed": 0.9719805603887922}}