{"Q9BYN0": {"Enrichment": 0.008259834803303934, "Depletion": 0.991760164796704, "two-tailed": 0.01651966960660787}}