{"Q9BYT8": {"Enrichment": 0.7642647147057059, "Depletion": 0.23575528489430211, "two-tailed": 0.47151056978860423}}