{"Q9BYC5": {"Enrichment": 0.7849643007139857, "Depletion": 0.21505569888602227, "two-tailed": 0.43011139777204455}}