{"Q9BYP7": {"Enrichment": 0.9155216895662087, "Depletion": 0.08449831003379932, "two-tailed": 0.16899662006759864}}