{"Q9BYW2": {"Enrichment": 0.13931721365572688, "Depletion": 0.8607027859442811, "two-tailed": 0.27863442731145377}}