{"Q9BYJ9": {"Enrichment": 0.48527029459410814, "Depletion": 0.5147497050058999, "two-tailed": 0.9705405891882163}}