{"Q9BY49": {"Enrichment": 0.15221695566088678, "Depletion": 0.8478030439391212, "two-tailed": 0.30443391132177355}}