{"Q9BY84": {"Enrichment": 0.7876842463150737, "Depletion": 0.21233575328493431, "two-tailed": 0.42467150656986863}}