{"Q9BY49": {"Enrichment": 0.1120777584448311, "Depletion": 0.887942241155177, "two-tailed": 0.2241555168896622}}