{"Q9BYT8": {"Enrichment": 0.624247515049699, "Depletion": 0.375772484550309, "two-tailed": 0.751544969100618}}