{"Q9BZX2": {"Enrichment": 0.0027599448011039777, "Depletion": 0.997260054798904, "two-tailed": 0.005519889602207955}}