{"Q9BZD4": {"Enrichment": 0.02625947481050379, "Depletion": 0.9737605247895043, "two-tailed": 0.05251894962100758}}