{"Q9BZ23": {"Enrichment": 0.9920201595968081, "Depletion": 0.007999840003199936, "two-tailed": 0.015999680006399872}}