{"Q9BZ11": {"Enrichment": 0.6120077598448032, "Depletion": 0.3880122397552049, "two-tailed": 0.7760244795104098}}