{"Q9BZ11": {"Enrichment": 0.4483110337793244, "Depletion": 0.5517089658206836, "two-tailed": 0.8966220675586488}}