{"Q9C040": {"Enrichment": 0.4455710885782284, "Depletion": 0.5544489110217795, "two-tailed": 0.8911421771564568}}