{"Q9C029": {"Enrichment": 0.6330073398532029, "Depletion": 0.3670126597468051, "two-tailed": 0.7340253194936102}}