{"Q9C026": {"Enrichment": 0.8978820423591528, "Depletion": 0.10213795724085518, "two-tailed": 0.20427591448171037}}