{"Q9C040": {"Enrichment": 0.44183116337673245, "Depletion": 0.5581888362232755, "two-tailed": 0.8836623267534649}}