{"Q9C029": {"Enrichment": 0.09063818723625527, "Depletion": 0.9093818123637527, "two-tailed": 0.18127637447251055}}