{"Q9GZT9": {"Enrichment": 0.014199716005679886, "Depletion": 0.9858202835943282, "two-tailed": 0.028399432011359773}}