{"Q9GZZ1": {"Enrichment": 0.3026939461210776, "Depletion": 0.6973260534789304, "two-tailed": 0.6053878922421552}}