{"Q9GZU7": {"Enrichment": 0.3975520489590208, "Depletion": 0.6024679506409871, "two-tailed": 0.7951040979180416}}