{"Q9GZZ9": {"Enrichment": 0.01483970320593588, "Depletion": 0.9851802963940721, "two-tailed": 0.02967940641187176}}