{"Q9GZT4": {"Enrichment": 0.17679646407071858, "Depletion": 0.8232235355292894, "two-tailed": 0.35359292814143717}}