{"Q9H008": {"Enrichment": 0.7405851882962341, "Depletion": 0.25943481130377394, "two-tailed": 0.5188696226075479}}