{"Q9H040": {"Enrichment": 0.017659646807063858, "Depletion": 0.9823603527929441, "two-tailed": 0.035319293614127716}}