{"Q9H0S4": {"Enrichment": 0.7246255074898502, "Depletion": 0.2753944921101578, "two-tailed": 0.5507889842203156}}