{"Q9H082": {"Enrichment": 0.6034479310413792, "Depletion": 0.3965720685586288, "two-tailed": 0.7931441371172576}}