{"Q9H0R4": {"Enrichment": 0.7662846743065139, "Depletion": 0.23373532529349414, "two-tailed": 0.4674706505869883}}