{"Q9H0H5": {"Enrichment": 0.17795644087118256, "Depletion": 0.8220635587288254, "two-tailed": 0.35591288174236513}}