{"Q9H0R8": {"Enrichment": 0.9869802603947921, "Depletion": 0.013039739205215896, "two-tailed": 0.026079478410431792}}