{"Q9H082": {"Enrichment": 0.6047079058418832, "Depletion": 0.3953120937581248, "two-tailed": 0.7906241875162496}}