{"Q9H0U4": {"Enrichment": 0.43387132257354855, "Depletion": 0.5661486770264594, "two-tailed": 0.8677426451470971}}