{"Q9H0R8": {"Enrichment": 0.9872602547949041, "Depletion": 0.012759744805103898, "two-tailed": 0.025519489610207797}}