{"Q9H0U4": {"Enrichment": 0.42279154416911663, "Depletion": 0.5772284554308914, "two-tailed": 0.8455830883382333}}