{"Q9H0H5": {"Enrichment": 0.18149637007259856, "Depletion": 0.8185236295274094, "two-tailed": 0.3629927401451971}}