{"Q9H1R2": {"Enrichment": 0.6631067378652427, "Depletion": 0.3369132617347653, "two-tailed": 0.6738265234695306}}