{"Q9H1R2": {"Enrichment": 0.6832063358732825, "Depletion": 0.3168136637267255, "two-tailed": 0.633627327453451}}