{"Q9H1D9": {"Enrichment": 0.9103017939641207, "Depletion": 0.08971820563588728, "two-tailed": 0.17943641127177457}}