{"Q9H1D9": {"Enrichment": 0.5313493730125397, "Depletion": 0.4686706265874683, "two-tailed": 0.9373412531749366}}