{"Q9H227": {"Enrichment": 0.0125197496050079, "Depletion": 0.9875002499950001, "two-tailed": 0.0250394992100158}}