{"Q9H2X6": {"Enrichment": 0.32193356132877343, "Depletion": 0.6780864382712346, "two-tailed": 0.6438671226575469}}