{"Q9H2X6": {"Enrichment": 0.3274334513309734, "Depletion": 0.6725865482690346, "two-tailed": 0.6548669026619468}}