{"Q9H2G2": {"Enrichment": 0.13265734685306294, "Depletion": 0.867362652746945, "two-tailed": 0.26531469370612587}}