{"Q9H3R0": {"Enrichment": 0.0006399872002559949, "Depletion": 0.999380012399752, "two-tailed": 0.0012799744005119898}}