{"Q9H4B4": {"Enrichment": 0.33257334853302933, "Depletion": 0.6674466510669786, "two-tailed": 0.6651466970660587}}