{"Q9H4Y5": {"Enrichment": 0.6867462650746985, "Depletion": 0.3132737345253095, "two-tailed": 0.626547469050619}}