{"Q9H4A6": {"Enrichment": 0.9492410151796964, "Depletion": 0.05077898442031159, "two-tailed": 0.10155796884062318}}