{"Q9H477": {"Enrichment": 0.8462430751384973, "Depletion": 0.15377692446151078, "two-tailed": 0.30755384892302157}}