{"Q9H4L5": {"Enrichment": 0.10475790484190316, "Depletion": 0.8952620947581048, "two-tailed": 0.20951580968380631}}