{"Q9H4Y5": {"Enrichment": 0.6391072178556428, "Depletion": 0.3609127817443651, "two-tailed": 0.7218255634887302}}