{"Q9H477": {"Enrichment": 0.7345853082938342, "Depletion": 0.26543469130617386, "two-tailed": 0.5308693826123477}}