{"Q9H4B4": {"Enrichment": 0.11791764164716706, "Depletion": 0.882102357952841, "two-tailed": 0.23583528329433412}}