{"Q9H4M7": {"Enrichment": 0.028939421211575767, "Depletion": 0.9710805783884322, "two-tailed": 0.057878842423151534}}