{"Q9H4G4": {"Enrichment": 0.5572488550228996, "Depletion": 0.4427711445771085, "two-tailed": 0.885542289154217}}