{"Q9H4G4": {"Enrichment": 0.12289754204915902, "Depletion": 0.8771224575508489, "two-tailed": 0.24579508409831805}}