{"Q9H6Z4": {"Enrichment": 0.9609807803843923, "Depletion": 0.039039219215615685, "two-tailed": 0.07807843843123137}}