{"Q9H6W3": {"Enrichment": 0.009919801603967921, "Depletion": 0.9901001979960401, "two-tailed": 0.019839603207935843}}