{"Q9H611": {"Enrichment": 0.1359572808543829, "Depletion": 0.8640627187456251, "two-tailed": 0.2719145617087658}}