{"Q9H6E5": {"Enrichment": 0.03611927761444771, "Depletion": 0.9639007219855603, "two-tailed": 0.07223855522889543}}