{"Q9H6Z4": {"Enrichment": 0.9022819543609127, "Depletion": 0.09773804523909521, "two-tailed": 0.19547609047819042}}