{"Q9H6X2": {"Enrichment": 0.5701085978280435, "Depletion": 0.4299114017719646, "two-tailed": 0.8598228035439291}}