{"Q9H6X2": {"Enrichment": 0.2907341853162937, "Depletion": 0.7092858142837143, "two-tailed": 0.5814683706325874}}