{"Q9H7B4": {"Enrichment": 0.08569828603427931, "Depletion": 0.9143217135657287, "two-tailed": 0.17139657206855863}}