{"Q9H7B4": {"Enrichment": 0.09647807043859123, "Depletion": 0.9035419291614167, "two-tailed": 0.19295614087718246}}