{"Q9H7X0": {"Enrichment": 0.5441491170176597, "Depletion": 0.45587088258234837, "two-tailed": 0.9117417651646967}}