{"Q9H7X0": {"Enrichment": 0.5387092258154836, "Depletion": 0.4613107737845243, "two-tailed": 0.9226215475690486}}