{"Q9H867": {"Enrichment": 0.0033399332013359733, "Depletion": 0.996680066398672, "two-tailed": 0.006679866402671947}}