{"Q9H8V3": {"Enrichment": 0.9915801683966321, "Depletion": 0.008439831203375932, "two-tailed": 0.016879662406751865}}