{"Q9H816": {"Enrichment": 0.0989980200395992, "Depletion": 0.9010219795604087, "two-tailed": 0.1979960400791984}}