{"Q9H867": {"Enrichment": 0.0037199256014879703, "Depletion": 0.99630007399852, "two-tailed": 0.007439851202975941}}