{"Q9H8V3": {"Enrichment": 0.7802443951120978, "Depletion": 0.21977560448791025, "two-tailed": 0.4395512089758205}}