{"Q9H816": {"Enrichment": 0.0060998780024399514, "Depletion": 0.993920121597568, "two-tailed": 0.012199756004879903}}