{"Q9H9S5": {"Enrichment": 0.7100057998840024, "Depletion": 0.29001419971600567, "two-tailed": 0.5800283994320113}}