{"Q9H981": {"Enrichment": 0.23355532889342212, "Depletion": 0.7664646707065859, "two-tailed": 0.46711065778684424}}