{"Q9H999": {"Enrichment": 0.8438831223375532, "Depletion": 0.15613687726245476, "two-tailed": 0.3122737545249095}}