{"Q9H9S5": {"Enrichment": 0.7129257414851703, "Depletion": 0.2870942581148377, "two-tailed": 0.5741885162296754}}