{"Q9H981": {"Enrichment": 0.20775584488310234, "Depletion": 0.7922641547169057, "two-tailed": 0.4155116897662047}}