{"Q9HAZ1": {"Enrichment": 0.126957460850783, "Depletion": 0.873062538749225, "two-tailed": 0.253914921701566}}