{"Q9HAZ1": {"Enrichment": 0.15613687726245476, "Depletion": 0.8438831223375532, "two-tailed": 0.3122737545249095}}