{"Q9HAU4": {"Enrichment": 0.21487570248595028, "Depletion": 0.7851442971140578, "two-tailed": 0.42975140497190056}}