{"Q9HBL8": {"Enrichment": 0.30323393532129356, "Depletion": 0.6967860642787145, "two-tailed": 0.6064678706425871}}