{"Q9HBL8": {"Enrichment": 0.5362892742145157, "Depletion": 0.4637307253854923, "two-tailed": 0.9274614507709846}}