{"Q9HCE5": {"Enrichment": 0.6521269574608508, "Depletion": 0.3478930421391572, "two-tailed": 0.6957860842783145}}