{"Q9HCE7": {"Enrichment": 0.15791684166316675, "Depletion": 0.8421031579368413, "two-tailed": 0.3158336833263335}}