{"Q9HCP0": {"Enrichment": 0.01011979760404792, "Depletion": 0.9899002019959601, "two-tailed": 0.02023959520809584}}