{"Q9HCN6": {"Enrichment": 0.8905621887562248, "Depletion": 0.10945781084378313, "two-tailed": 0.21891562168756626}}