{"Q9HCB6": {"Enrichment": 0.25539489210215793, "Depletion": 0.74462510749785, "two-tailed": 0.5107897842043159}}