{"Q9HCE5": {"Enrichment": 0.5210495790084199, "Depletion": 0.4789704205915882, "two-tailed": 0.9579408411831764}}