{"Q9HCE7": {"Enrichment": 0.1623167536649267, "Depletion": 0.8377032459350813, "two-tailed": 0.3246335073298534}}