{"Q9HD67": {"Enrichment": 0.8025439491210176, "Depletion": 0.19747605047899042, "two-tailed": 0.39495210095798083}}