{"Q9HD67": {"Enrichment": 0.6005679886402272, "Depletion": 0.3994520109597808, "two-tailed": 0.7989040219195616}}