{"Q9HD40": {"Enrichment": 0.25167496650067, "Depletion": 0.748345033099338, "two-tailed": 0.50334993300134}}