{"Q9NNX6": {"Enrichment": 0.6760864782704346, "Depletion": 0.3239335213295734, "two-tailed": 0.6478670426591469}}