{"Q9NNX6": {"Enrichment": 0.6738465230695386, "Depletion": 0.3261734765304694, "two-tailed": 0.6523469530609388}}