{"Q9NP58": {"Enrichment": 0.4800503989920202, "Depletion": 0.5199696006079878, "two-tailed": 0.9601007979840404}}