{"Q9NP95": {"Enrichment": 0.5576688466230676, "Depletion": 0.44235115297694044, "two-tailed": 0.8847023059538809}}