{"Q9NPF4": {"Enrichment": 0.35755284894302114, "Depletion": 0.6424671506569869, "two-tailed": 0.7151056978860423}}