{"Q9NPB8": {"Enrichment": 0.20107597848043038, "Depletion": 0.7989440211195776, "two-tailed": 0.40215195696086076}}