{"Q9NPB8": {"Enrichment": 0.20307593848123037, "Depletion": 0.7969440611187776, "two-tailed": 0.40615187696246075}}