{"Q9NP99": {"Enrichment": 0.08525829483410331, "Depletion": 0.9147617047659047, "two-tailed": 0.17051658966820663}}