{"Q9NP95": {"Enrichment": 0.5601087978240435, "Depletion": 0.4399112017759645, "two-tailed": 0.879822403551929}}