{"Q9NPF4": {"Enrichment": 0.5431291374172517, "Depletion": 0.4568908621827563, "two-tailed": 0.9137817243655126}}