{"Q9NP72": {"Enrichment": 0.3342533149337013, "Depletion": 0.6657666846663066, "two-tailed": 0.6685066298674026}}