{"Q9NPH0": {"Enrichment": 0.4516309673806524, "Depletion": 0.5483890322193556, "two-tailed": 0.9032619347613048}}