{"Q9NP90": {"Enrichment": 0.46515069698606026, "Depletion": 0.5348693026139477, "two-tailed": 0.9303013939721205}}