{"Q9NPB1": {"Enrichment": 0.495710085798284, "Depletion": 0.504309913801724, "two-tailed": 0.991420171596568}}