{"Q9NPH0": {"Enrichment": 0.3678726425471491, "Depletion": 0.632147357052859, "two-tailed": 0.7357452850942982}}