{"Q9NPB1": {"Enrichment": 0.5818883622327553, "Depletion": 0.4181316373672527, "two-tailed": 0.8362632747345053}}