{"Q9NQU5": {"Enrichment": 0.24317513649727004, "Depletion": 0.7568448631027379, "two-tailed": 0.4863502729945401}}