{"Q9NQW7": {"Enrichment": 0.6338073238535229, "Depletion": 0.3662126757464851, "two-tailed": 0.7324253514929702}}