{"Q9NQH7": {"Enrichment": 0.2928541429171417, "Depletion": 0.7071658566828664, "two-tailed": 0.5857082858342834}}