{"Q9NQH7": {"Enrichment": 0.10647787044259115, "Depletion": 0.8935421291574168, "two-tailed": 0.2129557408851823}}