{"Q9NQW6": {"Enrichment": 0.999420011599768, "Depletion": 0.0005999880002399952, "two-tailed": 0.0011999760004799903}}