{"Q9NQU5": {"Enrichment": 0.3228535429291414, "Depletion": 0.6771664566708666, "two-tailed": 0.6457070858582828}}