{"Q9NQW7": {"Enrichment": 0.23441531169376612, "Depletion": 0.7656046879062419, "two-tailed": 0.46883062338753223}}