{"Q9NQV7": {"Enrichment": 0.8463830723385533, "Depletion": 0.15363692726145478, "two-tailed": 0.30727385452290956}}