{"Q9NQV5": {"Enrichment": 0.3177336453270935, "Depletion": 0.6822863542729145, "two-tailed": 0.635467290654187}}