{"Q9NQL2": {"Enrichment": 0.6567068658626828, "Depletion": 0.34331313373732525, "two-tailed": 0.6866262674746505}}