{"Q9NQV5": {"Enrichment": 0.3161936761264775, "Depletion": 0.6838263234735306, "two-tailed": 0.632387352252955}}