{"Q9NQV7": {"Enrichment": 0.7787844243115137, "Depletion": 0.22123557528849422, "two-tailed": 0.44247115057698844}}