{"Q9NR22": {"Enrichment": 0.617247655046899, "Depletion": 0.38277234455310893, "two-tailed": 0.7655446891062179}}