{"Q9NRG4": {"Enrichment": 0.025719485610287793, "Depletion": 0.9743005139897202, "two-tailed": 0.051438971220575586}}