{"Q9NRW4": {"Enrichment": 0.6063878722425552, "Depletion": 0.39363212735745284, "two-tailed": 0.7872642547149057}}