{"Q9NRK6": {"Enrichment": 0.634327313453731, "Depletion": 0.3656926861462771, "two-tailed": 0.7313853722925542}}