{"Q9NR48": {"Enrichment": 0.37829243415131697, "Depletion": 0.621727565448691, "two-tailed": 0.7565848683026339}}