{"Q9NRW4": {"Enrichment": 0.6053278934421311, "Depletion": 0.39469210615787687, "two-tailed": 0.7893842123157537}}