{"Q9NR12": {"Enrichment": 0.9350012999740005, "Depletion": 0.06501869962600748, "two-tailed": 0.13003739925201496}}