{"Q9NRG1": {"Enrichment": 0.7307653846923061, "Depletion": 0.26925461490770186, "two-tailed": 0.5385092298154037}}