{"Q9NRW4": {"Enrichment": 0.6045079098418031, "Depletion": 0.39551208975820484, "two-tailed": 0.7910241795164097}}