{"Q9NR22": {"Enrichment": 0.6983860322793544, "Depletion": 0.30163396732065356, "two-tailed": 0.6032679346413071}}