{"Q9NRR6": {"Enrichment": 0.7891042179156417, "Depletion": 0.2109157816843663, "two-tailed": 0.4218315633687326}}