{"Q9NRN9": {"Enrichment": 0.9267814643707126, "Depletion": 0.07323853522929541, "two-tailed": 0.14647707045859082}}