{"Q9NRG1": {"Enrichment": 0.5294694106117878, "Depletion": 0.4705505889882202, "two-tailed": 0.9411011779764404}}