{"Q9NRG4": {"Enrichment": 0.0020199596008079836, "Depletion": 0.9980000399992001, "two-tailed": 0.004039919201615967}}