{"Q9NRG7": {"Enrichment": 0.07641847163056739, "Depletion": 0.9236015279694406, "two-tailed": 0.15283694326113478}}