{"Q9NR30": {"Enrichment": 0.5800283994320113, "Depletion": 0.41999160016799664, "two-tailed": 0.8399832003359933}}