{"Q9NRG7": {"Enrichment": 0.07807843843123137, "Depletion": 0.9219415611687767, "two-tailed": 0.15615687686246274}}