{"Q9NSC5": {"Enrichment": 0.996580068398632, "Depletion": 0.0034399312013759726, "two-tailed": 0.006879862402751945}}