{"Q9NS18": {"Enrichment": 0.3347733045339093, "Depletion": 0.6652466950660987, "two-tailed": 0.6695466090678186}}