{"Q9NSY1": {"Enrichment": 0.09475810483790324, "Depletion": 0.9052618947621047, "two-tailed": 0.18951620967580649}}