{"Q9NS18": {"Enrichment": 0.33415331693366135, "Depletion": 0.6658666826663466, "two-tailed": 0.6683066338673227}}