{"Q9NTG7": {"Enrichment": 0.020379592408151837, "Depletion": 0.9796404071918562, "two-tailed": 0.040759184816303674}}