{"Q9NT68": {"Enrichment": 0.010419791604167917, "Depletion": 0.98960020799584, "two-tailed": 0.020839583208335833}}