{"Q9NTG7": {"Enrichment": 0.032799344013119736, "Depletion": 0.9672206555868883, "two-tailed": 0.06559868802623947}}