{"Q9NUI1": {"Enrichment": 0.4140117197656047, "Depletion": 0.5860082798344033, "two-tailed": 0.8280234395312094}}