{"Q9NV96": {"Enrichment": 0.9793604127917441, "Depletion": 0.020659586808263835, "two-tailed": 0.04131917361652767}}