{"Q9NV96": {"Enrichment": 0.9257614847703046, "Depletion": 0.0742585148297034, "two-tailed": 0.1485170296594068}}