{"Q9NVS9": {"Enrichment": 0.248115037699246, "Depletion": 0.751904961900762, "two-tailed": 0.496230075398492}}