{"Q9NVS9": {"Enrichment": 0.3369532609347813, "Depletion": 0.6630667386652267, "two-tailed": 0.6739065218695626}}