{"Q9NV35": {"Enrichment": 0.22259554808903823, "Depletion": 0.7774244515109697, "two-tailed": 0.44519109617807645}}