{"Q9NWM8": {"Enrichment": 0.5376492470150597, "Depletion": 0.4623707525849483, "two-tailed": 0.9247415051698966}}