{"Q9NWW6": {"Enrichment": 0.2130957380852383, "Depletion": 0.7869242615147697, "two-tailed": 0.4261914761704766}}