{"Q9NWB1": {"Enrichment": 0.6793064138717225, "Depletion": 0.32071358572828546, "two-tailed": 0.6414271714565709}}