{"Q9NWM8": {"Enrichment": 0.8280634387312253, "Depletion": 0.17195656086878264, "two-tailed": 0.3439131217375653}}