{"Q9NWT6": {"Enrichment": 0.05925881482370353, "Depletion": 0.9407611847763044, "two-tailed": 0.11851762964740706}}