{"Q9NWZ3": {"Enrichment": 0.19551608967820644, "Depletion": 0.8045039099218015, "two-tailed": 0.3910321793564129}}