{"Q9NWB1": {"Enrichment": 0.6637067258654827, "Depletion": 0.3363132737345253, "two-tailed": 0.6726265474690506}}