{"Q9NWZ3": {"Enrichment": 0.14673706525869482, "Depletion": 0.8532829343413132, "two-tailed": 0.29347413051738963}}