{"Q9NWT6": {"Enrichment": 0.010299794004119917, "Depletion": 0.9897202055958881, "two-tailed": 0.020599588008239834}}