{"Q9NWU1": {"Enrichment": 0.21993560128797424, "Depletion": 0.7800843983120338, "two-tailed": 0.4398712025759485}}