{"Q9NXA8": {"Enrichment": 0.6437871242575148, "Depletion": 0.35623287534249315, "two-tailed": 0.7124657506849863}}