{"Q9NX01": {"Enrichment": 0.3339533209335813, "Depletion": 0.6660666786664267, "two-tailed": 0.6679066418671626}}