{"Q9NXA8": {"Enrichment": 0.6422071558568828, "Depletion": 0.35781284374312516, "two-tailed": 0.7156256874862503}}