{"Q9NXA8": {"Enrichment": 0.30295394092118155, "Depletion": 0.6970660586788264, "two-tailed": 0.6059078818423631}}