{"Q9NX01": {"Enrichment": 0.2743945121097578, "Depletion": 0.7256254874902502, "two-tailed": 0.5487890242195156}}