{"Q9NX46": {"Enrichment": 0.018059638807223857, "Depletion": 0.9819603607927841, "two-tailed": 0.03611927761444771}}