{"Q9NX74": {"Enrichment": 0.9098618027639447, "Depletion": 0.09015819683606328, "two-tailed": 0.18031639367212657}}