{"Q9NX46": {"Enrichment": 0.013499730005399892, "Depletion": 0.9865202695946081, "two-tailed": 0.026999460010799784}}