{"Q9NY97": {"Enrichment": 0.8117837643247136, "Depletion": 0.18823623527529448, "two-tailed": 0.37647247055058897}}