{"Q9NYA1": {"Enrichment": 0.8234835303293934, "Depletion": 0.1765364692706146, "two-tailed": 0.3530729385412292}}