{"Q9NYY3": {"Enrichment": 0.06335873282534349, "Depletion": 0.9366612667746645, "two-tailed": 0.12671746565068698}}