{"Q9NYL2": {"Enrichment": 0.1617567648647027, "Depletion": 0.8382632347353053, "two-tailed": 0.3235135297294054}}