{"Q9NYA1": {"Enrichment": 0.8340833183336334, "Depletion": 0.16593668126637467, "two-tailed": 0.33187336253274935}}