{"Q9NYY3": {"Enrichment": 0.0626187476250475, "Depletion": 0.9374012519749605, "two-tailed": 0.125237495250095}}