{"Q9NZL9": {"Enrichment": 0.2129157416851663, "Depletion": 0.7871042579148417, "two-tailed": 0.4258314833703326}}