{"Q9NZI8": {"Enrichment": 0.6428671426571468, "Depletion": 0.35715285694286114, "two-tailed": 0.7143057138857223}}