{"Q9NZH6": {"Enrichment": 0.9601007979840404, "Depletion": 0.03991920161596768, "two-tailed": 0.07983840323193536}}