{"Q9NZK5": {"Enrichment": 0.3856922861542769, "Depletion": 0.6143277134457311, "two-tailed": 0.7713845723085538}}