{"Q9NZ08": {"Enrichment": 0.15393692126157477, "Depletion": 0.8460830783384332, "two-tailed": 0.30787384252314953}}