{"Q9NZK5": {"Enrichment": 0.3886322273554529, "Depletion": 0.6113877722445551, "two-tailed": 0.7772644547109058}}