{"Q9NZ08": {"Enrichment": 0.04805903881922362, "Depletion": 0.9519609607807844, "two-tailed": 0.09611807763844724}}