{"Q9NZI8": {"Enrichment": 0.6780464390712185, "Depletion": 0.32197356052878945, "two-tailed": 0.6439471210575789}}