{"Q9P0L0": {"Enrichment": 0.44113117737645247, "Depletion": 0.5588888222235555, "two-tailed": 0.8822623547529049}}