{"Q9P016": {"Enrichment": 0.3002939941201176, "Depletion": 0.6997260054798904, "two-tailed": 0.6005879882402352}}