{"Q9P0M2": {"Enrichment": 0.20563588728225435, "Depletion": 0.7943841123177536, "two-tailed": 0.4112717745645087}}