{"Q9P0M2": {"Enrichment": 0.40505189896202076, "Depletion": 0.5949681006379872, "two-tailed": 0.8101037979240415}}