{"Q9P016": {"Enrichment": 0.2984140317193656, "Depletion": 0.7016059678806423, "two-tailed": 0.5968280634387312}}