{"Q9P0M6": {"Enrichment": 0.03585928281434371, "Depletion": 0.9641607167856643, "two-tailed": 0.07171856562868742}}