{"Q9P0M6": {"Enrichment": 0.03625927481450371, "Depletion": 0.9637607247855043, "two-tailed": 0.07251854962900742}}