{"Q9P1W8": {"Enrichment": 0.9875202495950081, "Depletion": 0.0124997500049999, "two-tailed": 0.0249995000099998}}