{"Q9P2J5": {"Enrichment": 0.6969660606787864, "Depletion": 0.30305393892122157, "two-tailed": 0.6061078778424431}}