{"Q9P2T1": {"Enrichment": 0.1625167496650067, "Depletion": 0.8375032499350012, "two-tailed": 0.3250334993300134}}