{"Q9P286": {"Enrichment": 0.4548909021819564, "Depletion": 0.5451290974180516, "two-tailed": 0.9097818043639128}}