{"Q9P2J5": {"Enrichment": 0.8324633507329854, "Depletion": 0.16755664886702265, "two-tailed": 0.3351132977340453}}