{"Q9P2W7": {"Enrichment": 0.1473370532589348, "Depletion": 0.8526829463410732, "two-tailed": 0.2946741065178696}}