{"Q9P2W7": {"Enrichment": 0.14749705005899882, "Depletion": 0.8525229495410092, "two-tailed": 0.29499410011799765}}