{"Q9P289": {"Enrichment": 0.08287834243315134, "Depletion": 0.9171416571668567, "two-tailed": 0.16575668486630268}}