{"Q9P286": {"Enrichment": 0.5881282374352513, "Depletion": 0.4118917621647567, "two-tailed": 0.8237835243295134}}