{"Q9P286": {"Enrichment": 0.45841083178336434, "Depletion": 0.5416091678166437, "two-tailed": 0.9168216635667287}}