{"Q9P2F6": {"Enrichment": 0.4130517389652207, "Depletion": 0.5869682606347874, "two-tailed": 0.8261034779304414}}