{"Q9P2T1": {"Enrichment": 0.15995680086398273, "Depletion": 0.8400631987360253, "two-tailed": 0.31991360172796546}}