{"Q9P289": {"Enrichment": 0.14371712565748684, "Depletion": 0.8563028739425211, "two-tailed": 0.2874342513149737}}