{"Q9P2F6": {"Enrichment": 0.4108517829643407, "Depletion": 0.5891682166356673, "two-tailed": 0.8217035659286814}}