{"Q9P2E7": {"Enrichment": 0.41819163616727667, "Depletion": 0.5818283634327314, "two-tailed": 0.8363832723345533}}