{"Q9P2R7": {"Enrichment": 0.6568668626627467, "Depletion": 0.34315313693726124, "two-tailed": 0.6863062738745225}}