{"Q9P258": {"Enrichment": 0.8867022659546809, "Depletion": 0.11331773364532709, "two-tailed": 0.22663546729065417}}