{"Q9UBQ7": {"Enrichment": 0.3235535289294214, "Depletion": 0.6764664706705866, "two-tailed": 0.6471070578588428}}