{"Q9UBN7": {"Enrichment": 0.049219015619687605, "Depletion": 0.9508009839803204, "two-tailed": 0.09843803123937521}}