{"Q9UBQ7": {"Enrichment": 0.5782684346313074, "Depletion": 0.42175156496870064, "two-tailed": 0.8435031299374013}}