{"Q9UBN7": {"Enrichment": 0.05077898442031159, "Depletion": 0.9492410151796964, "two-tailed": 0.10155796884062318}}