{"Q9UBV7": {"Enrichment": 0.6743665126697466, "Depletion": 0.3256534869302614, "two-tailed": 0.6513069738605228}}