{"Q9UBQ7": {"Enrichment": 0.3239335213295734, "Depletion": 0.6760864782704346, "two-tailed": 0.6478670426591469}}