{"Q9UBS5": {"Enrichment": 0.873982520349593, "Depletion": 0.126037479250415, "two-tailed": 0.25207495850083}}