{"Q9UBS5": {"Enrichment": 0.7939441211175776, "Depletion": 0.20607587848243036, "two-tailed": 0.4121517569648607}}