{"Q9UBP9": {"Enrichment": 0.3505929881402372, "Depletion": 0.6494270114597708, "two-tailed": 0.7011859762804744}}