{"Q9UBP9": {"Enrichment": 0.3522529549409012, "Depletion": 0.6477670446591068, "two-tailed": 0.7045059098818024}}