{"Q9UDX4": {"Enrichment": 0.035739285214295716, "Depletion": 0.9642807143857123, "two-tailed": 0.07147857042859143}}