{"Q9UDY8": {"Enrichment": 0.9072818543629128, "Depletion": 0.09273814523709525, "two-tailed": 0.1854762904741905}}