{"Q9UDR5": {"Enrichment": 0.09453810923781525, "Depletion": 0.9054818903621927, "two-tailed": 0.1890762184756305}}