{"Q9UDX4": {"Enrichment": 0.0018599628007439852, "Depletion": 0.998160036799264, "two-tailed": 0.0037199256014879703}}