{"Q9UDX3": {"Enrichment": 0.02757944841103178, "Depletion": 0.9724405511889762, "two-tailed": 0.05515889682206356}}