{"Q9UDX3": {"Enrichment": 0.012659746805063899, "Depletion": 0.9873602527949441, "two-tailed": 0.025319493610127797}}