{"Q9UGN5": {"Enrichment": 0.0988580228395432, "Depletion": 0.9011619767604648, "two-tailed": 0.1977160456790864}}