{"Q9UGM3": {"Enrichment": 0.0248395032099358, "Depletion": 0.9751804963900722, "two-tailed": 0.0496790064198716}}