{"Q9UGN5": {"Enrichment": 0.12331753364932702, "Depletion": 0.876702465950681, "two-tailed": 0.24663506729865403}}