{"Q9UGM1": {"Enrichment": 0.5212695746085079, "Depletion": 0.47875042499150017, "two-tailed": 0.9575008499830003}}