{"Q9UGL1": {"Enrichment": 0.011579768404631907, "Depletion": 0.988440231195376, "two-tailed": 0.023159536809263814}}