{"Q9UGN5": {"Enrichment": 0.250694986100278, "Depletion": 0.74932501349973, "two-tailed": 0.501389972200556}}