{"Q9UGM6": {"Enrichment": 0.28423431531369375, "Depletion": 0.7157856842863143, "two-tailed": 0.5684686306273875}}