{"Q9UGM1": {"Enrichment": 0.5284494310113798, "Depletion": 0.4715705685886282, "two-tailed": 0.9431411371772565}}