{"Q9UGL1": {"Enrichment": 0.03899922001559969, "Depletion": 0.9610207795844083, "two-tailed": 0.07799844003119938}}