{"Q9UHI5": {"Enrichment": 0.09301813963720726, "Depletion": 0.9070018599628007, "two-tailed": 0.18603627927441452}}