{"Q9UHL4": {"Enrichment": 0.9232015359692806, "Depletion": 0.07681846363072739, "two-tailed": 0.15363692726145478}}