{"Q9UH03": {"Enrichment": 0.6417671646567069, "Depletion": 0.3582528349433011, "two-tailed": 0.7165056698866022}}