{"Q9UHD2": {"Enrichment": 0.3858322833543329, "Depletion": 0.6141877162456751, "two-tailed": 0.7716645667086658}}