{"Q9UHI6": {"Enrichment": 0.7201055978880423, "Depletion": 0.27991440171196574, "two-tailed": 0.5598288034239315}}