{"Q9UHI8": {"Enrichment": 0.39751204975900484, "Depletion": 0.6025079498410032, "two-tailed": 0.7950240995180097}}