{"Q9UHW9": {"Enrichment": 0.39343213135737287, "Depletion": 0.6065878682426351, "two-tailed": 0.7868642627147457}}