{"Q9UHD2": {"Enrichment": 0.3653126937461251, "Depletion": 0.6347073058538829, "two-tailed": 0.7306253874922501}}