{"Q9UHI8": {"Enrichment": 0.41639167216655665, "Depletion": 0.5836283274334513, "two-tailed": 0.8327833443331133}}