{"Q9UHL4": {"Enrichment": 0.9581808363832723, "Depletion": 0.04183916321673566, "two-tailed": 0.08367832643347133}}