{"Q9UHY7": {"Enrichment": 0.7798044039119217, "Depletion": 0.22021559568808624, "two-tailed": 0.4404311913761725}}