{"Q9UHD8": {"Enrichment": 0.5996280074398512, "Depletion": 0.4003919921601568, "two-tailed": 0.8007839843203136}}