{"Q9UHI5": {"Enrichment": 0.051838963220735584, "Depletion": 0.9481810363792724, "two-tailed": 0.10367792644147117}}