{"Q9UHY7": {"Enrichment": 0.4181316373672527, "Depletion": 0.5818883622327553, "two-tailed": 0.8362632747345053}}