{"Q9UHI8": {"Enrichment": 0.32925341493170135, "Depletion": 0.6707665846683066, "two-tailed": 0.6585068298634027}}