{"Q9UH77": {"Enrichment": 0.1379372412551749, "Depletion": 0.8620827583448331, "two-tailed": 0.2758744825103498}}