{"Q9UHF4": {"Enrichment": 0.36797264054718903, "Depletion": 0.632047359052819, "two-tailed": 0.7359452810943781}}