{"Q9UHC6": {"Enrichment": 0.3619127617447651, "Depletion": 0.6381072378552429, "two-tailed": 0.7238255234895302}}