{"Q9UHD8": {"Enrichment": 0.5955680886382272, "Depletion": 0.4044519109617808, "two-tailed": 0.8089038219235616}}