{"Q9UH03": {"Enrichment": 0.6427271454570909, "Depletion": 0.3572928541429171, "two-tailed": 0.7145857082858342}}