{"Q9UI32": {"Enrichment": 0.03863922721545569, "Depletion": 0.9613807723845523, "two-tailed": 0.07727845443091139}}