{"Q9UIV1": {"Enrichment": 0.20635587288254234, "Depletion": 0.7936641267174657, "two-tailed": 0.4127117457650847}}