{"Q9UIQ6": {"Enrichment": 0.09191816163676726, "Depletion": 0.9081018379632407, "two-tailed": 0.18383632327353452}}