{"Q9UIQ6": {"Enrichment": 0.09893802123957521, "Depletion": 0.9010819783604328, "two-tailed": 0.19787604247915042}}