{"Q9UI10": {"Enrichment": 0.15677686446271075, "Depletion": 0.8432431351372972, "two-tailed": 0.3135537289254215}}