{"Q9UIQ6": {"Enrichment": 0.09393812123757525, "Depletion": 0.9060818783624327, "two-tailed": 0.1878762424751505}}