{"Q9UIC8": {"Enrichment": 0.02039959200815984, "Depletion": 0.9796204075918482, "two-tailed": 0.04079918401631968}}