{"Q9UI43": {"Enrichment": 0.7722845543089139, "Depletion": 0.22773544529109419, "two-tailed": 0.45547089058218837}}