{"Q9UIF7": {"Enrichment": 0.10983780324393512, "Depletion": 0.8901821963560729, "two-tailed": 0.21967560648787024}}