{"Q9UI32": {"Enrichment": 0.10741785164296715, "Depletion": 0.8926021479570408, "two-tailed": 0.2148357032859343}}