{"Q9UIC8": {"Enrichment": 0.08199836003279934, "Depletion": 0.9180216395672086, "two-tailed": 0.16399672006559868}}