{"Q9UI10": {"Enrichment": 0.2684946301073978, "Depletion": 0.7315253694926102, "two-tailed": 0.5369892602147956}}