{"Q9UI30": {"Enrichment": 0.8540429191416171, "Depletion": 0.14597708045839083, "two-tailed": 0.29195416091678167}}