{"Q9UI30": {"Enrichment": 0.8586028279434411, "Depletion": 0.14141717165656686, "two-tailed": 0.28283434331313373}}