{"Q9UIJ7": {"Enrichment": 0.4540909181816364, "Depletion": 0.5459290814183716, "two-tailed": 0.9081818363632728}}