{"Q9UIJ7": {"Enrichment": 0.46625067498650025, "Depletion": 0.5337693246135077, "two-tailed": 0.9325013499730005}}