{"Q9UJM8": {"Enrichment": 0.004379912401751965, "Depletion": 0.995640087198256, "two-tailed": 0.00875982480350393}}