{"Q9UJV9": {"Enrichment": 0.7865442691146177, "Depletion": 0.21347573048539029, "two-tailed": 0.42695146097078057}}