{"Q9UJV9": {"Enrichment": 0.7891642167156657, "Depletion": 0.2108557828843423, "two-tailed": 0.4217115657686846}}