{"Q9UKV8": {"Enrichment": 0.4820503589928201, "Depletion": 0.5179696406071879, "two-tailed": 0.9641007179856402}}