{"Q9UKV8": {"Enrichment": 0.48019039619207615, "Depletion": 0.5198296034079318, "two-tailed": 0.9603807923841523}}