{"Q9UKU7": {"Enrichment": 0.4662706745865083, "Depletion": 0.5337493250134997, "two-tailed": 0.9325413491730166}}