{"Q9UKE5": {"Enrichment": 0.1621167576648467, "Depletion": 0.8379032419351613, "two-tailed": 0.3242335153296934}}