{"Q9UKL6": {"Enrichment": 0.00863982720345593, "Depletion": 0.9913801723965521, "two-tailed": 0.01727965440691186}}