{"Q9UKA9": {"Enrichment": 0.7094258114837704, "Depletion": 0.29059418811623766, "two-tailed": 0.5811883762324753}}