{"Q9UKU7": {"Enrichment": 0.4694706105877882, "Depletion": 0.5305493890122197, "two-tailed": 0.9389412211755764}}