{"Q9UKA9": {"Enrichment": 0.7148857022859543, "Depletion": 0.2851342973140537, "two-tailed": 0.5702685946281074}}