{"Q9UKU7": {"Enrichment": 0.4625307493850123, "Depletion": 0.5374892502149957, "two-tailed": 0.9250614987700246}}