{"Q9UL01": {"Enrichment": 0.9145217095658087, "Depletion": 0.08549829003419931, "two-tailed": 0.17099658006839863}}