{"Q9UL25": {"Enrichment": 0.5820883582328353, "Depletion": 0.41793164136717265, "two-tailed": 0.8358632827343453}}