{"Q9ULY5": {"Enrichment": 0.07175856482870342, "Depletion": 0.9282614347713046, "two-tailed": 0.14351712965740684}}