{"Q9ULY5": {"Enrichment": 0.06981860362792744, "Depletion": 0.9302013959720805, "two-tailed": 0.13963720725585488}}