{"Q9UL52": {"Enrichment": 0.21843563128737425, "Depletion": 0.7815843683126338, "two-tailed": 0.4368712625747485}}