{"Q9ULX7": {"Enrichment": 0.625367492650147, "Depletion": 0.374652506949861, "two-tailed": 0.749305013899722}}