{"Q9UL51": {"Enrichment": 0.07033859322813543, "Depletion": 0.9296814063718726, "two-tailed": 0.14067718645627086}}