{"Q9ULA0": {"Enrichment": 0.005739885202295954, "Depletion": 0.994280114397712, "two-tailed": 0.011479770404591909}}