{"Q9UL25": {"Enrichment": 0.5782284354312913, "Depletion": 0.4217915641687166, "two-tailed": 0.8435831283374332}}