{"Q9ULD4": {"Enrichment": 0.8523029539409211, "Depletion": 0.14771704565908683, "two-tailed": 0.29543409131817366}}