{"Q9UL51": {"Enrichment": 0.07313853722925541, "Depletion": 0.9268814623707526, "two-tailed": 0.14627707445851082}}