{"Q9UL52": {"Enrichment": 0.22247555048899023, "Depletion": 0.7775444491110178, "two-tailed": 0.44495110097798046}}