{"Q9ULA0": {"Enrichment": 0.054878902421951564, "Depletion": 0.9451410971780564, "two-tailed": 0.10975780484390313}}