{"Q9ULW8": {"Enrichment": 0.6507269854602908, "Depletion": 0.3492930141397172, "two-tailed": 0.6985860282794344}}