{"Q9UMX1": {"Enrichment": 0.07903841923161536, "Depletion": 0.9209815803683926, "two-tailed": 0.15807683846323073}}