{"Q9UMN6": {"Enrichment": 0.23297534049319013, "Depletion": 0.7670446591068178, "two-tailed": 0.46595068098638026}}