{"Q9UMN6": {"Enrichment": 0.23531529369412613, "Depletion": 0.7647047059058819, "two-tailed": 0.47063058738825225}}