{"Q9UMX1": {"Enrichment": 0.18023639527209456, "Depletion": 0.8197836043279134, "two-tailed": 0.3604727905441891}}