{"Q9UM47": {"Enrichment": 0.16711665766684666, "Depletion": 0.8329033419331613, "two-tailed": 0.3342333153336933}}