{"Q9UM07": {"Enrichment": 0.29093418131637366, "Depletion": 0.7090858182836344, "two-tailed": 0.5818683626327473}}