{"Q9UMR5": {"Enrichment": 0.8075438491230176, "Depletion": 0.19247615047699046, "two-tailed": 0.3849523009539809}}