{"Q9UMF0": {"Enrichment": 0.37911241775164495, "Depletion": 0.620907581848363, "two-tailed": 0.7582248355032899}}