{"Q9UM07": {"Enrichment": 0.38017239655206897, "Depletion": 0.6198476030479391, "two-tailed": 0.7603447931041379}}