{"Q9UNQ2": {"Enrichment": 0.2658146837063259, "Depletion": 0.7342053158936821, "two-tailed": 0.5316293674126518}}