{"Q9UN36": {"Enrichment": 0.11477770444591108, "Depletion": 0.8852422951540969, "two-tailed": 0.22955540889182216}}