{"Q9UN36": {"Enrichment": 0.48459030819383614, "Depletion": 0.5154296914061719, "two-tailed": 0.9691806163876723}}