{"Q9UN19": {"Enrichment": 0.0878782424351513, "Depletion": 0.9121417571648567, "two-tailed": 0.1757564848703026}}