{"Q9UNQ2": {"Enrichment": 0.04465910681786364, "Depletion": 0.9553608927821443, "two-tailed": 0.08931821363572728}}