{"Q9UNI6": {"Enrichment": 0.48923021539569206, "Depletion": 0.5107897842043159, "two-tailed": 0.9784604307913841}}