{"Q9UP95": {"Enrichment": 0.5761284774304514, "Depletion": 0.4238915221695566, "two-tailed": 0.8477830443391132}}