{"Q9UPP1": {"Enrichment": 0.11503769924601508, "Depletion": 0.884982300353993, "two-tailed": 0.23007539849203015}}