{"Q9UPN3": {"Enrichment": 0.2375752484950301, "Depletion": 0.7624447511049779, "two-tailed": 0.4751504969900602}}