{"Q9UQR0": {"Enrichment": 0.6046479070418591, "Depletion": 0.3953720925581488, "two-tailed": 0.7907441851162976}}