{"Q9UQQ1": {"Enrichment": 0.14397712045759084, "Depletion": 0.8560428791424172, "two-tailed": 0.2879542409151817}}