{"Q9UQQ1": {"Enrichment": 0.04687906241875162, "Depletion": 0.9531409371812564, "two-tailed": 0.09375812483750325}}