{"Q9UQR0": {"Enrichment": 0.5529089418211636, "Depletion": 0.4471110577788444, "two-tailed": 0.8942221155576888}}