{"Q9UQ80": {"Enrichment": 0.7195256094878102, "Depletion": 0.28049439011219773, "two-tailed": 0.5609887802243955}}