{"Q9UQB9": {"Enrichment": 0.027139457210855783, "Depletion": 0.9728805423891522, "two-tailed": 0.054278914421711566}}