{"Q9UQ80": {"Enrichment": 0.7982440351192976, "Depletion": 0.2017759644807104, "two-tailed": 0.4035519289614208}}