{"Q9UQM7": {"Enrichment": 0.08101837963240735, "Depletion": 0.9190016199676007, "two-tailed": 0.1620367592648147}}