{"Q9Y2C4": {"Enrichment": 0.2403951920961581, "Depletion": 0.75962480750385, "two-tailed": 0.4807903841923162}}