{"Q9Y251": {"Enrichment": 0.9834603307933841, "Depletion": 0.016559668806623868, "two-tailed": 0.033119337613247736}}