{"Q9Y2J2": {"Enrichment": 0.017079658406831864, "Depletion": 0.9829403411931761, "two-tailed": 0.03415931681366373}}