{"Q9Y297": {"Enrichment": 0.5473290534189316, "Depletion": 0.45269094618107636, "two-tailed": 0.9053818923621527}}