{"Q9Y259": {"Enrichment": 0.6769264614707706, "Depletion": 0.3230935381292374, "two-tailed": 0.6461870762584748}}