{"Q9Y223": {"Enrichment": 0.018119637607247854, "Depletion": 0.9819003619927601, "two-tailed": 0.03623927521449571}}