{"Q9Y275": {"Enrichment": 0.15315693686126278, "Depletion": 0.8468630627387452, "two-tailed": 0.30631387372252555}}