{"Q9Y2Q3": {"Enrichment": 0.36539269214615705, "Depletion": 0.6346273074538509, "two-tailed": 0.7307853842923141}}