{"Q9Y2A7": {"Enrichment": 0.9235815283694326, "Depletion": 0.07643847123057539, "two-tailed": 0.15287694246115077}}