{"Q9Y2T3": {"Enrichment": 0.3924521509569809, "Depletion": 0.6075678486430272, "two-tailed": 0.7849043019139618}}