{"Q9Y2Z4": {"Enrichment": 0.0028199436011279774, "Depletion": 0.9972000559988801, "two-tailed": 0.005639887202255955}}