{"Q9Y2R2": {"Enrichment": 0.635787284254315, "Depletion": 0.36423271534569307, "two-tailed": 0.7284654306913861}}