{"Q9Y253": {"Enrichment": 0.9351212975740485, "Depletion": 0.06489870202595949, "two-tailed": 0.12979740405191897}}