{"Q9Y2J8": {"Enrichment": 0.15853682926341472, "Depletion": 0.8414831703365933, "two-tailed": 0.31707365852682945}}