{"Q9Y2M5": {"Enrichment": 0.09891802163956721, "Depletion": 0.9011019779604408, "two-tailed": 0.19783604327913443}}