{"Q9Y2J8": {"Enrichment": 0.09421811563768724, "Depletion": 0.9058018839623208, "two-tailed": 0.18843623127537448}}