{"Q9Y2T3": {"Enrichment": 0.39323213535729284, "Depletion": 0.6067878642427151, "two-tailed": 0.7864642707145857}}