{"Q9Y251": {"Enrichment": 0.8886622267554649, "Depletion": 0.11135777284454311, "two-tailed": 0.22271554568908622}}