{"Q9Y2Q3": {"Enrichment": 0.4266514669706606, "Depletion": 0.5733685326293474, "two-tailed": 0.8533029339413212}}