{"Q9Y219": {"Enrichment": 0.16353672926541468, "Depletion": 0.8364832703345934, "two-tailed": 0.32707345853082936}}