{"Q9Y223": {"Enrichment": 0.07929841403171936, "Depletion": 0.9207215855682886, "two-tailed": 0.15859682806343872}}