{"Q9Y2H9": {"Enrichment": 0.0245995080098398, "Depletion": 0.9754204915901682, "two-tailed": 0.0491990160196796}}