{"Q9Y2A7": {"Enrichment": 0.7754444911101778, "Depletion": 0.2245755084898302, "two-tailed": 0.4491510169796604}}