{"Q9Y2R4": {"Enrichment": 0.8477430451390973, "Depletion": 0.15227695446091077, "two-tailed": 0.30455390892182155}}