{"Q9Y2C4": {"Enrichment": 0.28275434491310175, "Depletion": 0.7172656546869063, "two-tailed": 0.5655086898262035}}