{"Q9Y253": {"Enrichment": 0.8842023159536809, "Depletion": 0.11581768364632708, "two-tailed": 0.23163536729265416}}