{"Q9Y2J8": {"Enrichment": 0.09111817763644726, "Depletion": 0.9089018219635607, "two-tailed": 0.18223635527289453}}