{"Q9Y337": {"Enrichment": 0.4739305213895722, "Depletion": 0.5260894782104358, "two-tailed": 0.9478610427791444}}