{"Q9Y3R0": {"Enrichment": 0.33319333613327734, "Depletion": 0.6668266634667307, "two-tailed": 0.6663866722665547}}