{"Q9Y3Q4": {"Enrichment": 0.014679706405871882, "Depletion": 0.9853402931941361, "two-tailed": 0.029359412811743764}}