{"Q9Y3Q0": {"Enrichment": 0.18125637487250254, "Depletion": 0.8187636247275054, "two-tailed": 0.3625127497450051}}