{"Q9Y3Q0": {"Enrichment": 0.036939261214775705, "Depletion": 0.9630807383852323, "two-tailed": 0.07387852242955141}}