{"Q9Y3Q4": {"Enrichment": 0.015699686006279873, "Depletion": 0.9843203135937282, "two-tailed": 0.03139937201255975}}