{"Q9Y3D8": {"Enrichment": 0.6699466010679787, "Depletion": 0.3300733985320294, "two-tailed": 0.6601467970640588}}