{"Q9Y3D8": {"Enrichment": 0.27389452210955784, "Depletion": 0.7261254774904502, "two-tailed": 0.5477890442191157}}