{"Q9Y3C6": {"Enrichment": 0.126337473250535, "Depletion": 0.873682526349473, "two-tailed": 0.25267494650107}}