{"Q9Y3E1": {"Enrichment": 0.6093878122437552, "Depletion": 0.3906321873562529, "two-tailed": 0.7812643747125058}}