{"Q9Y3Z3": {"Enrichment": 0.18643627127457452, "Depletion": 0.8135837283254335, "two-tailed": 0.37287254254914903}}