{"Q9Y3P9": {"Enrichment": 0.7776644467110658, "Depletion": 0.2223555528889422, "two-tailed": 0.4447111057778844}}