{"Q9Y3B8": {"Enrichment": 0.49105017899642006, "Depletion": 0.508969820603588, "two-tailed": 0.9821003579928401}}