{"Q9Y337": {"Enrichment": 0.5137297254054919, "Depletion": 0.4862902741945161, "two-tailed": 0.9725805483890322}}