{"Q9Y337": {"Enrichment": 0.5223695526089478, "Depletion": 0.4776504469910602, "two-tailed": 0.9553008939821204}}