{"Q9Y3P9": {"Enrichment": 0.8399832003359933, "Depletion": 0.1600367992640147, "two-tailed": 0.3200735985280294}}