{"Q9Y478": {"Enrichment": 0.9448011039779204, "Depletion": 0.05521889562208756, "two-tailed": 0.11043779124417512}}