{"Q9Y468": {"Enrichment": 0.9461410771784564, "Depletion": 0.05387892242155157, "two-tailed": 0.10775784484310313}}