{"Q9Y468": {"Enrichment": 0.9578808423831523, "Depletion": 0.04213915721685566, "two-tailed": 0.08427831443371132}}