{"Q9Y4E8": {"Enrichment": 0.12175756484870302, "Depletion": 0.8782624347513049, "two-tailed": 0.24351512969740605}}