{"Q9Y4E8": {"Enrichment": 0.6568068638627228, "Depletion": 0.34321313573728524, "two-tailed": 0.6864262714745705}}