{"Q9Y5N5": {"Enrichment": 0.24581508369832603, "Depletion": 0.7542049159016819, "two-tailed": 0.49163016739665205}}