{"Q9Y5Z4": {"Enrichment": 0.6557068858622828, "Depletion": 0.3443131137377252, "two-tailed": 0.6886262274754504}}