{"Q9Y5Y6": {"Enrichment": 0.7610247795044099, "Depletion": 0.2389952200955981, "two-tailed": 0.4779904401911962}}