{"Q9Y5S2": {"Enrichment": 0.08115837683246335, "Depletion": 0.9188616227675447, "two-tailed": 0.1623167536649267}}