{"Q9Y5P8": {"Enrichment": 0.03337933241335173, "Depletion": 0.9666406671866563, "two-tailed": 0.06675866482670346}}