{"Q9Y5X1": {"Enrichment": 0.626527469450611, "Depletion": 0.37349253014939704, "two-tailed": 0.7469850602987941}}