{"Q9Y5P4": {"Enrichment": 0.013619727605447891, "Depletion": 0.9864002719945602, "two-tailed": 0.027239455210895783}}