{"Q9Y5Z0": {"Enrichment": 0.011799764004719906, "Depletion": 0.988220235595288, "two-tailed": 0.02359952800943981}}