{"Q9Y5Z4": {"Enrichment": 0.6555068898622027, "Depletion": 0.34451310973780525, "two-tailed": 0.6890262194756105}}