{"Q9Y5Z0": {"Enrichment": 0.01005979880402392, "Depletion": 0.9899602007959841, "two-tailed": 0.02011959760804784}}