{"Q9Y5Y6": {"Enrichment": 0.8362832743345133, "Depletion": 0.16373672526549468, "two-tailed": 0.32747345053098936}}