{"Q9Y5Y4": {"Enrichment": 0.010719785604287914, "Depletion": 0.9893002139957201, "two-tailed": 0.021439571208575828}}