{"Q9Y5Y6": {"Enrichment": 0.47767044659106817, "Depletion": 0.5223495530089398, "two-tailed": 0.9553408931821363}}