{"Q9Y5N5": {"Enrichment": 0.27969440611187774, "Depletion": 0.7203255934881302, "two-tailed": 0.5593888122237555}}