{"Q9Y600": {"Enrichment": 0.7527249455010899, "Depletion": 0.24729505409891803, "two-tailed": 0.49459010819783605}}