{"Q9Y6W3": {"Enrichment": 0.8455830883382333, "Depletion": 0.15443691126177475, "two-tailed": 0.3088738225235495}}