{"Q9Y6E0": {"Enrichment": 0.18479630407391853, "Depletion": 0.8152236955260895, "two-tailed": 0.36959260814783707}}