{"Q9Y697": {"Enrichment": 0.013519729605407892, "Depletion": 0.9865002699946, "two-tailed": 0.027039459210815783}}