{"Q9Y6N5": {"Enrichment": 0.7819043619127617, "Depletion": 0.21811563768724626, "two-tailed": 0.4362312753744925}}