{"Q9Y6K1": {"Enrichment": 0.5298494030119397, "Depletion": 0.47017059658806826, "two-tailed": 0.9403411931761365}}