{"Q9Y6K8": {"Enrichment": 0.1764964700705986, "Depletion": 0.8235235295294094, "two-tailed": 0.3529929401411972}}