{"Q9Y6A2": {"Enrichment": 0.6115277694446111, "Depletion": 0.3884922301553969, "two-tailed": 0.7769844603107938}}