{"Q9Y600": {"Enrichment": 0.7801843963120738, "Depletion": 0.21983560328793425, "two-tailed": 0.4396712065758685}}