{"Q9Y6X5": {"Enrichment": 0.08553828923421532, "Depletion": 0.9144817103657927, "two-tailed": 0.17107657846843063}}