{"Q9Y6E0": {"Enrichment": 0.1743565128697426, "Depletion": 0.8256634867302654, "two-tailed": 0.3487130257394852}}