{"Q9Y6X5": {"Enrichment": 0.09487810243795124, "Depletion": 0.9051418971620567, "two-tailed": 0.18975620487590247}}