{"Q9Y6W6": {"Enrichment": 0.5739685206295874, "Depletion": 0.4260514789704206, "two-tailed": 0.8521029579408412}}