{"Q9Y6W3": {"Enrichment": 0.6981660366792665, "Depletion": 0.30185396292074157, "two-tailed": 0.6037079258414831}}