{"Q9Y663": {"Enrichment": 0.18095638087238256, "Depletion": 0.8190636187276255, "two-tailed": 0.3619127617447651}}