{"Q9Y6A2": {"Enrichment": 0.6116477670446591, "Depletion": 0.3883722325553489, "two-tailed": 0.7767444651106978}}