{"Q9Y6F1": {"Enrichment": 0.5794284114317714, "Depletion": 0.4205915881682366, "two-tailed": 0.8411831763364732}}