{"Q9Y6M4": {"Enrichment": 0.11625767484650307, "Depletion": 0.8837623247535049, "two-tailed": 0.23251534969300613}}