{"Q9Y6R0": {"Enrichment": 0.8992220155596888, "Depletion": 0.1007979840403192, "two-tailed": 0.2015959680806384}}