{"Q9Y6W6": {"Enrichment": 0.5308093838123238, "Depletion": 0.46921061578768425, "two-tailed": 0.9384212315753685}}