{"Q9Y663": {"Enrichment": 0.04369912601747965, "Depletion": 0.9563208735825284, "two-tailed": 0.0873982520349593}}