{"Q9Y6K1": {"Enrichment": 0.5320693586128278, "Depletion": 0.46795064098718026, "two-tailed": 0.9359012819743605}}