{"Q9Y6F1": {"Enrichment": 0.15377692446151078, "Depletion": 0.8462430751384973, "two-tailed": 0.30755384892302157}}