{"Q9Y6W6": {"Enrichment": 0.5740685186296274, "Depletion": 0.4259514809703806, "two-tailed": 0.8519029619407612}}