{"Q9Y6N5": {"Enrichment": 0.7443451130977381, "Depletion": 0.25567488650226994, "two-tailed": 0.5113497730045399}}