{"P00363": {"Enrichment": 0.061818763624727505, "Depletion": 0.9382012359752805, "two-tailed": 0.12363752724945501}}