{"P00363": {"Enrichment": 0.08359832803343933, "Depletion": 0.9164216715665686, "two-tailed": 0.16719665606687867}}