{"P00350": {"Enrichment": 0.5249095018099638, "Depletion": 0.4751104977900442, "two-tailed": 0.9502209955800884}}