{"P00350": {"Enrichment": 0.5242095158096838, "Depletion": 0.4758104837903242, "two-tailed": 0.9516209675806484}}