{"P00350": {"Enrichment": 0.5175296494070118, "Depletion": 0.48249035019299613, "two-tailed": 0.9649807003859923}}