{"P00363": {"Enrichment": 0.08261834763304735, "Depletion": 0.9174016519669607, "two-tailed": 0.1652366952660947}}