{"P00490": {"Enrichment": 0.04161916761664767, "Depletion": 0.9584008319833603, "two-tailed": 0.08323833523329534}}