{"P00452": {"Enrichment": 0.8012439751204976, "Depletion": 0.1987760244795104, "two-tailed": 0.3975520489590208}}