{"P00452": {"Enrichment": 0.7864242715145697, "Depletion": 0.21359572808543828, "two-tailed": 0.42719145617087656}}