{"P00452": {"Enrichment": 0.7819843603127937, "Depletion": 0.21803563928721426, "two-tailed": 0.4360712785744285}}