{"P00582": {"Enrichment": 0.38183236335273296, "Depletion": 0.618187636247275, "two-tailed": 0.7636647267054659}}