{"P00582": {"Enrichment": 0.9815803683926322, "Depletion": 0.018439631207375854, "two-tailed": 0.03687926241475171}}