{"P00634": {"Enrichment": 0.247055058898822, "Depletion": 0.752964940701186, "two-tailed": 0.494110117797644}}