{"P00864": {"Enrichment": 0.031699366012679746, "Depletion": 0.9683206335873282, "two-tailed": 0.06339873202535949}}