{"P00894": {"Enrichment": 0.6218875622487551, "Depletion": 0.37813243735125296, "two-tailed": 0.7562648747025059}}