{"P00805": {"Enrichment": 0.32983340333193334, "Depletion": 0.6701865962680746, "two-tailed": 0.6596668066638667}}