{"P00805": {"Enrichment": 0.32889342213155737, "Depletion": 0.6711265774684506, "two-tailed": 0.6577868442631147}}