{"P00864": {"Enrichment": 0.11887762244755105, "Depletion": 0.8811423771524569, "two-tailed": 0.2377552448951021}}