{"P00861": {"Enrichment": 0.2014359712805744, "Depletion": 0.7985840283194336, "two-tailed": 0.4028719425611488}}