{"P00888": {"Enrichment": 0.33141337173256535, "Depletion": 0.6686066278674426, "two-tailed": 0.6628267434651307}}