{"P00811": {"Enrichment": 0.004899902001959961, "Depletion": 0.9951200975980481, "two-tailed": 0.009799804003919922}}