{"P00962": {"Enrichment": 0.7612247755044899, "Depletion": 0.2387952240955181, "two-tailed": 0.4775904481910362}}