{"P00914": {"Enrichment": 0.6593468130637388, "Depletion": 0.34067318653626927, "two-tailed": 0.6813463730725385}}