{"P00934": {"Enrichment": 0.02377952440951181, "Depletion": 0.9762404751904962, "two-tailed": 0.04755904881902362}}