{"P00934": {"Enrichment": 0.03357932841343173, "Depletion": 0.9664406711865763, "two-tailed": 0.06715865682686346}}