{"P00968": {"Enrichment": 0.029239415211695766, "Depletion": 0.9707805843883123, "two-tailed": 0.05847883042339153}}