{"P00909": {"Enrichment": 0.18431631367372653, "Depletion": 0.8157036859262815, "two-tailed": 0.36863262734745306}}