{"P00959": {"Enrichment": 0.46751064978700424, "Depletion": 0.5325093498130037, "two-tailed": 0.9350212995740085}}