{"P00959": {"Enrichment": 0.2116357672846543, "Depletion": 0.7883842323153537, "two-tailed": 0.4232715345693086}}