{"P00963": {"Enrichment": 0.0757584848303034, "Depletion": 0.9242615147697046, "two-tailed": 0.1515169696606068}}