{"P00963": {"Enrichment": 0.0030399392012159755, "Depletion": 0.9969800603987921, "two-tailed": 0.006079878402431951}}