{"P00909": {"Enrichment": 0.10657786844263115, "Depletion": 0.8934421311573768, "two-tailed": 0.2131557368852623}}