{"P02919": {"Enrichment": 0.5573688526229476, "Depletion": 0.4426511469770605, "two-tailed": 0.885302293954121}}