{"P02931": {"Enrichment": 0.017059658806823863, "Depletion": 0.9829603407931842, "two-tailed": 0.034119317613647726}}