{"P02916": {"Enrichment": 0.15195696086078278, "Depletion": 0.8480630387392252, "two-tailed": 0.30391392172156556}}