{"P02943": {"Enrichment": 0.8831623367532649, "Depletion": 0.11685766284674307, "two-tailed": 0.23371532569348613}}