{"P02919": {"Enrichment": 0.625527489450211, "Depletion": 0.374492510149797, "two-tailed": 0.748985020299594}}