{"P02916": {"Enrichment": 0.05703885922281554, "Depletion": 0.9429811403771925, "two-tailed": 0.11407771844563108}}