{"P02930": {"Enrichment": 0.39521209575808486, "Depletion": 0.6048079038419232, "two-tailed": 0.7904241915161697}}