{"P02924": {"Enrichment": 0.9366212675746485, "Depletion": 0.06339873202535949, "two-tailed": 0.12679746405071898}}