{"P02930": {"Enrichment": 0.35693286134277313, "Depletion": 0.6430871382572348, "two-tailed": 0.7138657226855463}}