{"P02924": {"Enrichment": 0.9367012659746805, "Depletion": 0.0633187336253275, "two-tailed": 0.126637467250655}}