{"P03018": {"Enrichment": 0.16771664566708666, "Depletion": 0.8323033539329213, "two-tailed": 0.3354332913341733}}