{"P03018": {"Enrichment": 0.10141797164056719, "Depletion": 0.8986020279594408, "two-tailed": 0.20283594328113438}}