{"P03959": {"Enrichment": 0.6873062538749225, "Depletion": 0.3127137457250855, "two-tailed": 0.625427491450171}}