{"P03959": {"Enrichment": 0.6217875642487151, "Depletion": 0.378232435351293, "two-tailed": 0.756464870702586}}