{"P03960": {"Enrichment": 0.7120857582848343, "Depletion": 0.2879342413151737, "two-tailed": 0.5758684826303474}}