{"P04079": {"Enrichment": 0.23197536049279013, "Depletion": 0.7680446391072179, "two-tailed": 0.46395072098558027}}