{"P04036": {"Enrichment": 0.7161056778864423, "Depletion": 0.28391432171356573, "two-tailed": 0.5678286434271315}}