{"P04079": {"Enrichment": 0.11069778604427911, "Depletion": 0.8893222135557289, "two-tailed": 0.22139557208855823}}