{"P04079": {"Enrichment": 0.28109437811243776, "Depletion": 0.7189256214875702, "two-tailed": 0.5621887562248755}}