{"P04391": {"Enrichment": 0.6686266274674506, "Depletion": 0.3313933721325574, "two-tailed": 0.6627867442651147}}