{"P04425": {"Enrichment": 0.014259714805703885, "Depletion": 0.9857602847943041, "two-tailed": 0.02851942961140777}}