{"P04825": {"Enrichment": 0.14447711045779085, "Depletion": 0.8555428891422172, "two-tailed": 0.2889542209155817}}