{"P04825": {"Enrichment": 0.16387672246555068, "Depletion": 0.8361432771344574, "two-tailed": 0.32775344493110137}}