{"P04951": {"Enrichment": 0.037239255214895704, "Depletion": 0.9627807443851123, "two-tailed": 0.07447851042979141}}