{"P04951": {"Enrichment": 0.13237735245295093, "Depletion": 0.8676426471470571, "two-tailed": 0.26475470490590186}}