{"P04995": {"Enrichment": 0.10985780284394311, "Depletion": 0.8901621967560649, "two-tailed": 0.21971560568788623}}