{"P05020": {"Enrichment": 0.14593708125837485, "Depletion": 0.8540829183416332, "two-tailed": 0.2918741625167497}}