{"P05055": {"Enrichment": 0.25441491170176594, "Depletion": 0.745605087898242, "two-tailed": 0.5088298234035319}}