{"P05055": {"Enrichment": 0.3546129077418452, "Depletion": 0.6454070918581628, "two-tailed": 0.7092258154836903}}