{"P05042": {"Enrichment": 0.7152056958860823, "Depletion": 0.28481430371392574, "two-tailed": 0.5696286074278515}}