{"P05042": {"Enrichment": 0.7192856142877142, "Depletion": 0.2807343853122938, "two-tailed": 0.5614687706245876}}