{"P05041": {"Enrichment": 0.30969380612387754, "Depletion": 0.6903261934761304, "two-tailed": 0.6193876122477551}}