{"P05020": {"Enrichment": 0.22099558008839823, "Depletion": 0.7790244195116097, "two-tailed": 0.44199116017679646}}