{"P05041": {"Enrichment": 0.6793464130717386, "Depletion": 0.32067358652826944, "two-tailed": 0.6413471730565389}}