{"P05050": {"Enrichment": 0.0059598808023839525, "Depletion": 0.994060118797624, "two-tailed": 0.011919761604767905}}