{"P05793": {"Enrichment": 0.5393092138157237, "Depletion": 0.4607107857842843, "two-tailed": 0.9214215715685686}}