{"P05793": {"Enrichment": 0.5810883782324353, "Depletion": 0.41893162136757267, "two-tailed": 0.8378632427351453}}