{"P05852": {"Enrichment": 0.2250154996900062, "Depletion": 0.7750044999100018, "two-tailed": 0.4500309993800124}}