{"P05852": {"Enrichment": 0.12725745485090298, "Depletion": 0.872762544749105, "two-tailed": 0.25451490970180596}}