{"P06149": {"Enrichment": 0.19549609007819843, "Depletion": 0.8045239095218095, "two-tailed": 0.39099218015639686}}