{"P06129": {"Enrichment": 0.7746645067098658, "Depletion": 0.2253554928901422, "two-tailed": 0.4507109857802844}}