{"P06149": {"Enrichment": 0.013939721205575888, "Depletion": 0.9860802783944321, "two-tailed": 0.027879442411151777}}