{"P06611": {"Enrichment": 0.6919261614767704, "Depletion": 0.30809383812323754, "two-tailed": 0.6161876762464751}}