{"P06616": {"Enrichment": 0.45977080458390834, "Depletion": 0.5402491950160997, "two-tailed": 0.9195416091678167}}