{"P06609": {"Enrichment": 0.7998440031199376, "Depletion": 0.2001759964800704, "two-tailed": 0.4003519929601408}}