{"P06612": {"Enrichment": 0.3874722505549889, "Depletion": 0.6125477490450191, "two-tailed": 0.7749445011099778}}