{"P06609": {"Enrichment": 0.5738085238295234, "Depletion": 0.42621147577048457, "two-tailed": 0.8524229515409691}}