{"P06612": {"Enrichment": 0.3872922541549169, "Depletion": 0.6127277454450911, "two-tailed": 0.7745845083098338}}