{"P06611": {"Enrichment": 0.6963460730785385, "Depletion": 0.3036739265214696, "two-tailed": 0.6073478530429391}}