{"P06616": {"Enrichment": 0.6640467190656187, "Depletion": 0.3359732805343893, "two-tailed": 0.6719465610687786}}