{"P06715": {"Enrichment": 0.7600047999040019, "Depletion": 0.24001519969600607, "two-tailed": 0.48003039939201214}}