{"P06715": {"Enrichment": 0.7547849043019139, "Depletion": 0.24523509529809404, "two-tailed": 0.49047019059618807}}