{"P06709": {"Enrichment": 0.49227015459690804, "Depletion": 0.5077498450030999, "two-tailed": 0.9845403091938161}}