{"P06721": {"Enrichment": 0.22821543569128616, "Depletion": 0.7718045639087219, "two-tailed": 0.4564308713825723}}