{"P06709": {"Enrichment": 0.11831763364732706, "Depletion": 0.8817023659526809, "two-tailed": 0.23663526729465412}}