{"P06710": {"Enrichment": 0.02359952800943981, "Depletion": 0.9764204715905682, "two-tailed": 0.04719905601887962}}