{"P06715": {"Enrichment": 0.9505809883802324, "Depletion": 0.049439011219775605, "two-tailed": 0.09887802243955121}}