{"P06999": {"Enrichment": 0.9668806623867523, "Depletion": 0.03313933721325574, "two-tailed": 0.06627867442651147}}