{"P06996": {"Enrichment": 0.7448051038979221, "Depletion": 0.25521489570208594, "two-tailed": 0.5104297914041719}}