{"P06971": {"Enrichment": 0.22677546449071018, "Depletion": 0.7732445351092978, "two-tailed": 0.45355092898142035}}