{"P06968": {"Enrichment": 0.20367592648147037, "Depletion": 0.7963440731185376, "two-tailed": 0.40735185296294074}}