{"P06988": {"Enrichment": 0.4746705065898682, "Depletion": 0.5253494930101398, "two-tailed": 0.9493410131797364}}