{"P06988": {"Enrichment": 0.8274034519309614, "Depletion": 0.17261654766904663, "two-tailed": 0.34523309533809327}}