{"P06968": {"Enrichment": 0.5351292974140517, "Depletion": 0.4648907021859563, "two-tailed": 0.9297814043719126}}