{"P06971": {"Enrichment": 0.4146317073658527, "Depletion": 0.5853882922341553, "two-tailed": 0.8292634147317054}}