{"P07026": {"Enrichment": 0.2887742245155097, "Depletion": 0.7112457750844983, "two-tailed": 0.5775484490310194}}