{"P07024": {"Enrichment": 0.44707105857882845, "Depletion": 0.5529489410211795, "two-tailed": 0.8941421171576569}}