{"P07003": {"Enrichment": 0.25527489450210994, "Depletion": 0.744745105097898, "two-tailed": 0.5105497890042199}}