{"P07003": {"Enrichment": 0.17293654126917463, "Depletion": 0.8270834583308334, "two-tailed": 0.34587308253834925}}