{"P07024": {"Enrichment": 0.30655386892262154, "Depletion": 0.6934661306773865, "two-tailed": 0.6131077378452431}}