{"P07464": {"Enrichment": 0.007819843603127938, "Depletion": 0.99220015599688, "two-tailed": 0.015639687206255876}}