{"P07650": {"Enrichment": 0.02267954640907182, "Depletion": 0.9773404531909362, "two-tailed": 0.04535909281814364}}