{"P07658": {"Enrichment": 0.4011319773604528, "Depletion": 0.5988880222395552, "two-tailed": 0.8022639547209056}}