{"P07658": {"Enrichment": 0.39917201655966883, "Depletion": 0.6008479830403392, "two-tailed": 0.7983440331193377}}