{"P07649": {"Enrichment": 0.07821843563128737, "Depletion": 0.9218015639687206, "two-tailed": 0.15643687126257474}}