{"P07623": {"Enrichment": 0.4841703165936681, "Depletion": 0.5158496830063398, "two-tailed": 0.9683406331873362}}