{"P07658": {"Enrichment": 0.4675306493870123, "Depletion": 0.5324893502129957, "two-tailed": 0.9350612987740246}}