{"P07623": {"Enrichment": 0.4041119177616448, "Depletion": 0.5959080818383632, "two-tailed": 0.8082238355232896}}