{"P07649": {"Enrichment": 0.5164696706065879, "Depletion": 0.48355032899342015, "two-tailed": 0.9671006579868403}}