{"P07650": {"Enrichment": 0.021599568008639828, "Depletion": 0.9784204315913682, "two-tailed": 0.043199136017279656}}