{"P07623": {"Enrichment": 0.4856102877942441, "Depletion": 0.5144097118057639, "two-tailed": 0.9712205755884882}}