{"P07762": {"Enrichment": 0.9116417671646567, "Depletion": 0.0883782324353513, "two-tailed": 0.1767564648707026}}