{"P07762": {"Enrichment": 0.7096258074838503, "Depletion": 0.2903941921161577, "two-tailed": 0.5807883842323154}}