{"P07822": {"Enrichment": 0.4479710405791884, "Depletion": 0.5520489590208196, "two-tailed": 0.8959420811583768}}