{"P07822": {"Enrichment": 0.5611087778244435, "Depletion": 0.43891122177556446, "two-tailed": 0.8778224435511289}}