{"P07813": {"Enrichment": 0.4081118377632447, "Depletion": 0.5919081618367633, "two-tailed": 0.8162236755264894}}