{"P07862": {"Enrichment": 0.007959840803183937, "Depletion": 0.9920601587968241, "two-tailed": 0.015919681606367874}}