{"P08178": {"Enrichment": 0.992320153596928, "Depletion": 0.007699846003079938, "two-tailed": 0.015399692006159876}}