{"P08179": {"Enrichment": 0.029539409211815762, "Depletion": 0.9704805903881922, "two-tailed": 0.059078818423631524}}