{"P08178": {"Enrichment": 0.616687666246675, "Depletion": 0.38333233335333294, "two-tailed": 0.7666646667066659}}