{"P08192": {"Enrichment": 0.1874362512749745, "Depletion": 0.8125837483250336, "two-tailed": 0.374872502549949}}