{"P08192": {"Enrichment": 0.08473830523389532, "Depletion": 0.9152816943661127, "two-tailed": 0.16947661046779064}}