{"P08200": {"Enrichment": 0.2895342093158137, "Depletion": 0.7104857902841943, "two-tailed": 0.5790684186316274}}