{"P08244": {"Enrichment": 0.16067678646427072, "Depletion": 0.8393432131357372, "two-tailed": 0.32135357292854144}}