{"P08244": {"Enrichment": 0.002259954800903982, "Depletion": 0.9977600447991041, "two-tailed": 0.004519909601807964}}