{"P08200": {"Enrichment": 0.1997160056798864, "Depletion": 0.8003039939201216, "two-tailed": 0.3994320113597728}}