{"P08244": {"Enrichment": 0.15723685526289474, "Depletion": 0.8427831443371132, "two-tailed": 0.3144737105257895}}