{"P08337": {"Enrichment": 0.14781704365912682, "Depletion": 0.8522029559408811, "two-tailed": 0.29563408731825364}}