{"P08337": {"Enrichment": 0.4797704045919082, "Depletion": 0.5202495950080999, "two-tailed": 0.9595408091838163}}