{"P08506": {"Enrichment": 0.42135157296854064, "Depletion": 0.5786684266314673, "two-tailed": 0.8427031459370813}}