{"P08506": {"Enrichment": 0.48339033219335614, "Depletion": 0.5166296674066518, "two-tailed": 0.9667806643867123}}