{"P08660": {"Enrichment": 0.9041619167616648, "Depletion": 0.09585808283834324, "two-tailed": 0.19171616567668648}}