{"P08839": {"Enrichment": 0.5908681826363473, "Depletion": 0.4091518169636607, "two-tailed": 0.8183036339273214}}