{"P08839": {"Enrichment": 0.5878082438351233, "Depletion": 0.4122117557648847, "two-tailed": 0.8244235115297694}}