{"P08839": {"Enrichment": 0.5745485090298194, "Depletion": 0.42547149057018857, "two-tailed": 0.8509429811403771}}