{"P09029": {"Enrichment": 0.015379692406151876, "Depletion": 0.9846403071938561, "two-tailed": 0.030759384812303753}}