{"P09099": {"Enrichment": 0.4080118397632047, "Depletion": 0.5920081598368032, "two-tailed": 0.8160236795264094}}