{"P09099": {"Enrichment": 0.47943041139177217, "Depletion": 0.5205895882082359, "two-tailed": 0.9588608227835443}}