{"P09099": {"Enrichment": 0.74292514149717, "Depletion": 0.25709485810283794, "two-tailed": 0.5141897162056759}}