{"P09147": {"Enrichment": 0.00041999160016799666, "Depletion": 0.9996000079998401, "two-tailed": 0.0008399832003359933}}