{"P09158": {"Enrichment": 0.4361712765744685, "Depletion": 0.5638487230255395, "two-tailed": 0.872342553148937}}