{"P09155": {"Enrichment": 0.34389312213755724, "Depletion": 0.6561268774624508, "two-tailed": 0.6877862442751145}}