{"P09158": {"Enrichment": 0.24215515689686207, "Depletion": 0.7578648427031459, "two-tailed": 0.48431031379372413}}