{"P09169": {"Enrichment": 0.5450490990180197, "Depletion": 0.45497090058198836, "two-tailed": 0.9099418011639767}}