{"P09148": {"Enrichment": 0.4605307893842123, "Depletion": 0.5394892102157957, "two-tailed": 0.9210615787684246}}