{"P09155": {"Enrichment": 0.34239315213695726, "Depletion": 0.6576268474630508, "two-tailed": 0.6847863042739145}}