{"P09373": {"Enrichment": 0.3529929401411972, "Depletion": 0.6470270594588108, "two-tailed": 0.7059858802823944}}