{"P09373": {"Enrichment": 0.3855522889542209, "Depletion": 0.6144677106457871, "two-tailed": 0.7711045779084418}}