{"P09546": {"Enrichment": 0.378032439351213, "Depletion": 0.621987560248795, "two-tailed": 0.756064878702426}}