{"P09546": {"Enrichment": 0.22917541649167017, "Depletion": 0.7708445831083378, "two-tailed": 0.45835083298334034}}