{"P0A6E4": {"Enrichment": 0.20629587408251834, "Depletion": 0.7937241255174896, "two-tailed": 0.4125917481650367}}