{"P0A6C8": {"Enrichment": 0.08021839563208735, "Depletion": 0.9198016039679207, "two-tailed": 0.1604367912641747}}