{"P0A6D5": {"Enrichment": 0.7379652406951861, "Depletion": 0.2620547589048219, "two-tailed": 0.5241095178096438}}