{"P0A6R0": {"Enrichment": 0.613027739445211, "Depletion": 0.38699226015479693, "two-tailed": 0.7739845203095939}}