{"P0A6Z3": {"Enrichment": 0.7948441031179376, "Depletion": 0.20517589648207035, "two-tailed": 0.4103517929641407}}