{"P0A6F3": {"Enrichment": 0.5808883822323554, "Depletion": 0.41913161736765264, "two-tailed": 0.8382632347353053}}