{"P0A6I9": {"Enrichment": 0.08999820003599927, "Depletion": 0.9100217995640087, "two-tailed": 0.17999640007199855}}