{"P0A6U8": {"Enrichment": 0.15457690846183075, "Depletion": 0.8454430911381773, "two-tailed": 0.3091538169236615}}