{"P0A6W9": {"Enrichment": 0.3922921541569169, "Depletion": 0.6077278454430911, "two-tailed": 0.7845843083138337}}