{"P0A6R0": {"Enrichment": 0.8238035239295214, "Depletion": 0.1762164756704866, "two-tailed": 0.3524329513409732}}