{"P0A6D5": {"Enrichment": 0.873102537949241, "Depletion": 0.12691746165076698, "two-tailed": 0.25383492330153395}}