{"P0A6Y8": {"Enrichment": 0.057398852022959544, "Depletion": 0.9426211475770485, "two-tailed": 0.11479770404591909}}