{"P0A6W9": {"Enrichment": 0.373072538549229, "Depletion": 0.626947461050779, "two-tailed": 0.746145077098458}}