{"P0A6I9": {"Enrichment": 0.21625567488650227, "Depletion": 0.7837643247135058, "two-tailed": 0.43251134977300454}}