{"P0A6Z6": {"Enrichment": 0.7768444631107377, "Depletion": 0.22317553648927022, "two-tailed": 0.44635107297854043}}