{"P0A6D3": {"Enrichment": 0.7931641367172656, "Depletion": 0.20685586288274235, "two-tailed": 0.4137117257654847}}