{"P0A6I3": {"Enrichment": 0.002659946801063979, "Depletion": 0.997360052798944, "two-tailed": 0.005319893602127958}}