{"P0A6B4": {"Enrichment": 0.026719465610687786, "Depletion": 0.9733005339893203, "two-tailed": 0.05343893122137557}}