{"P0A6L4": {"Enrichment": 0.05741885162296754, "Depletion": 0.9426011479770404, "two-tailed": 0.11483770324593508}}