{"P0A6I0": {"Enrichment": 0.1006179876402472, "Depletion": 0.8994020119597608, "two-tailed": 0.2012359752804944}}