{"P0A6E4": {"Enrichment": 0.3020139597208056, "Depletion": 0.6980060398792024, "two-tailed": 0.6040279194416112}}