{"P0A6B4": {"Enrichment": 0.13451730965380693, "Depletion": 0.865502689946201, "two-tailed": 0.26903461930761385}}