{"P0A6L4": {"Enrichment": 0.2737945241095178, "Depletion": 0.7262254754904902, "two-tailed": 0.5475890482190356}}