{"P0A6R0": {"Enrichment": 0.5677086458270835, "Depletion": 0.43231135377292457, "two-tailed": 0.8646227075458491}}