{"P0A6I3": {"Enrichment": 0.01127977440451191, "Depletion": 0.9887402251954961, "two-tailed": 0.02255954880902382}}