{"P0A6Z3": {"Enrichment": 0.9296014079718405, "Depletion": 0.07041859162816744, "two-tailed": 0.14083718325633487}}