{"P0A6F3": {"Enrichment": 0.5651486970260595, "Depletion": 0.4348713025739485, "two-tailed": 0.869742605147897}}