{"P0A6V5": {"Enrichment": 0.5404891902161957, "Depletion": 0.4595308093838123, "two-tailed": 0.9190616187676246}}