{"P0A6F1": {"Enrichment": 0.5390492190156196, "Depletion": 0.46097078058438834, "two-tailed": 0.9219415611687767}}