{"P0A6U8": {"Enrichment": 0.10155796884062318, "Depletion": 0.8984620307593848, "two-tailed": 0.20311593768124636}}