{"P0A6P9": {"Enrichment": 0.011679766404671907, "Depletion": 0.9883402331953361, "two-tailed": 0.023359532809343813}}