{"P0A6I0": {"Enrichment": 0.19409611807763844, "Depletion": 0.8059238815223696, "two-tailed": 0.38819223615527687}}