{"P0A6V5": {"Enrichment": 0.5295694086118278, "Depletion": 0.47045059098818026, "two-tailed": 0.9409011819763605}}