{"P0A6C8": {"Enrichment": 0.07959840803183936, "Depletion": 0.9204215915681686, "two-tailed": 0.15919681606367872}}