{"P0A6P9": {"Enrichment": 0.004019919601607968, "Depletion": 0.9960000799984, "two-tailed": 0.008039839203215935}}