{"P0A7E1": {"Enrichment": 0.14597708045839083, "Depletion": 0.8540429191416171, "two-tailed": 0.29195416091678167}}