{"P0A7E5": {"Enrichment": 0.0884782304353913, "Depletion": 0.9115417691646167, "two-tailed": 0.1769564608707826}}