{"P0A759": {"Enrichment": 0.5797684046319074, "Depletion": 0.42025159496810066, "two-tailed": 0.8405031899362013}}