{"P0A7E1": {"Enrichment": 0.15461690766184677, "Depletion": 0.8454030919381612, "two-tailed": 0.30923381532369354}}