{"P0A784": {"Enrichment": 0.03011939761204776, "Depletion": 0.9699006019879602, "two-tailed": 0.06023879522409552}}