{"P0A776": {"Enrichment": 0.4371712565748685, "Depletion": 0.5628487430251395, "two-tailed": 0.874342513149737}}