{"P0A720": {"Enrichment": 0.6869862602747945, "Depletion": 0.3130337393252135, "two-tailed": 0.626067478650427}}