{"P0A752": {"Enrichment": 0.26731465370692586, "Depletion": 0.7327053458930821, "two-tailed": 0.5346293074138517}}