{"P0A7B1": {"Enrichment": 0.0872382552348953, "Depletion": 0.9127817443651127, "two-tailed": 0.1744765104697906}}