{"P0A759": {"Enrichment": 0.4887302253954921, "Depletion": 0.5112897742045159, "two-tailed": 0.9774604507909842}}