{"P0A776": {"Enrichment": 0.3232135357292854, "Depletion": 0.6768064638707226, "two-tailed": 0.6464270714585708}}