{"P0A744": {"Enrichment": 0.09491810163796724, "Depletion": 0.9051018979620408, "two-tailed": 0.18983620327593448}}