{"P0A7B5": {"Enrichment": 0.8140237195256095, "Depletion": 0.1859962800743985, "two-tailed": 0.371992560148797}}