{"P0A752": {"Enrichment": 0.24309513809723807, "Depletion": 0.7569248615027699, "two-tailed": 0.48619027619447613}}