{"P0A790": {"Enrichment": 0.012059758804823904, "Depletion": 0.9879602407951841, "two-tailed": 0.024119517609647808}}