{"P0A725": {"Enrichment": 0.05675886482270354, "Depletion": 0.9432611347773044, "two-tailed": 0.11351772964540709}}