{"P0A7E3": {"Enrichment": 0.43313133737325255, "Depletion": 0.5668886622267555, "two-tailed": 0.8662626747465051}}