{"P0A7C2": {"Enrichment": 0.6506669866602668, "Depletion": 0.3493530129397412, "two-tailed": 0.6987060258794824}}