{"P0A7I7": {"Enrichment": 0.08957820843583128, "Depletion": 0.9104417911641767, "two-tailed": 0.17915641687166256}}