{"P0A7I7": {"Enrichment": 0.0622187556248875, "Depletion": 0.9378012439751205, "two-tailed": 0.124437511249775}}