{"P0A7I7": {"Enrichment": 0.008499830003399931, "Depletion": 0.991520169596608, "two-tailed": 0.016999660006799863}}