{"P0A7E9": {"Enrichment": 0.3260534789304214, "Depletion": 0.6739665206695866, "two-tailed": 0.6521069578608428}}