{"P0A731": {"Enrichment": 0.7695246095078099, "Depletion": 0.23049539009219816, "two-tailed": 0.4609907801843963}}