{"P0A715": {"Enrichment": 0.757004859902802, "Depletion": 0.24301513969720606, "two-tailed": 0.4860302793944121}}