{"P0A759": {"Enrichment": 0.47281054378912424, "Depletion": 0.5272094558108837, "two-tailed": 0.9456210875782485}}