{"P0A725": {"Enrichment": 0.027019459610807785, "Depletion": 0.9730005399892002, "two-tailed": 0.05403891922161557}}