{"P0A7E9": {"Enrichment": 0.3227735445291094, "Depletion": 0.6772464550708985, "two-tailed": 0.6455470890582188}}