{"P0A7H3": {"Enrichment": 0.19443611127777444, "Depletion": 0.8055838883222336, "two-tailed": 0.3888722225555489}}