{"P0A744": {"Enrichment": 0.07831843363132737, "Depletion": 0.9217015659686806, "two-tailed": 0.15663686726265474}}