{"P0A731": {"Enrichment": 0.7269654606907862, "Depletion": 0.2730545389092218, "two-tailed": 0.5461090778184436}}