{"P0A796": {"Enrichment": 0.5975480490390193, "Depletion": 0.4024719505609888, "two-tailed": 0.8049439011219776}}