{"P0A7C2": {"Enrichment": 0.6516869662606748, "Depletion": 0.3483330333393332, "two-tailed": 0.6966660666786664}}