{"P0A763": {"Enrichment": 0.20403591928161438, "Depletion": 0.7959840803183936, "two-tailed": 0.40807183856322876}}