{"P0A7E1": {"Enrichment": 0.20329593408131838, "Depletion": 0.7967240655186896, "two-tailed": 0.40659186816263676}}