{"P0A784": {"Enrichment": 0.02997940041199176, "Depletion": 0.9700405991880162, "two-tailed": 0.05995880082398352}}