{"P0A763": {"Enrichment": 0.4933101337973241, "Depletion": 0.506709865802684, "two-tailed": 0.9866202675946482}}