{"P0A7B1": {"Enrichment": 0.0750384992300154, "Depletion": 0.9249815003699926, "two-tailed": 0.1500769984600308}}