{"P0A7B1": {"Enrichment": 0.37801243975120496, "Depletion": 0.6220075598488031, "two-tailed": 0.7560248795024099}}