{"P0A731": {"Enrichment": 0.7171056578868422, "Depletion": 0.28291434171316576, "two-tailed": 0.5658286834263315}}