{"P0A7A5": {"Enrichment": 0.10493790124197516, "Depletion": 0.8950820983580329, "two-tailed": 0.20987580248395032}}