{"P0A794": {"Enrichment": 0.38979220415591687, "Depletion": 0.6102277954440911, "two-tailed": 0.7795844083118337}}