{"P0A794": {"Enrichment": 0.3887722245555089, "Depletion": 0.6112477750444991, "two-tailed": 0.7775444491110178}}