{"P0A8D6": {"Enrichment": 0.01995960080798384, "Depletion": 0.9800603987920241, "two-tailed": 0.03991920161596768}}