{"P0A879": {"Enrichment": 0.7298054038919222, "Depletion": 0.2702145957080858, "two-tailed": 0.5404291914161716}}