{"P0A853": {"Enrichment": 0.023999520009599807, "Depletion": 0.9760204795904082, "two-tailed": 0.047999040019199614}}