{"P0A8F0": {"Enrichment": 0.50014999700006, "Depletion": 0.499870002599948, "two-tailed": 0.999740005199896}}