{"P0A894": {"Enrichment": 0.7361252774944501, "Depletion": 0.26389472210555787, "two-tailed": 0.5277894442111157}}