{"P0A855": {"Enrichment": 0.5576288474230515, "Depletion": 0.44239115217695646, "two-tailed": 0.8847823043539129}}