{"P0A8Y5": {"Enrichment": 0.39637207255854884, "Depletion": 0.6036479270414592, "two-tailed": 0.7927441451170977}}