{"P0A8N5": {"Enrichment": 0.3301933961320774, "Depletion": 0.6698266034679307, "two-tailed": 0.6603867922641548}}