{"P0A894": {"Enrichment": 0.9233815323693526, "Depletion": 0.07663846723065539, "two-tailed": 0.15327693446131077}}