{"P0A8M3": {"Enrichment": 0.8069438611227775, "Depletion": 0.19307613847723046, "two-tailed": 0.3861522769544609}}