{"P0A8M3": {"Enrichment": 0.5722685546289075, "Depletion": 0.42775144497110057, "two-tailed": 0.8555028899422011}}