{"P0A8D6": {"Enrichment": 0.2371152576948461, "Depletion": 0.7629047419051619, "two-tailed": 0.4742305153896922}}