{"P0A8N3": {"Enrichment": 0.007659846803063939, "Depletion": 0.992360152796944, "two-tailed": 0.015319693606127878}}