{"P0A855": {"Enrichment": 0.6155876882462351, "Depletion": 0.3844323113537729, "two-tailed": 0.7688646227075459}}