{"P0A825": {"Enrichment": 0.01757964840703186, "Depletion": 0.9824403511929761, "two-tailed": 0.03515929681406372}}