{"P0A8L1": {"Enrichment": 0.0003599928001439971, "Depletion": 0.999660006799864, "two-tailed": 0.0007199856002879943}}