{"P0A8N7": {"Enrichment": 0.1391972160556789, "Depletion": 0.8608227835443291, "two-tailed": 0.2783944321113578}}