{"P0A825": {"Enrichment": 0.06727865442691146, "Depletion": 0.9327413451730966, "two-tailed": 0.13455730885382292}}