{"P0A8Y5": {"Enrichment": 0.9046019079618408, "Depletion": 0.09541809163816724, "two-tailed": 0.19083618327633448}}