{"P0A8N5": {"Enrichment": 0.0250594988100238, "Depletion": 0.9749605007899842, "two-tailed": 0.0501189976200476}}