{"P0A8I3": {"Enrichment": 0.12353752924941501, "Depletion": 0.876482470350593, "two-tailed": 0.24707505849883002}}