{"P0A836": {"Enrichment": 0.3853522929541409, "Depletion": 0.6146677066458671, "two-tailed": 0.7707045859082818}}