{"P0A873": {"Enrichment": 0.0021999560008799826, "Depletion": 0.997820043599128, "two-tailed": 0.004399912001759965}}