{"P0A8F0": {"Enrichment": 0.0029599408011839762, "Depletion": 0.997060058798824, "two-tailed": 0.0059198816023679525}}