{"P0A8Y5": {"Enrichment": 0.5425891482170356, "Depletion": 0.45743085138297235, "two-tailed": 0.9148617027659447}}