{"P0A9W3": {"Enrichment": 0.9130017399652007, "Depletion": 0.0870182596348073, "two-tailed": 0.1740365192696146}}