{"P0A9M2": {"Enrichment": 0.7767044659106818, "Depletion": 0.22331553368932622, "two-tailed": 0.44663106737865244}}