{"P0A9G6": {"Enrichment": 0.2859942801143977, "Depletion": 0.7140257194856103, "two-tailed": 0.5719885602287954}}