{"P0A955": {"Enrichment": 0.4192716145677087, "Depletion": 0.5807483850322993, "two-tailed": 0.8385432291354173}}