{"P0A993": {"Enrichment": 0.504889902201956, "Depletion": 0.495130097398052, "two-tailed": 0.990260194796104}}