{"P0A9W3": {"Enrichment": 0.9319213615727685, "Depletion": 0.06809863802723945, "two-tailed": 0.1361972760544789}}