{"P0A9P4": {"Enrichment": 0.628847423051539, "Depletion": 0.371172576548469, "two-tailed": 0.742345153096938}}