{"P0A9A6": {"Enrichment": 0.4763504729905402, "Depletion": 0.5236695266094679, "two-tailed": 0.9527009459810803}}