{"P0A9A6": {"Enrichment": 0.5702885942281154, "Depletion": 0.4297314053718926, "two-tailed": 0.8594628107437852}}