{"P0A9S1": {"Enrichment": 0.19089618207635847, "Depletion": 0.8091238175236495, "two-tailed": 0.38179236415271695}}