{"P0A9T4": {"Enrichment": 0.002239955200895982, "Depletion": 0.997780044399112, "two-tailed": 0.004479910401791964}}