{"P0A993": {"Enrichment": 0.3498730025399492, "Depletion": 0.6501469970600589, "two-tailed": 0.6997460050798984}}