{"P0A9S5": {"Enrichment": 0.5510689786204276, "Depletion": 0.4489510209795804, "two-tailed": 0.8979020419591608}}