{"P0A9V1": {"Enrichment": 0.6597468050638987, "Depletion": 0.34027319453610927, "two-tailed": 0.6805463890722185}}