{"P0A912": {"Enrichment": 0.38429231415371695, "Depletion": 0.6157276854462911, "two-tailed": 0.7685846283074339}}