{"P0A9J4": {"Enrichment": 0.6026079478410432, "Depletion": 0.3974120517589648, "two-tailed": 0.7948241035179296}}