{"P0A9M2": {"Enrichment": 0.8934221315573688, "Depletion": 0.10659786804263914, "two-tailed": 0.21319573608527828}}