{"P0A998": {"Enrichment": 0.14011719765604688, "Depletion": 0.8599028019439611, "two-tailed": 0.28023439531209376}}