{"P0A9H3": {"Enrichment": 0.5940881182376353, "Depletion": 0.40593188136237274, "two-tailed": 0.8118637627247455}}