{"P0A9T0": {"Enrichment": 0.18369632607347852, "Depletion": 0.8163236735265295, "two-tailed": 0.36739265214695704}}