{"P0A9H1": {"Enrichment": 0.4040519189616208, "Depletion": 0.5959680806383872, "two-tailed": 0.8081038379232416}}