{"P0A9C9": {"Enrichment": 0.9791604167916642, "Depletion": 0.020859582808343834, "two-tailed": 0.04171916561668767}}