{"P0A9H1": {"Enrichment": 0.4051518969620608, "Depletion": 0.5948681026379472, "two-tailed": 0.8103037939241216}}