{"P0A9R4": {"Enrichment": 0.5413091738165237, "Depletion": 0.4587108257834843, "two-tailed": 0.9174216515669686}}