{"P0A9N4": {"Enrichment": 0.004439911201775964, "Depletion": 0.9955800883982321, "two-tailed": 0.008879822403551929}}