{"P0A9Q7": {"Enrichment": 0.2385952280954381, "Depletion": 0.7614247715045699, "two-tailed": 0.4771904561908762}}