{"P0A9N4": {"Enrichment": 0.20081598368032638, "Depletion": 0.7992040159196816, "two-tailed": 0.40163196736065276}}