{"P0A9P4": {"Enrichment": 0.20853582928341433, "Depletion": 0.7914841703165937, "two-tailed": 0.41707165856682865}}