{"P0A935": {"Enrichment": 0.27721445571088577, "Depletion": 0.7228055438891222, "two-tailed": 0.5544289114217715}}