{"P0A9V1": {"Enrichment": 0.6668666626667467, "Depletion": 0.3331533369332613, "two-tailed": 0.6663066738665226}}