{"P0A9M2": {"Enrichment": 0.8930621387572248, "Depletion": 0.10695786084278315, "two-tailed": 0.2139157216855663}}