{"P0A9J4": {"Enrichment": 0.6055878882422352, "Depletion": 0.39443211135777284, "two-tailed": 0.7888642227155457}}