{"P0A953": {"Enrichment": 0.16881662366752664, "Depletion": 0.8312033759324814, "two-tailed": 0.3376332473350533}}