{"P0A951": {"Enrichment": 0.38195236095278096, "Depletion": 0.618067638647227, "two-tailed": 0.7639047219055619}}