{"P0A9P0": {"Enrichment": 0.37887242255154896, "Depletion": 0.621147577048459, "two-tailed": 0.7577448451030979}}