{"P0A935": {"Enrichment": 0.5241695166096678, "Depletion": 0.4758504829903402, "two-tailed": 0.9517009659806804}}