{"P0A959": {"Enrichment": 0.6112277754444911, "Depletion": 0.3887922241555169, "two-tailed": 0.7775844483110338}}