{"P0A9J6": {"Enrichment": 0.35961280774384513, "Depletion": 0.6404071918561629, "two-tailed": 0.7192256154876903}}