{"P0A9S1": {"Enrichment": 0.5154896902061958, "Depletion": 0.48453030939381214, "two-tailed": 0.9690606187876243}}