{"P0A9S5": {"Enrichment": 0.7437851242975141, "Depletion": 0.25623487530249395, "two-tailed": 0.5124697506049879}}