{"P0A9T0": {"Enrichment": 0.1869962600747985, "Depletion": 0.8130237395252095, "two-tailed": 0.373992520149597}}