{"P0A988": {"Enrichment": 0.7025459490810184, "Depletion": 0.2974740505189896, "two-tailed": 0.5949481010379792}}