{"P0A9C9": {"Enrichment": 0.9730805383892323, "Depletion": 0.026939461210775784, "two-tailed": 0.05387892242155157}}