{"P0A912": {"Enrichment": 0.3857722845543089, "Depletion": 0.6142477150456991, "two-tailed": 0.7715445691086178}}