{"P0A9P0": {"Enrichment": 0.5449891002179956, "Depletion": 0.45503089938201235, "two-tailed": 0.9100617987640247}}