{"P0A9E0": {"Enrichment": 0.4881502369952601, "Depletion": 0.5118697626047479, "two-tailed": 0.9763004739905202}}