{"P0A9G6": {"Enrichment": 0.29449411011779764, "Depletion": 0.7055258894822104, "two-tailed": 0.5889882202355953}}