{"P0A953": {"Enrichment": 0.24643507129857403, "Depletion": 0.753584928301434, "two-tailed": 0.49287014259714806}}