{"P0A9J6": {"Enrichment": 0.5615087698246035, "Depletion": 0.43851122977540447, "two-tailed": 0.8770224595508089}}