{"P0A959": {"Enrichment": 0.7934641307173856, "Depletion": 0.20655586888262234, "two-tailed": 0.4131117377652447}}