{"P0A9T0": {"Enrichment": 0.3506729865402692, "Depletion": 0.6493470130597389, "two-tailed": 0.7013459730805384}}