{"P0A9R4": {"Enrichment": 0.044179116417671645, "Depletion": 0.9558408831823364, "two-tailed": 0.08835823283534329}}