{"P0A9Q7": {"Enrichment": 0.41077178456430874, "Depletion": 0.5892482150356992, "two-tailed": 0.8215435691286175}}