{"P0AAI3": {"Enrichment": 0.2651146977060459, "Depletion": 0.7349053018939621, "two-tailed": 0.5302293954120918}}