{"P0AAZ4": {"Enrichment": 0.3252134957300854, "Depletion": 0.6748065038699226, "two-tailed": 0.6504269914601708}}