{"P0AAB4": {"Enrichment": 0.02231955360892782, "Depletion": 0.9777004459910802, "two-tailed": 0.04463910721785564}}