{"P0AAI9": {"Enrichment": 0.634887302253955, "Depletion": 0.3651326973460531, "two-tailed": 0.7302653946921062}}