{"P0AAJ3": {"Enrichment": 0.21639567208655827, "Depletion": 0.7836243275134497, "two-tailed": 0.43279134417311654}}