{"P0AA89": {"Enrichment": 0.44645107097858044, "Depletion": 0.5535689286214276, "two-tailed": 0.8929021419571609}}