{"P0AAI3": {"Enrichment": 0.2659146817063659, "Depletion": 0.7341053178936421, "two-tailed": 0.5318293634127318}}