{"P0AA89": {"Enrichment": 0.3500929981400372, "Depletion": 0.6499270014599708, "two-tailed": 0.7001859962800744}}