{"P0AAB4": {"Enrichment": 0.02407951840963181, "Depletion": 0.9759404811903762, "two-tailed": 0.04815903681926362}}