{"P0AAB4": {"Enrichment": 0.025619487610247797, "Depletion": 0.9744005119897602, "two-tailed": 0.05123897522049559}}