{"P0AAI9": {"Enrichment": 0.6427671446571068, "Depletion": 0.35725285494290115, "two-tailed": 0.7145057098858023}}