{"P0AAJ3": {"Enrichment": 0.21761564768704625, "Depletion": 0.7824043519129618, "two-tailed": 0.4352312953740925}}