{"P0AAR3": {"Enrichment": 0.2142157156856863, "Depletion": 0.7858042839143217, "two-tailed": 0.4284314313713726}}