{"P0AAZ4": {"Enrichment": 0.2022559548809024, "Depletion": 0.7977640447191057, "two-tailed": 0.4045119097618048}}