{"P0AAV8": {"Enrichment": 0.8338633227335454, "Depletion": 0.16615667686646268, "two-tailed": 0.33231335373292537}}