{"P0AA39": {"Enrichment": 0.002999940001199976, "Depletion": 0.997020059598808, "two-tailed": 0.005999880002399952}}