{"P0AA39": {"Enrichment": 0.21585568288634227, "Depletion": 0.7841643167136657, "two-tailed": 0.43171136577268454}}