{"P0AA89": {"Enrichment": 0.4498710025799484, "Depletion": 0.5501489970200596, "two-tailed": 0.8997420051598968}}