{"P0ABH7": {"Enrichment": 0.06045879082418352, "Depletion": 0.9395612087758245, "two-tailed": 0.12091758164836704}}