{"P0AB87": {"Enrichment": 0.9973200535989281, "Depletion": 0.0026999460010799785, "two-tailed": 0.005399892002159957}}