{"P0ABT2": {"Enrichment": 0.8583028339433212, "Depletion": 0.14171716565668688, "two-tailed": 0.28343433131337376}}