{"P0AB71": {"Enrichment": 0.35789284214315714, "Depletion": 0.6421271574568509, "two-tailed": 0.7157856842863143}}