{"P0ABH9": {"Enrichment": 0.2612547749045019, "Depletion": 0.7387652246955061, "two-tailed": 0.5225095498090038}}