{"P0AB89": {"Enrichment": 0.8706225875482491, "Depletion": 0.12939741205175898, "two-tailed": 0.25879482410351795}}