{"P0ABH9": {"Enrichment": 0.1634367312653747, "Depletion": 0.8365832683346333, "two-tailed": 0.3268734625307494}}