{"P0ABT2": {"Enrichment": 0.8578828423431532, "Depletion": 0.14213715725685486, "two-tailed": 0.2842743145137097}}