{"P0ABH7": {"Enrichment": 0.23325533489330214, "Depletion": 0.7667646647067059, "two-tailed": 0.46651066978660427}}