{"P0ABQ0": {"Enrichment": 0.7289454210915781, "Depletion": 0.2710745785084298, "two-tailed": 0.5421491570168596}}