{"P0AB91": {"Enrichment": 0.0493990120197596, "Depletion": 0.9506209875802484, "two-tailed": 0.0987980240395192}}