{"P0ABB8": {"Enrichment": 0.503689926201476, "Depletion": 0.496330073398532, "two-tailed": 0.992660146797064}}