{"P0AB85": {"Enrichment": 0.6470470590588189, "Depletion": 0.35297294054118916, "two-tailed": 0.7059458810823783}}