{"P0AB80": {"Enrichment": 0.09429811403771925, "Depletion": 0.9057218855622887, "two-tailed": 0.1885962280754385}}