{"P0ABK9": {"Enrichment": 0.18055638887222256, "Depletion": 0.8194636107277854, "two-tailed": 0.3611127777444451}}