{"P0ABH7": {"Enrichment": 0.17207655846883063, "Depletion": 0.8279434411311773, "two-tailed": 0.34415311693766126}}