{"P0AB91": {"Enrichment": 0.1374772504549909, "Depletion": 0.862542749145017, "two-tailed": 0.2749545009099818}}