{"P0AB80": {"Enrichment": 0.5691486170276594, "Depletion": 0.4308713825723485, "two-tailed": 0.861742765144697}}