{"P0AB87": {"Enrichment": 0.997580048399032, "Depletion": 0.0024399512009759803, "two-tailed": 0.004879902401951961}}