{"P0ABP8": {"Enrichment": 0.4865702685946281, "Depletion": 0.5134497310053799, "two-tailed": 0.9731405371892562}}