{"P0ABK9": {"Enrichment": 0.2346753064938701, "Depletion": 0.7653446931061378, "two-tailed": 0.4693506129877402}}