{"P0AB87": {"Enrichment": 0.997340053198936, "Depletion": 0.0026799464010719785, "two-tailed": 0.005359892802143957}}