{"P0ABD3": {"Enrichment": 0.08485830283394333, "Depletion": 0.9151616967660646, "two-tailed": 0.16971660566788666}}