{"P0AB89": {"Enrichment": 0.872842543149137, "Depletion": 0.12717745645087097, "two-tailed": 0.25435491290174195}}