{"P0ABD3": {"Enrichment": 0.1014579708405832, "Depletion": 0.8985620287594248, "two-tailed": 0.2029159416811664}}