{"P0ABQ0": {"Enrichment": 0.4279514409711806, "Depletion": 0.5720685586288274, "two-tailed": 0.8559028819423612}}