{"P0ABP8": {"Enrichment": 0.20289594208115838, "Depletion": 0.7971240575188496, "two-tailed": 0.40579188416231676}}