{"P0AB71": {"Enrichment": 0.35373292534149314, "Depletion": 0.6462870742585148, "two-tailed": 0.7074658506829863}}