{"P0AB77": {"Enrichment": 0.22959540809183818, "Depletion": 0.7704245915081699, "two-tailed": 0.45919081618367635}}