{"P0AB85": {"Enrichment": 0.36717265654686904, "Depletion": 0.6328473430531389, "two-tailed": 0.7343453130937381}}