{"P0AB89": {"Enrichment": 0.8039039219215616, "Depletion": 0.19611607767844644, "two-tailed": 0.3922321553568929}}