{"P0ABK2": {"Enrichment": 0.05631887362252755, "Depletion": 0.9437011259774805, "two-tailed": 0.1126377472450551}}