{"P0AC41": {"Enrichment": 0.026739465210695788, "Depletion": 0.9732805343893122, "two-tailed": 0.053478930421391575}}