{"P0ACE0": {"Enrichment": 0.6954060918781625, "Depletion": 0.30461390772184554, "two-tailed": 0.6092278154436911}}