{"P0ACI3": {"Enrichment": 0.4925701485970281, "Depletion": 0.5074498510029799, "two-tailed": 0.9851402971940562}}