{"P0AC38": {"Enrichment": 0.7615047699046019, "Depletion": 0.2385152296954061, "two-tailed": 0.4770304593908122}}