{"P0AC38": {"Enrichment": 0.75952480950381, "Depletion": 0.24049519009619807, "two-tailed": 0.48099038019239615}}