{"P0AC69": {"Enrichment": 0.5759484810303794, "Depletion": 0.4240715185696286, "two-tailed": 0.8481430371392572}}