{"P0ACI6": {"Enrichment": 0.14243715125697487, "Depletion": 0.8575828483430331, "two-tailed": 0.28487430251394974}}