{"P0ACI3": {"Enrichment": 0.49425011499770005, "Depletion": 0.505769884602308, "two-tailed": 0.9885002299954001}}