{"P0ACD8": {"Enrichment": 0.7122057558848823, "Depletion": 0.2878142437151257, "two-tailed": 0.5756284874302514}}