{"P0AC41": {"Enrichment": 0.06849863002739945, "Depletion": 0.9315213695726086, "two-tailed": 0.1369972600547989}}