{"P0ACC7": {"Enrichment": 0.002639947201055979, "Depletion": 0.997380052398952, "two-tailed": 0.005279894402111958}}