{"P0AC13": {"Enrichment": 0.3919921601567969, "Depletion": 0.6080278394432111, "two-tailed": 0.7839843203135938}}