{"P0AC41": {"Enrichment": 0.05885882282354353, "Depletion": 0.9411611767764645, "two-tailed": 0.11771764564708706}}