{"P0AC13": {"Enrichment": 0.3871922561548769, "Depletion": 0.6128277434451311, "two-tailed": 0.7743845123097538}}