{"P0ACJ8": {"Enrichment": 0.19571608567828644, "Depletion": 0.8043039139217215, "two-tailed": 0.3914321713565729}}