{"P0ACJ8": {"Enrichment": 0.007019859602807944, "Depletion": 0.9930001399972, "two-tailed": 0.014039719205615888}}