{"P0ACE0": {"Enrichment": 0.7639047219055619, "Depletion": 0.23611527769444612, "two-tailed": 0.47223055538889225}}