{"P0ACY1": {"Enrichment": 0.0014199716005679887, "Depletion": 0.99860002799944, "two-tailed": 0.0028399432011359774}}