{"P0AC55": {"Enrichment": 0.06795864082718346, "Depletion": 0.9320613587728246, "two-tailed": 0.13591728165436692}}