{"P0ACP7": {"Enrichment": 0.8938821223575528, "Depletion": 0.10613787724245514, "two-tailed": 0.2122757544849103}}