{"P0ACP7": {"Enrichment": 0.37223255534889305, "Depletion": 0.627787444251115, "two-tailed": 0.7444651106977861}}