{"P0ADR8": {"Enrichment": 0.6849863002739945, "Depletion": 0.3150336993260135, "two-tailed": 0.630067398652027}}