{"P0AD27": {"Enrichment": 0.2008759824803504, "Depletion": 0.7991440171196577, "two-tailed": 0.4017519649607008}}