{"P0ADG4": {"Enrichment": 0.8671826563468731, "Depletion": 0.13283734325313493, "two-tailed": 0.26567468650626985}}