{"P0ADX9": {"Enrichment": 0.6873462530749385, "Depletion": 0.3126737465250695, "two-tailed": 0.625347493050139}}