{"P0ADR8": {"Enrichment": 0.6819663606727866, "Depletion": 0.31805363892722144, "two-tailed": 0.6361072778544429}}