{"P0ADC3": {"Enrichment": 0.45319093618127637, "Depletion": 0.5468290634187316, "two-tailed": 0.9063818723625527}}