{"P0ADR6": {"Enrichment": 0.41811163776724464, "Depletion": 0.5819083618327634, "two-tailed": 0.8362232755344893}}