{"P0AD27": {"Enrichment": 0.11613767724645507, "Depletion": 0.8838823223535529, "two-tailed": 0.23227535449291015}}