{"P0ADI7": {"Enrichment": 0.24887502249955, "Depletion": 0.751144977100458, "two-tailed": 0.4977500449991}}