{"P0ADI7": {"Enrichment": 0.5188496230075399, "Depletion": 0.48117037659246814, "two-tailed": 0.9623407531849363}}