{"P0ADE4": {"Enrichment": 0.5237895242095159, "Depletion": 0.4762304753904922, "two-tailed": 0.9524609507809844}}