{"P0ADP7": {"Enrichment": 0.499610007799844, "Depletion": 0.500409991800164, "two-tailed": 0.999220015599688}}