{"P0ADR6": {"Enrichment": 0.27087458250834984, "Depletion": 0.7291454170916581, "two-tailed": 0.5417491650166997}}