{"P0ADI4": {"Enrichment": 0.48361032779344415, "Depletion": 0.5164096718065638, "two-tailed": 0.9672206555868883}}