{"P0ADI4": {"Enrichment": 0.5378092438151237, "Depletion": 0.4622107557848843, "two-tailed": 0.9244215115697686}}