{"P0AE22": {"Enrichment": 0.06375872482550349, "Depletion": 0.9362612747745045, "two-tailed": 0.12751744965100698}}