{"P0AE82": {"Enrichment": 0.01597968040639187, "Depletion": 0.9840403191936161, "two-tailed": 0.03195936081278374}}