{"P0AEJ8": {"Enrichment": 0.751904961900762, "Depletion": 0.248115037699246, "two-tailed": 0.496230075398492}}