{"P0AEK4": {"Enrichment": 0.1748765024699506, "Depletion": 0.8251434971300574, "two-tailed": 0.3497530049399012}}