{"P0AET8": {"Enrichment": 0.16613667726645467, "Depletion": 0.8338833223335533, "two-tailed": 0.33227335453290935}}