{"P0AES0": {"Enrichment": 0.05803883922321554, "Depletion": 0.9419811603767925, "two-tailed": 0.11607767844643108}}