{"P0AEC8": {"Enrichment": 0.6837063258734826, "Depletion": 0.31631367372652547, "two-tailed": 0.6326273474530509}}