{"P0AEG6": {"Enrichment": 0.9456410871782565, "Depletion": 0.054378912421751566, "two-tailed": 0.10875782484350313}}