{"P0AEZ9": {"Enrichment": 0.3032139357212856, "Depletion": 0.6968060638787225, "two-tailed": 0.6064278714425712}}