{"P0AEX9": {"Enrichment": 0.0496790064198716, "Depletion": 0.9503409931801364, "two-tailed": 0.0993580128397432}}