{"P0AET8": {"Enrichment": 0.17273654526909463, "Depletion": 0.8272834543309134, "two-tailed": 0.34547309053818925}}