{"P0AE22": {"Enrichment": 0.8285834283314334, "Depletion": 0.17143657126857462, "two-tailed": 0.34287314253714923}}