{"P0AE78": {"Enrichment": 0.09639807203855923, "Depletion": 0.9036219275614488, "two-tailed": 0.19279614407711845}}