{"P0AEE5": {"Enrichment": 0.5285694286114277, "Depletion": 0.47145057098858023, "two-tailed": 0.9429011419771605}}