{"P0AET8": {"Enrichment": 0.2791944161116778, "Depletion": 0.7208255834883303, "two-tailed": 0.5583888322233556}}