{"P0AEN8": {"Enrichment": 0.11997760044799104, "Depletion": 0.880042399152017, "two-tailed": 0.23995520089598207}}