{"P0AE08": {"Enrichment": 0.6874862502749945, "Depletion": 0.3125337493250135, "two-tailed": 0.625067498650027}}