{"P0AE08": {"Enrichment": 0.40477190456190876, "Depletion": 0.5952480950380993, "two-tailed": 0.8095438091238175}}