{"P0AEE5": {"Enrichment": 0.9415411691766165, "Depletion": 0.05847883042339153, "two-tailed": 0.11695766084678307}}