{"P0AEP7": {"Enrichment": 0.12189756204875903, "Depletion": 0.878122437551249, "two-tailed": 0.24379512409751805}}