{"P0AEJ8": {"Enrichment": 0.750904981900362, "Depletion": 0.249115017699646, "two-tailed": 0.498230035399292}}