{"P0AE78": {"Enrichment": 0.09275814483710326, "Depletion": 0.9072618547629048, "two-tailed": 0.18551628967420652}}