{"P0AEK4": {"Enrichment": 0.1755364892702146, "Depletion": 0.8244835103297934, "two-tailed": 0.3510729785404292}}