{"P0AEL6": {"Enrichment": 0.30237395252094956, "Depletion": 0.6976460470790584, "two-tailed": 0.6047479050418991}}