{"P0AEG6": {"Enrichment": 0.8770224595508089, "Depletion": 0.12299754004919902, "two-tailed": 0.24599508009839804}}