{"P0AEZ9": {"Enrichment": 0.30317393652126956, "Depletion": 0.6968460630787384, "two-tailed": 0.6063478730425391}}