{"P0AEU0": {"Enrichment": 0.06923861522769545, "Depletion": 0.9307813843723125, "two-tailed": 0.1384772304553909}}