{"P0AE22": {"Enrichment": 0.40379192416151677, "Depletion": 0.5962280754384912, "two-tailed": 0.8075838483230335}}