{"P0AEU0": {"Enrichment": 0.09145817083658327, "Depletion": 0.9085618287634247, "two-tailed": 0.18291634167316653}}