{"P0AES0": {"Enrichment": 0.050418991620167594, "Depletion": 0.9496010079798404, "two-tailed": 0.10083798324033519}}