{"P0AEL6": {"Enrichment": 0.8072838543229135, "Depletion": 0.19273614527709446, "two-tailed": 0.3854722905541889}}