{"P0AES6": {"Enrichment": 0.025379492410151798, "Depletion": 0.9746405071898562, "two-tailed": 0.050758984820303596}}