{"P0AER0": {"Enrichment": 0.3581928361432771, "Depletion": 0.6418271634567309, "two-tailed": 0.7163856722865543}}