{"P0AEJ2": {"Enrichment": 0.17297654046919061, "Depletion": 0.8270434591308173, "two-tailed": 0.34595308093838123}}