{"P0AEJ2": {"Enrichment": 0.13017739645207096, "Depletion": 0.869842603147937, "two-tailed": 0.26035479290414193}}