{"P0AEK2": {"Enrichment": 0.8904621907561848, "Depletion": 0.10955780884382313, "two-tailed": 0.21911561768764626}}