{"P0AEQ3": {"Enrichment": 0.14305713885722285, "Depletion": 0.8569628607427852, "two-tailed": 0.2861142777144457}}