{"P0AES4": {"Enrichment": 0.7335253294934101, "Depletion": 0.2664946701065979, "two-tailed": 0.5329893402131958}}