{"P0AEZ3": {"Enrichment": 0.46537069258614827, "Depletion": 0.5346493070138597, "two-tailed": 0.9307413851722965}}