{"P0AEK4": {"Enrichment": 0.2002759944801104, "Depletion": 0.7997440051198976, "two-tailed": 0.4005519889602208}}