{"P0AEK2": {"Enrichment": 0.8901221975560489, "Depletion": 0.10989780204395912, "two-tailed": 0.21979560408791823}}