{"P0AES2": {"Enrichment": 0.031499370012599746, "Depletion": 0.9685206295874083, "two-tailed": 0.06299874002519949}}