{"P0AEY8": {"Enrichment": 0.21173576528469432, "Depletion": 0.7882842343153137, "two-tailed": 0.42347153056938863}}