{"P0AEJ2": {"Enrichment": 0.4738305233895322, "Depletion": 0.5261894762104757, "two-tailed": 0.9476610467790644}}