{"P0AES4": {"Enrichment": 0.5506489870202596, "Depletion": 0.44937101257974843, "two-tailed": 0.8987420251594969}}