{"P0AE08": {"Enrichment": 0.6863062738745225, "Depletion": 0.3137137257254855, "two-tailed": 0.627427451450971}}