{"P0AEN8": {"Enrichment": 0.06523869522609547, "Depletion": 0.9347813043739125, "two-tailed": 0.13047739045219095}}