{"P0AFC0": {"Enrichment": 0.502789944201116, "Depletion": 0.49723005539889203, "two-tailed": 0.9944601107977841}}