{"P0AFW4": {"Enrichment": 0.08955820883582329, "Depletion": 0.9104617907641848, "two-tailed": 0.17911641767164657}}