{"P0AF24": {"Enrichment": 0.9773404531909362, "Depletion": 0.02267954640907182, "two-tailed": 0.04535909281814364}}