{"P0AFG3": {"Enrichment": 0.8183036339273214, "Depletion": 0.18171636567268654, "two-tailed": 0.3634327313453731}}