{"P0AFK9": {"Enrichment": 0.1725565488690226, "Depletion": 0.8274634507309854, "two-tailed": 0.3451130977380452}}