{"P0AFL6": {"Enrichment": 0.5895882082358352, "Depletion": 0.41043179136417274, "two-tailed": 0.8208635827283455}}