{"P0AF24": {"Enrichment": 0.9758804823903522, "Depletion": 0.024139517209655806, "two-tailed": 0.04827903441931161}}