{"P0AFG3": {"Enrichment": 0.7432051358972821, "Depletion": 0.25681486370272594, "two-tailed": 0.5136297274054519}}