{"P0AFI7": {"Enrichment": 0.8862822743545129, "Depletion": 0.1137377252454951, "two-tailed": 0.2274754504909902}}