{"P0AFM2": {"Enrichment": 0.0042999140017199655, "Depletion": 0.9957200855982881, "two-tailed": 0.008599828003439931}}