{"P0AFI0": {"Enrichment": 0.8983620327593448, "Depletion": 0.10165796684066318, "two-tailed": 0.20331593368132636}}