{"P0AFK9": {"Enrichment": 0.21909561808763825, "Depletion": 0.7809243815123698, "two-tailed": 0.4381912361752765}}