{"P0AFC0": {"Enrichment": 0.1514569708605828, "Depletion": 0.8485630287394252, "two-tailed": 0.3029139417211656}}