{"P0AFI7": {"Enrichment": 0.8207035859282814, "Depletion": 0.17931641367172657, "two-tailed": 0.35863282734345314}}