{"P0AFF6": {"Enrichment": 0.9158016839663207, "Depletion": 0.08421831563368733, "two-tailed": 0.16843663126737465}}