{"P0AFM2": {"Enrichment": 0.2763744725105498, "Depletion": 0.7236455270894582, "two-tailed": 0.5527489450210996}}