{"P0AFR4": {"Enrichment": 0.17151656966860662, "Depletion": 0.8285034299314014, "two-tailed": 0.34303313933721324}}