{"P0AFL6": {"Enrichment": 0.5278494430111398, "Depletion": 0.4721705565888682, "two-tailed": 0.9443411131777364}}