{"P0AG16": {"Enrichment": 0.7256054878902422, "Depletion": 0.27441451170976583, "two-tailed": 0.5488290234195317}}