{"P0AGL2": {"Enrichment": 0.026419471610567787, "Depletion": 0.9736005279894402, "two-tailed": 0.052838943221135574}}