{"P0AGG2": {"Enrichment": 0.8864422711545769, "Depletion": 0.1135777284454311, "two-tailed": 0.2271554568908622}}