{"P0AGE9": {"Enrichment": 0.883602327953441, "Depletion": 0.11641767164656706, "two-tailed": 0.23283534329313413}}