{"P0AG16": {"Enrichment": 0.8228835423291534, "Depletion": 0.17713645727085459, "two-tailed": 0.35427291454170917}}