{"P0AGJ9": {"Enrichment": 0.02127957440851183, "Depletion": 0.9787404251914962, "two-tailed": 0.04255914881702366}}