{"P0AG30": {"Enrichment": 0.16413671726565468, "Depletion": 0.8358832823343533, "two-tailed": 0.32827343453130936}}