{"P0AG80": {"Enrichment": 0.045099098018039636, "Depletion": 0.9549209015819684, "two-tailed": 0.09019819603607927}}