{"P0AGF4": {"Enrichment": 0.9489810203795924, "Depletion": 0.051038979220415594, "two-tailed": 0.10207795844083119}}