{"P0AG80": {"Enrichment": 0.015719685606287875, "Depletion": 0.9843003139937201, "two-tailed": 0.03143937121257575}}