{"P0AGJ7": {"Enrichment": 0.028699426011479772, "Depletion": 0.9713205735885282, "two-tailed": 0.057398852022959544}}