{"P0AGJ9": {"Enrichment": 0.021339573208535828, "Depletion": 0.9786804263914721, "two-tailed": 0.042679146417071656}}