{"P0AGD7": {"Enrichment": 0.2263954720905582, "Depletion": 0.7736245275094498, "two-tailed": 0.4527909441811164}}