{"P0AGF4": {"Enrichment": 0.3362532749345013, "Depletion": 0.6637667246655067, "two-tailed": 0.6725065498690026}}