{"P0AGD7": {"Enrichment": 0.17005659886802263, "Depletion": 0.8299634007319854, "two-tailed": 0.34011319773604526}}