{"P0AGE9": {"Enrichment": 0.8902221955560888, "Depletion": 0.10979780404391912, "two-tailed": 0.21959560808783823}}