{"P0AGG2": {"Enrichment": 0.8965420691586168, "Depletion": 0.10347793044139117, "two-tailed": 0.20695586088278234}}