{"P0C0U4": {"Enrichment": 0.0025399492010159796, "Depletion": 0.997480050398992, "two-tailed": 0.005079898402031959}}