{"P0C0R7": {"Enrichment": 0.6736265274694506, "Depletion": 0.3263934721305574, "two-tailed": 0.6527869442611148}}