{"P0C0S1": {"Enrichment": 0.8382032359352813, "Depletion": 0.1618167636647267, "two-tailed": 0.3236335273294534}}