{"P0C0S1": {"Enrichment": 0.8444831103377932, "Depletion": 0.15553688926221476, "two-tailed": 0.3110737785244295}}