{"P0C0R7": {"Enrichment": 0.48185036299274014, "Depletion": 0.5181696366072679, "two-tailed": 0.9637007259854803}}