{"P0C0R7": {"Enrichment": 0.8141837163256734, "Depletion": 0.18583628327433452, "two-tailed": 0.37167256654866904}}