{"P0CE47": {"Enrichment": 0.9696006079878402, "Depletion": 0.030419391612167758, "two-tailed": 0.060838783224335516}}