{"P0CE48": {"Enrichment": 0.8429031419371612, "Depletion": 0.15711685766284675, "two-tailed": 0.3142337153256935}}