{"P0CE47": {"Enrichment": 0.7020459590808183, "Depletion": 0.29797404051918963, "two-tailed": 0.5959480810383793}}