{"P0CE48": {"Enrichment": 0.497370052598948, "Depletion": 0.50264994700106, "two-tailed": 0.994740105197896}}