{"P10151": {"Enrichment": 0.4241515169696606, "Depletion": 0.5758684826303474, "two-tailed": 0.8483030339393212}}