{"P10151": {"Enrichment": 0.4366312673746525, "Depletion": 0.5633887322253555, "two-tailed": 0.873262534749305}}