{"P10121": {"Enrichment": 0.2992540149197016, "Depletion": 0.7007659846803064, "two-tailed": 0.5985080298394032}}