{"P10378": {"Enrichment": 0.9704605907881843, "Depletion": 0.029559408811823763, "two-tailed": 0.05911881762364753}}