{"P10378": {"Enrichment": 0.9160616787664246, "Depletion": 0.08395832083358333, "two-tailed": 0.16791664166716666}}