{"P10443": {"Enrichment": 0.0739985200295994, "Depletion": 0.9260214795704086, "two-tailed": 0.1479970400591988}}