{"P10408": {"Enrichment": 0.053138937221255574, "Depletion": 0.9468810623787525, "two-tailed": 0.10627787444251115}}