{"P10408": {"Enrichment": 0.16499670006599867, "Depletion": 0.8350232995340093, "two-tailed": 0.32999340013199735}}