{"P10903": {"Enrichment": 0.8569628607427852, "Depletion": 0.14305713885722285, "two-tailed": 0.2861142777144457}}