{"P10903": {"Enrichment": 0.9074218515629687, "Depletion": 0.09259814803703927, "two-tailed": 0.18519629607407853}}