{"P11350": {"Enrichment": 0.06855862882742345, "Depletion": 0.9314613707725845, "two-tailed": 0.1371172576548469}}