{"P11350": {"Enrichment": 0.06845863082738345, "Depletion": 0.9315613687726245, "two-tailed": 0.1369172616547669}}