{"P11349": {"Enrichment": 0.10429791404171916, "Depletion": 0.8957220855582888, "two-tailed": 0.20859582808343832}}