{"P11454": {"Enrichment": 0.376672466550669, "Depletion": 0.623347533049339, "two-tailed": 0.753344933101338}}