{"P11447": {"Enrichment": 0.8373232535349293, "Depletion": 0.1626967460650787, "two-tailed": 0.3253934921301574}}