{"P11447": {"Enrichment": 0.8338433231335374, "Depletion": 0.16617667646647066, "two-tailed": 0.3323533529329413}}