{"P11454": {"Enrichment": 0.5161896762064758, "Depletion": 0.4838303233935321, "two-tailed": 0.9676606467870642}}