{"P12282": {"Enrichment": 0.7041259174816503, "Depletion": 0.29589408211835766, "two-tailed": 0.5917881642367153}}