{"P12295": {"Enrichment": 0.4124117517649647, "Depletion": 0.5876082478350433, "two-tailed": 0.8248235035299294}}