{"P12282": {"Enrichment": 0.2586548269034619, "Depletion": 0.7413651726965461, "two-tailed": 0.5173096538069238}}