{"P12295": {"Enrichment": 0.12351752964940702, "Depletion": 0.876502469950601, "two-tailed": 0.24703505929881403}}