{"P12295": {"Enrichment": 0.125497490050199, "Depletion": 0.874522509549809, "two-tailed": 0.250994980100398}}