{"P12994": {"Enrichment": 0.6610067798644027, "Depletion": 0.3390132197356053, "two-tailed": 0.6780264394712106}}