{"P13035": {"Enrichment": 0.0005199896002079958, "Depletion": 0.9995000099998, "two-tailed": 0.0010399792004159916}}