{"P13036": {"Enrichment": 0.49569008619827604, "Depletion": 0.5043299134017319, "two-tailed": 0.9913801723965521}}