{"P13009": {"Enrichment": 0.06685866282674346, "Depletion": 0.9331613367732645, "two-tailed": 0.13371732565348693}}