{"P13036": {"Enrichment": 0.49293014139717206, "Depletion": 0.5070898582028359, "two-tailed": 0.9858602827943441}}