{"P13009": {"Enrichment": 0.03937921241575169, "Depletion": 0.9606407871842563, "two-tailed": 0.07875842483150337}}