{"P13035": {"Enrichment": 0.0019199616007679846, "Depletion": 0.99810003799924, "two-tailed": 0.003839923201535969}}