{"P13482": {"Enrichment": 0.10953780924381512, "Depletion": 0.8904821903561929, "two-tailed": 0.21907561848763024}}