{"P14294": {"Enrichment": 0.744845103097938, "Depletion": 0.25517489650207, "two-tailed": 0.51034979300414}}