{"P14900": {"Enrichment": 0.4745505089898202, "Depletion": 0.5254694906101878, "two-tailed": 0.9491010179796404}}