{"P14900": {"Enrichment": 0.7912041759164816, "Depletion": 0.20881582368352633, "two-tailed": 0.41763164736705266}}