{"P15034": {"Enrichment": 0.18377632447351053, "Depletion": 0.8162436751264974, "two-tailed": 0.36755264894702105}}