{"P15034": {"Enrichment": 0.19505609887802244, "Depletion": 0.8049639007219855, "two-tailed": 0.3901121977560449}}