{"P15043": {"Enrichment": 0.29421411571768563, "Depletion": 0.7058058838823223, "two-tailed": 0.5884282314353713}}