{"P15042": {"Enrichment": 0.45693086138277234, "Depletion": 0.5430891382172357, "two-tailed": 0.9138617227655447}}