{"P15067": {"Enrichment": 0.9059218815623687, "Depletion": 0.09409811803763925, "two-tailed": 0.1881962360752785}}