{"P15043": {"Enrichment": 0.6674066518669627, "Depletion": 0.33261334773304535, "two-tailed": 0.6652266954660907}}