{"P15723": {"Enrichment": 0.14461710765784686, "Depletion": 0.8554028919421611, "two-tailed": 0.2892342153156937}}