{"P15770": {"Enrichment": 0.504209915801684, "Depletion": 0.49581008379832403, "two-tailed": 0.9916201675966481}}