{"P15770": {"Enrichment": 0.499590008199836, "Depletion": 0.500429991400172, "two-tailed": 0.999180016399672}}