{"P15723": {"Enrichment": 0.04633907321853563, "Depletion": 0.9536809263814724, "two-tailed": 0.09267814643707126}}