{"P16384": {"Enrichment": 0.27841443171136576, "Depletion": 0.7216055678886423, "two-tailed": 0.5568288634227315}}