{"P16525": {"Enrichment": 0.7848843023139537, "Depletion": 0.21513569728605428, "two-tailed": 0.43027139457210856}}