{"P16525": {"Enrichment": 0.7022059558808824, "Depletion": 0.2978140437191256, "two-tailed": 0.5956280874382512}}