{"P16692": {"Enrichment": 0.15383692326153478, "Depletion": 0.8461830763384732, "two-tailed": 0.30767384652306956}}