{"P16692": {"Enrichment": 0.5061698766024679, "Depletion": 0.49385012299754005, "two-tailed": 0.9877002459950801}}