{"P16703": {"Enrichment": 0.044579108417831644, "Depletion": 0.9554408911821763, "two-tailed": 0.08915821683566329}}