{"P16703": {"Enrichment": 0.05189896202075958, "Depletion": 0.9481210375792484, "two-tailed": 0.10379792404151916}}