{"P16869": {"Enrichment": 0.9660606787864243, "Depletion": 0.03395932081358373, "two-tailed": 0.06791864162716746}}