{"P16869": {"Enrichment": 0.6648267034659306, "Depletion": 0.33519329613407733, "two-tailed": 0.6703865922681547}}