{"P17443": {"Enrichment": 0.9912201755964881, "Depletion": 0.00879982400351993, "two-tailed": 0.01759964800703986}}