{"P17846": {"Enrichment": 0.5125497490050199, "Depletion": 0.4874702505949881, "two-tailed": 0.9749405011899762}}