{"P17846": {"Enrichment": 0.46909061818763625, "Depletion": 0.5309293814123718, "two-tailed": 0.9381812363752725}}