{"P17802": {"Enrichment": 0.06891862162756744, "Depletion": 0.9311013779724405, "two-tailed": 0.13783724325513488}}