{"P17802": {"Enrichment": 0.12267754644907101, "Depletion": 0.877342453150937, "two-tailed": 0.24535509289814203}}