{"P18843": {"Enrichment": 0.04551908961820764, "Depletion": 0.9545009099818004, "two-tailed": 0.09103817923641527}}