{"P19636": {"Enrichment": 0.41929161416771665, "Depletion": 0.5807283854322913, "two-tailed": 0.8385832283354333}}