{"P19624": {"Enrichment": 0.3511929761404772, "Depletion": 0.6488270234595308, "two-tailed": 0.7023859522809544}}