{"P19624": {"Enrichment": 0.9768004639907202, "Depletion": 0.023219535609287814, "two-tailed": 0.04643907121857563}}