{"P19636": {"Enrichment": 0.2245555088898222, "Depletion": 0.7754644907101857, "two-tailed": 0.4491110177796444}}