{"P20083": {"Enrichment": 0.03235935281294374, "Depletion": 0.9676606467870642, "two-tailed": 0.06471870562588748}}