{"P21189": {"Enrichment": 0.25863482730345394, "Depletion": 0.7413851722965541, "two-tailed": 0.5172696546069079}}