{"P21177": {"Enrichment": 0.884062318753625, "Depletion": 0.11595768084638307, "two-tailed": 0.23191536169276614}}