{"P21189": {"Enrichment": 0.33399332013359734, "Depletion": 0.6660266794664107, "two-tailed": 0.6679866402671947}}