{"P21338": {"Enrichment": 0.8924021519569608, "Depletion": 0.10761784764304715, "two-tailed": 0.2152356952860943}}