{"P21338": {"Enrichment": 0.9178016439671206, "Depletion": 0.08221835563288735, "two-tailed": 0.1644367112657747}}