{"P21514": {"Enrichment": 0.04381912361752765, "Depletion": 0.9562008759824804, "two-tailed": 0.0876382472350553}}