{"P21599": {"Enrichment": 0.46951060978780423, "Depletion": 0.5305093898122037, "two-tailed": 0.9390212195756085}}