{"P21514": {"Enrichment": 0.11515769684606308, "Depletion": 0.884862302753945, "two-tailed": 0.23031539369212617}}