{"P22188": {"Enrichment": 0.4511709765804684, "Depletion": 0.5488490230195396, "two-tailed": 0.9023419531609368}}