{"P22188": {"Enrichment": 0.4502909941801164, "Depletion": 0.5497290054198916, "two-tailed": 0.9005819883602328}}