{"P22106": {"Enrichment": 0.04481910361792764, "Depletion": 0.9552008959820804, "two-tailed": 0.08963820723585528}}