{"P22259": {"Enrichment": 0.43263134737305253, "Depletion": 0.5673886522269554, "two-tailed": 0.8652626947461051}}