{"P22256": {"Enrichment": 0.5927081458370833, "Depletion": 0.4073118537629247, "two-tailed": 0.8146237075258494}}