{"P22256": {"Enrichment": 0.5612487750244995, "Depletion": 0.4387712245755085, "two-tailed": 0.877542449151017}}