{"P22259": {"Enrichment": 0.39483210335793284, "Depletion": 0.6051878962420751, "two-tailed": 0.7896642067158657}}