{"P22523": {"Enrichment": 0.9505009899802004, "Depletion": 0.049519009619807604, "two-tailed": 0.09903801923961521}}