{"P23367": {"Enrichment": 0.5705485890282195, "Depletion": 0.42947141057178856, "two-tailed": 0.8589428211435771}}