{"P23522": {"Enrichment": 0.8495430091398172, "Depletion": 0.1504769904601908, "two-tailed": 0.3009539809203816}}