{"P23522": {"Enrichment": 0.1874962500749985, "Depletion": 0.8125237495250095, "two-tailed": 0.374992500149997}}