{"P23522": {"Enrichment": 0.18663626727465452, "Depletion": 0.8133837323253535, "two-tailed": 0.37327253454930903}}