{"P23721": {"Enrichment": 0.127617447651047, "Depletion": 0.872402551948961, "two-tailed": 0.255234895302094}}