{"P23721": {"Enrichment": 0.23075538489230216, "Depletion": 0.7692646147077058, "two-tailed": 0.4615107697846043}}