{"P23874": {"Enrichment": 0.8861422771544569, "Depletion": 0.11387772244555108, "two-tailed": 0.22775544489110217}}