{"P23872": {"Enrichment": 0.6366872662546749, "Depletion": 0.3633327333453331, "two-tailed": 0.7266654666906662}}