{"P23827": {"Enrichment": 0.7903841923161536, "Depletion": 0.20963580728385434, "two-tailed": 0.4192716145677087}}