{"P23827": {"Enrichment": 0.9764804703905922, "Depletion": 0.02353952920941581, "two-tailed": 0.04707905841883162}}