{"P23930": {"Enrichment": 0.9179616407671847, "Depletion": 0.08205835883282335, "two-tailed": 0.1641167176656467}}