{"P23909": {"Enrichment": 0.3270934581308374, "Depletion": 0.6729265414691706, "two-tailed": 0.6541869162616748}}