{"P23909": {"Enrichment": 0.618647627047459, "Depletion": 0.38137237255254897, "two-tailed": 0.7627447451050979}}