{"P23930": {"Enrichment": 0.9205415891682166, "Depletion": 0.07947841043179137, "two-tailed": 0.15895682086358273}}