{"P24182": {"Enrichment": 0.0010199796004079918, "Depletion": 0.9990000199996, "two-tailed": 0.0020399592008159837}}