{"P24173": {"Enrichment": 0.250254994900102, "Depletion": 0.749765004699906, "two-tailed": 0.500509989800204}}