{"P24173": {"Enrichment": 0.5070898582028359, "Depletion": 0.49293014139717206, "two-tailed": 0.9858602827943441}}