{"P24242": {"Enrichment": 0.4716505669886602, "Depletion": 0.5283694326113477, "two-tailed": 0.9433011339773204}}