{"P24203": {"Enrichment": 0.4827303453930921, "Depletion": 0.5172896542069159, "two-tailed": 0.9654606907861842}}