{"P24215": {"Enrichment": 0.7174856502869943, "Depletion": 0.28253434931301374, "two-tailed": 0.5650686986260275}}