{"P24215": {"Enrichment": 0.6047279054418911, "Depletion": 0.39529209415811684, "two-tailed": 0.7905841883162337}}