{"P24203": {"Enrichment": 0.3485530289394212, "Depletion": 0.6514669706605868, "two-tailed": 0.6971060578788424}}