{"P24232": {"Enrichment": 0.6394872102557949, "Depletion": 0.3605327893442131, "two-tailed": 0.7210655786884262}}