{"P24232": {"Enrichment": 0.6396872062558748, "Depletion": 0.3603327933441331, "two-tailed": 0.7206655866882662}}