{"P24232": {"Enrichment": 0.6429271414571709, "Depletion": 0.35709285814283714, "two-tailed": 0.7141857162856743}}