{"P24242": {"Enrichment": 0.46743065138697226, "Depletion": 0.5325893482130357, "two-tailed": 0.9348613027739445}}