{"P25397": {"Enrichment": 0.47143057138857225, "Depletion": 0.5285894282114357, "two-tailed": 0.9428611427771445}}