{"P25522": {"Enrichment": 0.6350272994540109, "Depletion": 0.3649927001459971, "two-tailed": 0.7299854002919942}}