{"P25535": {"Enrichment": 0.8585028299434011, "Depletion": 0.14151716965660688, "two-tailed": 0.28303433931321376}}