{"P25526": {"Enrichment": 0.0751384972300554, "Depletion": 0.9248815023699526, "two-tailed": 0.1502769944601108}}