{"P25535": {"Enrichment": 0.8153436931261375, "Depletion": 0.1846763064738705, "two-tailed": 0.369352612947741}}