{"P25552": {"Enrichment": 0.10317793644127117, "Depletion": 0.8968420631587368, "two-tailed": 0.20635587288254234}}