{"P25526": {"Enrichment": 0.06943861122777545, "Depletion": 0.9305813883722326, "two-tailed": 0.1388772224555509}}