{"P25526": {"Enrichment": 0.07253854922901543, "Depletion": 0.9274814503709926, "two-tailed": 0.14507709845803085}}