{"P25553": {"Enrichment": 0.8247435051298974, "Depletion": 0.1752764944701106, "two-tailed": 0.3505529889402212}}