{"P25553": {"Enrichment": 0.8565228695426091, "Depletion": 0.14349713005739886, "two-tailed": 0.28699426011479773}}