{"P25740": {"Enrichment": 0.2857742845143097, "Depletion": 0.7142457150856983, "two-tailed": 0.5715485690286194}}