{"P25714": {"Enrichment": 0.06987860242795144, "Depletion": 0.9301413971720566, "two-tailed": 0.13975720485590287}}