{"P25746": {"Enrichment": 0.6655466890662187, "Depletion": 0.3344733105337893, "two-tailed": 0.6689466210675786}}