{"P25714": {"Enrichment": 0.11077778444431112, "Depletion": 0.8892422151556969, "two-tailed": 0.22155556888862224}}