{"P25746": {"Enrichment": 0.7782844343113138, "Depletion": 0.22173556528869423, "two-tailed": 0.44347113057738846}}