{"P26281": {"Enrichment": 0.16599668006639867, "Depletion": 0.8340233195336093, "two-tailed": 0.33199336013279734}}