{"P26281": {"Enrichment": 0.6427471450570988, "Depletion": 0.35727285454290914, "two-tailed": 0.7145457090858183}}