{"P26646": {"Enrichment": 0.7980440391192176, "Depletion": 0.2019759604807904, "two-tailed": 0.4039519209615808}}