{"P26646": {"Enrichment": 0.6774664506709865, "Depletion": 0.32255354892902144, "two-tailed": 0.6451070978580429}}