{"P27111": {"Enrichment": 0.4378512429751405, "Depletion": 0.5621687566248675, "two-tailed": 0.875702485950281}}