{"P27111": {"Enrichment": 0.41725165496690064, "Depletion": 0.5827683446331073, "two-tailed": 0.8345033099338013}}