{"P27296": {"Enrichment": 0.9493210135797284, "Depletion": 0.05069898602027959, "two-tailed": 0.10139797204055918}}