{"P27296": {"Enrichment": 0.9151016979660407, "Depletion": 0.08491830163396732, "two-tailed": 0.16983660326793465}}