{"P27305": {"Enrichment": 0.8104637907241855, "Depletion": 0.18955620887582247, "two-tailed": 0.37911241775164495}}