{"P27305": {"Enrichment": 0.8103837923241535, "Depletion": 0.18963620727585448, "two-tailed": 0.37927241455170896}}