{"P27431": {"Enrichment": 0.3633327333453331, "Depletion": 0.6366872662546749, "two-tailed": 0.7266654666906662}}