{"P28248": {"Enrichment": 0.5516089678206436, "Depletion": 0.4484110317793644, "two-tailed": 0.8968220635587288}}