{"P28304": {"Enrichment": 0.12199756004879903, "Depletion": 0.878022439551209, "two-tailed": 0.24399512009759805}}