{"P28635": {"Enrichment": 0.2588348233035339, "Depletion": 0.7411851762964741, "two-tailed": 0.5176696466070678}}