{"P28861": {"Enrichment": 0.6990660186796264, "Depletion": 0.3009539809203816, "two-tailed": 0.6019079618407632}}