{"P28861": {"Enrichment": 0.5813883722325554, "Depletion": 0.41863162736745263, "two-tailed": 0.8372632547349053}}