{"P29208": {"Enrichment": 0.10705785884282315, "Depletion": 0.8929621407571848, "two-tailed": 0.2141157176856463}}