{"P29208": {"Enrichment": 0.10691786164276715, "Depletion": 0.8931021379572408, "two-tailed": 0.2138357232855343}}