{"P29208": {"Enrichment": 0.09433811323773525, "Depletion": 0.9056818863622728, "two-tailed": 0.1886762264754705}}