{"P29745": {"Enrichment": 0.6140877182456351, "Depletion": 0.3859322813543729, "two-tailed": 0.7718645627087458}}