{"P29745": {"Enrichment": 0.7842843143137137, "Depletion": 0.21573568528629428, "two-tailed": 0.43147137057258855}}