{"P30131": {"Enrichment": 0.751304973900522, "Depletion": 0.248715025699486, "two-tailed": 0.497430051398972}}