{"P30178": {"Enrichment": 0.3823323533529329, "Depletion": 0.6176876462470751, "two-tailed": 0.7646647067058658}}