{"P30138": {"Enrichment": 0.11135777284454311, "Depletion": 0.8886622267554649, "two-tailed": 0.22271554568908622}}