{"P30178": {"Enrichment": 0.3850122997540049, "Depletion": 0.6150076998460031, "two-tailed": 0.7700245995080098}}