{"P30130": {"Enrichment": 0.5679486410271795, "Depletion": 0.4320713585728285, "two-tailed": 0.864142717145657}}