{"P30130": {"Enrichment": 0.5666086678266434, "Depletion": 0.43341133177336455, "two-tailed": 0.8668226635467291}}