{"P30131": {"Enrichment": 0.6396272074558509, "Depletion": 0.3603927921441571, "two-tailed": 0.7207855842883142}}