{"P30138": {"Enrichment": 0.22745545089098218, "Depletion": 0.7725645487090258, "two-tailed": 0.45491090178196436}}