{"P30750": {"Enrichment": 0.7569448611027779, "Depletion": 0.24307513849723006, "two-tailed": 0.4861502769944601}}