{"P30750": {"Enrichment": 0.9241415171696566, "Depletion": 0.07587848243035139, "two-tailed": 0.15175696486070278}}