{"P30870": {"Enrichment": 0.499630007399852, "Depletion": 0.500389992200156, "two-tailed": 0.999260014799704}}