{"P31057": {"Enrichment": 0.5315093698126038, "Depletion": 0.46851062978740426, "two-tailed": 0.9370212595748085}}