{"P31057": {"Enrichment": 0.03857922841543169, "Depletion": 0.9614407711845763, "two-tailed": 0.07715845683086338}}