{"P31133": {"Enrichment": 0.05585888282234355, "Depletion": 0.9441611167776645, "two-tailed": 0.1117177656446871}}