{"P31129": {"Enrichment": 0.20465590688186236, "Depletion": 0.7953640927181457, "two-tailed": 0.4093118137637247}}