{"P31122": {"Enrichment": 0.30717385652286955, "Depletion": 0.6928461430771384, "two-tailed": 0.6143477130457391}}