{"P31129": {"Enrichment": 0.35051298974020517, "Depletion": 0.6495070098598028, "two-tailed": 0.7010259794804103}}