{"P31434": {"Enrichment": 0.6846063078738425, "Depletion": 0.31541369172616546, "two-tailed": 0.6308273834523309}}