{"P31434": {"Enrichment": 0.6070278594428111, "Depletion": 0.39299214015719686, "two-tailed": 0.7859842803143937}}