{"P31473": {"Enrichment": 0.19379612407751845, "Depletion": 0.8062238755224895, "two-tailed": 0.3875922481550369}}