{"P31434": {"Enrichment": 0.6051278974420512, "Depletion": 0.39489210215795684, "two-tailed": 0.7897842043159137}}