{"P31473": {"Enrichment": 0.5278094438111238, "Depletion": 0.4722105557888842, "two-tailed": 0.9444211115777684}}