{"P31545": {"Enrichment": 0.3663726725465491, "Depletion": 0.6336473270534589, "two-tailed": 0.7327453450930982}}