{"P31572": {"Enrichment": 0.4183516329673407, "Depletion": 0.5816683666326673, "two-tailed": 0.8367032659346814}}