{"P31545": {"Enrichment": 0.17951640967180657, "Depletion": 0.8205035899282014, "two-tailed": 0.35903281934361314}}