{"P31572": {"Enrichment": 0.5958280834383313, "Depletion": 0.40419191616167677, "two-tailed": 0.8083838323233535}}