{"P31550": {"Enrichment": 0.024639507209855804, "Depletion": 0.9753804923901522, "two-tailed": 0.04927901441971161}}