{"P31572": {"Enrichment": 0.6043079138417232, "Depletion": 0.3957120857582848, "two-tailed": 0.7914241715165696}}