{"P31677": {"Enrichment": 0.062338753224935504, "Depletion": 0.9376812463750726, "two-tailed": 0.12467750644987101}}