{"P31697": {"Enrichment": 0.009339813203735925, "Depletion": 0.9906801863962721, "two-tailed": 0.01867962640747185}}