{"P31663": {"Enrichment": 0.6928461430771384, "Depletion": 0.30717385652286955, "two-tailed": 0.6143477130457391}}