{"P31677": {"Enrichment": 0.27017459650806985, "Depletion": 0.7298454030919381, "two-tailed": 0.5403491930161397}}