{"P31828": {"Enrichment": 0.7540849183016339, "Depletion": 0.24593508129837402, "two-tailed": 0.49187016259674804}}