{"P31827": {"Enrichment": 0.9710005799884003, "Depletion": 0.02901941961160777, "two-tailed": 0.05803883922321554}}