{"P31828": {"Enrichment": 0.7706845863082739, "Depletion": 0.22933541329173415, "two-tailed": 0.4586708265834683}}