{"P32056": {"Enrichment": 0.018299634007319855, "Depletion": 0.9817203655926882, "two-tailed": 0.03659926801463971}}