{"P32055": {"Enrichment": 0.7552248955020899, "Depletion": 0.24479510409791805, "two-tailed": 0.4895902081958361}}