{"P32056": {"Enrichment": 0.05367892642147157, "Depletion": 0.9463410731785364, "two-tailed": 0.10735785284294314}}