{"P32055": {"Enrichment": 0.625087498250035, "Depletion": 0.374932501349973, "two-tailed": 0.749865002699946}}