{"P32055": {"Enrichment": 0.6442471150576988, "Depletion": 0.35577288454230915, "two-tailed": 0.7115457690846183}}