{"P32173": {"Enrichment": 0.45463090738185236, "Depletion": 0.5453890922181557, "two-tailed": 0.9092618147637047}}