{"P32171": {"Enrichment": 0.250994980100398, "Depletion": 0.74902501949961, "two-tailed": 0.501989960200796}}