{"P32125": {"Enrichment": 0.31729365412691746, "Depletion": 0.6827263454730905, "two-tailed": 0.6345873082538349}}