{"P32169": {"Enrichment": 0.9633207335853283, "Depletion": 0.0366992660146797, "two-tailed": 0.0733985320293594}}