{"P32131": {"Enrichment": 0.04245915081698366, "Depletion": 0.9575608487830244, "two-tailed": 0.08491830163396732}}