{"P32138": {"Enrichment": 0.6699266014679707, "Depletion": 0.33009339813203736, "two-tailed": 0.6601867962640747}}