{"P32125": {"Enrichment": 0.3130537389252215, "Depletion": 0.6869662606747865, "two-tailed": 0.626107477850443}}