{"P32170": {"Enrichment": 0.1846763064738705, "Depletion": 0.8153436931261375, "two-tailed": 0.369352612947741}}