{"P32131": {"Enrichment": 0.07699846003079938, "Depletion": 0.9230215395692086, "two-tailed": 0.15399692006159876}}