{"P32138": {"Enrichment": 0.7754844903101938, "Depletion": 0.2245355092898142, "two-tailed": 0.4490710185796284}}