{"P32169": {"Enrichment": 0.9687006259874803, "Depletion": 0.03131937361252775, "two-tailed": 0.0626387472250555}}