{"P32171": {"Enrichment": 0.27093458130837383, "Depletion": 0.7290854182916342, "two-tailed": 0.5418691626167477}}