{"P32171": {"Enrichment": 0.2129757404851903, "Depletion": 0.7870442591148177, "two-tailed": 0.4259514809703806}}