{"P32156": {"Enrichment": 0.7000259994800104, "Depletion": 0.2999940001199976, "two-tailed": 0.5999880002399952}}