{"P32173": {"Enrichment": 0.18083638327233456, "Depletion": 0.8191836163276734, "two-tailed": 0.3616727665446691}}