{"P32169": {"Enrichment": 0.9640007199856003, "Depletion": 0.036019279614407713, "two-tailed": 0.07203855922881543}}