{"P32664": {"Enrichment": 0.4542509149817004, "Depletion": 0.5457690846183076, "two-tailed": 0.9085018299634008}}