{"P32664": {"Enrichment": 0.29139417211655766, "Depletion": 0.7086258274834504, "two-tailed": 0.5827883442331153}}