{"P32719": {"Enrichment": 0.10323793524129517, "Depletion": 0.8967820643587128, "two-tailed": 0.20647587048259033}}