{"P32717": {"Enrichment": 0.020839583208335833, "Depletion": 0.9791804163916722, "two-tailed": 0.041679166416671666}}