{"P32717": {"Enrichment": 0.6533669326613468, "Depletion": 0.3466530669386612, "two-tailed": 0.6933061338773224}}