{"P33022": {"Enrichment": 0.11769764604707905, "Depletion": 0.882322353552929, "two-tailed": 0.2353952920941581}}