{"P33022": {"Enrichment": 0.15721685566288673, "Depletion": 0.8428031439371213, "two-tailed": 0.31443371132577347}}