{"P33022": {"Enrichment": 0.15593688126237476, "Depletion": 0.8440831183376333, "two-tailed": 0.3118737625247495}}