{"P33221": {"Enrichment": 0.15121697566048678, "Depletion": 0.8488030239395212, "two-tailed": 0.30243395132097356}}