{"P33221": {"Enrichment": 0.35707285854282916, "Depletion": 0.6429471410571789, "two-tailed": 0.7141457170856583}}