{"P33371": {"Enrichment": 0.248915021699566, "Depletion": 0.751104977900442, "two-tailed": 0.497830043399132}}