{"P33371": {"Enrichment": 0.24313513729725406, "Depletion": 0.756884862302754, "two-tailed": 0.4862702745945081}}