{"P33371": {"Enrichment": 0.34137317253654925, "Depletion": 0.6586468270634588, "two-tailed": 0.6827463450730985}}