{"P33590": {"Enrichment": 0.26613467730645385, "Depletion": 0.7338853222935541, "two-tailed": 0.5322693546129077}}