{"P33590": {"Enrichment": 0.15799684006319872, "Depletion": 0.8420231595368093, "two-tailed": 0.31599368012639745}}