{"P33643": {"Enrichment": 0.8476430471390572, "Depletion": 0.1523769524609508, "two-tailed": 0.3047539049219016}}