{"P33644": {"Enrichment": 0.09617807643847123, "Depletion": 0.9038419231615368, "two-tailed": 0.19235615287694247}}