{"P33643": {"Enrichment": 0.10773784524309514, "Depletion": 0.8922821543569128, "two-tailed": 0.21547569048619028}}