{"P33643": {"Enrichment": 0.8452830943381132, "Depletion": 0.15473690526189476, "two-tailed": 0.3094738105237895}}