{"P34209": {"Enrichment": 0.42353152936941263, "Depletion": 0.5764884702305954, "two-tailed": 0.8470630587388253}}