{"P35340": {"Enrichment": 0.5368492630147397, "Depletion": 0.4631707365852683, "two-tailed": 0.9263414731705366}}