{"P36649": {"Enrichment": 0.9790204195916081, "Depletion": 0.020999580008399833, "two-tailed": 0.041999160016799666}}