{"P36649": {"Enrichment": 0.5971080578388432, "Depletion": 0.4029119417611648, "two-tailed": 0.8058238835223296}}