{"P36683": {"Enrichment": 0.09791804163916722, "Depletion": 0.9021019579608408, "two-tailed": 0.19583608327833443}}