{"P36929": {"Enrichment": 0.5604687906241875, "Depletion": 0.4395512089758205, "two-tailed": 0.879102417951641}}