{"P36999": {"Enrichment": 0.015559688806223876, "Depletion": 0.9844603107937842, "two-tailed": 0.031119377612447752}}