{"P36999": {"Enrichment": 0.002279954400911982, "Depletion": 0.997740045199096, "two-tailed": 0.004559908801823964}}