{"P36979": {"Enrichment": 0.016959660806783863, "Depletion": 0.9830603387932242, "two-tailed": 0.03391932161356773}}