{"P36979": {"Enrichment": 0.08265834683306333, "Depletion": 0.9173616527669447, "two-tailed": 0.16531669366612667}}