{"P36929": {"Enrichment": 0.2962140757184856, "Depletion": 0.7038059238815224, "two-tailed": 0.5924281514369713}}