{"P37028": {"Enrichment": 0.2397952040959181, "Depletion": 0.76022479550409, "two-tailed": 0.4795904081918362}}