{"P37024": {"Enrichment": 0.03609927801443971, "Depletion": 0.9639207215855683, "two-tailed": 0.07219855602887942}}