{"P37001": {"Enrichment": 0.44667106657866845, "Depletion": 0.5533489330213396, "two-tailed": 0.8933421331573369}}