{"P37095": {"Enrichment": 0.9085418291634167, "Depletion": 0.09147817043659127, "two-tailed": 0.18295634087318255}}