{"P37095": {"Enrichment": 0.634407311853763, "Depletion": 0.36561268774624506, "two-tailed": 0.7312253754924901}}