{"P37019": {"Enrichment": 0.7904441911161777, "Depletion": 0.2095758084838303, "two-tailed": 0.4191516169676606}}