{"P37019": {"Enrichment": 0.6768064638707226, "Depletion": 0.3232135357292854, "two-tailed": 0.6464270714585708}}