{"P37024": {"Enrichment": 0.023079538409231815, "Depletion": 0.9769404611907762, "two-tailed": 0.04615907681846363}}