{"P37095": {"Enrichment": 0.629007419851603, "Depletion": 0.371012579748405, "two-tailed": 0.74202515949681}}