{"P37128": {"Enrichment": 0.6125877482450351, "Depletion": 0.3874322513549729, "two-tailed": 0.7748645027099458}}