{"P37128": {"Enrichment": 0.6045479090418192, "Depletion": 0.3954720905581888, "two-tailed": 0.7909441811163777}}