{"P37329": {"Enrichment": 0.12953740925181495, "Depletion": 0.8704825903481931, "two-tailed": 0.2590748185036299}}