{"P37387": {"Enrichment": 0.8992820143597128, "Depletion": 0.10073798524029519, "two-tailed": 0.20147597048059038}}