{"P37330": {"Enrichment": 0.3391132177356453, "Depletion": 0.6609067818643627, "two-tailed": 0.6782264354712906}}