{"P37330": {"Enrichment": 0.497470050598988, "Depletion": 0.50254994900102, "two-tailed": 0.994940101197976}}