{"P37353": {"Enrichment": 0.8935821283574329, "Depletion": 0.10643787124257514, "two-tailed": 0.2128757424851503}}