{"P37330": {"Enrichment": 0.3505329893402132, "Depletion": 0.6494870102597948, "two-tailed": 0.7010659786804264}}