{"P37353": {"Enrichment": 0.8948421031579369, "Depletion": 0.10517789644207116, "two-tailed": 0.21035579288414233}}