{"P37610": {"Enrichment": 0.06599868002639947, "Depletion": 0.9340213195736086, "two-tailed": 0.13199736005279894}}