{"P37672": {"Enrichment": 0.16027679446411072, "Depletion": 0.8397432051358973, "two-tailed": 0.32055358892822144}}