{"P37634": {"Enrichment": 0.30519389612207753, "Depletion": 0.6948261034779304, "two-tailed": 0.6103877922441551}}