{"P37634": {"Enrichment": 0.5199096018079639, "Depletion": 0.4801103977920442, "two-tailed": 0.9602207955840883}}