{"P37672": {"Enrichment": 0.14105717885642288, "Depletion": 0.8589628207435851, "two-tailed": 0.28211435771284576}}