{"P37672": {"Enrichment": 0.07833843323133537, "Depletion": 0.9216815663686726, "two-tailed": 0.15667686646267073}}