{"P37671": {"Enrichment": 0.043199136017279656, "Depletion": 0.9568208635827283, "two-tailed": 0.08639827203455931}}