{"P37744": {"Enrichment": 0.11305773884522309, "Depletion": 0.8869622607547849, "two-tailed": 0.22611547769044618}}