{"P38038": {"Enrichment": 0.13505729885402293, "Depletion": 0.8649627007459851, "two-tailed": 0.27011459770804586}}