{"P38051": {"Enrichment": 0.872022559548809, "Depletion": 0.12799744005119898, "two-tailed": 0.25599488010239796}}