{"P38038": {"Enrichment": 0.501209975800484, "Depletion": 0.498810023799524, "two-tailed": 0.997620047599048}}