{"P38489": {"Enrichment": 0.7846043079138417, "Depletion": 0.21541569168616628, "two-tailed": 0.43083138337233257}}