{"P38489": {"Enrichment": 0.35695286094278117, "Depletion": 0.6430671386572269, "two-tailed": 0.7139057218855623}}