{"P39377": {"Enrichment": 0.8059638807223856, "Depletion": 0.19405611887762245, "two-tailed": 0.3881122377552449}}