{"P39377": {"Enrichment": 0.8036639267214656, "Depletion": 0.19635607287854243, "two-tailed": 0.39271214575708485}}