{"P39333": {"Enrichment": 0.876422471550569, "Depletion": 0.123597528049439, "two-tailed": 0.247195056098878}}