{"P39315": {"Enrichment": 0.19093618127637446, "Depletion": 0.8090838183236335, "two-tailed": 0.3818723625527489}}