{"P39325": {"Enrichment": 0.7617247655046899, "Depletion": 0.23829523409531808, "two-tailed": 0.47659046819063616}}