{"P39333": {"Enrichment": 0.6026679466410672, "Depletion": 0.3973520529589408, "two-tailed": 0.7947041059178817}}