{"P39325": {"Enrichment": 0.4504709905801884, "Depletion": 0.5495490090198196, "two-tailed": 0.9009419811603768}}