{"P39377": {"Enrichment": 0.8189236215275695, "Depletion": 0.18109637807243856, "two-tailed": 0.3621927561448771}}