{"P39408": {"Enrichment": 0.21061578768424633, "Depletion": 0.7894042119157617, "two-tailed": 0.42123157536849265}}