{"P39451": {"Enrichment": 0.43519129617407654, "Depletion": 0.5648287034259315, "two-tailed": 0.8703825923481531}}