{"P39451": {"Enrichment": 0.621467570648587, "Depletion": 0.378552428951421, "two-tailed": 0.757104857902842}}