{"P39408": {"Enrichment": 0.20779584408311833, "Depletion": 0.7922241555168896, "two-tailed": 0.41559168816623665}}