{"P39830": {"Enrichment": 0.5967280654386913, "Depletion": 0.40329193416131676, "two-tailed": 0.8065838683226335}}