{"P40191": {"Enrichment": 0.4576308473830523, "Depletion": 0.5423891522169556, "two-tailed": 0.9152616947661046}}