{"P41052": {"Enrichment": 0.32181356372872544, "Depletion": 0.6782064358712826, "two-tailed": 0.6436271274574509}}