{"P41409": {"Enrichment": 0.005339893202135957, "Depletion": 0.9946801063978721, "two-tailed": 0.010679786404271915}}