{"P41409": {"Enrichment": 0.40639187216255673, "Depletion": 0.5936281274374513, "two-tailed": 0.8127837443251135}}