{"P41409": {"Enrichment": 0.018019639607207857, "Depletion": 0.9820003599928001, "two-tailed": 0.036039279214415715}}