{"P42596": {"Enrichment": 0.9332413351732965, "Depletion": 0.06677866442671146, "two-tailed": 0.13355732885342292}}