{"P42592": {"Enrichment": 0.8361632767344653, "Depletion": 0.16385672286554268, "two-tailed": 0.32771344573108535}}