{"P42593": {"Enrichment": 0.21653566928661427, "Depletion": 0.7834843303133937, "two-tailed": 0.43307133857322855}}