{"P42593": {"Enrichment": 0.09053818923621527, "Depletion": 0.9094818103637927, "two-tailed": 0.18107637847243055}}