{"P42588": {"Enrichment": 0.10937781244375112, "Depletion": 0.8906421871562569, "two-tailed": 0.21875562488750225}}