{"P42588": {"Enrichment": 0.18281634367312655, "Depletion": 0.8172036559268815, "two-tailed": 0.3656326873462531}}