{"P42593": {"Enrichment": 0.08851822963540729, "Depletion": 0.9115017699646007, "two-tailed": 0.17703645927081457}}