{"P42620": {"Enrichment": 0.8308833823323534, "Depletion": 0.16913661726765464, "two-tailed": 0.3382732345353093}}