{"P42620": {"Enrichment": 0.8147237055258895, "Depletion": 0.18529629407411852, "two-tailed": 0.37059258814823703}}