{"P42620": {"Enrichment": 0.8560828783424331, "Depletion": 0.14393712125757485, "two-tailed": 0.2878742425151497}}