{"P42624": {"Enrichment": 0.8524629507409852, "Depletion": 0.14755704885902282, "two-tailed": 0.29511409771804564}}