{"P42641": {"Enrichment": 0.22227555448891023, "Depletion": 0.7777444451110977, "two-tailed": 0.44455110897782046}}