{"P42641": {"Enrichment": 0.19239615207695845, "Depletion": 0.8076238475230495, "two-tailed": 0.3847923041539169}}