{"P45563": {"Enrichment": 0.47687046259074817, "Depletion": 0.5231495370092598, "two-tailed": 0.9537409251814963}}