{"P45550": {"Enrichment": 0.5747285054298914, "Depletion": 0.4252914941701166, "two-tailed": 0.8505829883402332}}