{"P45563": {"Enrichment": 0.3127137457250855, "Depletion": 0.6873062538749225, "two-tailed": 0.625427491450171}}