{"P45545": {"Enrichment": 0.5495890082198356, "Depletion": 0.4504309913801724, "two-tailed": 0.9008619827603448}}