{"P45545": {"Enrichment": 0.5633687326253475, "Depletion": 0.4366512669746605, "two-tailed": 0.873302533949321}}