{"P45548": {"Enrichment": 0.18141637167256655, "Depletion": 0.8186036279274415, "two-tailed": 0.3628327433451331}}