{"P45550": {"Enrichment": 0.6672666546669067, "Depletion": 0.3327533449331013, "two-tailed": 0.6655066898662026}}