{"P45568": {"Enrichment": 0.03127937441251175, "Depletion": 0.9687406251874963, "two-tailed": 0.0625587488250235}}