{"P45748": {"Enrichment": 0.45909081818363634, "Depletion": 0.5409291814163717, "two-tailed": 0.9181816363672727}}