{"P45799": {"Enrichment": 0.0754184916301674, "Depletion": 0.9246015079698406, "two-tailed": 0.1508369832603348}}