{"P45799": {"Enrichment": 0.3482530349393012, "Depletion": 0.6517669646607068, "two-tailed": 0.6965060698786024}}