{"P45748": {"Enrichment": 0.08167836643267135, "Depletion": 0.9183416331673366, "two-tailed": 0.1633567328653427}}