{"P46859": {"Enrichment": 0.0740585188296234, "Depletion": 0.9259614807703845, "two-tailed": 0.1481170376592468}}