{"P46849": {"Enrichment": 0.9802603947921041, "Depletion": 0.01975960480790384, "two-tailed": 0.03951920961580768}}