{"P46849": {"Enrichment": 0.9743805123897522, "Depletion": 0.025639487210255794, "two-tailed": 0.05127897442051159}}