{"P46859": {"Enrichment": 0.10689786204275914, "Depletion": 0.8931221375572489, "two-tailed": 0.21379572408551828}}