{"P50457": {"Enrichment": 0.05861882762344753, "Depletion": 0.9414011719765605, "two-tailed": 0.11723765524689506}}