{"P50456": {"Enrichment": 0.6598668026639467, "Depletion": 0.3401531969360613, "two-tailed": 0.6803063938721226}}