{"P50457": {"Enrichment": 0.1116177676446471, "Depletion": 0.8884022319553609, "two-tailed": 0.2232355352892942}}