{"P52086": {"Enrichment": 0.4507509849803004, "Depletion": 0.5492690146197076, "two-tailed": 0.9015019699606008}}