{"P55135": {"Enrichment": 0.5673886522269554, "Depletion": 0.43263134737305253, "two-tailed": 0.8652626947461051}}