{"P60340": {"Enrichment": 0.12799744005119898, "Depletion": 0.872022559548809, "two-tailed": 0.25599488010239796}}