{"P60340": {"Enrichment": 0.023099538009239817, "Depletion": 0.9769204615907682, "two-tailed": 0.04619907601847963}}