{"P60472": {"Enrichment": 0.7074458510829783, "Depletion": 0.2925741485170297, "two-tailed": 0.5851482970340594}}