{"P60472": {"Enrichment": 0.6758464830703386, "Depletion": 0.3241735165296694, "two-tailed": 0.6483470330593388}}