{"P60472": {"Enrichment": 0.7043059138817224, "Depletion": 0.2957140857182856, "two-tailed": 0.5914281714365712}}