{"P60546": {"Enrichment": 0.1366772664546709, "Depletion": 0.863342733145337, "two-tailed": 0.2733545329093418}}