{"P60757": {"Enrichment": 0.3260134797304054, "Depletion": 0.6740065198696026, "two-tailed": 0.6520269594608108}}