{"P60757": {"Enrichment": 0.11009779804403912, "Depletion": 0.8899222015559689, "two-tailed": 0.22019559608807823}}