{"P60844": {"Enrichment": 0.42019159616807666, "Depletion": 0.5798284034319313, "two-tailed": 0.8403831923361533}}