{"P60844": {"Enrichment": 0.42141157176856464, "Depletion": 0.5786084278314434, "two-tailed": 0.8428231435371293}}