{"P60955": {"Enrichment": 0.884262314753705, "Depletion": 0.11575768484630307, "two-tailed": 0.23151536969260614}}