{"P60932": {"Enrichment": 0.2739945201095978, "Depletion": 0.7260254794904102, "two-tailed": 0.5479890402191956}}