{"P60932": {"Enrichment": 0.27785444291114175, "Depletion": 0.7221655566888662, "two-tailed": 0.5557088858222835}}