{"P60955": {"Enrichment": 0.9515409691806164, "Depletion": 0.04847903041939161, "two-tailed": 0.09695806083878322}}