{"P61175": {"Enrichment": 0.10499790004199916, "Depletion": 0.8950220995580088, "two-tailed": 0.20999580008399832}}