{"P61887": {"Enrichment": 0.7427651446971061, "Depletion": 0.25725485490290195, "two-tailed": 0.5145097098058039}}