{"P61949": {"Enrichment": 0.7349053018939621, "Depletion": 0.2651146977060459, "two-tailed": 0.5302293954120918}}