{"P61949": {"Enrichment": 0.7367652646947062, "Depletion": 0.2632547349053019, "two-tailed": 0.5265094698106038}}