{"P62623": {"Enrichment": 0.7831643367132657, "Depletion": 0.21685566288674227, "two-tailed": 0.43371132577348454}}