{"P62615": {"Enrichment": 0.056658866822663544, "Depletion": 0.9433611327773445, "two-tailed": 0.11331773364532709}}