{"P62623": {"Enrichment": 0.8631627367452651, "Depletion": 0.1368572628547429, "two-tailed": 0.2737145257094858}}