{"P62615": {"Enrichment": 0.05581888362232755, "Depletion": 0.9442011159776804, "two-tailed": 0.1116377672446551}}