{"P62707": {"Enrichment": 0.861742765144697, "Depletion": 0.1382772344553109, "two-tailed": 0.2765544689106218}}