{"P62707": {"Enrichment": 0.737905241895162, "Depletion": 0.2621147577048459, "two-tailed": 0.5242295154096918}}