{"P62707": {"Enrichment": 0.8378432431351373, "Depletion": 0.1621767564648707, "two-tailed": 0.3243535129297414}}