{"P63284": {"Enrichment": 0.08087838243235135, "Depletion": 0.9191416171676566, "two-tailed": 0.1617567648647027}}