{"P63284": {"Enrichment": 0.12325753484930302, "Depletion": 0.876762464750705, "two-tailed": 0.24651506969860604}}