{"P63746": {"Enrichment": 0.14855702885942282, "Depletion": 0.8514629707405852, "two-tailed": 0.29711405771884564}}