{"P63746": {"Enrichment": 0.15255694886102278, "Depletion": 0.8474630507389852, "two-tailed": 0.30511389772204556}}