{"P64604": {"Enrichment": 0.9888402231955361, "Depletion": 0.01117977640447191, "two-tailed": 0.02235955280894382}}