{"P65556": {"Enrichment": 0.7868442631147377, "Depletion": 0.2131757364852703, "two-tailed": 0.4263514729705406}}