{"P66899": {"Enrichment": 0.5934481310373793, "Depletion": 0.4065718685626287, "two-tailed": 0.8131437371252574}}