{"P67080": {"Enrichment": 0.8346233075338493, "Depletion": 0.16539669206615867, "two-tailed": 0.33079338413231735}}