{"P67087": {"Enrichment": 0.2097758044839103, "Depletion": 0.7902441951160977, "two-tailed": 0.4195516089678206}}