{"P67080": {"Enrichment": 0.6536269274614508, "Depletion": 0.34639307213855725, "two-tailed": 0.6927861442771145}}