{"P67095": {"Enrichment": 0.41655166896662066, "Depletion": 0.5834683306333873, "two-tailed": 0.8331033379332413}}