{"P68187": {"Enrichment": 0.42071158576828466, "Depletion": 0.5793084138317234, "two-tailed": 0.8414231715365693}}