{"P68187": {"Enrichment": 0.5438091238175237, "Depletion": 0.45621087578248437, "two-tailed": 0.9124217515649687}}