{"P68767": {"Enrichment": 0.9760204795904082, "Depletion": 0.023999520009599807, "two-tailed": 0.047999040019199614}}