{"P68767": {"Enrichment": 0.7838843223135538, "Depletion": 0.21613567728645428, "two-tailed": 0.43227135457290855}}