{"P68767": {"Enrichment": 0.7983840323193536, "Depletion": 0.2016359672806544, "two-tailed": 0.4032719345613088}}