{"P69681": {"Enrichment": 0.0015799684006319874, "Depletion": 0.998440031199376, "two-tailed": 0.0031599368012639748}}