{"P69739": {"Enrichment": 0.38453230935381294, "Depletion": 0.6154876902461951, "two-tailed": 0.7690646187076259}}