{"P69741": {"Enrichment": 0.45235095298094036, "Depletion": 0.5476690466190676, "two-tailed": 0.9047019059618807}}