{"P69829": {"Enrichment": 0.6804063918721626, "Depletion": 0.3196136077278454, "two-tailed": 0.6392272154556908}}