{"P69829": {"Enrichment": 0.8215235695286094, "Depletion": 0.17849643007139857, "two-tailed": 0.35699286014279713}}