{"P69908": {"Enrichment": 0.14775704485910282, "Depletion": 0.8522629547409052, "two-tailed": 0.29551408971820564}}