{"P69922": {"Enrichment": 0.5625487490250195, "Depletion": 0.4374712505749885, "two-tailed": 0.874942501149977}}