{"P69902": {"Enrichment": 0.761364772704546, "Depletion": 0.2386552268954621, "two-tailed": 0.4773104537909242}}