{"P69910": {"Enrichment": 0.39129217415651685, "Depletion": 0.6087278254434911, "two-tailed": 0.7825843483130337}}