{"P69924": {"Enrichment": 0.05641887162256755, "Depletion": 0.9436011279774404, "two-tailed": 0.1128377432451351}}