{"P69922": {"Enrichment": 0.3923921521569569, "Depletion": 0.6076278474430511, "two-tailed": 0.7847843043139138}}