{"P69908": {"Enrichment": 0.15229695406091878, "Depletion": 0.8477230455390892, "two-tailed": 0.30459390812183756}}