{"P69922": {"Enrichment": 0.7536249275014499, "Depletion": 0.24639507209855802, "two-tailed": 0.49279014419711603}}