{"P69910": {"Enrichment": 0.3218935621287574, "Depletion": 0.6781264374712506, "two-tailed": 0.6437871242575148}}