{"P69924": {"Enrichment": 0.16539669206615867, "Depletion": 0.8346233075338493, "two-tailed": 0.33079338413231735}}