{"P75736": {"Enrichment": 0.9411811763764725, "Depletion": 0.05883882322353553, "two-tailed": 0.11767764644707106}}