{"P75736": {"Enrichment": 0.9120617587648246, "Depletion": 0.08795824083518329, "two-tailed": 0.17591648167036658}}