{"P75736": {"Enrichment": 0.9001619967600648, "Depletion": 0.0998580028399432, "two-tailed": 0.1997160056798864}}