{"P75791": {"Enrichment": 0.18451630967380653, "Depletion": 0.8155036899262015, "two-tailed": 0.36903261934761306}}