{"P75791": {"Enrichment": 0.1869562608747825, "Depletion": 0.8130637387252255, "two-tailed": 0.373912521749565}}