{"P75780": {"Enrichment": 0.4365912681746365, "Depletion": 0.5634287314253715, "two-tailed": 0.873182536349273}}