{"P75780": {"Enrichment": 0.43003139937201257, "Depletion": 0.5699886002279955, "two-tailed": 0.8600627987440251}}