{"P75864": {"Enrichment": 0.6164076718465631, "Depletion": 0.38361232775344495, "two-tailed": 0.7672246555068899}}