{"P75898": {"Enrichment": 0.3929121417571649, "Depletion": 0.6071078578428432, "two-tailed": 0.7858242835143298}}