{"P75838": {"Enrichment": 0.6067878642427151, "Depletion": 0.39323213535729284, "two-tailed": 0.7864642707145857}}