{"P75804": {"Enrichment": 0.9419011619767604, "Depletion": 0.058118837623247536, "two-tailed": 0.11623767524649507}}