{"P75823": {"Enrichment": 0.3381332373352533, "Depletion": 0.6618867622647547, "two-tailed": 0.6762664746705066}}