{"P75898": {"Enrichment": 0.05507889842203156, "Depletion": 0.9449411011779765, "two-tailed": 0.11015779684406311}}