{"P75966": {"Enrichment": 0.4862702745945081, "Depletion": 0.5137497250054999, "two-tailed": 0.9725405491890162}}