{"P75966": {"Enrichment": 0.48293034139317215, "Depletion": 0.5170896582068358, "two-tailed": 0.9658606827863443}}