{"P75931": {"Enrichment": 0.006159876802463951, "Depletion": 0.9938601227975441, "two-tailed": 0.012319753604927902}}