{"P75913": {"Enrichment": 0.18309633807323852, "Depletion": 0.8169236615267694, "two-tailed": 0.36619267614647705}}