{"P75906": {"Enrichment": 0.7151656966860663, "Depletion": 0.2848543029139417, "two-tailed": 0.5697086058278834}}