{"P75966": {"Enrichment": 0.3616727665446691, "Depletion": 0.6383472330553389, "two-tailed": 0.7233455330893382}}