{"P76010": {"Enrichment": 0.30553388932221354, "Depletion": 0.6944861102777945, "two-tailed": 0.6110677786444271}}