{"P76044": {"Enrichment": 0.991320173596528, "Depletion": 0.00869982600347993, "two-tailed": 0.01739965200695986}}