{"P76044": {"Enrichment": 0.9919401611967761, "Depletion": 0.008079838403231935, "two-tailed": 0.01615967680646387}}