{"P76044": {"Enrichment": 0.9920601587968241, "Depletion": 0.007959840803183937, "two-tailed": 0.015919681606367874}}