{"P76083": {"Enrichment": 0.27945441091178175, "Depletion": 0.7205655886882263, "two-tailed": 0.5589088218235635}}