{"P76015": {"Enrichment": 0.4333913321733565, "Depletion": 0.5666286674266515, "two-tailed": 0.866782664346713}}