{"P76187": {"Enrichment": 0.2251154976900462, "Depletion": 0.7749045019099619, "two-tailed": 0.4502309953800924}}