{"P76115": {"Enrichment": 0.2971540569188616, "Depletion": 0.7028659426811463, "two-tailed": 0.5943081138377232}}