{"P76141": {"Enrichment": 0.8217635647287054, "Depletion": 0.17825643487130258, "two-tailed": 0.35651286974260515}}