{"P76141": {"Enrichment": 0.625027499450011, "Depletion": 0.374992500149997, "two-tailed": 0.749985000299994}}