{"P76187": {"Enrichment": 0.2243955120897582, "Depletion": 0.7756244875102498, "two-tailed": 0.4487910241795164}}