{"P76204": {"Enrichment": 0.11441771164576708, "Depletion": 0.8856022879542409, "two-tailed": 0.22883542329153417}}