{"P76256": {"Enrichment": 0.7092858142837143, "Depletion": 0.2907341853162937, "two-tailed": 0.5814683706325874}}