{"P76291": {"Enrichment": 0.08107837843243135, "Depletion": 0.9189416211675766, "two-tailed": 0.1621567568648627}}