{"P76256": {"Enrichment": 0.6980260394792104, "Depletion": 0.3019939601207976, "two-tailed": 0.6039879202415952}}