{"P76291": {"Enrichment": 0.30521389572208557, "Depletion": 0.6948061038779224, "two-tailed": 0.6104277914441711}}