{"P76204": {"Enrichment": 0.17625647487050258, "Depletion": 0.8237635247295054, "two-tailed": 0.35251294974100517}}