{"P76290": {"Enrichment": 0.9390612187756245, "Depletion": 0.06095878082438351, "two-tailed": 0.12191756164876702}}