{"P76216": {"Enrichment": 0.009739805203895922, "Depletion": 0.990280194396112, "two-tailed": 0.019479610407791843}}