{"P76290": {"Enrichment": 0.39779204415911684, "Depletion": 0.6022279554408911, "two-tailed": 0.7955840883182337}}