{"P76329": {"Enrichment": 0.025639487210255794, "Depletion": 0.9743805123897522, "two-tailed": 0.05127897442051159}}