{"P76344": {"Enrichment": 0.36759264814703707, "Depletion": 0.6324273514529709, "two-tailed": 0.7351852962940741}}