{"P76342": {"Enrichment": 0.34377312453750924, "Depletion": 0.6562468750624988, "two-tailed": 0.6875462490750185}}