{"P76364": {"Enrichment": 0.44309113817723644, "Depletion": 0.5569288614227715, "two-tailed": 0.8861822763544729}}