{"P76344": {"Enrichment": 0.37071258574828503, "Depletion": 0.629307413851723, "two-tailed": 0.7414251714965701}}