{"P76364": {"Enrichment": 0.4390512189756205, "Depletion": 0.5609687806243875, "two-tailed": 0.878102437951241}}