{"P76329": {"Enrichment": 0.46641067178656426, "Depletion": 0.5336093278134437, "two-tailed": 0.9328213435731285}}