{"P76342": {"Enrichment": 0.01747965040699186, "Depletion": 0.9825403491930161, "two-tailed": 0.03495930081398372}}