{"P76469": {"Enrichment": 0.3126937461250775, "Depletion": 0.6873262534749305, "two-tailed": 0.625387492250155}}