{"P76459": {"Enrichment": 0.004719905601887962, "Depletion": 0.99530009399812, "two-tailed": 0.009439811203775924}}