{"P76469": {"Enrichment": 0.6378072438551229, "Depletion": 0.3622127557448851, "two-tailed": 0.7244255114897702}}