{"P76459": {"Enrichment": 0.029059418811623768, "Depletion": 0.9709605807883842, "two-tailed": 0.058118837623247536}}