{"P76502": {"Enrichment": 0.36497270054598907, "Depletion": 0.6350472990540189, "two-tailed": 0.7299454010919781}}