{"P76502": {"Enrichment": 0.9215615687686246, "Depletion": 0.07845843083138337, "two-tailed": 0.15691686166276675}}