{"P76562": {"Enrichment": 0.2587748245035099, "Depletion": 0.7412451750964981, "two-tailed": 0.5175496490070198}}