{"P76562": {"Enrichment": 0.124737505249895, "Depletion": 0.875282494350113, "two-tailed": 0.24947501049979}}