{"P76578": {"Enrichment": 0.29499410011799765, "Depletion": 0.7050258994820103, "two-tailed": 0.5899882002359953}}