{"P77044": {"Enrichment": 0.1492370152596948, "Depletion": 0.8507829843403132, "two-tailed": 0.2984740305193896}}