{"P77044": {"Enrichment": 0.995680086398272, "Depletion": 0.0043399132017359655, "two-tailed": 0.008679826403471931}}