{"P77212": {"Enrichment": 0.9039219215615688, "Depletion": 0.09609807803843923, "two-tailed": 0.19219615607687845}}