{"P77202": {"Enrichment": 0.4494110117797644, "Depletion": 0.5506089878202436, "two-tailed": 0.8988220235595288}}