{"P77212": {"Enrichment": 0.9056818863622728, "Depletion": 0.09433811323773525, "two-tailed": 0.1886762264754705}}