{"P77202": {"Enrichment": 0.5361292774144517, "Depletion": 0.46389072218555627, "two-tailed": 0.9277814443711125}}