{"P77212": {"Enrichment": 0.9788204235915282, "Depletion": 0.02119957600847983, "two-tailed": 0.04239915201695966}}