{"P77366": {"Enrichment": 0.5447691046179076, "Depletion": 0.45525089498210036, "two-tailed": 0.9105017899642007}}