{"P77324": {"Enrichment": 0.0012999740005199896, "Depletion": 0.998720025599488, "two-tailed": 0.0025999480010399792}}