{"P77348": {"Enrichment": 0.033899322013559725, "Depletion": 0.9661206775864483, "two-tailed": 0.06779864402711945}}