{"P77324": {"Enrichment": 0.0004399912001759965, "Depletion": 0.999580008399832, "two-tailed": 0.000879982400351993}}