{"P77348": {"Enrichment": 0.034539309213815726, "Depletion": 0.9654806903861923, "two-tailed": 0.06907861842763145}}