{"P77398": {"Enrichment": 0.21213575728485431, "Depletion": 0.7878842423151537, "two-tailed": 0.42427151456970863}}