{"P77398": {"Enrichment": 0.20647587048259033, "Depletion": 0.7935441291174177, "two-tailed": 0.41295174096518067}}