{"P77366": {"Enrichment": 0.5439091218175637, "Depletion": 0.45611087778244436, "two-tailed": 0.9122217555648887}}