{"P77304": {"Enrichment": 0.03027939441211176, "Depletion": 0.9697406051878963, "two-tailed": 0.06055878882422352}}