{"P77432": {"Enrichment": 0.09573808523829523, "Depletion": 0.9042819143617128, "two-tailed": 0.19147617047659046}}