{"P77454": {"Enrichment": 0.17731645367092658, "Depletion": 0.8227035459290815, "two-tailed": 0.35463290734185315}}