{"P77425": {"Enrichment": 0.6584668306633867, "Depletion": 0.34155316893662124, "two-tailed": 0.6831063378732425}}