{"P77489": {"Enrichment": 0.5427891442171157, "Depletion": 0.4572308553828923, "two-tailed": 0.9144617107657846}}