{"P77444": {"Enrichment": 0.3192136157276855, "Depletion": 0.6808063838723225, "two-tailed": 0.638427231455371}}