{"P77489": {"Enrichment": 0.5231695366092678, "Depletion": 0.4768504629907402, "two-tailed": 0.9537009259814804}}