{"P77444": {"Enrichment": 0.374532509349813, "Depletion": 0.625487490250195, "two-tailed": 0.749065018699626}}