{"P77499": {"Enrichment": 0.4561508769824604, "Depletion": 0.5438691226175476, "two-tailed": 0.9123017539649207}}