{"P77425": {"Enrichment": 0.05877882442351153, "Depletion": 0.9412411751764965, "two-tailed": 0.11755764884702306}}