{"P77493": {"Enrichment": 0.9229815403691927, "Depletion": 0.07703845923081538, "two-tailed": 0.15407691846163077}}