{"P77454": {"Enrichment": 0.1758764824703506, "Depletion": 0.8241435171296574, "two-tailed": 0.3517529649407012}}