{"P77444": {"Enrichment": 0.31893362132757347, "Depletion": 0.6810863782724346, "two-tailed": 0.6378672426551469}}