{"P77499": {"Enrichment": 0.31845363092738144, "Depletion": 0.6815663686726265, "two-tailed": 0.6369072618547629}}