{"P77555": {"Enrichment": 0.1369372612547749, "Depletion": 0.8630827383452331, "two-tailed": 0.2738745225095498}}