{"P77555": {"Enrichment": 0.07891842163156737, "Depletion": 0.9211015779684406, "two-tailed": 0.15783684326313474}}