{"P77608": {"Enrichment": 0.027919441611167776, "Depletion": 0.9721005579888402, "two-tailed": 0.05583888322233555}}