{"P77608": {"Enrichment": 0.03657926841463171, "Depletion": 0.9634407311853763, "two-tailed": 0.07315853682926342}}