{"P77704": {"Enrichment": 0.6797464050718985, "Depletion": 0.32027359452810944, "two-tailed": 0.6405471890562189}}