{"P77704": {"Enrichment": 0.6802463950720986, "Depletion": 0.3197736045279094, "two-tailed": 0.6395472090558189}}