{"P77806": {"Enrichment": 0.21253574928501429, "Depletion": 0.7874842503149937, "two-tailed": 0.42507149857002857}}