{"P77806": {"Enrichment": 0.20985580288394232, "Depletion": 0.7901641967160656, "two-tailed": 0.41971160576788463}}