{"P78067": {"Enrichment": 0.5773684526309474, "Depletion": 0.4226515469690606, "two-tailed": 0.8453030939381212}}