{"Q46893": {"Enrichment": 0.6418471630567388, "Depletion": 0.35817283654326915, "two-tailed": 0.7163456730865383}}