{"Q46891": {"Enrichment": 0.24285514289714205, "Depletion": 0.7571648567028659, "two-tailed": 0.4857102857942841}}