{"Q46877": {"Enrichment": 0.4663706725865483, "Depletion": 0.5336493270134597, "two-tailed": 0.9327413451730966}}