{"Q46845": {"Enrichment": 0.3989920201595968, "Depletion": 0.6010279794404112, "two-tailed": 0.7979840403191936}}