{"Q46829": {"Enrichment": 0.035119297614047716, "Depletion": 0.9649007019859602, "two-tailed": 0.07023859522809543}}