{"Q46845": {"Enrichment": 0.39729205415891683, "Depletion": 0.6027279454410912, "two-tailed": 0.7945841083178337}}