{"Q46857": {"Enrichment": 0.1383572328553429, "Depletion": 0.8616627667446651, "two-tailed": 0.2767144657106858}}