{"Q46857": {"Enrichment": 0.09733805323893523, "Depletion": 0.9026819463610728, "two-tailed": 0.19467610647787045}}