{"Q46877": {"Enrichment": 0.4024119517609648, "Depletion": 0.5976080478390432, "two-tailed": 0.8048239035219296}}