{"Q46891": {"Enrichment": 0.24579508409831805, "Depletion": 0.75422491550169, "two-tailed": 0.4915901681966361}}