{"Q46856": {"Enrichment": 0.5100697986040279, "Depletion": 0.4899502009959801, "two-tailed": 0.9799004019919602}}