{"Q46891": {"Enrichment": 0.16667666646667068, "Depletion": 0.8333433331333373, "two-tailed": 0.33335333293334135}}