{"Q46938": {"Enrichment": 0.13101737965240695, "Depletion": 0.8690026199476011, "two-tailed": 0.2620347593048139}}