{"Q46915": {"Enrichment": 0.14783704325913483, "Depletion": 0.8521829563408732, "two-tailed": 0.29567408651826965}}