{"Q46925": {"Enrichment": 0.45493090138197234, "Depletion": 0.5450890982180356, "two-tailed": 0.9098618027639447}}