{"Q47155": {"Enrichment": 0.9749005019899603, "Depletion": 0.025119497610047798, "two-tailed": 0.050238995220095596}}