{"Q47155": {"Enrichment": 0.9757804843903122, "Depletion": 0.024239515209695806, "two-tailed": 0.04847903041939161}}