{"Q47537": {"Enrichment": 0.005539889202215956, "Depletion": 0.994480110397792, "two-tailed": 0.011079778404431912}}