{"Q47537": {"Enrichment": 0.00879982400351993, "Depletion": 0.9912201755964881, "two-tailed": 0.01759964800703986}}