{"A6NHC0": {"Enrichment": 0.3505529889402212, "Depletion": 0.6494670106597868, "two-tailed": 0.7011059778804424}}