{"A6NHC0": {"Enrichment": 0.3504329913401732, "Depletion": 0.6495870082598348, "two-tailed": 0.7008659826803464}}