{"O00187": {"Enrichment": 0.6149477010459791, "Depletion": 0.3850722985540289, "two-tailed": 0.7701445971080578}}