{"O00187": {"Enrichment": 0.6436271274574509, "Depletion": 0.35639287214255716, "two-tailed": 0.7127857442851143}}