{"O00204": {"Enrichment": 0.18137637247255056, "Depletion": 0.8186436271274574, "two-tailed": 0.3627527449451011}}