{"O00204": {"Enrichment": 0.35555288894222115, "Depletion": 0.6444671106577868, "two-tailed": 0.7111057778844423}}