{"O00311": {"Enrichment": 0.6508069838603228, "Depletion": 0.3492130157396852, "two-tailed": 0.6984260314793704}}