{"O00311": {"Enrichment": 0.753264934701306, "Depletion": 0.24675506489870203, "two-tailed": 0.49351012979740405}}