{"O00308": {"Enrichment": 0.14573708525829485, "Depletion": 0.8542829143417132, "two-tailed": 0.2914741705165897}}