{"O00411": {"Enrichment": 0.24415511689766203, "Depletion": 0.755864882702346, "two-tailed": 0.48831023379532407}}