{"O00506": {"Enrichment": 0.7192056158876823, "Depletion": 0.28081438371232575, "two-tailed": 0.5616287674246515}}