{"O00506": {"Enrichment": 0.5977480450390992, "Depletion": 0.4022719545609088, "two-tailed": 0.8045439091218176}}