{"O00764": {"Enrichment": 0.1743765124697506, "Depletion": 0.8256434871302574, "two-tailed": 0.3487530249395012}}