{"O00764": {"Enrichment": 0.17185656286874262, "Depletion": 0.8281634367312654, "two-tailed": 0.34371312573748525}}