{"O00746": {"Enrichment": 0.5975280494390112, "Depletion": 0.40249195016099676, "two-tailed": 0.8049839003219935}}