{"O00746": {"Enrichment": 0.08175836483270335, "Depletion": 0.9182616347673046, "two-tailed": 0.1635167296654067}}