{"O14595": {"Enrichment": 0.3252534949301014, "Depletion": 0.6747665046699066, "two-tailed": 0.6505069898602028}}