{"O14522": {"Enrichment": 0.07267854642907141, "Depletion": 0.9273414531709366, "two-tailed": 0.14535709285814283}}