{"O14595": {"Enrichment": 0.8078638427231455, "Depletion": 0.19215615687686247, "two-tailed": 0.38431231375372493}}