{"O14522": {"Enrichment": 0.3912521749565009, "Depletion": 0.6087678246435071, "two-tailed": 0.7825043499130018}}