{"O14638": {"Enrichment": 0.17743645127097457, "Depletion": 0.8225835483290335, "two-tailed": 0.35487290254194914}}