{"O14672": {"Enrichment": 0.15351692966140676, "Depletion": 0.8465030699386012, "two-tailed": 0.3070338593228135}}