{"O14744": {"Enrichment": 0.04215915681686366, "Depletion": 0.9578608427831443, "two-tailed": 0.08431831363372733}}