{"O14744": {"Enrichment": 0.04889902201955961, "Depletion": 0.9511209775804484, "two-tailed": 0.09779804403911922}}