{"O14773": {"Enrichment": 0.039159216815663686, "Depletion": 0.9608607827843443, "two-tailed": 0.07831843363132737}}