{"O14733": {"Enrichment": 0.9324013519729606, "Depletion": 0.06761864762704746, "two-tailed": 0.13523729525409492}}