{"O14815": {"Enrichment": 0.5268294634107318, "Depletion": 0.4731905361892762, "two-tailed": 0.9463810723785524}}