{"O14976": {"Enrichment": 0.8018639627207456, "Depletion": 0.19815603687926242, "two-tailed": 0.39631207375852484}}