{"O14929": {"Enrichment": 0.8259234815303694, "Depletion": 0.1740965180696386, "two-tailed": 0.3481930361392772}}