{"O14929": {"Enrichment": 0.7808043839123218, "Depletion": 0.21921561568768624, "two-tailed": 0.4384312313753725}}