{"O14920": {"Enrichment": 0.49065018699626006, "Depletion": 0.5093698126037479, "two-tailed": 0.9813003739925201}}