{"O14936": {"Enrichment": 0.04521909561808764, "Depletion": 0.9548009039819204, "two-tailed": 0.09043819123617527}}