{"O14936": {"Enrichment": 0.7910041799164017, "Depletion": 0.20901581968360633, "two-tailed": 0.41803163936721266}}