{"O14976": {"Enrichment": 0.8011839763204736, "Depletion": 0.1988360232795344, "two-tailed": 0.3976720465590688}}