{"O14965": {"Enrichment": 0.9808203835923281, "Depletion": 0.019199616007679846, "two-tailed": 0.03839923201535969}}