{"O14920": {"Enrichment": 0.49179016419671606, "Depletion": 0.5082298354032919, "two-tailed": 0.9835803283934321}}