{"O15075": {"Enrichment": 0.5896282074358513, "Depletion": 0.4103917921641567, "two-tailed": 0.8207835843283134}}