{"O15033": {"Enrichment": 0.01741965160696786, "Depletion": 0.9826003479930402, "two-tailed": 0.03483930321393572}}