{"O15075": {"Enrichment": 0.6501269974600508, "Depletion": 0.3498930021399572, "two-tailed": 0.6997860042799144}}