{"O15294": {"Enrichment": 0.2750544989100218, "Depletion": 0.7249655006899862, "two-tailed": 0.5501089978200436}}