{"O15264": {"Enrichment": 0.7599448011039779, "Depletion": 0.24007519849603007, "two-tailed": 0.48015039699206014}}