{"O15264": {"Enrichment": 0.9692206155876882, "Depletion": 0.030799384012319752, "two-tailed": 0.061598768024639504}}