{"O15294": {"Enrichment": 0.46533069338613225, "Depletion": 0.5346893062138757, "two-tailed": 0.9306613867722645}}