{"O15379": {"Enrichment": 0.2944541109177816, "Depletion": 0.7055658886822264, "two-tailed": 0.5889082218355632}}