{"O15379": {"Enrichment": 0.1385172296554069, "Depletion": 0.8615027699446011, "two-tailed": 0.2770344593108138}}