{"O15393": {"Enrichment": 0.19147617047659046, "Depletion": 0.8085438291234175, "two-tailed": 0.3829523409531809}}