{"O15393": {"Enrichment": 0.13577728445431092, "Depletion": 0.8642427151456971, "two-tailed": 0.27155456890862184}}