{"O15484": {"Enrichment": 0.11535769284614308, "Depletion": 0.8846623067538649, "two-tailed": 0.23071538569228617}}