{"O15527": {"Enrichment": 0.9381612367752645, "Depletion": 0.06185876282474351, "two-tailed": 0.12371752564948701}}