{"O15530": {"Enrichment": 0.7855242895142097, "Depletion": 0.2144957100857983, "two-tailed": 0.4289914201715966}}