{"O15527": {"Enrichment": 0.9629807403851923, "Depletion": 0.037039259214815705, "two-tailed": 0.07407851842963141}}