{"O15530": {"Enrichment": 0.9531009379812404, "Depletion": 0.046919061618767625, "two-tailed": 0.09383812323753525}}