{"O43175": {"Enrichment": 0.5757884842303154, "Depletion": 0.4242315153696926, "two-tailed": 0.8484630307393852}}