{"O43173": {"Enrichment": 0.059298814023719525, "Depletion": 0.9407211855762885, "two-tailed": 0.11859762804743905}}