{"O43293": {"Enrichment": 0.885202295954081, "Depletion": 0.11481770364592708, "two-tailed": 0.22963540729185417}}