{"O43293": {"Enrichment": 0.9359612807743846, "Depletion": 0.06405871882562349, "two-tailed": 0.12811743765124697}}