{"O43353": {"Enrichment": 0.6964260714785704, "Depletion": 0.3035939281214376, "two-tailed": 0.6071878562428752}}