{"O43414": {"Enrichment": 0.028279434411311775, "Depletion": 0.9717405651886962, "two-tailed": 0.05655886882262355}}