{"O43488": {"Enrichment": 0.6062678746425072, "Depletion": 0.39375212495750084, "two-tailed": 0.7875042499150017}}