{"O43488": {"Enrichment": 0.616827663446731, "Depletion": 0.3831923361532769, "two-tailed": 0.7663846723065538}}