{"O43704": {"Enrichment": 0.03829923401531969, "Depletion": 0.9617207655846883, "two-tailed": 0.07659846803063938}}