{"O43704": {"Enrichment": 0.04363912721745565, "Depletion": 0.9563808723825523, "two-tailed": 0.0872782544349113}}