{"O60259": {"Enrichment": 0.4385312293754125, "Depletion": 0.5614887702245955, "two-tailed": 0.877062458750825}}