{"O60218": {"Enrichment": 0.5349493010139797, "Depletion": 0.4650706985860283, "two-tailed": 0.9301413971720566}}