{"O60259": {"Enrichment": 0.5294494110117798, "Depletion": 0.47057058858822826, "two-tailed": 0.9411411771764565}}