{"O60547": {"Enrichment": 0.2962340753184936, "Depletion": 0.7037859242815143, "two-tailed": 0.5924681506369872}}