{"O60507": {"Enrichment": 0.009859802803943921, "Depletion": 0.990160196796064, "two-tailed": 0.019719605607887842}}