{"O60547": {"Enrichment": 0.1876562468750625, "Depletion": 0.8123637527249455, "two-tailed": 0.375312493750125}}