{"O60658": {"Enrichment": 0.872082558348833, "Depletion": 0.12793744125117498, "two-tailed": 0.25587488250234997}}