{"O60678": {"Enrichment": 0.8961220775584489, "Depletion": 0.10389792204155916, "two-tailed": 0.20779584408311833}}