{"O60678": {"Enrichment": 0.8191236175276494, "Depletion": 0.18089638207235856, "two-tailed": 0.3617927641447171}}