{"O60658": {"Enrichment": 0.9268214635707286, "Depletion": 0.07319853602927942, "two-tailed": 0.14639707205855884}}