{"O60701": {"Enrichment": 0.6381272374552509, "Depletion": 0.36189276214475713, "two-tailed": 0.7237855242895143}}