{"O60701": {"Enrichment": 0.5410891782164357, "Depletion": 0.45893082138357233, "two-tailed": 0.9178616427671447}}