{"O60729": {"Enrichment": 0.27601447971040577, "Depletion": 0.7240055198896022, "two-tailed": 0.5520289594208115}}