{"O60704": {"Enrichment": 0.08521829563408732, "Depletion": 0.9148017039659206, "two-tailed": 0.17043659126817465}}