{"O60729": {"Enrichment": 0.9402811943761125, "Depletion": 0.05973880522389552, "two-tailed": 0.11947761044779104}}