{"O60825": {"Enrichment": 0.0030599388012239755, "Depletion": 0.9969600607987841, "two-tailed": 0.006119877602447951}}