{"O60825": {"Enrichment": 0.2752944941101178, "Depletion": 0.7247255054898902, "two-tailed": 0.5505889882202356}}