{"O60911": {"Enrichment": 0.007139857202855943, "Depletion": 0.992880142397152, "two-tailed": 0.014279714405711887}}