{"O75116": {"Enrichment": 0.8383232335353293, "Depletion": 0.1616967660646787, "two-tailed": 0.3233935321293574}}