{"O75173": {"Enrichment": 0.10197796044079119, "Depletion": 0.8980420391592168, "two-tailed": 0.20395592088158238}}