{"O75173": {"Enrichment": 0.10149797004059918, "Depletion": 0.8985220295594089, "two-tailed": 0.20299594008119837}}