{"O75116": {"Enrichment": 0.756444871102578, "Depletion": 0.24357512849743004, "two-tailed": 0.4871502569948601}}