{"O75223": {"Enrichment": 0.004959900801983961, "Depletion": 0.995060098798024, "two-tailed": 0.009919801603967921}}