{"O75390": {"Enrichment": 0.011639767204655907, "Depletion": 0.9883802323953521, "two-tailed": 0.023279534409311815}}