{"O75390": {"Enrichment": 0.02731945361092778, "Depletion": 0.9727005459890802, "two-tailed": 0.05463890722185556}}