{"O75317": {"Enrichment": 0.17973640527189455, "Depletion": 0.8202835943281135, "two-tailed": 0.3594728105437891}}