{"O75385": {"Enrichment": 0.7012259754804904, "Depletion": 0.2987940241195176, "two-tailed": 0.5975880482390352}}