{"O75385": {"Enrichment": 0.8609227815443691, "Depletion": 0.13909721805563888, "two-tailed": 0.27819443611127775}}