{"O75319": {"Enrichment": 0.6882462350752985, "Depletion": 0.3117737645247095, "two-tailed": 0.623547529049419}}