{"O75317": {"Enrichment": 0.5356892862142757, "Depletion": 0.4643307133857323, "two-tailed": 0.9286614267714646}}