{"O75460": {"Enrichment": 0.502729945401092, "Depletion": 0.49729005419891603, "two-tailed": 0.9945801083978321}}