{"O75460": {"Enrichment": 0.500409991800164, "Depletion": 0.499610007799844, "two-tailed": 0.999220015599688}}