{"O75582": {"Enrichment": 0.9389412211755764, "Depletion": 0.06107877842443151, "two-tailed": 0.12215755684886302}}