{"O75608": {"Enrichment": 0.9162216755664887, "Depletion": 0.08379832403351933, "two-tailed": 0.16759664806703867}}