{"O75604": {"Enrichment": 0.22637547249055018, "Depletion": 0.7736445271094579, "two-tailed": 0.45275094498110036}}