{"O75604": {"Enrichment": 0.8880022399552009, "Depletion": 0.1120177596448071, "two-tailed": 0.2240355192896142}}