{"O75715": {"Enrichment": 0.44161116777664444, "Depletion": 0.5584088318233635, "two-tailed": 0.8832223355532889}}