{"O75716": {"Enrichment": 0.8982420351592968, "Depletion": 0.10177796444071119, "two-tailed": 0.20355592888142238}}