{"O75716": {"Enrichment": 0.8972420551588968, "Depletion": 0.10277794444111117, "two-tailed": 0.20555588888222234}}