{"O75897": {"Enrichment": 0.03873922521549569, "Depletion": 0.9612807743845123, "two-tailed": 0.07747845043099139}}