{"O75891": {"Enrichment": 0.09479810403791925, "Depletion": 0.9052218955620888, "two-tailed": 0.1895962080758385}}