{"O75897": {"Enrichment": 0.06759864802703947, "Depletion": 0.9324213515729686, "two-tailed": 0.13519729605407893}}