{"O75891": {"Enrichment": 0.15219695606087877, "Depletion": 0.8478230435391292, "two-tailed": 0.30439391212175754}}