{"O75828": {"Enrichment": 0.14713705725885481, "Depletion": 0.8528829423411531, "two-tailed": 0.29427411451770963}}