{"O75884": {"Enrichment": 0.2850742985140297, "Depletion": 0.7149457010859783, "two-tailed": 0.5701485970280594}}