{"O75884": {"Enrichment": 0.2799344013119738, "Depletion": 0.7200855982880342, "two-tailed": 0.5598688026239476}}