{"O75828": {"Enrichment": 0.1487370252594948, "Depletion": 0.8512829743405131, "two-tailed": 0.2974740505189896}}