{"O75907": {"Enrichment": 0.9516409671806564, "Depletion": 0.04837903241935161, "two-tailed": 0.09675806483870322}}