{"O75907": {"Enrichment": 0.9528009439811204, "Depletion": 0.047219055618887625, "two-tailed": 0.09443811123777525}}