{"O75914": {"Enrichment": 0.75002499950001, "Depletion": 0.249995000099998, "two-tailed": 0.499990000199996}}