{"O94766": {"Enrichment": 0.26953460930781387, "Depletion": 0.7304853902921942, "two-tailed": 0.5390692186156277}}