{"O94760": {"Enrichment": 0.003899922001559969, "Depletion": 0.996120077598448, "two-tailed": 0.007799844003119938}}