{"O94768": {"Enrichment": 0.8924221515569689, "Depletion": 0.10759784804303914, "two-tailed": 0.21519569608607828}}