{"O94760": {"Enrichment": 0.01733965320693586, "Depletion": 0.9826803463930721, "two-tailed": 0.03467930641387172}}