{"O94766": {"Enrichment": 0.26965460690786186, "Depletion": 0.7303653926921462, "two-tailed": 0.5393092138157237}}