{"O94804": {"Enrichment": 0.7177256454870903, "Depletion": 0.28229435411291776, "two-tailed": 0.5645887082258355}}