{"O94804": {"Enrichment": 0.6764664706705866, "Depletion": 0.3235535289294214, "two-tailed": 0.6471070578588428}}