{"O95154": {"Enrichment": 0.6797864042719146, "Depletion": 0.3202335953280934, "two-tailed": 0.6404671906561868}}