{"O95147": {"Enrichment": 0.35703285934281315, "Depletion": 0.6429871402571948, "two-tailed": 0.7140657186856263}}