{"O95147": {"Enrichment": 0.3521329573408532, "Depletion": 0.6478870422591548, "two-tailed": 0.7042659146817064}}