{"O95154": {"Enrichment": 0.6816863662726745, "Depletion": 0.31833363332733344, "two-tailed": 0.6366672666546669}}