{"O95278": {"Enrichment": 0.07019859602807944, "Depletion": 0.9298214035719286, "two-tailed": 0.1403971920561589}}