{"O95278": {"Enrichment": 0.07141857162856743, "Depletion": 0.9286014279714405, "two-tailed": 0.14283714325713487}}