{"O95372": {"Enrichment": 0.9742005159896802, "Depletion": 0.025819483610327792, "two-tailed": 0.051638967220655585}}