{"O95372": {"Enrichment": 0.7039859202815943, "Depletion": 0.29603407931841363, "two-tailed": 0.5920681586368273}}