{"O95497": {"Enrichment": 0.8708225835483291, "Depletion": 0.12919741605167898, "two-tailed": 0.25839483210335795}}