{"O95497": {"Enrichment": 0.7869842603147937, "Depletion": 0.2130357392852143, "two-tailed": 0.4260714785704286}}