{"O95747": {"Enrichment": 0.7322853542929142, "Depletion": 0.26773464530709384, "two-tailed": 0.5354692906141877}}