{"O95747": {"Enrichment": 0.6173276534469311, "Depletion": 0.38269234615307696, "two-tailed": 0.7653846923061539}}