{"O95819": {"Enrichment": 0.7775044499110018, "Depletion": 0.22251554968900622, "two-tailed": 0.44503109937801244}}