{"O95819": {"Enrichment": 0.5439491210175796, "Depletion": 0.45607087858242834, "two-tailed": 0.9121417571648567}}