{"O95989": {"Enrichment": 0.6827863442731146, "Depletion": 0.31723365532689346, "two-tailed": 0.6344673106537869}}