{"O95985": {"Enrichment": 0.8926621467570649, "Depletion": 0.10735785284294314, "two-tailed": 0.21471570568588627}}