{"O95989": {"Enrichment": 0.7749245015099698, "Depletion": 0.2250954980900382, "two-tailed": 0.4501909961800764}}