{"O95985": {"Enrichment": 0.7884642307153857, "Depletion": 0.2115557688846223, "two-tailed": 0.4231115377692446}}