{"O96017": {"Enrichment": 0.4883702325953481, "Depletion": 0.5116497670046599, "two-tailed": 0.9767404651906962}}