{"O96013": {"Enrichment": 0.7069258614827704, "Depletion": 0.29309413811723767, "two-tailed": 0.5861882762344753}}