{"O96013": {"Enrichment": 0.8372632547349053, "Depletion": 0.1627567448651027, "two-tailed": 0.3255134897302054}}