{"P00367": {"Enrichment": 0.37871242575148495, "Depletion": 0.621307573848523, "two-tailed": 0.7574248515029699}}