{"P00390": {"Enrichment": 0.9698406031879362, "Depletion": 0.03017939641207176, "two-tailed": 0.06035879282414352}}