{"P00367": {"Enrichment": 0.2758344833103338, "Depletion": 0.7241855162896742, "two-tailed": 0.5516689666206676}}