{"P00390": {"Enrichment": 0.8469230615387692, "Depletion": 0.15309693806123878, "two-tailed": 0.30619387612247756}}