{"P00352": {"Enrichment": 0.05673886522269555, "Depletion": 0.9432811343773124, "two-tailed": 0.1134777304453911}}