{"P00338": {"Enrichment": 0.5442691146177077, "Depletion": 0.4557508849823004, "two-tailed": 0.9115017699646007}}