{"P00352": {"Enrichment": 0.04619907601847963, "Depletion": 0.9538209235815284, "two-tailed": 0.09239815203695927}}