{"P00338": {"Enrichment": 0.5418891622167556, "Depletion": 0.45813083738325233, "two-tailed": 0.9162616747665047}}