{"P00492": {"Enrichment": 0.34331313373732525, "Depletion": 0.6567068658626828, "two-tailed": 0.6866262674746505}}