{"P00480": {"Enrichment": 0.7123857522849543, "Depletion": 0.2876342473150537, "two-tailed": 0.5752684946301074}}