{"P00488": {"Enrichment": 0.4338913221735565, "Depletion": 0.5661286774264515, "two-tailed": 0.867782644347113}}