{"P00492": {"Enrichment": 0.6425071498570029, "Depletion": 0.3575128497430051, "two-tailed": 0.7150256994860102}}