{"P00480": {"Enrichment": 0.7136257274854503, "Depletion": 0.2863942721145577, "two-tailed": 0.5727885442291154}}