{"P00519": {"Enrichment": 0.5866482670346593, "Depletion": 0.4133717325653487, "two-tailed": 0.8267434651306974}}