{"P00519": {"Enrichment": 0.6002479950400992, "Depletion": 0.3997720045599088, "two-tailed": 0.7995440091198176}}