{"P00751": {"Enrichment": 0.08561828763424731, "Depletion": 0.9144017119657607, "two-tailed": 0.17123657526849462}}