{"P00742": {"Enrichment": 0.3353732925341493, "Depletion": 0.6646467070658587, "two-tailed": 0.6707465850682987}}