{"P00736": {"Enrichment": 0.9571608567828643, "Depletion": 0.042859142817143654, "two-tailed": 0.08571828563428731}}