{"P00749": {"Enrichment": 0.7695646087078258, "Depletion": 0.23045539089218214, "two-tailed": 0.4609107817843643}}