{"P00746": {"Enrichment": 0.6706865862682746, "Depletion": 0.3293334133317334, "two-tailed": 0.6586668266634668}}