{"P00797": {"Enrichment": 0.011019779604407911, "Depletion": 0.9890002199956001, "two-tailed": 0.022039559208815823}}