{"P00742": {"Enrichment": 0.28813423731525367, "Depletion": 0.7118857622847543, "two-tailed": 0.5762684746305073}}