{"P00797": {"Enrichment": 0.020419591608167836, "Depletion": 0.9796004079918401, "two-tailed": 0.04083918321633567}}