{"P00740": {"Enrichment": 0.7006659866802664, "Depletion": 0.2993540129197416, "two-tailed": 0.5987080258394832}}