{"P00736": {"Enrichment": 0.749605007899842, "Depletion": 0.250414991700166, "two-tailed": 0.500829983400332}}