{"P00748": {"Enrichment": 0.3269734605307894, "Depletion": 0.6730465390692186, "two-tailed": 0.6539469210615788}}