{"P00746": {"Enrichment": 0.8354632907341853, "Depletion": 0.1645567088658227, "two-tailed": 0.3291134177316454}}