{"P00740": {"Enrichment": 0.7168856622867542, "Depletion": 0.2831343373132537, "two-tailed": 0.5662686746265074}}