{"P00748": {"Enrichment": 0.7081058378832423, "Depletion": 0.29191416171676565, "two-tailed": 0.5838283234335313}}