{"P00747": {"Enrichment": 0.9858002839943201, "Depletion": 0.014219715605687886, "two-tailed": 0.028439431211375772}}