{"P00813": {"Enrichment": 0.3127737445251095, "Depletion": 0.6872462550748984, "two-tailed": 0.625547489050219}}