{"P00813": {"Enrichment": 0.05227895442091158, "Depletion": 0.9477410451790964, "two-tailed": 0.10455790884182316}}