{"P00915": {"Enrichment": 0.875742485150297, "Depletion": 0.12427751444971101, "two-tailed": 0.24855502889942202}}