{"P00918": {"Enrichment": 0.4314513709725806, "Depletion": 0.5685686286274274, "two-tailed": 0.8629027419451611}}