{"P02788": {"Enrichment": 0.6469070618587628, "Depletion": 0.3531129377412452, "two-tailed": 0.7062258754824904}}