{"P03956": {"Enrichment": 0.5166296674066518, "Depletion": 0.48339033219335614, "two-tailed": 0.9667806643867123}}