{"P03952": {"Enrichment": 0.9119617607647847, "Depletion": 0.08805823883522329, "two-tailed": 0.17611647767044658}}