{"P03956": {"Enrichment": 0.5592688146237075, "Depletion": 0.44075118497630045, "two-tailed": 0.8815023699526009}}