{"P03952": {"Enrichment": 0.6195876082478351, "Depletion": 0.38043239135217294, "two-tailed": 0.7608647827043459}}