{"P04035": {"Enrichment": 0.14103717925641487, "Depletion": 0.8589828203435931, "two-tailed": 0.28207435851282975}}