{"P04035": {"Enrichment": 0.17977640447191057, "Depletion": 0.8202435951280974, "two-tailed": 0.35955280894382113}}