{"P04075": {"Enrichment": 0.10725785484290314, "Depletion": 0.8927621447571048, "two-tailed": 0.21451570968580627}}