{"P04062": {"Enrichment": 0.7755644887102258, "Depletion": 0.22445551088978222, "two-tailed": 0.44891102177956443}}