{"P04062": {"Enrichment": 0.5569288614227715, "Depletion": 0.44309113817723644, "two-tailed": 0.8861822763544729}}