{"P04183": {"Enrichment": 0.15307693846123077, "Depletion": 0.8469430611387773, "two-tailed": 0.30615387692246154}}