{"P04183": {"Enrichment": 0.39475210495790086, "Depletion": 0.6052678946421072, "two-tailed": 0.7895042099158017}}