{"P04180": {"Enrichment": 0.4142917141657167, "Depletion": 0.5857282854342913, "two-tailed": 0.8285834283314334}}