{"P04180": {"Enrichment": 0.1520569588608228, "Depletion": 0.8479630407391853, "two-tailed": 0.3041139177216456}}