{"P04406": {"Enrichment": 0.8528829423411531, "Depletion": 0.14713705725885481, "two-tailed": 0.29427411451770963}}