{"P04406": {"Enrichment": 0.7627047459050819, "Depletion": 0.2373152536949261, "two-tailed": 0.4746305073898522}}