{"P04746": {"Enrichment": 0.8503829923401532, "Depletion": 0.1496370072598548, "two-tailed": 0.2992740145197096}}