{"P05091": {"Enrichment": 0.06447871042579148, "Depletion": 0.9355412891742165, "two-tailed": 0.12895742085158296}}