{"P05062": {"Enrichment": 0.14173716525669486, "Depletion": 0.8582828343433131, "two-tailed": 0.2834743305133897}}