{"P05062": {"Enrichment": 0.10187796244075119, "Depletion": 0.8981420371592568, "two-tailed": 0.20375592488150238}}