{"P05164": {"Enrichment": 0.42163156736865265, "Depletion": 0.5783884322313554, "two-tailed": 0.8432631347373053}}