{"P05187": {"Enrichment": 0.5561088778224436, "Depletion": 0.4439111217775644, "two-tailed": 0.8878222435551288}}