{"P05981": {"Enrichment": 0.9454410911781764, "Depletion": 0.054578908421831565, "two-tailed": 0.10915781684366313}}