{"P06239": {"Enrichment": 0.8088838223235535, "Depletion": 0.19113617727645446, "two-tailed": 0.3822723545529089}}