{"P06241": {"Enrichment": 0.7056058878822423, "Depletion": 0.29441411171776566, "two-tailed": 0.5888282234355313}}