{"P06241": {"Enrichment": 0.7789244215115698, "Depletion": 0.22109557808843824, "two-tailed": 0.4421911561768765}}