{"P06276": {"Enrichment": 0.2723345533089338, "Depletion": 0.7276854462910742, "two-tailed": 0.5446691066178676}}