{"P06276": {"Enrichment": 0.32907341853162936, "Depletion": 0.6709465810683787, "two-tailed": 0.6581468370632587}}