{"P06493": {"Enrichment": 0.9213215735685286, "Depletion": 0.07869842603147938, "two-tailed": 0.15739685206295875}}