{"P06493": {"Enrichment": 0.9488410231795364, "Depletion": 0.05117897642047159, "two-tailed": 0.10235795284094318}}