{"P06681": {"Enrichment": 0.06433871322573549, "Depletion": 0.9356812863742725, "two-tailed": 0.12867742645147098}}