{"P06746": {"Enrichment": 0.5506289874202516, "Depletion": 0.4493910121797564, "two-tailed": 0.8987820243595128}}