{"P06733": {"Enrichment": 0.035619287614247715, "Depletion": 0.9644007119857603, "two-tailed": 0.07123857522849543}}