{"P06744": {"Enrichment": 0.24311513769724605, "Depletion": 0.756904861902762, "two-tailed": 0.4862302753944921}}