{"P06865": {"Enrichment": 0.38441231175376495, "Depletion": 0.6156076878462431, "two-tailed": 0.7688246235075299}}