{"P06858": {"Enrichment": 0.6643067138657227, "Depletion": 0.3357132857342853, "two-tailed": 0.6714265714685707}}