{"P06865": {"Enrichment": 0.7123057538849223, "Depletion": 0.2877142457150857, "two-tailed": 0.5754284914301714}}