{"P07098": {"Enrichment": 0.16485670286594267, "Depletion": 0.8351632967340653, "two-tailed": 0.32971340573188535}}