{"P07195": {"Enrichment": 0.23381532369352612, "Depletion": 0.7662046759064819, "two-tailed": 0.46763064738705223}}