{"P07195": {"Enrichment": 0.5163096738065238, "Depletion": 0.4837103257934841, "two-tailed": 0.9674206515869682}}