{"P07237": {"Enrichment": 0.22345553088938222, "Depletion": 0.7765644687106258, "two-tailed": 0.44691106177876444}}