{"P07203": {"Enrichment": 0.28383432331353375, "Depletion": 0.7161856762864742, "two-tailed": 0.5676686466270675}}