{"P07203": {"Enrichment": 0.3336733265334693, "Depletion": 0.6663466730665387, "two-tailed": 0.6673466530669386}}