{"P07384": {"Enrichment": 0.45927081458370833, "Depletion": 0.5407491850162996, "two-tailed": 0.9185416291674167}}