{"P07332": {"Enrichment": 0.5782484350312994, "Depletion": 0.4217715645687086, "two-tailed": 0.8435431291374172}}