{"P07384": {"Enrichment": 0.4595308093838123, "Depletion": 0.5404891902161957, "two-tailed": 0.9190616187676246}}