{"P07339": {"Enrichment": 0.03983920321593568, "Depletion": 0.9601807963840723, "two-tailed": 0.07967840643187137}}