{"P07311": {"Enrichment": 0.9846003079938401, "Depletion": 0.015419691606167877, "two-tailed": 0.030839383212335755}}