{"P07477": {"Enrichment": 0.4122317553648927, "Depletion": 0.5877882442351153, "two-tailed": 0.8244635107297854}}