{"P07477": {"Enrichment": 0.4900101997960041, "Depletion": 0.510009799804004, "two-tailed": 0.9800203995920082}}