{"P07686": {"Enrichment": 0.76032479350413, "Depletion": 0.23969520609587808, "two-tailed": 0.47939041219175615}}