{"P07686": {"Enrichment": 0.8347633047339054, "Depletion": 0.16525669486610267, "two-tailed": 0.33051338973220534}}