{"P07738": {"Enrichment": 0.5791284174316513, "Depletion": 0.42089158216835665, "two-tailed": 0.8417831643367133}}