{"P07738": {"Enrichment": 0.3478530429391412, "Depletion": 0.6521669566608668, "two-tailed": 0.6957060858782824}}