{"P07858": {"Enrichment": 0.08635827283454331, "Depletion": 0.9136617267654646, "two-tailed": 0.17271654566908662}}