{"P07858": {"Enrichment": 0.04533909321813564, "Depletion": 0.9546809063818723, "two-tailed": 0.09067818643627128}}