{"P07954": {"Enrichment": 0.001739965200695986, "Depletion": 0.998280034399312, "two-tailed": 0.003479930401391972}}