{"P07949": {"Enrichment": 0.7934441311173777, "Depletion": 0.20657586848263035, "two-tailed": 0.4131517369652607}}