{"P07902": {"Enrichment": 0.41897162056758863, "Depletion": 0.5810483790324193, "two-tailed": 0.8379432411351773}}