{"P07954": {"Enrichment": 0.0016999660006799865, "Depletion": 0.998320033599328, "two-tailed": 0.003399932001359973}}