{"P07948": {"Enrichment": 0.7854642907141857, "Depletion": 0.2145557088858223, "two-tailed": 0.4291114177716446}}