{"P07948": {"Enrichment": 0.8021239575208495, "Depletion": 0.19789604207915842, "two-tailed": 0.39579208415831685}}