{"P07949": {"Enrichment": 0.7897842043159137, "Depletion": 0.2102357952840943, "two-tailed": 0.4204715905681886}}