{"P08254": {"Enrichment": 0.5719885602287954, "Depletion": 0.4280314393712126, "two-tailed": 0.8560628787424251}}