{"P08254": {"Enrichment": 0.6501669966600668, "Depletion": 0.3498530029399412, "two-tailed": 0.6997060058798824}}