{"P08246": {"Enrichment": 0.8546429071418572, "Depletion": 0.14537709245815084, "two-tailed": 0.2907541849163017}}