{"P08253": {"Enrichment": 0.3371132577348453, "Depletion": 0.6629067418651627, "two-tailed": 0.6742265154696906}}