{"P08236": {"Enrichment": 0.99210015799684, "Depletion": 0.007919841603167936, "two-tailed": 0.015839683206335872}}