{"P08243": {"Enrichment": 0.44115117697646045, "Depletion": 0.5588688226235475, "two-tailed": 0.8823023539529209}}