{"P08236": {"Enrichment": 0.9902201955960881, "Depletion": 0.009799804003919922, "two-tailed": 0.019599608007839844}}