{"P08311": {"Enrichment": 0.7836243275134497, "Depletion": 0.21639567208655827, "two-tailed": 0.43279134417311654}}