{"P08473": {"Enrichment": 0.6477070458590828, "Depletion": 0.3523129537409252, "two-tailed": 0.7046259074818504}}