{"P08473": {"Enrichment": 0.7878442431151377, "Depletion": 0.2121757564848703, "two-tailed": 0.4243515129697406}}