{"P08631": {"Enrichment": 0.8215835683286334, "Depletion": 0.17843643127137457, "two-tailed": 0.35687286254274914}}