{"P08631": {"Enrichment": 0.7987240255194896, "Depletion": 0.2012959740805184, "two-tailed": 0.4025919481610368}}