{"P08709": {"Enrichment": 0.49167016659666807, "Depletion": 0.5083498330033399, "two-tailed": 0.9833403331933361}}