{"P08709": {"Enrichment": 0.5685686286274274, "Depletion": 0.4314513709725806, "two-tailed": 0.8629027419451611}}