{"P08842": {"Enrichment": 0.12127757444851103, "Depletion": 0.8787424251514969, "two-tailed": 0.24255514889702207}}