{"P08922": {"Enrichment": 0.7313453730925381, "Depletion": 0.26867462650746987, "two-tailed": 0.5373492530149397}}