{"P08922": {"Enrichment": 0.7328653426931462, "Depletion": 0.26715465690686185, "two-tailed": 0.5343093138137237}}