{"P09110": {"Enrichment": 0.9753604927901443, "Depletion": 0.024659506809863802, "two-tailed": 0.049319013619727604}}