{"P09172": {"Enrichment": 0.08259834803303934, "Depletion": 0.9174216515669686, "two-tailed": 0.16519669606607867}}