{"P09110": {"Enrichment": 0.9172416551668967, "Depletion": 0.08277834443311134, "two-tailed": 0.16555668886622268}}