{"P09104": {"Enrichment": 0.05905881882362353, "Depletion": 0.9409611807763845, "two-tailed": 0.11811763764724706}}