{"P09237": {"Enrichment": 0.5226495470090599, "Depletion": 0.4773704525909482, "two-tailed": 0.9547409051818964}}