{"P09238": {"Enrichment": 0.874882502349953, "Depletion": 0.125137497250055, "two-tailed": 0.25027499450011}}