{"P09237": {"Enrichment": 0.7972240555188896, "Depletion": 0.20279594408111837, "two-tailed": 0.40559188816223674}}