{"P09622": {"Enrichment": 0.6611067778644427, "Depletion": 0.33891322173556526, "two-tailed": 0.6778264434711305}}