{"P09622": {"Enrichment": 0.8617627647447051, "Depletion": 0.1382572348553029, "two-tailed": 0.2765144697106058}}