{"P09874": {"Enrichment": 0.015199696006079878, "Depletion": 0.9848203035939281, "two-tailed": 0.030399392012159757}}