{"P09871": {"Enrichment": 0.630087398252035, "Depletion": 0.36993260134797307, "two-tailed": 0.7398652026959461}}