{"P09960": {"Enrichment": 0.5626087478250436, "Depletion": 0.4374112517749645, "two-tailed": 0.874822503549929}}