{"P09972": {"Enrichment": 0.11979760404791905, "Depletion": 0.8802223955520889, "two-tailed": 0.2395952080958381}}