{"P09958": {"Enrichment": 0.4886902261954761, "Depletion": 0.5113297734045319, "two-tailed": 0.9773804523909522}}