{"P09960": {"Enrichment": 0.5332693346133077, "Depletion": 0.46675066498670026, "two-tailed": 0.9335013299734005}}