{"P0DJD7": {"Enrichment": 0.004859902801943961, "Depletion": 0.995160096798064, "two-tailed": 0.009719805603887922}}