{"P0DMM9": {"Enrichment": 0.17571648567028658, "Depletion": 0.8243035139297215, "two-tailed": 0.35143297134057316}}