{"P0DUB6": {"Enrichment": 0.8858422831543369, "Depletion": 0.11417771644567108, "two-tailed": 0.22835543289134216}}