{"P10144": {"Enrichment": 0.5490690186196276, "Depletion": 0.4509509809803804, "two-tailed": 0.9019019619607608}}