{"P10153": {"Enrichment": 0.3493930121397572, "Depletion": 0.6506269874602508, "two-tailed": 0.6987860242795144}}