{"P10253": {"Enrichment": 0.5846283074338513, "Depletion": 0.4153916921661567, "two-tailed": 0.8307833843323134}}