{"P10253": {"Enrichment": 0.26035479290414193, "Depletion": 0.7396652066958661, "two-tailed": 0.5207095858082839}}