{"P10599": {"Enrichment": 0.252834943301134, "Depletion": 0.747185056298874, "two-tailed": 0.505669886602268}}