{"P10599": {"Enrichment": 0.5087498250035, "Depletion": 0.49127017459650807, "two-tailed": 0.9825403491930161}}