{"P10586": {"Enrichment": 0.2957140857182856, "Depletion": 0.7043059138817224, "two-tailed": 0.5914281714365712}}