{"P10619": {"Enrichment": 0.3623127537449251, "Depletion": 0.6377072458550829, "two-tailed": 0.7246255074898502}}