{"P10768": {"Enrichment": 0.40271194576108477, "Depletion": 0.5973080538389233, "two-tailed": 0.8054238915221695}}