{"P11172": {"Enrichment": 0.6926261474770504, "Depletion": 0.30739385212295756, "two-tailed": 0.6147877042459151}}