{"P11172": {"Enrichment": 0.743365132697346, "Depletion": 0.2566548669026619, "two-tailed": 0.5133097338053239}}