{"P11245": {"Enrichment": 0.24409511809763804, "Depletion": 0.7559248815023699, "two-tailed": 0.4881902361952761}}