{"P11245": {"Enrichment": 0.27195456090878184, "Depletion": 0.7280654386912262, "two-tailed": 0.5439091218175637}}