{"P11362": {"Enrichment": 0.9639007219855603, "Depletion": 0.03611927761444771, "two-tailed": 0.07223855522889543}}