{"P11309": {"Enrichment": 0.73962520749585, "Depletion": 0.2603947921041579, "two-tailed": 0.5207895842083158}}