{"P11388": {"Enrichment": 0.7689446211075779, "Depletion": 0.23107537849243015, "two-tailed": 0.4621507569848603}}