{"P11388": {"Enrichment": 0.377652446951061, "Depletion": 0.622367552648947, "two-tailed": 0.755304893902122}}