{"P11362": {"Enrichment": 0.9624007519849603, "Depletion": 0.0376192476150477, "two-tailed": 0.0752384952300954}}