{"P11387": {"Enrichment": 0.3424331513369733, "Depletion": 0.6575868482630347, "two-tailed": 0.6848663026739465}}