{"P11387": {"Enrichment": 0.2886742265154697, "Depletion": 0.7113457730845383, "two-tailed": 0.5773484530309394}}