{"P11310": {"Enrichment": 0.497590048199036, "Depletion": 0.502429951400972, "two-tailed": 0.995180096398072}}