{"P11586": {"Enrichment": 0.2014559708805824, "Depletion": 0.7985640287194256, "two-tailed": 0.4029119417611648}}