{"P11586": {"Enrichment": 0.46275074498510027, "Depletion": 0.5372692546149077, "two-tailed": 0.9255014899702005}}