{"P11802": {"Enrichment": 0.9675606487870243, "Depletion": 0.03245935081298374, "two-tailed": 0.06491870162596748}}