{"P11926": {"Enrichment": 0.10325793484130318, "Depletion": 0.8967620647587048, "two-tailed": 0.20651586968260635}}