{"P12544": {"Enrichment": 0.5061898762024759, "Depletion": 0.4938301233975321, "two-tailed": 0.9876602467950641}}