{"P12544": {"Enrichment": 0.7988040239195217, "Depletion": 0.20121597568048638, "two-tailed": 0.40243195136097276}}