{"P12724": {"Enrichment": 0.3162936741265175, "Depletion": 0.6837263254734905, "two-tailed": 0.632587348253035}}