{"P12724": {"Enrichment": 0.31999360012799744, "Depletion": 0.6800263994720106, "two-tailed": 0.6399872002559949}}