{"P12821": {"Enrichment": 0.5585088298234036, "Depletion": 0.4415111697766045, "two-tailed": 0.883022339553209}}