{"P12821": {"Enrichment": 0.50534989300214, "Depletion": 0.49467010659786803, "two-tailed": 0.9893402131957361}}