{"P12931": {"Enrichment": 0.4628107437851243, "Depletion": 0.5372092558148837, "two-tailed": 0.9256214875702486}}