{"P12931": {"Enrichment": 0.49429011419771607, "Depletion": 0.5057298854022919, "two-tailed": 0.9885802283954321}}