{"P13051": {"Enrichment": 0.0997980040399192, "Depletion": 0.9002219955600888, "two-tailed": 0.1995960080798384}}