{"P13051": {"Enrichment": 0.3542529149417012, "Depletion": 0.6457670846583068, "two-tailed": 0.7085058298834024}}