{"P13497": {"Enrichment": 0.7178056438871222, "Depletion": 0.2822143557128857, "two-tailed": 0.5644287114257714}}