{"P13716": {"Enrichment": 0.09583808323833523, "Depletion": 0.9041819163616728, "two-tailed": 0.19167616647667046}}