{"P13716": {"Enrichment": 0.09695806083878322, "Depletion": 0.9030619387612248, "two-tailed": 0.19391612167756644}}