{"P13929": {"Enrichment": 0.0758184836303274, "Depletion": 0.9242015159696806, "two-tailed": 0.1516369672606548}}