{"P14061": {"Enrichment": 0.00499990000199996, "Depletion": 0.9950200995980081, "two-tailed": 0.00999980000399992}}