{"P14384": {"Enrichment": 0.4048119037619248, "Depletion": 0.5952080958380832, "two-tailed": 0.8096238075238495}}