{"P14410": {"Enrichment": 0.6044479110417792, "Depletion": 0.39557208855822884, "two-tailed": 0.7911441771164577}}