{"P14780": {"Enrichment": 0.17021659566808664, "Depletion": 0.8298034039319213, "two-tailed": 0.3404331913361733}}