{"P14780": {"Enrichment": 0.2875542489150217, "Depletion": 0.7124657506849863, "two-tailed": 0.5751084978300434}}