{"P15056": {"Enrichment": 0.7794044119117618, "Depletion": 0.22061558768824624, "two-tailed": 0.4412311753764925}}