{"P15086": {"Enrichment": 0.060318793624127516, "Depletion": 0.9397012059758805, "two-tailed": 0.12063758724825503}}