{"P15086": {"Enrichment": 0.14119717605647886, "Depletion": 0.8588228235435291, "two-tailed": 0.2823943521129577}}