{"P15056": {"Enrichment": 0.7749645007099858, "Depletion": 0.2250554988900222, "two-tailed": 0.4501109977800444}}