{"P15085": {"Enrichment": 0.06967860642787144, "Depletion": 0.9303413931721366, "two-tailed": 0.13935721285574287}}