{"P15121": {"Enrichment": 0.5993280134397312, "Depletion": 0.4006919861602768, "two-tailed": 0.8013839723205536}}