{"P15169": {"Enrichment": 0.3599328013439731, "Depletion": 0.6400871982560349, "two-tailed": 0.7198656026879462}}