{"P15144": {"Enrichment": 0.5991480170396593, "Depletion": 0.4008719825603488, "two-tailed": 0.8017439651206976}}