{"P15121": {"Enrichment": 0.40761184776304477, "Depletion": 0.5924081518369633, "two-tailed": 0.8152236955260895}}