{"P15144": {"Enrichment": 0.7066658666826664, "Depletion": 0.29335413291734164, "two-tailed": 0.5867082658346833}}