{"P15289": {"Enrichment": 0.31951360972780546, "Depletion": 0.6805063898722026, "two-tailed": 0.6390272194556109}}