{"P15309": {"Enrichment": 0.21393572128557428, "Depletion": 0.7860842783144337, "two-tailed": 0.42787144257114856}}