{"P15374": {"Enrichment": 0.0032999340013199737, "Depletion": 0.996720065598688, "two-tailed": 0.006599868002639947}}