{"P15309": {"Enrichment": 0.3021739565208696, "Depletion": 0.6978460430791384, "two-tailed": 0.6043479130417392}}