{"P15428": {"Enrichment": 0.31009379812403753, "Depletion": 0.6899262014759705, "two-tailed": 0.6201875962480751}}