{"P15428": {"Enrichment": 0.4892502149957001, "Depletion": 0.5107697846043079, "two-tailed": 0.9785004299914002}}