{"P15531": {"Enrichment": 0.5631687366252675, "Depletion": 0.43685126297474053, "two-tailed": 0.8737025259494811}}