{"P15531": {"Enrichment": 0.4357512849743005, "Depletion": 0.5642687146257075, "two-tailed": 0.871502569948601}}