{"P15735": {"Enrichment": 0.8204235915281695, "Depletion": 0.17959640807183858, "two-tailed": 0.35919281614367715}}