{"P15735": {"Enrichment": 0.7240055198896022, "Depletion": 0.27601447971040577, "two-tailed": 0.5520289594208115}}