{"P15848": {"Enrichment": 0.1481970360592788, "Depletion": 0.8518229635407292, "two-tailed": 0.2963940721185576}}