{"P16152": {"Enrichment": 0.5272694546109078, "Depletion": 0.47275054498910024, "two-tailed": 0.9455010899782005}}