{"P16152": {"Enrichment": 0.38515229695406095, "Depletion": 0.614867702645947, "two-tailed": 0.7703045939081219}}