{"P16278": {"Enrichment": 0.9599208015839683, "Depletion": 0.04009919801603968, "two-tailed": 0.08019839603207936}}