{"P16298": {"Enrichment": 0.26751464970700584, "Depletion": 0.7325053498930021, "two-tailed": 0.5350292994140117}}