{"P16219": {"Enrichment": 0.6151276974460511, "Depletion": 0.3848923021539569, "two-tailed": 0.7697846043079138}}