{"P16298": {"Enrichment": 0.28469430611387775, "Depletion": 0.7153256934861303, "two-tailed": 0.5693886122277555}}