{"P16233": {"Enrichment": 0.3126537469250615, "Depletion": 0.6873662526749466, "two-tailed": 0.625307493850123}}