{"P16219": {"Enrichment": 0.6157276854462911, "Depletion": 0.38429231415371695, "two-tailed": 0.7685846283074339}}