{"P16442": {"Enrichment": 0.10419791604167916, "Depletion": 0.8958220835583288, "two-tailed": 0.20839583208335832}}