{"P17050": {"Enrichment": 0.9324613507729845, "Depletion": 0.06755864882702346, "two-tailed": 0.13511729765404693}}