{"P17050": {"Enrichment": 0.9905001899962, "Depletion": 0.009519809603807924, "two-tailed": 0.01903961920761585}}