{"P17252": {"Enrichment": 0.628227435451291, "Depletion": 0.37179256414871703, "two-tailed": 0.7435851282974341}}