{"P17252": {"Enrichment": 0.6350672986540269, "Depletion": 0.3649527009459811, "two-tailed": 0.7299054018919622}}