{"P17516": {"Enrichment": 0.2876742465150697, "Depletion": 0.7123457530849383, "two-tailed": 0.5753484930301394}}