{"P17655": {"Enrichment": 0.45673086538269236, "Depletion": 0.5432891342173156, "two-tailed": 0.9134617307653847}}