{"P17612": {"Enrichment": 0.5705085898282034, "Depletion": 0.4295114097718046, "two-tailed": 0.8590228195436092}}