{"P17612": {"Enrichment": 0.4580908381832363, "Depletion": 0.5419291614167716, "two-tailed": 0.9161816763664726}}