{"P17655": {"Enrichment": 0.6438471230575389, "Depletion": 0.35617287654246915, "two-tailed": 0.7123457530849383}}