{"P17707": {"Enrichment": 0.11651766964660706, "Depletion": 0.8835023299534009, "two-tailed": 0.23303533929321413}}