{"P17812": {"Enrichment": 0.494390112197756, "Depletion": 0.505629887402252, "two-tailed": 0.988780224395512}}