{"P18031": {"Enrichment": 0.2238155236895262, "Depletion": 0.7762044759104818, "two-tailed": 0.4476310473790524}}