{"P18031": {"Enrichment": 0.22111557768844622, "Depletion": 0.7789044219115617, "two-tailed": 0.44223115537689245}}