{"P18283": {"Enrichment": 0.12859742805143898, "Depletion": 0.8714225715485691, "two-tailed": 0.25719485610287796}}