{"P18283": {"Enrichment": 0.22405551888962222, "Depletion": 0.7759644807103858, "two-tailed": 0.44811103777924444}}