{"P18433": {"Enrichment": 0.3122337553248935, "Depletion": 0.6877862442751145, "two-tailed": 0.624467510649787}}