{"P18440": {"Enrichment": 0.5996880062398752, "Depletion": 0.4003319933601328, "two-tailed": 0.8006639867202656}}