{"P18669": {"Enrichment": 0.24395512089758206, "Depletion": 0.756064878702426, "two-tailed": 0.4879102417951641}}