{"P18669": {"Enrichment": 0.2015959680806384, "Depletion": 0.7984240315193696, "two-tailed": 0.4031919361612768}}