{"P18858": {"Enrichment": 0.24261514769704606, "Depletion": 0.7574048519029619, "two-tailed": 0.4852302953940921}}