{"P19623": {"Enrichment": 0.2006559868802624, "Depletion": 0.7993640127197456, "two-tailed": 0.4013119737605248}}