{"P19623": {"Enrichment": 0.19889602207955842, "Depletion": 0.8011239775204496, "two-tailed": 0.39779204415911684}}