{"P19784": {"Enrichment": 0.9177816443671126, "Depletion": 0.08223835523289534, "two-tailed": 0.16447671046579068}}