{"P19784": {"Enrichment": 0.9251014979700406, "Depletion": 0.0749185016299674, "two-tailed": 0.1498370032599348}}