{"P19801": {"Enrichment": 0.4753104937901242, "Depletion": 0.5247095058098838, "two-tailed": 0.9506209875802484}}