{"P19801": {"Enrichment": 0.26719465610687787, "Depletion": 0.7328253434931301, "two-tailed": 0.5343893122137557}}