{"P19835": {"Enrichment": 0.36155276894462113, "Depletion": 0.6384672306553869, "two-tailed": 0.7231055378892423}}