{"P20142": {"Enrichment": 0.02881942361152777, "Depletion": 0.9712005759884802, "two-tailed": 0.05763884722305554}}