{"P20142": {"Enrichment": 0.03003939921201576, "Depletion": 0.9699806003879923, "two-tailed": 0.06007879842403152}}