{"P20231": {"Enrichment": 0.8384232315353692, "Depletion": 0.1615967680646387, "two-tailed": 0.3231935361292774}}