{"P20718": {"Enrichment": 0.4765104697906042, "Depletion": 0.5235095298094038, "two-tailed": 0.9530209395812084}}