{"P20718": {"Enrichment": 0.5319893602127957, "Depletion": 0.46803063938721223, "two-tailed": 0.9360612787744245}}