{"P21580": {"Enrichment": 0.9286614267714646, "Depletion": 0.07135857282854342, "two-tailed": 0.14271714565708685}}