{"P21580": {"Enrichment": 0.9292214155716886, "Depletion": 0.07079858402831943, "two-tailed": 0.14159716805663886}}