{"P21695": {"Enrichment": 0.9348613027739445, "Depletion": 0.06515869682606348, "two-tailed": 0.13031739365212697}}