{"P21802": {"Enrichment": 0.8298834023319533, "Depletion": 0.17013659726805463, "two-tailed": 0.34027319453610927}}