{"P21802": {"Enrichment": 0.8305033899322014, "Depletion": 0.16951660966780666, "two-tailed": 0.3390332193356133}}