{"P21980": {"Enrichment": 0.4882702345953081, "Depletion": 0.5117497650046999, "two-tailed": 0.9765404691906162}}