{"P21980": {"Enrichment": 0.26903461930761385, "Depletion": 0.7309853802923941, "two-tailed": 0.5380692386152277}}