{"P22061": {"Enrichment": 0.8499830003399932, "Depletion": 0.1500369992600148, "two-tailed": 0.3000739985200296}}