{"P22234": {"Enrichment": 0.9735605287894242, "Depletion": 0.02645947081058379, "two-tailed": 0.05291894162116758}}