{"P22234": {"Enrichment": 0.6483070338593229, "Depletion": 0.35171296574068517, "two-tailed": 0.7034259314813703}}