{"P22304": {"Enrichment": 0.8161436771264575, "Depletion": 0.18387632247355054, "two-tailed": 0.3677526449471011}}