{"P22352": {"Enrichment": 0.5595888082238355, "Depletion": 0.4404311913761725, "two-tailed": 0.880862382752345}}