{"P22392": {"Enrichment": 0.26075478490430193, "Depletion": 0.739265214695706, "two-tailed": 0.5215095698086039}}