{"P22352": {"Enrichment": 0.5522689546209076, "Depletion": 0.4477510449791004, "two-tailed": 0.8955020899582008}}