{"P22303": {"Enrichment": 0.3115937681246375, "Depletion": 0.6884262314753705, "two-tailed": 0.623187536249275}}