{"P22303": {"Enrichment": 0.34295314093718127, "Depletion": 0.6570668586628268, "two-tailed": 0.6859062818743625}}