{"P22392": {"Enrichment": 0.251214975700486, "Depletion": 0.748805023899522, "two-tailed": 0.502429951400972}}