{"P22455": {"Enrichment": 0.9228815423691527, "Depletion": 0.07713845723085538, "two-tailed": 0.15427691446171077}}