{"P22455": {"Enrichment": 0.9212415751684966, "Depletion": 0.07877842443151137, "two-tailed": 0.15755684886302274}}