{"P22557": {"Enrichment": 0.21645567088658227, "Depletion": 0.7835643287134257, "two-tailed": 0.43291134177316454}}