{"P22557": {"Enrichment": 0.4473310533789324, "Depletion": 0.5526889462210756, "two-tailed": 0.8946621067578648}}