{"P22607": {"Enrichment": 0.9674006519869602, "Depletion": 0.03261934761304774, "two-tailed": 0.06523869522609547}}