{"P22748": {"Enrichment": 0.7920241595168097, "Depletion": 0.20799584008319832, "two-tailed": 0.41599168016639665}}