{"P22830": {"Enrichment": 0.74692506149877, "Depletion": 0.25309493810123795, "two-tailed": 0.5061898762024759}}