{"P22830": {"Enrichment": 0.8184436311273775, "Depletion": 0.18157636847263053, "two-tailed": 0.36315273694526107}}