{"P22894": {"Enrichment": 0.8022639547209056, "Depletion": 0.19775604487910242, "two-tailed": 0.39551208975820484}}