{"P22894": {"Enrichment": 0.7901041979160417, "Depletion": 0.2099158016839663, "two-tailed": 0.4198316033679326}}