{"P23141": {"Enrichment": 0.2824943501129977, "Depletion": 0.7175256494870103, "two-tailed": 0.5649887002259955}}