{"P23280": {"Enrichment": 0.9147617047659047, "Depletion": 0.08525829483410331, "two-tailed": 0.17051658966820663}}