{"P23368": {"Enrichment": 0.374752504949901, "Depletion": 0.625267494650107, "two-tailed": 0.749505009899802}}