{"P23368": {"Enrichment": 0.4608507829843403, "Depletion": 0.5391692166156676, "two-tailed": 0.9217015659686806}}