{"P23467": {"Enrichment": 0.4140717185656287, "Depletion": 0.5859482810343793, "two-tailed": 0.8281434371312574}}