{"P23443": {"Enrichment": 0.877982440351193, "Depletion": 0.12203755924881503, "two-tailed": 0.24407511849763006}}