{"P23467": {"Enrichment": 0.03847923041539169, "Depletion": 0.9615407691846163, "two-tailed": 0.07695846083078338}}