{"P23443": {"Enrichment": 0.7342253154936901, "Depletion": 0.26579468410631785, "two-tailed": 0.5315893682126357}}