{"P23921": {"Enrichment": 0.6762864742705146, "Depletion": 0.3237335253294934, "two-tailed": 0.6474670506589868}}