{"P23921": {"Enrichment": 0.7179256414871703, "Depletion": 0.28209435811283773, "two-tailed": 0.5641887162256755}}