{"P23946": {"Enrichment": 0.3373532529349413, "Depletion": 0.6626667466650668, "two-tailed": 0.6747065058698826}}