{"P23946": {"Enrichment": 0.5348693026139477, "Depletion": 0.46515069698606026, "two-tailed": 0.9303013939721205}}