{"P24666": {"Enrichment": 0.34639307213855725, "Depletion": 0.6536269274614508, "two-tailed": 0.6927861442771145}}