{"P24723": {"Enrichment": 0.43289134217315656, "Depletion": 0.5671286574268515, "two-tailed": 0.8657826843463131}}