{"P24723": {"Enrichment": 0.6529069418611628, "Depletion": 0.3471130577388452, "two-tailed": 0.6942261154776904}}