{"P24752": {"Enrichment": 0.5308893822123557, "Depletion": 0.46913061738765227, "two-tailed": 0.9382612347753045}}