{"P24941": {"Enrichment": 0.8502829943401132, "Depletion": 0.1497370052598948, "two-tailed": 0.2994740105197896}}