{"P24941": {"Enrichment": 0.7596848063038739, "Depletion": 0.24033519329613406, "two-tailed": 0.48067038659226813}}