{"P25098": {"Enrichment": 0.22813543729125418, "Depletion": 0.7718845623087538, "two-tailed": 0.45627087458250837}}