{"P25098": {"Enrichment": 0.752644947101058, "Depletion": 0.24737505249895003, "two-tailed": 0.49475010499790006}}