{"P25325": {"Enrichment": 0.6720665586688266, "Depletion": 0.3279534409311814, "two-tailed": 0.6559068818623628}}