{"P25774": {"Enrichment": 0.06973860522789545, "Depletion": 0.9302813943721125, "two-tailed": 0.1394772104557909}}