{"P26045": {"Enrichment": 0.08583828323433532, "Depletion": 0.9141817163656727, "two-tailed": 0.17167656646867063}}