{"P26440": {"Enrichment": 0.5087898242035159, "Depletion": 0.49123017539649205, "two-tailed": 0.9824603507929841}}