{"P27037": {"Enrichment": 0.7815443691126177, "Depletion": 0.21847563048739024, "two-tailed": 0.4369512609747805}}