{"P27361": {"Enrichment": 0.757244855102898, "Depletion": 0.24277514449711005, "two-tailed": 0.4855502889942201}}