{"P27448": {"Enrichment": 0.6514869702605948, "Depletion": 0.3485330293394132, "two-tailed": 0.6970660586788264}}