{"P27487": {"Enrichment": 0.06105877882442351, "Depletion": 0.9389612207755845, "two-tailed": 0.12211755764884702}}