{"P27487": {"Enrichment": 0.11033779324413512, "Depletion": 0.8896822063558729, "two-tailed": 0.22067558648827024}}