{"P27448": {"Enrichment": 0.5321693566128678, "Depletion": 0.46785064298714024, "two-tailed": 0.9357012859742805}}