{"P27695": {"Enrichment": 0.14479710405791885, "Depletion": 0.8552228955420892, "two-tailed": 0.2895942081158377}}