{"P27695": {"Enrichment": 0.26481470370592586, "Depletion": 0.7352052958940821, "two-tailed": 0.5296294074118517}}