{"P27707": {"Enrichment": 0.025939481210375794, "Depletion": 0.9740805183896322, "two-tailed": 0.05187896242075159}}