{"P27815": {"Enrichment": 0.9542809143817124, "Depletion": 0.04573908521829564, "two-tailed": 0.09147817043659127}}