{"P27815": {"Enrichment": 0.9538009239815204, "Depletion": 0.04621907561848763, "two-tailed": 0.09243815123697526}}