{"P28065": {"Enrichment": 0.3153936921261575, "Depletion": 0.6846263074738506, "two-tailed": 0.630787384252315}}