{"P28039": {"Enrichment": 0.019219615607687847, "Depletion": 0.9808003839923202, "two-tailed": 0.038439231215375694}}