{"P28039": {"Enrichment": 0.20385592288154236, "Depletion": 0.7961640767184657, "two-tailed": 0.4077118457630847}}