{"P28062": {"Enrichment": 0.378052438951221, "Depletion": 0.621967560648787, "two-tailed": 0.756104877902442}}