{"P28074": {"Enrichment": 0.31791364172716546, "Depletion": 0.6821063578728426, "two-tailed": 0.6358272834543309}}