{"P28062": {"Enrichment": 0.375012499750005, "Depletion": 0.625007499850003, "two-tailed": 0.75002499950001}}