{"P28074": {"Enrichment": 0.31839363212735744, "Depletion": 0.6816263674726506, "two-tailed": 0.6367872642547149}}