{"P28072": {"Enrichment": 0.38391232175356493, "Depletion": 0.616107677846443, "two-tailed": 0.7678246435071299}}