{"P28329": {"Enrichment": 0.1128977420451591, "Depletion": 0.8871222575548489, "two-tailed": 0.2257954840903182}}