{"P28482": {"Enrichment": 0.7651046979060419, "Depletion": 0.23491530169396613, "two-tailed": 0.46983060338793226}}