{"P28482": {"Enrichment": 0.5818683626327473, "Depletion": 0.41815163696726065, "two-tailed": 0.8363032739345213}}