{"P28562": {"Enrichment": 0.07759844803103938, "Depletion": 0.9224215515689687, "two-tailed": 0.15519689606207876}}