{"P28562": {"Enrichment": 0.08007839843203136, "Depletion": 0.9199416011679766, "two-tailed": 0.16015679686406273}}