{"P28845": {"Enrichment": 0.8006239875202495, "Depletion": 0.1993960120797584, "two-tailed": 0.3987920241595168}}