{"P28827": {"Enrichment": 0.40111197776044477, "Depletion": 0.5989080218395632, "two-tailed": 0.8022239555208895}}