{"P28845": {"Enrichment": 0.8060838783224336, "Depletion": 0.19393612127757445, "two-tailed": 0.3878722425551489}}