{"P28907": {"Enrichment": 0.049839003219935604, "Depletion": 0.9501809963800724, "two-tailed": 0.09967800643987121}}