{"P28907": {"Enrichment": 0.18367632647347054, "Depletion": 0.8163436731265374, "two-tailed": 0.3673526529469411}}