{"P29074": {"Enrichment": 0.4136517269654607, "Depletion": 0.5863682726345473, "two-tailed": 0.8273034539309214}}