{"P29320": {"Enrichment": 0.8291434171316574, "Depletion": 0.17087658246835064, "two-tailed": 0.34175316493670127}}