{"P29350": {"Enrichment": 0.16553668926621468, "Depletion": 0.8344833103337933, "two-tailed": 0.33107337853242935}}