{"P29401": {"Enrichment": 0.9228215435691286, "Depletion": 0.07719845603087938, "two-tailed": 0.15439691206175876}}