{"P29466": {"Enrichment": 0.8112037759244816, "Depletion": 0.1888162236755265, "two-tailed": 0.377632447351053}}