{"P29466": {"Enrichment": 0.9401011979760405, "Depletion": 0.05991880162396752, "two-tailed": 0.11983760324793503}}