{"P29401": {"Enrichment": 0.9546809063818723, "Depletion": 0.04533909321813564, "two-tailed": 0.09067818643627128}}