{"P29597": {"Enrichment": 0.8114637707245855, "Depletion": 0.1885562288754225, "two-tailed": 0.377112457750845}}