{"P29597": {"Enrichment": 0.8101037979240415, "Depletion": 0.18991620167596648, "two-tailed": 0.37983240335193297}}