{"P30041": {"Enrichment": 0.6061878762424752, "Depletion": 0.39383212335753287, "two-tailed": 0.7876642467150657}}