{"P30048": {"Enrichment": 0.22133557328853423, "Depletion": 0.7786844263114737, "two-tailed": 0.44267114657706846}}