{"P30041": {"Enrichment": 0.4707705845883082, "Depletion": 0.5292494150116998, "two-tailed": 0.9415411691766165}}