{"P30038": {"Enrichment": 0.05759884802303954, "Depletion": 0.9424211515769685, "two-tailed": 0.11519769604607907}}