{"P30048": {"Enrichment": 0.5160496790064198, "Depletion": 0.48397032059358813, "two-tailed": 0.9679406411871763}}