{"P30101": {"Enrichment": 0.25875482490350193, "Depletion": 0.7412651746965061, "two-tailed": 0.5175096498070039}}