{"P30101": {"Enrichment": 0.17135657286854264, "Depletion": 0.8286634267314654, "two-tailed": 0.3427131457370853}}