{"P30304": {"Enrichment": 0.6709265814683706, "Depletion": 0.3290934181316374, "two-tailed": 0.6581868362632748}}