{"P30307": {"Enrichment": 0.5925481490370192, "Depletion": 0.40747185056298874, "two-tailed": 0.8149437011259775}}