{"P30307": {"Enrichment": 0.5241895162096758, "Depletion": 0.4758304833903322, "two-tailed": 0.9516609667806644}}