{"P30305": {"Enrichment": 0.35435291294174115, "Depletion": 0.6456670866582669, "two-tailed": 0.7087058258834823}}