{"P30838": {"Enrichment": 0.18047639047219055, "Depletion": 0.8195436091278174, "two-tailed": 0.3609527809443811}}