{"P30838": {"Enrichment": 0.19277614447711044, "Depletion": 0.8072438551228975, "two-tailed": 0.3855522889542209}}