{"P31040": {"Enrichment": 0.46315073698526027, "Depletion": 0.5368692626147477, "two-tailed": 0.9263014739705205}}