{"P31350": {"Enrichment": 0.04887902241955161, "Depletion": 0.9511409771804564, "two-tailed": 0.09775804483910322}}