{"P31749": {"Enrichment": 0.8566428671426571, "Depletion": 0.14337713245735084, "two-tailed": 0.2867542649147017}}