{"P31749": {"Enrichment": 0.9284614307713845, "Depletion": 0.07155856882862342, "two-tailed": 0.14311713765724685}}