{"P31751": {"Enrichment": 0.753084938301234, "Depletion": 0.24693506129877402, "two-tailed": 0.49387012259754803}}