{"P31751": {"Enrichment": 0.866222675546489, "Depletion": 0.13379732405351893, "two-tailed": 0.26759464810703787}}