{"P31941": {"Enrichment": 0.11133777324453512, "Depletion": 0.8886822263554729, "two-tailed": 0.22267554648907023}}