{"P31939": {"Enrichment": 0.125157496850063, "Depletion": 0.874862502749945, "two-tailed": 0.250314993700126}}