{"P31941": {"Enrichment": 0.247935041299174, "Depletion": 0.752084958300834, "two-tailed": 0.495870082598348}}