{"P32119": {"Enrichment": 0.16723665526689466, "Depletion": 0.8327833443331133, "two-tailed": 0.3344733105337893}}