{"P32298": {"Enrichment": 0.8436831263374732, "Depletion": 0.15633687326253476, "two-tailed": 0.3126737465250695}}