{"P32298": {"Enrichment": 0.8096438071238575, "Depletion": 0.19037619247615048, "two-tailed": 0.38075238495230096}}