{"P33981": {"Enrichment": 0.871362572748545, "Depletion": 0.12865742685146297, "two-tailed": 0.25731485370292595}}