{"P33981": {"Enrichment": 0.7713045739085218, "Depletion": 0.22871542569148617, "two-tailed": 0.45743085138297235}}