{"P34913": {"Enrichment": 0.503589928201436, "Depletion": 0.49643007139857204, "two-tailed": 0.9928601427971441}}