{"P34913": {"Enrichment": 0.5923081538369233, "Depletion": 0.4077118457630847, "two-tailed": 0.8154236915261694}}