{"P34947": {"Enrichment": 0.7045859082818343, "Depletion": 0.29543409131817366, "two-tailed": 0.5908681826363473}}