{"P34947": {"Enrichment": 0.4135517289654207, "Depletion": 0.5864682706345873, "two-tailed": 0.8271034579308414}}