{"P35030": {"Enrichment": 0.4727905441891162, "Depletion": 0.5272294554108918, "two-tailed": 0.9455810883782324}}