{"P35030": {"Enrichment": 0.6819863602727946, "Depletion": 0.31803363932721346, "two-tailed": 0.6360672786544269}}