{"P35236": {"Enrichment": 0.2646147077058459, "Depletion": 0.7354052918941621, "two-tailed": 0.5292294154116918}}