{"P35236": {"Enrichment": 0.4020719585608288, "Depletion": 0.5979480410391792, "two-tailed": 0.8041439171216576}}