{"P35475": {"Enrichment": 0.9089218215635687, "Depletion": 0.09109817803643927, "two-tailed": 0.18219635607287854}}