{"P35475": {"Enrichment": 0.6495670086598268, "Depletion": 0.3504529909401812, "two-tailed": 0.7009059818803623}}