{"P35558": {"Enrichment": 0.8092838143237135, "Depletion": 0.19073618527629446, "two-tailed": 0.3814723705525889}}