{"P35558": {"Enrichment": 0.8487830243395132, "Depletion": 0.1512369752604948, "two-tailed": 0.3024739505209896}}