{"P35914": {"Enrichment": 0.6373872522549549, "Depletion": 0.3626327473450531, "two-tailed": 0.7252654946901061}}