{"P35914": {"Enrichment": 0.3619527609447811, "Depletion": 0.6380672386552269, "two-tailed": 0.7239055218895623}}