{"P36551": {"Enrichment": 0.021379572408551827, "Depletion": 0.9786404271914562, "two-tailed": 0.042759144817103655}}