{"P36776": {"Enrichment": 0.8591228175436492, "Depletion": 0.14089718205635887, "two-tailed": 0.28179436411271774}}