{"P36776": {"Enrichment": 0.8573428531429371, "Depletion": 0.14267714645707086, "two-tailed": 0.2853542929141417}}