{"P36897": {"Enrichment": 0.754844903101938, "Depletion": 0.24517509649807004, "two-tailed": 0.4903501929961401}}