{"P36873": {"Enrichment": 0.5894282114357713, "Depletion": 0.4105917881642367, "two-tailed": 0.8211835763284734}}