{"P36871": {"Enrichment": 0.3583728325433491, "Depletion": 0.6416471670566589, "two-tailed": 0.7167456650866982}}