{"P36873": {"Enrichment": 0.5099298014039719, "Depletion": 0.49009019819603605, "two-tailed": 0.9801803963920721}}