{"P36969": {"Enrichment": 0.2770144597108058, "Depletion": 0.7230055398892022, "two-tailed": 0.5540289194216116}}