{"P36959": {"Enrichment": 0.9394412111757765, "Depletion": 0.06057878842423151, "two-tailed": 0.12115757684846302}}