{"P36959": {"Enrichment": 0.23557528849423012, "Depletion": 0.7644447111057778, "two-tailed": 0.47115057698846025}}