{"P36957": {"Enrichment": 0.008139837203255935, "Depletion": 0.991880162396752, "two-tailed": 0.01627967440651187}}