{"P37173": {"Enrichment": 0.6806263874722506, "Depletion": 0.31939361212775746, "two-tailed": 0.6387872242555149}}