{"P37173": {"Enrichment": 0.8556028879422412, "Depletion": 0.14441711165776686, "two-tailed": 0.2888342233155337}}