{"P37837": {"Enrichment": 0.5855682886342273, "Depletion": 0.4144517109657807, "two-tailed": 0.8289034219315614}}