{"P37837": {"Enrichment": 0.7272654546909062, "Depletion": 0.27275454490910184, "two-tailed": 0.5455090898182037}}