{"P38571": {"Enrichment": 0.02963940721185576, "Depletion": 0.9703805923881522, "two-tailed": 0.05927881442371152}}