{"P39900": {"Enrichment": 0.5234295314093718, "Depletion": 0.47659046819063616, "two-tailed": 0.9531809363812723}}