{"P39900": {"Enrichment": 0.31323373532529347, "Depletion": 0.6867862642747145, "two-tailed": 0.6264674706505869}}