{"P40306": {"Enrichment": 0.3501129977400452, "Depletion": 0.6499070018599628, "two-tailed": 0.7002259954800903}}