{"P40818": {"Enrichment": 0.9544409111817763, "Depletion": 0.045579088418231634, "two-tailed": 0.09115817683646327}}