{"P40818": {"Enrichment": 0.871562568748625, "Depletion": 0.12845743085138298, "two-tailed": 0.25691486170276595}}