{"P40926": {"Enrichment": 0.0028999420011599766, "Depletion": 0.997120057598848, "two-tailed": 0.005799884002319953}}