{"P41279": {"Enrichment": 0.7668646627067459, "Depletion": 0.23315533689326212, "two-tailed": 0.46631067378652424}}