{"P41743": {"Enrichment": 0.6902861942761145, "Depletion": 0.3097338053238935, "two-tailed": 0.619467610647787}}