{"P41743": {"Enrichment": 0.8193836123277535, "Depletion": 0.18063638727225456, "two-tailed": 0.3612727745445091}}