{"P42330": {"Enrichment": 0.07681846363072739, "Depletion": 0.9232015359692806, "two-tailed": 0.15363692726145478}}