{"P42330": {"Enrichment": 0.37739245215095696, "Depletion": 0.622627547449051, "two-tailed": 0.7547849043019139}}