{"P42575": {"Enrichment": 0.6275074498510029, "Depletion": 0.372512549749005, "two-tailed": 0.74502509949801}}