{"P42574": {"Enrichment": 0.7129457410851783, "Depletion": 0.2870742585148297, "two-tailed": 0.5741485170296594}}