{"P42575": {"Enrichment": 0.496390072198556, "Depletion": 0.503629927401452, "two-tailed": 0.992780144397112}}