{"P42574": {"Enrichment": 0.8907821843563128, "Depletion": 0.10923781524369512, "two-tailed": 0.21847563048739024}}