{"P42684": {"Enrichment": 0.8914421711565769, "Depletion": 0.10857782844343113, "two-tailed": 0.21715565688686225}}