{"P42785": {"Enrichment": 0.619347613047739, "Depletion": 0.380672386552269, "two-tailed": 0.761344773104538}}