{"P42785": {"Enrichment": 0.7621247575048499, "Depletion": 0.2378952420951581, "two-tailed": 0.4757904841903162}}