{"P42892": {"Enrichment": 0.8026839463210735, "Depletion": 0.19733605327893441, "two-tailed": 0.39467210655786883}}