{"P42898": {"Enrichment": 0.3323533529329413, "Depletion": 0.6676666466670667, "two-tailed": 0.6647067058658827}}