{"P42892": {"Enrichment": 0.8300233995320093, "Depletion": 0.16999660006799863, "two-tailed": 0.33999320013599726}}