{"P42898": {"Enrichment": 0.8125037499250015, "Depletion": 0.1875162496750065, "two-tailed": 0.375032499350013}}