{"P43155": {"Enrichment": 0.011399772004559909, "Depletion": 0.9886202275954481, "two-tailed": 0.022799544009119817}}