{"P43250": {"Enrichment": 0.6778264434711305, "Depletion": 0.3221935561288774, "two-tailed": 0.6443871122577548}}