{"P43250": {"Enrichment": 0.6845663086738265, "Depletion": 0.3154536909261815, "two-tailed": 0.630907381852363}}