{"P43235": {"Enrichment": 0.045379092418151634, "Depletion": 0.9546409071818563, "two-tailed": 0.09075818483630327}}