{"P43405": {"Enrichment": 0.35601287974240514, "Depletion": 0.6440071198576028, "two-tailed": 0.7120257594848103}}