{"P43403": {"Enrichment": 0.8222635547289054, "Depletion": 0.17775644487110256, "two-tailed": 0.35551288974220513}}