{"P43405": {"Enrichment": 0.3013339733205336, "Depletion": 0.6986860262794744, "two-tailed": 0.6026679466410672}}