{"P45381": {"Enrichment": 0.15617687646247075, "Depletion": 0.8438431231375373, "two-tailed": 0.3123537529249415}}