{"P45452": {"Enrichment": 0.875702485950281, "Depletion": 0.124317513649727, "two-tailed": 0.248635027299454}}