{"P45452": {"Enrichment": 0.875402491950161, "Depletion": 0.124617507649847, "two-tailed": 0.249235015299694}}