{"P45983": {"Enrichment": 0.5708085838283234, "Depletion": 0.4292114157716846, "two-tailed": 0.8584228315433692}}