{"P45984": {"Enrichment": 0.374112517749645, "Depletion": 0.625907481850363, "two-tailed": 0.74822503549929}}