{"P45954": {"Enrichment": 0.4803903921921562, "Depletion": 0.5196296074078518, "two-tailed": 0.9607807843843124}}