{"P45983": {"Enrichment": 0.2951940961180776, "Depletion": 0.7048259034819304, "two-tailed": 0.5903881922361552}}