{"P45984": {"Enrichment": 0.29527409451810965, "Depletion": 0.7047459050818984, "two-tailed": 0.5905481890362193}}