{"P45985": {"Enrichment": 0.616327673446531, "Depletion": 0.3836923261534769, "two-tailed": 0.7673846523069539}}