{"P46597": {"Enrichment": 0.9014419711605768, "Depletion": 0.09857802843943121, "two-tailed": 0.19715605687886242}}