{"P46597": {"Enrichment": 0.012719745605087898, "Depletion": 0.98730025399492, "two-tailed": 0.025439491210175795}}