{"P46926": {"Enrichment": 0.31695366092678146, "Depletion": 0.6830663386732265, "two-tailed": 0.6339073218535629}}