{"P46926": {"Enrichment": 0.25277494450111, "Depletion": 0.747245055098898, "two-tailed": 0.50554988900222}}