{"P47989": {"Enrichment": 0.043399132017359655, "Depletion": 0.9566208675826483, "two-tailed": 0.08679826403471931}}