{"P48052": {"Enrichment": 0.28133437331253375, "Depletion": 0.7186856262874742, "two-tailed": 0.5626687466250675}}