{"P48163": {"Enrichment": 0.3904521909561809, "Depletion": 0.6095678086438271, "two-tailed": 0.7809043819123618}}