{"P48163": {"Enrichment": 0.32191356172876545, "Depletion": 0.6781064378712426, "two-tailed": 0.6438271234575309}}