{"P48449": {"Enrichment": 0.7359052818943621, "Depletion": 0.2641147177056459, "two-tailed": 0.5282294354112917}}