{"P48449": {"Enrichment": 0.7863642727145457, "Depletion": 0.21365572688546228, "two-tailed": 0.42731145377092455}}