{"P48730": {"Enrichment": 0.8117637647247055, "Depletion": 0.1882562348753025, "two-tailed": 0.376512469750605}}