{"P48729": {"Enrichment": 0.6706465870682586, "Depletion": 0.32937341253174934, "two-tailed": 0.6587468250634987}}