{"P48729": {"Enrichment": 0.762384752304954, "Depletion": 0.2376352472950541, "two-tailed": 0.4752704945901082}}