{"P48740": {"Enrichment": 0.5553488930221395, "Depletion": 0.44467110657786846, "two-tailed": 0.8893422131557369}}