{"P48740": {"Enrichment": 0.6008079838403232, "Depletion": 0.3992120157596848, "two-tailed": 0.7984240315193696}}