{"P49189": {"Enrichment": 0.2798744025119498, "Depletion": 0.7201455970880583, "two-tailed": 0.5597488050238996}}