{"P49137": {"Enrichment": 0.6658466830663387, "Depletion": 0.33417331653366933, "two-tailed": 0.6683466330673387}}