{"P49137": {"Enrichment": 0.7669646607067858, "Depletion": 0.23305533889322214, "two-tailed": 0.46611067778644427}}