{"P49189": {"Enrichment": 0.4609307813843723, "Depletion": 0.5390892182156357, "two-tailed": 0.9218615627687446}}