{"P49327": {"Enrichment": 0.8180636387272254, "Depletion": 0.18195636087278255, "two-tailed": 0.3639127217455651}}