{"P49336": {"Enrichment": 0.882322353552929, "Depletion": 0.11769764604707905, "two-tailed": 0.2353952920941581}}