{"P49336": {"Enrichment": 0.8350232995340093, "Depletion": 0.16499670006599867, "two-tailed": 0.32999340013199735}}