{"P49327": {"Enrichment": 0.5543289134217315, "Depletion": 0.4456910861782764, "two-tailed": 0.8913821723565528}}