{"P49366": {"Enrichment": 0.35589288214235715, "Depletion": 0.6441271174576508, "two-tailed": 0.7117857642847143}}