{"P49366": {"Enrichment": 0.35539289214215714, "Depletion": 0.6446271074578508, "two-tailed": 0.7107857842843143}}