{"P49448": {"Enrichment": 0.21447571048579028, "Depletion": 0.7855442891142177, "two-tailed": 0.42895142097158057}}