{"P49419": {"Enrichment": 0.5432491350172997, "Depletion": 0.4567708645827083, "two-tailed": 0.9135417291654166}}