{"P49448": {"Enrichment": 0.20539589208215836, "Depletion": 0.7946241075178496, "two-tailed": 0.4107917841643167}}