{"P49674": {"Enrichment": 0.9624407511849763, "Depletion": 0.0375792484150317, "two-tailed": 0.0751584968300634}}