{"P49642": {"Enrichment": 0.012279754404911901, "Depletion": 0.9877402451950961, "two-tailed": 0.024559508809823802}}