{"P49642": {"Enrichment": 0.13183736325273496, "Depletion": 0.8681826363472731, "two-tailed": 0.2636747265054699}}