{"P49760": {"Enrichment": 0.6628867422651546, "Depletion": 0.3371332573348533, "two-tailed": 0.6742665146697066}}