{"P49760": {"Enrichment": 0.7930241395172096, "Depletion": 0.20699586008279836, "two-tailed": 0.4139917201655967}}