{"P49759": {"Enrichment": 0.7056458870822584, "Depletion": 0.29437411251774964, "two-tailed": 0.5887482250354993}}