{"P49753": {"Enrichment": 0.3630527389452211, "Depletion": 0.6369672606547869, "two-tailed": 0.7261054778904422}}