{"P49759": {"Enrichment": 0.8027639447211056, "Depletion": 0.1972560548789024, "two-tailed": 0.3945121097578048}}