{"P49761": {"Enrichment": 0.6863462730745385, "Depletion": 0.3136737265254695, "two-tailed": 0.627347453050939}}