{"P49862": {"Enrichment": 0.503489930201396, "Depletion": 0.49653006939861205, "two-tailed": 0.9930601387972241}}