{"P49888": {"Enrichment": 0.07157856842863143, "Depletion": 0.9284414311713766, "two-tailed": 0.14315713685726286}}