{"P49888": {"Enrichment": 0.08233835323293534, "Depletion": 0.9176816463670726, "two-tailed": 0.16467670646587068}}