{"P49841": {"Enrichment": 0.8933221335573288, "Depletion": 0.10669786604267914, "two-tailed": 0.21339573208535828}}