{"P49862": {"Enrichment": 0.371012579748405, "Depletion": 0.629007419851603, "two-tailed": 0.74202515949681}}