{"P49841": {"Enrichment": 0.8928221435571289, "Depletion": 0.10719785604287914, "two-tailed": 0.21439571208575828}}