{"P49902": {"Enrichment": 0.7629647407051859, "Depletion": 0.2370552588948221, "two-tailed": 0.4741105177896442}}