{"P49915": {"Enrichment": 0.2138957220855583, "Depletion": 0.7861242775144497, "two-tailed": 0.4277914441711166}}