{"P49903": {"Enrichment": 0.5353492930141397, "Depletion": 0.4646707065858683, "two-tailed": 0.9293414131717366}}