{"P49917": {"Enrichment": 0.739965200695986, "Depletion": 0.26005479890402194, "two-tailed": 0.5201095978080439}}