{"P49917": {"Enrichment": 0.760784784304314, "Depletion": 0.23923521529569408, "two-tailed": 0.47847043059138816}}