{"P49903": {"Enrichment": 0.3991920161596768, "Depletion": 0.6008279834403312, "two-tailed": 0.7983840323193536}}