{"P50225": {"Enrichment": 0.11605767884642307, "Depletion": 0.8839623207535849, "two-tailed": 0.23211535769284614}}