{"P50225": {"Enrichment": 0.10651786964260715, "Depletion": 0.8935021299574009, "two-tailed": 0.2130357392852143}}