{"P50226": {"Enrichment": 0.3338533229335413, "Depletion": 0.6661666766664667, "two-tailed": 0.6677066458670826}}