{"P50226": {"Enrichment": 0.20857582848343034, "Depletion": 0.7914441711165777, "two-tailed": 0.4171516569668607}}