{"P50440": {"Enrichment": 0.059218815623687526, "Depletion": 0.9408011839763205, "two-tailed": 0.11843763124737505}}