{"P50440": {"Enrichment": 0.3029739405211896, "Depletion": 0.6970460590788184, "two-tailed": 0.6059478810423792}}