{"P50613": {"Enrichment": 0.9818403631927362, "Depletion": 0.018179636407271854, "two-tailed": 0.03635927281454371}}