{"P50613": {"Enrichment": 0.9804203915921682, "Depletion": 0.019599608007839844, "two-tailed": 0.03919921601567969}}