{"P50750": {"Enrichment": 0.7348453030939381, "Depletion": 0.2651746965060699, "two-tailed": 0.5303493930121398}}