{"P50897": {"Enrichment": 0.032979340413191734, "Depletion": 0.9670406591868163, "two-tailed": 0.06595868082638347}}