{"P50897": {"Enrichment": 0.03295934081318374, "Depletion": 0.9670606587868242, "two-tailed": 0.06591868162636748}}