{"P51124": {"Enrichment": 0.9235615287694247, "Depletion": 0.0764584708305834, "two-tailed": 0.1529169416611668}}