{"P51124": {"Enrichment": 0.9458410831783365, "Depletion": 0.054178916421671566, "two-tailed": 0.10835783284334313}}