{"P51452": {"Enrichment": 0.15989680206395873, "Depletion": 0.8401231975360492, "two-tailed": 0.31979360412791746}}