{"P51512": {"Enrichment": 0.48219035619287615, "Depletion": 0.5178296434071319, "two-tailed": 0.9643807123857523}}