{"P51570": {"Enrichment": 0.0497590048199036, "Depletion": 0.9502609947801044, "two-tailed": 0.0995180096398072}}