{"P51570": {"Enrichment": 0.04169916601667967, "Depletion": 0.9583208335833283, "two-tailed": 0.08339833203335933}}