{"P51649": {"Enrichment": 0.10829783404331914, "Depletion": 0.8917221655566888, "two-tailed": 0.21659566808663827}}