{"P51688": {"Enrichment": 0.27293454130917383, "Depletion": 0.7270854582908342, "two-tailed": 0.5458690826183477}}