{"P51648": {"Enrichment": 0.19425611487770245, "Depletion": 0.8057638847223055, "two-tailed": 0.3885122297554049}}