{"P51649": {"Enrichment": 0.21685566288674227, "Depletion": 0.7831643367132657, "two-tailed": 0.43371132577348454}}