{"P51659": {"Enrichment": 0.4790104197916042, "Depletion": 0.5210095798084038, "two-tailed": 0.9580208395832084}}