{"P51659": {"Enrichment": 0.4122117557648847, "Depletion": 0.5878082438351233, "two-tailed": 0.8244235115297694}}