{"P51813": {"Enrichment": 0.7627447451050979, "Depletion": 0.2372752544949101, "two-tailed": 0.4745505089898202}}