{"P51857": {"Enrichment": 0.34131317373652525, "Depletion": 0.6587068258634827, "two-tailed": 0.6826263474730505}}