{"P51813": {"Enrichment": 0.8659226815463691, "Depletion": 0.13409731805363892, "two-tailed": 0.26819463610727784}}