{"P51857": {"Enrichment": 0.2007959840803184, "Depletion": 0.7992240155196896, "two-tailed": 0.4015919681606368}}