{"P51812": {"Enrichment": 0.2878742425151497, "Depletion": 0.7121457570848583, "two-tailed": 0.5757484850302994}}