{"P51812": {"Enrichment": 0.4115117697646047, "Depletion": 0.5885082298354033, "two-tailed": 0.8230235395292094}}