{"P51955": {"Enrichment": 0.875182496350073, "Depletion": 0.124837503249935, "two-tailed": 0.24967500649987}}