{"P51955": {"Enrichment": 0.878662426751465, "Depletion": 0.12135757284854302, "two-tailed": 0.24271514569708605}}