{"P52209": {"Enrichment": 0.5202895942081158, "Depletion": 0.47973040539189216, "two-tailed": 0.9594608107837843}}