{"P52209": {"Enrichment": 0.4536309273814524, "Depletion": 0.5463890722185556, "two-tailed": 0.9072618547629048}}