{"P52333": {"Enrichment": 0.7854242915141697, "Depletion": 0.21459570808583828, "two-tailed": 0.42919141617167655}}