{"P52564": {"Enrichment": 0.875302493950121, "Depletion": 0.124717505649887, "two-tailed": 0.249435011299774}}