{"P52895": {"Enrichment": 0.4599708005839883, "Depletion": 0.5400491990160197, "two-tailed": 0.9199416011679766}}