{"P52895": {"Enrichment": 0.06881862362752746, "Depletion": 0.9312013759724805, "two-tailed": 0.1376372472550549}}