{"P52888": {"Enrichment": 0.6938261234775305, "Depletion": 0.30619387612247756, "two-tailed": 0.6123877522449551}}