{"P52888": {"Enrichment": 0.34347313053738926, "Depletion": 0.6565468690626187, "two-tailed": 0.6869462610747785}}