{"P53041": {"Enrichment": 0.10687786244275115, "Depletion": 0.8931421371572569, "two-tailed": 0.2137557248855023}}