{"P53041": {"Enrichment": 0.13145737085258294, "Depletion": 0.8685626287474251, "two-tailed": 0.2629147417051659}}