{"P53355": {"Enrichment": 0.7784644307113858, "Depletion": 0.22155556888862224, "two-tailed": 0.4431111377772445}}