{"P53350": {"Enrichment": 0.8278234435311294, "Depletion": 0.17219655606887863, "two-tailed": 0.34439311213775725}}