{"P53355": {"Enrichment": 0.7242255154896902, "Depletion": 0.2757944841103178, "two-tailed": 0.5515889682206356}}