{"P53597": {"Enrichment": 0.9656206875862483, "Depletion": 0.034399312013759724, "two-tailed": 0.06879862402751945}}