{"P53597": {"Enrichment": 0.9307813843723125, "Depletion": 0.06923861522769545, "two-tailed": 0.1384772304553909}}