{"P53667": {"Enrichment": 0.6754864902701946, "Depletion": 0.3245335093298134, "two-tailed": 0.6490670186596268}}