{"P53634": {"Enrichment": 0.05115897682046359, "Depletion": 0.9488610227795444, "two-tailed": 0.10231795364092718}}