{"P53779": {"Enrichment": 0.5325893482130357, "Depletion": 0.46743065138697226, "two-tailed": 0.9348613027739445}}