{"P53778": {"Enrichment": 0.746565068698626, "Depletion": 0.253454930901382, "two-tailed": 0.506909861802764}}