{"P53778": {"Enrichment": 0.9015419691606168, "Depletion": 0.09847803043939121, "two-tailed": 0.19695606087878242}}