{"P53779": {"Enrichment": 0.624707505849883, "Depletion": 0.375312493750125, "two-tailed": 0.75062498750025}}