{"P54315": {"Enrichment": 0.5126897462050759, "Depletion": 0.4873302533949321, "two-tailed": 0.9746605067898642}}