{"P54317": {"Enrichment": 0.8699026019479611, "Depletion": 0.13011739765204697, "two-tailed": 0.26023479530409394}}