{"P54317": {"Enrichment": 0.6667666646667066, "Depletion": 0.33325333493330134, "two-tailed": 0.6665066698666027}}