{"P54646": {"Enrichment": 0.759184816303674, "Depletion": 0.24083518329633408, "two-tailed": 0.48167036659266815}}