{"P54646": {"Enrichment": 0.9870202595948081, "Depletion": 0.012999740005199895, "two-tailed": 0.02599948001039979}}