{"P54762": {"Enrichment": 0.6887062258754825, "Depletion": 0.3113137737245255, "two-tailed": 0.622627547449051}}