{"P54760": {"Enrichment": 0.8171636567268654, "Depletion": 0.18285634287314254, "two-tailed": 0.36571268574628507}}