{"P54756": {"Enrichment": 0.8897422051558969, "Depletion": 0.11027779444411112, "two-tailed": 0.22055558888822224}}