{"P54760": {"Enrichment": 0.8202835943281135, "Depletion": 0.17973640527189455, "two-tailed": 0.3594728105437891}}