{"P54756": {"Enrichment": 0.8148837023259535, "Depletion": 0.1851362972740545, "two-tailed": 0.370272594548109}}