{"P54753": {"Enrichment": 0.9531209375812484, "Depletion": 0.046899062018759624, "two-tailed": 0.09379812403751925}}