{"P54829": {"Enrichment": 0.3516129677406452, "Depletion": 0.6484070318593628, "two-tailed": 0.7032259354812904}}