{"P54868": {"Enrichment": 0.629427411451771, "Depletion": 0.37059258814823703, "two-tailed": 0.7411851762964741}}