{"P55210": {"Enrichment": 0.5002499950001, "Depletion": 0.499770004599908, "two-tailed": 0.999540009199816}}