{"P55263": {"Enrichment": 0.6902061958760825, "Depletion": 0.30981380372392553, "two-tailed": 0.6196276074478511}}