{"P55210": {"Enrichment": 0.8607827843443131, "Depletion": 0.13923721525569488, "two-tailed": 0.27847443051138976}}