{"P55263": {"Enrichment": 0.3016539669206616, "Depletion": 0.6983660326793464, "two-tailed": 0.6033079338413232}}