{"P55212": {"Enrichment": 0.9084618307633847, "Depletion": 0.09155816883662327, "two-tailed": 0.18311633767324653}}