{"P55212": {"Enrichment": 0.5362692746145077, "Depletion": 0.4637507249855003, "two-tailed": 0.9275014499710006}}