{"P55809": {"Enrichment": 0.7350252994940101, "Depletion": 0.2649947001059979, "two-tailed": 0.5299894002119958}}