{"P56545": {"Enrichment": 0.4306513869722606, "Depletion": 0.5693686126277474, "two-tailed": 0.8613027739445211}}