{"P56524": {"Enrichment": 0.09923801523969521, "Depletion": 0.9007819843603128, "two-tailed": 0.19847603047939041}}