{"P56545": {"Enrichment": 0.5510889782204356, "Depletion": 0.4489310213795724, "two-tailed": 0.8978620427591448}}