{"P56524": {"Enrichment": 0.30673386532269353, "Depletion": 0.6932861342773144, "two-tailed": 0.6134677306453871}}