{"P56817": {"Enrichment": 0.249535009299814, "Depletion": 0.750484990300194, "two-tailed": 0.499070018599628}}