{"P60174": {"Enrichment": 0.31209375812483753, "Depletion": 0.6879262414751705, "two-tailed": 0.6241875162496751}}