{"P62136": {"Enrichment": 0.754344913101738, "Depletion": 0.24567508649827002, "two-tailed": 0.49135017299654005}}