{"P62136": {"Enrichment": 0.5729285414291714, "Depletion": 0.4270914581708366, "two-tailed": 0.8541829163416732}}