{"P67775": {"Enrichment": 0.5101497970040599, "Depletion": 0.4898702025959481, "two-tailed": 0.9797404051918962}}