{"P67775": {"Enrichment": 0.5747085058298834, "Depletion": 0.4253114937701246, "two-tailed": 0.8506229875402492}}