{"P68400": {"Enrichment": 0.9398612027759444, "Depletion": 0.06015879682406352, "two-tailed": 0.12031759364812704}}