{"P68400": {"Enrichment": 0.9297614047719046, "Depletion": 0.07025859482810344, "two-tailed": 0.14051718965620688}}