{"P78368": {"Enrichment": 0.9247615047699046, "Depletion": 0.0752584948301034, "two-tailed": 0.1505169896602068}}