{"P78330": {"Enrichment": 0.01503969920601588, "Depletion": 0.9849803003939921, "two-tailed": 0.03007939841203176}}