{"P78417": {"Enrichment": 0.06635867282654347, "Depletion": 0.9336613267734646, "two-tailed": 0.13271734565308693}}