{"P78417": {"Enrichment": 0.15753684926301473, "Depletion": 0.8424831503369933, "two-tailed": 0.31507369852602946}}