{"P78536": {"Enrichment": 0.31723365532689346, "Depletion": 0.6827863442731146, "two-tailed": 0.6344673106537869}}