{"P98073": {"Enrichment": 0.4751304973900522, "Depletion": 0.5248895022099558, "two-tailed": 0.9502609947801044}}