{"P98073": {"Enrichment": 0.5625087498250035, "Depletion": 0.4375112497750045, "two-tailed": 0.875022499550009}}