{"Q00536": {"Enrichment": 0.9451010979780404, "Depletion": 0.05491890162196756, "two-tailed": 0.10983780324393512}}