{"Q00534": {"Enrichment": 0.5754884902301954, "Depletion": 0.4245315093698126, "two-tailed": 0.8490630187396252}}