{"Q00535": {"Enrichment": 0.9603807923841523, "Depletion": 0.03963920721585568, "two-tailed": 0.07927841443171137}}