{"Q00535": {"Enrichment": 0.9645407091858162, "Depletion": 0.03547929041419172, "two-tailed": 0.07095858082838344}}