{"Q01581": {"Enrichment": 0.9490010199796004, "Depletion": 0.05101897962040759, "two-tailed": 0.10203795924081518}}