{"Q01581": {"Enrichment": 0.9391812163756725, "Depletion": 0.060838783224335516, "two-tailed": 0.12167756644867103}}