{"Q01813": {"Enrichment": 0.8843623127537449, "Depletion": 0.11565768684626307, "two-tailed": 0.23131537369252614}}