{"Q01813": {"Enrichment": 0.879262414751705, "Depletion": 0.12075758484830304, "two-tailed": 0.24151516969660608}}