{"Q01970": {"Enrichment": 0.8244035119297614, "Depletion": 0.1756164876702466, "two-tailed": 0.3512329753404932}}