{"Q02083": {"Enrichment": 0.7606247875042499, "Depletion": 0.2393952120957581, "two-tailed": 0.4787904241915162}}