{"Q02127": {"Enrichment": 0.04435911281774364, "Depletion": 0.9556608867822644, "two-tailed": 0.08871822563548729}}