{"Q02127": {"Enrichment": 0.0624387512249755, "Depletion": 0.9375812483750325, "two-tailed": 0.124877502449951}}