{"Q03154": {"Enrichment": 0.9164016719665606, "Depletion": 0.08361832763344733, "two-tailed": 0.16723665526689466}}