{"Q04446": {"Enrichment": 0.876642467150657, "Depletion": 0.12337753244935101, "two-tailed": 0.24675506489870203}}