{"Q04446": {"Enrichment": 0.5510289794204116, "Depletion": 0.4489910201795964, "two-tailed": 0.8979820403591928}}