{"Q04609": {"Enrichment": 0.5494290114197716, "Depletion": 0.4505909881802364, "two-tailed": 0.9011819763604728}}