{"Q04756": {"Enrichment": 0.6494070118597628, "Depletion": 0.3506129877402452, "two-tailed": 0.7012259754804904}}