{"Q04760": {"Enrichment": 0.6635067298654027, "Depletion": 0.3365132697346053, "two-tailed": 0.6730265394692106}}