{"Q04759": {"Enrichment": 0.8597028059438812, "Depletion": 0.14031719365612688, "two-tailed": 0.28063438731225376}}