{"Q04760": {"Enrichment": 0.7392452150956981, "Depletion": 0.2607747845043099, "two-tailed": 0.5215495690086198}}