{"Q04759": {"Enrichment": 0.991440171196576, "Depletion": 0.008579828403431931, "two-tailed": 0.017159656806863863}}