{"Q04756": {"Enrichment": 0.7268054638907222, "Depletion": 0.27321453570928583, "two-tailed": 0.5464290714185717}}