{"Q04828": {"Enrichment": 0.32153356932861343, "Depletion": 0.6784864302713945, "two-tailed": 0.6430671386572269}}