{"Q05086": {"Enrichment": 0.02383952320953581, "Depletion": 0.9761804763904722, "two-tailed": 0.04767904641907162}}