{"Q05209": {"Enrichment": 0.09831803363932722, "Depletion": 0.9017019659606808, "two-tailed": 0.19663606727865443}}