{"Q05209": {"Enrichment": 0.3417331653366933, "Depletion": 0.6582868342633147, "two-tailed": 0.6834663306733866}}