{"Q06187": {"Enrichment": 0.6400871982560349, "Depletion": 0.3599328013439731, "two-tailed": 0.7198656026879462}}