{"Q06187": {"Enrichment": 0.7394852102957941, "Depletion": 0.2605347893042139, "two-tailed": 0.5210695786084278}}