{"Q06124": {"Enrichment": 0.24109517809643807, "Depletion": 0.7589248215035699, "two-tailed": 0.48219035619287615}}