{"Q06278": {"Enrichment": 0.13583728325433492, "Depletion": 0.8641827163456731, "two-tailed": 0.27167456650866983}}