{"Q06210": {"Enrichment": 0.7765244695106098, "Depletion": 0.2234955300893982, "two-tailed": 0.4469910601787964}}