{"Q06830": {"Enrichment": 0.4259714805703886, "Depletion": 0.5740485190296194, "two-tailed": 0.8519429611407772}}