{"Q06830": {"Enrichment": 0.19535609287814243, "Depletion": 0.8046639067218656, "two-tailed": 0.39071218575628486}}