{"Q07075": {"Enrichment": 0.8395432091358173, "Depletion": 0.16047679046419072, "two-tailed": 0.32095358092838144}}