{"Q07075": {"Enrichment": 0.7746445071098578, "Depletion": 0.2253754924901502, "two-tailed": 0.4507509849803004}}