{"Q07343": {"Enrichment": 0.9641607167856643, "Depletion": 0.03585928281434371, "two-tailed": 0.07171856562868742}}