{"Q07912": {"Enrichment": 0.883842323153537, "Depletion": 0.11617767644647108, "two-tailed": 0.23235535289294215}}