{"Q07912": {"Enrichment": 0.633627327453451, "Depletion": 0.3663926721465571, "two-tailed": 0.7327853442931141}}