{"Q08188": {"Enrichment": 0.40751184976300475, "Depletion": 0.5925081498370033, "two-tailed": 0.8150236995260095}}