{"Q08188": {"Enrichment": 0.10289794204115918, "Depletion": 0.8971220575588488, "two-tailed": 0.20579588408231836}}