{"Q08209": {"Enrichment": 0.7279254414911702, "Depletion": 0.2720945581088378, "two-tailed": 0.5441891162176756}}