{"Q08499": {"Enrichment": 0.7709645807083858, "Depletion": 0.22905541889162218, "two-tailed": 0.45811083778324435}}