{"Q08499": {"Enrichment": 0.987420251594968, "Depletion": 0.0125997480050399, "two-tailed": 0.0251994960100798}}