{"Q08623": {"Enrichment": 0.5577088458230836, "Depletion": 0.4423111537769245, "two-tailed": 0.884622307553849}}