{"Q08623": {"Enrichment": 0.30609387812243755, "Depletion": 0.6939261214775705, "two-tailed": 0.6121877562448751}}