{"Q08881": {"Enrichment": 0.7317653646927061, "Depletion": 0.26825463490730184, "two-tailed": 0.5365092698146037}}