{"Q08881": {"Enrichment": 0.7755244895102098, "Depletion": 0.2244955100897982, "two-tailed": 0.4489910201795964}}