{"Q09013": {"Enrichment": 0.7448251034979301, "Depletion": 0.25519489610207796, "two-tailed": 0.5103897922041559}}