{"Q12794": {"Enrichment": 0.2742545149097018, "Depletion": 0.7257654846903062, "two-tailed": 0.5485090298194036}}