{"Q12794": {"Enrichment": 0.6119477610447791, "Depletion": 0.3880722385552289, "two-tailed": 0.7761444771104578}}