{"Q12866": {"Enrichment": 0.755044899102018, "Depletion": 0.24497510049799004, "two-tailed": 0.4899502009959801}}