{"Q12852": {"Enrichment": 0.637627247455051, "Depletion": 0.3623927521449571, "two-tailed": 0.7247855042899142}}