{"Q12852": {"Enrichment": 0.7180056398872022, "Depletion": 0.28201435971280575, "two-tailed": 0.5640287194256115}}