{"Q12884": {"Enrichment": 0.07783844323113538, "Depletion": 0.9221815563688727, "two-tailed": 0.15567688646227076}}