{"Q12884": {"Enrichment": 0.04655906881862363, "Depletion": 0.9534609307813844, "two-tailed": 0.09311813763724726}}