{"Q12974": {"Enrichment": 0.26925461490770186, "Depletion": 0.7307653846923061, "two-tailed": 0.5385092298154037}}