{"Q12974": {"Enrichment": 0.26697466050678986, "Depletion": 0.7330453390932181, "two-tailed": 0.5339493210135797}}