{"Q12923": {"Enrichment": 0.41631167376652467, "Depletion": 0.5837083258334833, "two-tailed": 0.8326233475330493}}