{"Q13043": {"Enrichment": 0.872122557548849, "Depletion": 0.12789744205115897, "two-tailed": 0.25579488410231793}}