{"Q13093": {"Enrichment": 0.9946801063978721, "Depletion": 0.005339893202135957, "two-tailed": 0.010679786404271915}}