{"Q13043": {"Enrichment": 0.8089238215235696, "Depletion": 0.19109617807643847, "two-tailed": 0.38219235615287694}}