{"Q13131": {"Enrichment": 0.6590068198636028, "Depletion": 0.34101317973640527, "two-tailed": 0.6820263594728105}}