{"Q13153": {"Enrichment": 0.8543029139417212, "Depletion": 0.14571708565828684, "two-tailed": 0.2914341713165737}}