{"Q13188": {"Enrichment": 0.8646427071458571, "Depletion": 0.13537729245415092, "two-tailed": 0.27075458490830184}}