{"Q13115": {"Enrichment": 0.495490090198196, "Depletion": 0.504529909401812, "two-tailed": 0.990980180396392}}