{"Q13115": {"Enrichment": 0.4924501509969801, "Depletion": 0.5075698486030279, "two-tailed": 0.9849003019939602}}