{"Q13162": {"Enrichment": 0.30741385172296554, "Depletion": 0.6926061478770424, "two-tailed": 0.6148277034459311}}