{"Q13188": {"Enrichment": 0.867562648747025, "Depletion": 0.13245735085298294, "two-tailed": 0.26491470170596587}}