{"Q13164": {"Enrichment": 0.7106057878842423, "Depletion": 0.2894142117157657, "two-tailed": 0.5788284234315314}}