{"Q13162": {"Enrichment": 0.17161656766864664, "Depletion": 0.8284034319313613, "two-tailed": 0.34323313533729327}}