{"Q13131": {"Enrichment": 0.6070478590428191, "Depletion": 0.3929721405571889, "two-tailed": 0.7859442811143778}}