{"Q13153": {"Enrichment": 0.867922641547169, "Depletion": 0.13209735805283895, "two-tailed": 0.2641947161056779}}