{"Q13232": {"Enrichment": 0.5037699246015079, "Depletion": 0.49625007499850005, "two-tailed": 0.9925001499970001}}