{"Q13232": {"Enrichment": 0.15863682726345474, "Depletion": 0.8413831723365532, "two-tailed": 0.3172736545269095}}