{"Q13231": {"Enrichment": 0.7677246455070899, "Depletion": 0.23229535409291815, "two-tailed": 0.4645907081858363}}