{"Q13202": {"Enrichment": 0.507389852202956, "Depletion": 0.4926301473970521, "two-tailed": 0.9852602947941042}}