{"Q13202": {"Enrichment": 0.5057298854022919, "Depletion": 0.49429011419771607, "two-tailed": 0.9885802283954321}}