{"Q13303": {"Enrichment": 0.09171816563668726, "Depletion": 0.9083018339633208, "two-tailed": 0.18343633127337453}}