{"Q13332": {"Enrichment": 0.24227515449691006, "Depletion": 0.7577448451030979, "two-tailed": 0.4845503089938201}}