{"Q13363": {"Enrichment": 0.4797104057918842, "Depletion": 0.5203095938081238, "two-tailed": 0.9594208115837684}}