{"Q13363": {"Enrichment": 0.48157036859262814, "Depletion": 0.5184496310073798, "two-tailed": 0.9631407371852563}}