{"Q13464": {"Enrichment": 0.9730005399892002, "Depletion": 0.027019459610807785, "two-tailed": 0.05403891922161557}}