{"Q13472": {"Enrichment": 0.8039239215215696, "Depletion": 0.19609607807843843, "two-tailed": 0.39219215615687686}}