{"Q13464": {"Enrichment": 0.8656826863462731, "Depletion": 0.13433731325373494, "two-tailed": 0.26867462650746987}}