{"Q13472": {"Enrichment": 0.8329833403331933, "Depletion": 0.16703665926681466, "two-tailed": 0.3340733185336293}}