{"Q13555": {"Enrichment": 0.8668026639467211, "Depletion": 0.13321733565328694, "two-tailed": 0.2664346713065739}}