{"Q13554": {"Enrichment": 0.6986060278794424, "Depletion": 0.3014139717205656, "two-tailed": 0.6028279434411312}}