{"Q13523": {"Enrichment": 0.8259434811303774, "Depletion": 0.1740765184696306, "two-tailed": 0.3481530369392612}}