{"Q13547": {"Enrichment": 0.12403751924961501, "Depletion": 0.875982480350393, "two-tailed": 0.24807503849923002}}