{"Q13547": {"Enrichment": 0.13055738885222296, "Depletion": 0.8694626107477851, "two-tailed": 0.2611147777044459}}