{"Q13510": {"Enrichment": 0.3108137837243255, "Depletion": 0.6892062158756825, "two-tailed": 0.621627567448651}}