{"Q13557": {"Enrichment": 0.8291634167316654, "Depletion": 0.17085658286834263, "two-tailed": 0.34171316573668525}}