{"Q13510": {"Enrichment": 0.30579388412231756, "Depletion": 0.6942261154776904, "two-tailed": 0.6115877682446351}}