{"Q13555": {"Enrichment": 0.8539229215415691, "Depletion": 0.14609707805843883, "two-tailed": 0.29219415611687766}}