{"Q13523": {"Enrichment": 0.6671466570668587, "Depletion": 0.3328733425331493, "two-tailed": 0.6657466850662986}}