{"Q13627": {"Enrichment": 0.7284454310913782, "Depletion": 0.2715745685086298, "two-tailed": 0.5431491370172596}}