{"Q13613": {"Enrichment": 0.6443071138577229, "Depletion": 0.35571288574228516, "two-tailed": 0.7114257714845703}}