{"Q13614": {"Enrichment": 0.994880102397952, "Depletion": 0.005139897202055959, "two-tailed": 0.010279794404111918}}