{"Q13630": {"Enrichment": 0.34375312493750126, "Depletion": 0.6562668746625068, "two-tailed": 0.6875062498750025}}