{"Q13614": {"Enrichment": 0.5574688506229876, "Depletion": 0.44255114897702047, "two-tailed": 0.8851022979540409}}