{"Q13630": {"Enrichment": 0.500169996600068, "Depletion": 0.49985000299994, "two-tailed": 0.99970000599988}}