{"Q13867": {"Enrichment": 0.3025139497210056, "Depletion": 0.6975060498790024, "two-tailed": 0.6050278994420112}}