{"Q13873": {"Enrichment": 0.6961460770784584, "Depletion": 0.30387392252154954, "two-tailed": 0.6077478450430991}}