{"Q13867": {"Enrichment": 0.1743965120697586, "Depletion": 0.8256234875302494, "two-tailed": 0.3487930241395172}}