{"Q13822": {"Enrichment": 0.37023259534809305, "Depletion": 0.6297874042519149, "two-tailed": 0.7404651906961861}}