{"Q13882": {"Enrichment": 0.9018819623607528, "Depletion": 0.09813803723925521, "two-tailed": 0.19627607447851042}}