{"Q13882": {"Enrichment": 0.9015019699606008, "Depletion": 0.09851802963940721, "two-tailed": 0.19703605927881443}}