{"Q13907": {"Enrichment": 0.16441671166576668, "Depletion": 0.8356032879342413, "two-tailed": 0.32883342333153337}}