{"Q13907": {"Enrichment": 0.10407791844163117, "Depletion": 0.8959420811583768, "two-tailed": 0.20815583688326234}}