{"Q13976": {"Enrichment": 0.9262414751704966, "Depletion": 0.07377852442951141, "two-tailed": 0.14755704885902282}}