{"Q14004": {"Enrichment": 0.9140217195656087, "Depletion": 0.08599828003439931, "two-tailed": 0.17199656006879863}}