{"Q14289": {"Enrichment": 0.8912221755564889, "Depletion": 0.10879782404351913, "two-tailed": 0.21759564808703827}}