{"Q14376": {"Enrichment": 0.16917661646767065, "Depletion": 0.8308433831323373, "two-tailed": 0.3383532329353413}}