{"Q14376": {"Enrichment": 0.16207675846483072, "Depletion": 0.8379432411351773, "two-tailed": 0.32415351692966143}}