{"Q14680": {"Enrichment": 0.5041299174016519, "Depletion": 0.495890082198356, "two-tailed": 0.991780164396712}}