{"Q15084": {"Enrichment": 0.5318893622127557, "Depletion": 0.46813063738725225, "two-tailed": 0.9362612747745045}}