{"Q15084": {"Enrichment": 0.41031179376412474, "Depletion": 0.5897082058358832, "two-tailed": 0.8206235875282495}}