{"Q15208": {"Enrichment": 0.4643707125857483, "Depletion": 0.5356492870142597, "two-tailed": 0.9287414251714966}}