{"Q15256": {"Enrichment": 0.4765504689906202, "Depletion": 0.5234695306093878, "two-tailed": 0.9531009379812404}}