{"Q15262": {"Enrichment": 0.3872722545549089, "Depletion": 0.6127477450450991, "two-tailed": 0.7745445091098178}}