{"Q15208": {"Enrichment": 0.6711065778684426, "Depletion": 0.32891342173156535, "two-tailed": 0.6578268434631307}}