{"Q15375": {"Enrichment": 0.8377032459350813, "Depletion": 0.1623167536649267, "two-tailed": 0.3246335073298534}}