{"Q15399": {"Enrichment": 0.6806863862722745, "Depletion": 0.31933361332773347, "two-tailed": 0.6386672266554669}}