{"Q15375": {"Enrichment": 0.8366832663346733, "Depletion": 0.16333673326533468, "two-tailed": 0.32667346653066937}}