{"Q15399": {"Enrichment": 0.7948641027179456, "Depletion": 0.20515589688206237, "two-tailed": 0.41031179376412474}}