{"Q15418": {"Enrichment": 0.622067558648827, "Depletion": 0.37795244095118097, "two-tailed": 0.7559048819023619}}