{"Q15418": {"Enrichment": 0.7812043759124817, "Depletion": 0.21881562368752625, "two-tailed": 0.4376312473750525}}