{"Q15493": {"Enrichment": 0.18155636887262255, "Depletion": 0.8184636307273855, "two-tailed": 0.3631127377452451}}