{"Q15661": {"Enrichment": 0.5265094698106038, "Depletion": 0.4735105297894042, "two-tailed": 0.9470210595788084}}