{"Q15759": {"Enrichment": 0.5129297414051719, "Depletion": 0.4870902581948361, "two-tailed": 0.9741805163896722}}