{"Q15759": {"Enrichment": 0.6448471030579388, "Depletion": 0.3551728965420692, "two-tailed": 0.7103457930841384}}