{"Q16512": {"Enrichment": 0.7303253934921301, "Depletion": 0.2696946061078778, "two-tailed": 0.5393892122157556}}