{"Q16513": {"Enrichment": 0.9248615027699446, "Depletion": 0.0751584968300634, "two-tailed": 0.1503169936601268}}