{"Q16539": {"Enrichment": 0.4896102077958441, "Depletion": 0.5104097918041639, "two-tailed": 0.9792204155916882}}