{"Q16512": {"Enrichment": 0.8818023639527209, "Depletion": 0.11821763564728706, "two-tailed": 0.23643527129457412}}