{"Q16513": {"Enrichment": 0.9772204555908882, "Depletion": 0.022799544009119817, "two-tailed": 0.045599088018239635}}