{"Q16620": {"Enrichment": 0.7608647827043459, "Depletion": 0.23915521689566208, "two-tailed": 0.47831043379132415}}