{"Q16698": {"Enrichment": 0.9266214675706486, "Depletion": 0.0733985320293594, "two-tailed": 0.1467970640587188}}