{"Q16659": {"Enrichment": 0.9157216855662886, "Depletion": 0.08429831403371933, "two-tailed": 0.16859662806743866}}