{"Q16690": {"Enrichment": 0.3255534889302214, "Depletion": 0.6744665106697866, "two-tailed": 0.6511069778604428}}