{"Q16659": {"Enrichment": 0.9152816943661127, "Depletion": 0.08473830523389532, "two-tailed": 0.16947661046779064}}