{"Q16769": {"Enrichment": 0.2725945481090378, "Depletion": 0.7274254514909702, "two-tailed": 0.5451890962180757}}