{"Q16769": {"Enrichment": 0.7007259854802904, "Depletion": 0.2992940141197176, "two-tailed": 0.5985880282394352}}