{"Q16875": {"Enrichment": 0.009439811203775924, "Depletion": 0.9905801883962321, "two-tailed": 0.01887962240755185}}