{"Q16881": {"Enrichment": 0.8764424711505769, "Depletion": 0.12357752844943101, "two-tailed": 0.24715505689886202}}