{"Q16854": {"Enrichment": 0.4856902861942761, "Depletion": 0.5143297134057319, "two-tailed": 0.9713805723885522}}