{"Q16875": {"Enrichment": 0.1125177496450071, "Depletion": 0.8875022499550009, "two-tailed": 0.2250354992900142}}