{"Q16829": {"Enrichment": 0.3870122597548049, "Depletion": 0.6130077398452031, "two-tailed": 0.7740245195096098}}