{"Q16820": {"Enrichment": 0.3081738365232695, "Depletion": 0.6918461630767385, "two-tailed": 0.616347673046539}}