{"Q16853": {"Enrichment": 0.2593348133037339, "Depletion": 0.7406851862962741, "two-tailed": 0.5186696266074678}}