{"Q16853": {"Enrichment": 0.17095658086838264, "Depletion": 0.8290634187316254, "two-tailed": 0.3419131617367653}}