{"Q16827": {"Enrichment": 0.40729185416291674, "Depletion": 0.5927281454370913, "two-tailed": 0.8145837083258335}}