{"Q16820": {"Enrichment": 0.8280434391312174, "Depletion": 0.17197656046879062, "two-tailed": 0.34395312093758124}}