{"Q16828": {"Enrichment": 0.44445111097778045, "Depletion": 0.5555688886222275, "two-tailed": 0.8889022219555609}}