{"Q16881": {"Enrichment": 0.6890462190756185, "Depletion": 0.3109737805243895, "two-tailed": 0.621947561048779}}