{"Q2M2I8": {"Enrichment": 0.6695866082678347, "Depletion": 0.33043339133217337, "two-tailed": 0.6608667826643467}}