{"Q2M2I8": {"Enrichment": 0.8102037959240815, "Depletion": 0.18981620367592647, "two-tailed": 0.37963240735185294}}