{"Q4G0W2": {"Enrichment": 0.4457310853782924, "Depletion": 0.5542889142217156, "two-tailed": 0.8914621707565848}}