{"Q5JRX3": {"Enrichment": 0.31563368732625346, "Depletion": 0.6843863122737546, "two-tailed": 0.6312673746525069}}