{"Q5JRX3": {"Enrichment": 0.751464970700586, "Depletion": 0.24855502889942202, "two-tailed": 0.49711005779884404}}