{"Q5TDH0": {"Enrichment": 0.04335913281734365, "Depletion": 0.9566608667826644, "two-tailed": 0.0867182656346873}}