{"Q5VWZ2": {"Enrichment": 0.8405831883362332, "Depletion": 0.15943681126377474, "two-tailed": 0.31887362252754947}}