{"Q5VWZ2": {"Enrichment": 0.8978220435591289, "Depletion": 0.10219795604087918, "two-tailed": 0.20439591208175836}}