{"Q68J44": {"Enrichment": 0.40799184016319673, "Depletion": 0.5920281594368113, "two-tailed": 0.8159836803263935}}