{"Q68J44": {"Enrichment": 0.40987180256394873, "Depletion": 0.5901481970360593, "two-tailed": 0.8197436051278975}}