{"Q6B8I1": {"Enrichment": 0.35567288654226914, "Depletion": 0.6443471130577388, "two-tailed": 0.7113457730845383}}