{"Q6B8I1": {"Enrichment": 0.3584328313433731, "Depletion": 0.6415871682566349, "two-tailed": 0.7168656626867462}}