{"Q6IA69": {"Enrichment": 0.0376792464150717, "Depletion": 0.9623407531849363, "two-tailed": 0.0753584928301434}}