{"Q6ICB0": {"Enrichment": 0.8087838243235135, "Depletion": 0.19123617527649447, "two-tailed": 0.38247235055298895}}