{"Q6ICB0": {"Enrichment": 0.8041239175216496, "Depletion": 0.19589608207835843, "two-tailed": 0.39179216415671686}}