{"Q6IQ55": {"Enrichment": 0.8077438451230975, "Depletion": 0.19227615447691046, "two-tailed": 0.3845523089538209}}