{"Q6L8Q7": {"Enrichment": 0.9205615887682246, "Depletion": 0.07945841083178336, "two-tailed": 0.15891682166356672}}