{"Q6P179": {"Enrichment": 0.9389612207755845, "Depletion": 0.06105877882442351, "two-tailed": 0.12211755764884702}}