{"Q6P179": {"Enrichment": 0.9694406111877762, "Depletion": 0.030579388412231755, "two-tailed": 0.06115877682446351}}