{"Q6P988": {"Enrichment": 0.41341173176536467, "Depletion": 0.5866082678346433, "two-tailed": 0.8268234635307293}}