{"Q6PHR2": {"Enrichment": 0.8934421311573768, "Depletion": 0.10657786844263115, "two-tailed": 0.2131557368852623}}