{"Q6SZW1": {"Enrichment": 0.04039919201615968, "Depletion": 0.9596208075838483, "two-tailed": 0.08079838403231936}}