{"Q6SZW1": {"Enrichment": 0.11205775884482311, "Depletion": 0.8879622407551849, "two-tailed": 0.22411551768964622}}