{"Q6UWY2": {"Enrichment": 0.16739665206695867, "Depletion": 0.8326233475330493, "two-tailed": 0.33479330413391734}}