{"Q6UWV6": {"Enrichment": 0.05875882482350353, "Depletion": 0.9412611747765045, "two-tailed": 0.11751764964700706}}