{"Q6UWP2": {"Enrichment": 0.7147857042859143, "Depletion": 0.2852342953140937, "two-tailed": 0.5704685906281874}}