{"Q6UWY2": {"Enrichment": 0.7313853722925542, "Depletion": 0.26863462730745385, "two-tailed": 0.5372692546149077}}