{"Q6UWP2": {"Enrichment": 0.2631547369052619, "Depletion": 0.7368652626947461, "two-tailed": 0.5263094738105238}}