{"Q6V1X1": {"Enrichment": 0.5141097178056439, "Depletion": 0.48591028179436413, "two-tailed": 0.9718205635887283}}