{"Q6VAB6": {"Enrichment": 0.7306253874922501, "Depletion": 0.26939461210775784, "two-tailed": 0.5387892242155157}}