{"Q6VAB6": {"Enrichment": 0.7300853982920341, "Depletion": 0.26993460130797386, "two-tailed": 0.5398692026159477}}