{"Q6YN16": {"Enrichment": 0.20529589408211835, "Depletion": 0.7947241055178896, "two-tailed": 0.4105917881642367}}