{"Q6YN16": {"Enrichment": 0.3036139277214456, "Depletion": 0.6964060718785624, "two-tailed": 0.6072278554428912}}