{"Q76I76": {"Enrichment": 0.4707305853882922, "Depletion": 0.5292894142117157, "two-tailed": 0.9414611707765844}}