{"Q76I76": {"Enrichment": 0.46801063978720425, "Depletion": 0.5320093598128037, "two-tailed": 0.9360212795744085}}