{"Q76LX8": {"Enrichment": 0.749205015899682, "Depletion": 0.250814983700326, "two-tailed": 0.501629967400652}}