{"Q76LX8": {"Enrichment": 0.7968440631187377, "Depletion": 0.20317593648127039, "two-tailed": 0.40635187296254077}}