{"Q7KZI7": {"Enrichment": 0.6000479990400192, "Depletion": 0.3999720005599888, "two-tailed": 0.7999440011199777}}