{"Q7L5Y1": {"Enrichment": 0.035839283214335715, "Depletion": 0.9641807163856723, "two-tailed": 0.07167856642867143}}