{"Q7L8A9": {"Enrichment": 0.044479110417791644, "Depletion": 0.9555408891822164, "two-tailed": 0.08895822083558329}}