{"Q7Z2E3": {"Enrichment": 0.3412731745365093, "Depletion": 0.6587468250634987, "two-tailed": 0.6825463490730186}}