{"Q7Z2E3": {"Enrichment": 0.34315313693726124, "Depletion": 0.6568668626627467, "two-tailed": 0.6863062738745225}}