{"Q7Z4W1": {"Enrichment": 0.40261194776104475, "Depletion": 0.5974080518389632, "two-tailed": 0.8052238955220895}}