{"Q7Z4W1": {"Enrichment": 0.8959020819583609, "Depletion": 0.10411791764164717, "two-tailed": 0.20823583528329434}}