{"Q7Z6Z7": {"Enrichment": 0.23409531809363812, "Depletion": 0.7659246815063698, "two-tailed": 0.46819063618727624}}