{"Q7Z6Z7": {"Enrichment": 0.054778904421911565, "Depletion": 0.9452410951780964, "two-tailed": 0.10955780884382313}}