{"Q7Z7E8": {"Enrichment": 0.6950060998780024, "Depletion": 0.30501389972200554, "two-tailed": 0.6100277994440111}}