{"Q86TI2": {"Enrichment": 0.4601907961840763, "Depletion": 0.5398292034159317, "two-tailed": 0.9203815923681526}}