{"Q86TI2": {"Enrichment": 0.3997520049599008, "Depletion": 0.6002679946401072, "two-tailed": 0.7995040099198016}}