{"Q86UE8": {"Enrichment": 0.7686046279074419, "Depletion": 0.23141537169256615, "two-tailed": 0.4628307433851323}}