{"Q86UE8": {"Enrichment": 0.7816643667126657, "Depletion": 0.21835563288734225, "two-tailed": 0.4367112657746845}}