{"Q86V88": {"Enrichment": 0.3089138217235655, "Depletion": 0.6911061778764425, "two-tailed": 0.617827643447131}}