{"Q86V25": {"Enrichment": 0.015339693206135877, "Depletion": 0.9846803063938722, "two-tailed": 0.030679386412271754}}