{"Q86V88": {"Enrichment": 0.30963380732385354, "Depletion": 0.6903861922761545, "two-tailed": 0.6192676146477071}}