{"Q86WA6": {"Enrichment": 0.5604287914241716, "Depletion": 0.43959120817583647, "two-tailed": 0.8791824163516729}}