{"Q86WA6": {"Enrichment": 0.9044219115617688, "Depletion": 0.09559808803823923, "two-tailed": 0.19119617607647846}}