{"Q86W56": {"Enrichment": 0.0031599368012639748, "Depletion": 0.9968600627987441, "two-tailed": 0.0063198736025279496}}