{"Q86XP0": {"Enrichment": 0.5255694886102278, "Depletion": 0.4744505109897802, "two-tailed": 0.9489010219795604}}