{"Q86XE5": {"Enrichment": 0.11581768364632708, "Depletion": 0.8842023159536809, "two-tailed": 0.23163536729265416}}