{"Q86XP0": {"Enrichment": 0.09173816523669527, "Depletion": 0.9082818343633128, "two-tailed": 0.18347633047339054}}