{"Q86YV6": {"Enrichment": 0.747045059098818, "Depletion": 0.25297494050118996, "two-tailed": 0.5059498810023799}}