{"Q86Y07": {"Enrichment": 0.879562408751825, "Depletion": 0.12045759084818304, "two-tailed": 0.24091518169636608}}