{"Q86Y07": {"Enrichment": 0.8838623227535449, "Depletion": 0.11615767684646307, "two-tailed": 0.23231535369292614}}