{"Q8IUX4": {"Enrichment": 0.03017939641207176, "Depletion": 0.9698406031879362, "two-tailed": 0.06035879282414352}}