{"Q8IUX4": {"Enrichment": 0.13203735925281496, "Depletion": 0.8679826403471931, "two-tailed": 0.2640747185056299}}