{"Q8IVH8": {"Enrichment": 0.8027239455210896, "Depletion": 0.19729605407891843, "two-tailed": 0.39459210815783685}}