{"Q8IV48": {"Enrichment": 0.017939641207175856, "Depletion": 0.9820803583928321, "two-tailed": 0.03587928241435171}}