{"Q8IVH8": {"Enrichment": 0.616707665846683, "Depletion": 0.3833123337533249, "two-tailed": 0.7666246675066498}}