{"Q8IVL8": {"Enrichment": 0.24339513209735805, "Depletion": 0.7566248675026499, "two-tailed": 0.4867902641947161}}