{"Q8IVS2": {"Enrichment": 0.10923781524369512, "Depletion": 0.8907821843563128, "two-tailed": 0.21847563048739024}}