{"Q8IVT5": {"Enrichment": 0.5877082458350833, "Depletion": 0.4123117537649247, "two-tailed": 0.8246235075298494}}