{"Q8IVS2": {"Enrichment": 0.36057278854422914, "Depletion": 0.6394472110557788, "two-tailed": 0.7211455770884583}}