{"Q8IXL7": {"Enrichment": 0.28031439371212574, "Depletion": 0.7197056058878822, "two-tailed": 0.5606287874242515}}