{"Q8IXL7": {"Enrichment": 0.2759144817103658, "Depletion": 0.7241055178896422, "two-tailed": 0.5518289634207316}}