{"Q8IYT8": {"Enrichment": 0.6406671866562669, "Depletion": 0.3593528129437411, "two-tailed": 0.7187056258874822}}