{"Q8N0X4": {"Enrichment": 0.5269094618107638, "Depletion": 0.4731105377892442, "two-tailed": 0.9462210755784884}}