{"Q8N0X4": {"Enrichment": 0.5286094278114438, "Depletion": 0.4714105717885642, "two-tailed": 0.9428211435771284}}