{"Q8N335": {"Enrichment": 0.0011599768004639907, "Depletion": 0.998860022799544, "two-tailed": 0.0023199536009279815}}