{"Q8N4T8": {"Enrichment": 0.3159536809263815, "Depletion": 0.6840663186736265, "two-tailed": 0.631907361852763}}