{"Q8N4T8": {"Enrichment": 0.8997420051598968, "Depletion": 0.10027799444011119, "two-tailed": 0.20055598888022239}}