{"Q8N6T7": {"Enrichment": 0.36711265774684504, "Depletion": 0.6329073418531629, "two-tailed": 0.7342253154936901}}