{"Q8N6T7": {"Enrichment": 0.5452090958180836, "Depletion": 0.45481090378192435, "two-tailed": 0.9096218075638487}}