{"Q8N9L9": {"Enrichment": 0.3489930201395972, "Depletion": 0.6510269794604108, "two-tailed": 0.6979860402791944}}