{"Q8N9L9": {"Enrichment": 0.12031759364812704, "Depletion": 0.879702405951881, "two-tailed": 0.24063518729625408}}