{"Q8NBQ5": {"Enrichment": 0.26549469010619786, "Depletion": 0.7345253094938101, "two-tailed": 0.5309893802123957}}