{"Q8NBQ5": {"Enrichment": 0.2611547769044619, "Depletion": 0.7388652226955461, "two-tailed": 0.5223095538089239}}