{"Q8NBZ7": {"Enrichment": 0.8975020499590008, "Depletion": 0.10251794964100717, "two-tailed": 0.20503589928201435}}