{"Q8NBZ7": {"Enrichment": 0.8886022279554409, "Depletion": 0.1114177716445671, "two-tailed": 0.2228355432891342}}