{"Q8NBL1": {"Enrichment": 0.6863662726745465, "Depletion": 0.3136537269254615, "two-tailed": 0.627307453850923}}