{"Q8NBL1": {"Enrichment": 0.754944901101978, "Depletion": 0.24507509849803005, "two-tailed": 0.4901501969960601}}