{"Q8NCC3": {"Enrichment": 0.40117197656046877, "Depletion": 0.5988480230395392, "two-tailed": 0.8023439531209375}}