{"Q8NCC3": {"Enrichment": 0.034499310013799724, "Depletion": 0.9655206895862083, "two-tailed": 0.06899862002759945}}