{"Q8NEJ0": {"Enrichment": 0.377932441351173, "Depletion": 0.622087558248835, "two-tailed": 0.755864882702346}}