{"Q8NEJ0": {"Enrichment": 0.4752304953900922, "Depletion": 0.5247895042099158, "two-tailed": 0.9504609907801844}}