{"Q8NFU3": {"Enrichment": 0.6788064238715226, "Depletion": 0.3212135757284854, "two-tailed": 0.6424271514569708}}