{"Q8NFU3": {"Enrichment": 0.4838303233935321, "Depletion": 0.5161896762064758, "two-tailed": 0.9676606467870642}}