{"Q8NI60": {"Enrichment": 0.25645487090258196, "Depletion": 0.7435651286974261, "two-tailed": 0.5129097418051639}}