{"Q8NI60": {"Enrichment": 0.25387492250154997, "Depletion": 0.746145077098458, "two-tailed": 0.5077498450030999}}