{"Q8TBC4": {"Enrichment": 0.09437811243775124, "Depletion": 0.9056418871622568, "two-tailed": 0.18875622487550248}}