{"Q8TBC4": {"Enrichment": 0.07497850042999141, "Depletion": 0.9250414991700165, "two-tailed": 0.14995700085998281}}