{"Q8TDX7": {"Enrichment": 0.41901161976760465, "Depletion": 0.5810083798324034, "two-tailed": 0.8380232395352093}}