{"Q8TDX7": {"Enrichment": 0.4023319533609328, "Depletion": 0.5976880462390752, "two-tailed": 0.8046639067218656}}