{"Q8TED1": {"Enrichment": 0.2219555608887822, "Depletion": 0.7780644387112258, "two-tailed": 0.4439111217775644}}