{"Q8TE04": {"Enrichment": 0.7208255834883303, "Depletion": 0.2791944161116778, "two-tailed": 0.5583888322233556}}