{"Q8TE04": {"Enrichment": 0.3260334793304134, "Depletion": 0.6739865202695946, "two-tailed": 0.6520669586608268}}