{"Q8TED1": {"Enrichment": 0.22551548969020618, "Depletion": 0.7745045099098018, "two-tailed": 0.45103097938041237}}