{"Q8TF42": {"Enrichment": 0.1748165036699266, "Depletion": 0.8252034959300814, "two-tailed": 0.3496330073398532}}