{"Q8TF76": {"Enrichment": 0.8578628427431452, "Depletion": 0.14215715685686287, "two-tailed": 0.28431431371372573}}