{"Q8TF42": {"Enrichment": 0.6897862042759145, "Depletion": 0.3102337953240935, "two-tailed": 0.620467590648187}}