{"Q8WTR2": {"Enrichment": 0.3014739705205896, "Depletion": 0.6985460290794184, "two-tailed": 0.6029479410411792}}