{"Q8WTU0": {"Enrichment": 0.0871182576348473, "Depletion": 0.9129017419651607, "two-tailed": 0.1742365152696946}}