{"Q8WTR2": {"Enrichment": 0.3008739825203496, "Depletion": 0.6991460170796584, "two-tailed": 0.6017479650406992}}