{"Q8WU08": {"Enrichment": 0.620447591048179, "Depletion": 0.37957240855182894, "two-tailed": 0.7591448171036579}}