{"Q8WU08": {"Enrichment": 0.7230655386892262, "Depletion": 0.2769544609107818, "two-tailed": 0.5539089218215636}}