{"Q8WUI4": {"Enrichment": 0.741565168696626, "Depletion": 0.25845483090338195, "two-tailed": 0.5169096618067639}}