{"Q8WVN8": {"Enrichment": 0.4556908861822764, "Depletion": 0.5443291134177316, "two-tailed": 0.9113817723645528}}