{"Q8WZ42": {"Enrichment": 0.27733445331093376, "Depletion": 0.7226855462890742, "two-tailed": 0.5546689066218675}}