{"Q8WZ42": {"Enrichment": 0.248135037299254, "Depletion": 0.751884962300754, "two-tailed": 0.496270074598508}}