{"Q92772": {"Enrichment": 0.7985040299194016, "Depletion": 0.2015159696806064, "two-tailed": 0.4030319393612128}}