{"Q92769": {"Enrichment": 0.4849503009939801, "Depletion": 0.5150696986060279, "two-tailed": 0.9699006019879602}}