{"Q92743": {"Enrichment": 0.8171036579268415, "Depletion": 0.18291634167316653, "two-tailed": 0.36583268334633307}}