{"Q92743": {"Enrichment": 0.8862022759544809, "Depletion": 0.11381772364552709, "two-tailed": 0.22763544729105417}}