{"Q92772": {"Enrichment": 0.7886842263154736, "Depletion": 0.21133577328453432, "two-tailed": 0.42267154656906863}}