{"Q92830": {"Enrichment": 0.4123917521649567, "Depletion": 0.5876282474350513, "two-tailed": 0.8247835043299134}}