{"Q92831": {"Enrichment": 0.2688346233075338, "Depletion": 0.7311853762924742, "two-tailed": 0.5376692466150677}}