{"Q92831": {"Enrichment": 0.2574548509029819, "Depletion": 0.7425651486970261, "two-tailed": 0.5149097018059638}}