{"Q92876": {"Enrichment": 0.5521489570208595, "Depletion": 0.4478710425791484, "two-tailed": 0.8957420851582968}}