{"Q92830": {"Enrichment": 0.40677186456270875, "Depletion": 0.5932481350372992, "two-tailed": 0.8135437291254175}}