{"Q92820": {"Enrichment": 0.2998740025199496, "Depletion": 0.7001459970800584, "two-tailed": 0.5997480050398992}}