{"Q92820": {"Enrichment": 0.17333653326933463, "Depletion": 0.8266834663306734, "two-tailed": 0.34667306653866925}}