{"Q92918": {"Enrichment": 0.6482470350592988, "Depletion": 0.35177296454070917, "two-tailed": 0.7035459290814183}}