{"Q92947": {"Enrichment": 0.5668486630267394, "Depletion": 0.43317133657326856, "two-tailed": 0.8663426731465371}}