{"Q92918": {"Enrichment": 0.7408451830963381, "Depletion": 0.2591748165036699, "two-tailed": 0.5183496330073398}}