{"Q92947": {"Enrichment": 0.5605487890242196, "Depletion": 0.4394712105757885, "two-tailed": 0.878942421151577}}