{"Q92932": {"Enrichment": 0.6166276674466511, "Depletion": 0.38339233215335694, "two-tailed": 0.7667846643067139}}