{"Q93096": {"Enrichment": 0.1364972700545989, "Depletion": 0.8635227295454091, "two-tailed": 0.2729945401091978}}