{"Q93091": {"Enrichment": 0.3991320173596528, "Depletion": 0.6008879822403552, "two-tailed": 0.7982640347193056}}