{"Q93096": {"Enrichment": 0.0635787284254315, "Depletion": 0.9364412711745765, "two-tailed": 0.127157456850863}}