{"Q969G6": {"Enrichment": 0.5679286414271715, "Depletion": 0.43209135817283656, "two-tailed": 0.8641827163456731}}