{"Q96AP4": {"Enrichment": 0.3407531849363013, "Depletion": 0.6592668146637067, "two-tailed": 0.6815063698726026}}