{"Q96BN8": {"Enrichment": 0.4746505069898602, "Depletion": 0.5253694926101478, "two-tailed": 0.9493010139797204}}