{"Q96C86": {"Enrichment": 0.3345933081338373, "Depletion": 0.6654266914661707, "two-tailed": 0.6691866162676746}}