{"Q96C23": {"Enrichment": 0.03161936761264775, "Depletion": 0.9684006319873603, "two-tailed": 0.0632387352252955}}