{"Q96CB9": {"Enrichment": 0.8242235155296894, "Depletion": 0.1757964840703186, "two-tailed": 0.3515929681406372}}