{"Q96C86": {"Enrichment": 0.5474490510189797, "Depletion": 0.45257094858102836, "two-tailed": 0.9051418971620567}}