{"Q96EF0": {"Enrichment": 0.13401731965360691, "Depletion": 0.8660026799464011, "two-tailed": 0.26803463930721383}}