{"Q96EP0": {"Enrichment": 0.03305933881322374, "Depletion": 0.9669606607867842, "two-tailed": 0.06611867762644748}}