{"Q96EP0": {"Enrichment": 0.3011539769204616, "Depletion": 0.6988660226795465, "two-tailed": 0.6023079538409232}}