{"Q96EF0": {"Enrichment": 0.06731865362692746, "Depletion": 0.9327013459730805, "two-tailed": 0.13463730725385492}}