{"Q96EB6": {"Enrichment": 0.27441451170976583, "Depletion": 0.7256054878902422, "two-tailed": 0.5488290234195317}}