{"Q96FZ2": {"Enrichment": 0.9343613127737446, "Depletion": 0.06565868682626347, "two-tailed": 0.13131737365252694}}