{"Q96FI4": {"Enrichment": 0.751284974300514, "Depletion": 0.248735025299494, "two-tailed": 0.497470050598988}}