{"Q96FI4": {"Enrichment": 0.5307493850122997, "Depletion": 0.46927061458770825, "two-tailed": 0.9385412291754165}}