{"Q96GX9": {"Enrichment": 0.1741365172696546, "Depletion": 0.8258834823303534, "two-tailed": 0.3482730345393092}}