{"Q96GD0": {"Enrichment": 0.4799304013919722, "Depletion": 0.5200895982080358, "two-tailed": 0.9598608027839444}}