{"Q96GD0": {"Enrichment": 0.6859662806743865, "Depletion": 0.3140537189256215, "two-tailed": 0.628107437851243}}