{"Q96GX9": {"Enrichment": 0.1115377692446151, "Depletion": 0.8884822303553929, "two-tailed": 0.2230755384892302}}