{"Q96HA8": {"Enrichment": 0.2150356992860143, "Depletion": 0.7849843003139937, "two-tailed": 0.4300713985720286}}