{"Q96HA8": {"Enrichment": 0.05059898802023959, "Depletion": 0.9494210115797684, "two-tailed": 0.10119797604047918}}