{"Q96I15": {"Enrichment": 0.3098738025239495, "Depletion": 0.6901461970760585, "two-tailed": 0.619747605047899}}