{"Q96I15": {"Enrichment": 0.3102337953240935, "Depletion": 0.6897862042759145, "two-tailed": 0.620467590648187}}