{"Q96IY4": {"Enrichment": 0.16653666926661467, "Depletion": 0.8334833303333933, "two-tailed": 0.33307333853322935}}