{"Q96IU4": {"Enrichment": 0.8481830363392732, "Depletion": 0.1518369632607348, "two-tailed": 0.3036739265214696}}