{"Q96IY4": {"Enrichment": 0.07791844163116737, "Depletion": 0.9221015579688406, "two-tailed": 0.15583688326233475}}