{"Q96IU4": {"Enrichment": 0.745445091098178, "Depletion": 0.25457490850182996, "two-tailed": 0.5091498170036599}}