{"Q96KP4": {"Enrichment": 0.5956080878382433, "Depletion": 0.4044119117617648, "two-tailed": 0.8088238235235296}}