{"Q96KN2": {"Enrichment": 0.28391432171356573, "Depletion": 0.7161056778864423, "two-tailed": 0.5678286434271315}}