{"Q96KP4": {"Enrichment": 0.13391732165356693, "Depletion": 0.866102677946441, "two-tailed": 0.26783464330713386}}