{"Q96KB5": {"Enrichment": 0.9905801883962321, "Depletion": 0.009439811203775924, "two-tailed": 0.01887962240755185}}