{"Q96LA8": {"Enrichment": 0.635907281854363, "Depletion": 0.3641127177456451, "two-tailed": 0.7282254354912902}}