{"Q96L34": {"Enrichment": 0.6056278874422512, "Depletion": 0.3943921121577568, "two-tailed": 0.7887842243155136}}