{"Q96L34": {"Enrichment": 0.5187696246075079, "Depletion": 0.4812503749925002, "two-tailed": 0.9625007499850003}}