{"Q96PU5": {"Enrichment": 0.10843783124337514, "Depletion": 0.8915821683566328, "two-tailed": 0.21687566248675028}}