{"Q96PY6": {"Enrichment": 0.7812843743125137, "Depletion": 0.21873562528749424, "two-tailed": 0.4374712505749885}}