{"Q96Q04": {"Enrichment": 0.8988620227595449, "Depletion": 0.1011579768404632, "two-tailed": 0.2023159536809264}}