{"Q96Q04": {"Enrichment": 0.759064818703626, "Depletion": 0.24095518089638207, "two-tailed": 0.48191036179276414}}