{"Q96RG2": {"Enrichment": 0.8376632467350653, "Depletion": 0.1623567528649427, "two-tailed": 0.3247135057298854}}