{"Q96S44": {"Enrichment": 0.8920021599568009, "Depletion": 0.10801783964320713, "two-tailed": 0.21603567928641426}}