{"Q96SL4": {"Enrichment": 0.29003419931601365, "Depletion": 0.7099858002839943, "two-tailed": 0.5800683986320273}}