{"Q99436": {"Enrichment": 0.3247135057298854, "Depletion": 0.6753064938701226, "two-tailed": 0.6494270114597708}}