{"Q99497": {"Enrichment": 0.6471670566588669, "Depletion": 0.35285294294114117, "two-tailed": 0.7057058858822823}}