{"Q99558": {"Enrichment": 0.5878882422351553, "Depletion": 0.4121317573648527, "two-tailed": 0.8242635147297054}}