{"Q99538": {"Enrichment": 0.4001519969600608, "Depletion": 0.5998680026399472, "two-tailed": 0.8003039939201216}}