{"Q99538": {"Enrichment": 0.4015519689606208, "Depletion": 0.5984680306393872, "two-tailed": 0.8031039379212416}}