{"Q99558": {"Enrichment": 0.5342093158136837, "Depletion": 0.4658106837863243, "two-tailed": 0.9316213675726486}}