{"Q99640": {"Enrichment": 0.8519829603407932, "Depletion": 0.14803703925921483, "two-tailed": 0.29607407851842965}}