{"Q99757": {"Enrichment": 0.20925581488370232, "Depletion": 0.7907641847163057, "two-tailed": 0.41851162976740464}}