{"Q99757": {"Enrichment": 0.05933881322373553, "Depletion": 0.9406811863762725, "two-tailed": 0.11867762644747105}}