{"Q99714": {"Enrichment": 0.41627167456650865, "Depletion": 0.5837483250334994, "two-tailed": 0.8325433491330173}}