{"Q99895": {"Enrichment": 0.33343333133337333, "Depletion": 0.6665866682666347, "two-tailed": 0.6668666626667467}}