{"Q99873": {"Enrichment": 0.7417651646967061, "Depletion": 0.2582548349033019, "two-tailed": 0.5165096698066038}}