{"Q99895": {"Enrichment": 0.45389092218155636, "Depletion": 0.5461290774184516, "two-tailed": 0.9077818443631127}}