{"Q99952": {"Enrichment": 0.3395132097358053, "Depletion": 0.6605067898642027, "two-tailed": 0.6790264194716106}}