{"Q99986": {"Enrichment": 0.8958820823583529, "Depletion": 0.10413791724165516, "two-tailed": 0.20827583448331033}}