{"Q99956": {"Enrichment": 0.3902721945561089, "Depletion": 0.6097478050438991, "two-tailed": 0.7805443891122178}}