{"Q9BPX1": {"Enrichment": 0.997500049999, "Depletion": 0.00251994960100798, "two-tailed": 0.00503989920201596}}