{"Q9BPX1": {"Enrichment": 0.8545029099418011, "Depletion": 0.14551708965820684, "two-tailed": 0.2910341793164137}}