{"Q9BRA2": {"Enrichment": 0.1005579888402232, "Depletion": 0.8994620107597848, "two-tailed": 0.2011159776804464}}