{"Q9BRA2": {"Enrichment": 0.3132137357252855, "Depletion": 0.6868062638747225, "two-tailed": 0.626427471450571}}