{"Q9BRS2": {"Enrichment": 0.40345193096138077, "Depletion": 0.5965680686386272, "two-tailed": 0.8069038619227615}}