{"Q9BTZ2": {"Enrichment": 0.8175036499270014, "Depletion": 0.18251634967300653, "two-tailed": 0.36503269934601307}}