{"Q9BTZ2": {"Enrichment": 0.24657506849863003, "Depletion": 0.753444931101378, "two-tailed": 0.49315013699726007}}