{"Q9BUP3": {"Enrichment": 0.9947801043979121, "Depletion": 0.0052398952020959585, "two-tailed": 0.010479790404191917}}