{"Q9BUP3": {"Enrichment": 0.9361612767744645, "Depletion": 0.06385872282554349, "two-tailed": 0.12771744565108697}}