{"Q9BUT1": {"Enrichment": 0.877622447551049, "Depletion": 0.12239755204895902, "two-tailed": 0.24479510409791805}}