{"Q9BUT1": {"Enrichment": 0.33959320813583727, "Depletion": 0.6604267914641707, "two-tailed": 0.6791864162716745}}