{"Q9BVM4": {"Enrichment": 0.04915901681966361, "Depletion": 0.9508609827803444, "two-tailed": 0.09831803363932722}}