{"Q9BV20": {"Enrichment": 0.13019739605207895, "Depletion": 0.8698226035479291, "two-tailed": 0.2603947921041579}}