{"Q9BVS4": {"Enrichment": 0.7872442551148977, "Depletion": 0.2127757444851103, "two-tailed": 0.4255514889702206}}