{"Q9BV79": {"Enrichment": 0.22953540929181415, "Depletion": 0.7704845903081938, "two-tailed": 0.4590708185836283}}