{"Q9BVJ7": {"Enrichment": 0.16973660526789464, "Depletion": 0.8302833943321134, "two-tailed": 0.33947321053578927}}