{"Q9BV23": {"Enrichment": 0.7370252594948101, "Depletion": 0.2629947401051979, "two-tailed": 0.5259894802103958}}