{"Q9BVA6": {"Enrichment": 0.3162336753264935, "Depletion": 0.6837863242735145, "two-tailed": 0.632467350652987}}