{"Q9BV47": {"Enrichment": 0.3518129637407252, "Depletion": 0.6482070358592829, "two-tailed": 0.7036259274814504}}