{"Q9BVJ7": {"Enrichment": 0.3983520329593408, "Depletion": 0.6016679666406672, "two-tailed": 0.7967040659186816}}