{"Q9BWD1": {"Enrichment": 0.6352072958540829, "Depletion": 0.36481270374592506, "two-tailed": 0.7296254074918501}}