{"Q9BWD1": {"Enrichment": 0.742705145897082, "Depletion": 0.25731485370292595, "two-tailed": 0.5146297074058519}}