{"Q9BXR5": {"Enrichment": 0.6709865802683946, "Depletion": 0.32903341933161334, "two-tailed": 0.6580668386632267}}