{"Q9BXD5": {"Enrichment": 0.19187616247675046, "Depletion": 0.8081438371232575, "two-tailed": 0.3837523249535009}}