{"Q9BXR0": {"Enrichment": 0.1982560348793024, "Depletion": 0.8017639647207055, "two-tailed": 0.3965120697586048}}