{"Q9BXS1": {"Enrichment": 0.06655866882662347, "Depletion": 0.9334613307733846, "two-tailed": 0.13311733765324693}}