{"Q9BXR0": {"Enrichment": 0.004539909201815964, "Depletion": 0.9954800903981921, "two-tailed": 0.009079818403631928}}