{"Q9BXD5": {"Enrichment": 0.03257934841303174, "Depletion": 0.9674406511869763, "two-tailed": 0.06515869682606348}}