{"Q9BY41": {"Enrichment": 0.14807703845923081, "Depletion": 0.8519429611407772, "two-tailed": 0.29615407691846163}}