{"Q9BY84": {"Enrichment": 0.6179076418471631, "Depletion": 0.38211235775284497, "two-tailed": 0.7642247155056899}}