{"Q9BY41": {"Enrichment": 0.0869782604347913, "Depletion": 0.9130417391652167, "two-tailed": 0.1739565208695826}}