{"Q9BYP7": {"Enrichment": 0.11635767284654307, "Depletion": 0.8836623267534649, "two-tailed": 0.23271534569308613}}