{"Q9BYF1": {"Enrichment": 0.4347113057738845, "Depletion": 0.5653086938261235, "two-tailed": 0.869422611547769}}