{"Q9BYP7": {"Enrichment": 0.07737845243095139, "Depletion": 0.9226415471690567, "two-tailed": 0.15475690486190277}}