{"Q9BYT8": {"Enrichment": 0.6794664106717866, "Depletion": 0.32055358892822144, "two-tailed": 0.6411071778564429}}