{"Q9BYT8": {"Enrichment": 0.8572828543429132, "Depletion": 0.14273714525709486, "two-tailed": 0.2854742905141897}}