{"Q9BY49": {"Enrichment": 0.75102497950041, "Depletion": 0.248995020099598, "two-tailed": 0.497990040199196}}