{"Q9BY84": {"Enrichment": 0.6164276714465711, "Depletion": 0.3835923281534369, "two-tailed": 0.7671846563068738}}