{"Q9BY49": {"Enrichment": 0.878762424751505, "Depletion": 0.12125757484850302, "two-tailed": 0.24251514969700605}}