{"Q9BZP6": {"Enrichment": 0.9009019819603608, "Depletion": 0.09911801763964721, "two-tailed": 0.19823603527929443}}