{"Q9BZ11": {"Enrichment": 0.6673866522669547, "Depletion": 0.33263334733305333, "two-tailed": 0.6652666946661067}}