{"Q9BZ23": {"Enrichment": 0.7101057978840423, "Depletion": 0.28991420171596566, "two-tailed": 0.5798284034319313}}