{"Q9BZ11": {"Enrichment": 0.7623447531049379, "Depletion": 0.2376752464950701, "two-tailed": 0.4753504929901402}}