{"Q9BZ23": {"Enrichment": 0.9625007499850003, "Depletion": 0.0375192496150077, "two-tailed": 0.0750384992300154}}