{"Q9GZZ9": {"Enrichment": 0.050518989620207594, "Depletion": 0.9495010099798004, "two-tailed": 0.10103797924041519}}