{"Q9GZU7": {"Enrichment": 0.252814943701126, "Depletion": 0.747205055898882, "two-tailed": 0.505629887402252}}