{"Q9GZZ9": {"Enrichment": 0.052258954820903585, "Depletion": 0.9477610447791044, "two-tailed": 0.10451790964180717}}