{"Q9GZT4": {"Enrichment": 0.4456310873782524, "Depletion": 0.5543889122217556, "two-tailed": 0.8912621747565048}}