{"Q9GZT4": {"Enrichment": 0.3387732245355093, "Depletion": 0.6612467750644987, "two-tailed": 0.6775464490710186}}