{"Q9GZU7": {"Enrichment": 0.6433471330573388, "Depletion": 0.35667286654266916, "two-tailed": 0.7133457330853383}}