{"Q9H0M0": {"Enrichment": 0.3184136317273655, "Depletion": 0.6816063678726425, "two-tailed": 0.636827263454731}}