{"Q9H0P0": {"Enrichment": 0.015919681606367874, "Depletion": 0.9841003179936402, "two-tailed": 0.03183936321273575}}