{"Q9H040": {"Enrichment": 0.9129817403651928, "Depletion": 0.0870382592348153, "two-tailed": 0.1740765184696306}}