{"Q9H0P0": {"Enrichment": 0.30951380972380554, "Depletion": 0.6905061898762025, "two-tailed": 0.6190276194476111}}