{"Q9H1R2": {"Enrichment": 0.500909981800364, "Depletion": 0.49911001779964403, "two-tailed": 0.9982200355992881}}