{"Q9H1R2": {"Enrichment": 0.49795004099918, "Depletion": 0.502069958600828, "two-tailed": 0.99590008199836}}