{"Q9H2G2": {"Enrichment": 0.7850442991140177, "Depletion": 0.21497570048599027, "two-tailed": 0.42995140097198054}}