{"Q9H227": {"Enrichment": 0.48289034219315613, "Depletion": 0.5171296574068519, "two-tailed": 0.9657806843863123}}