{"Q9H2G2": {"Enrichment": 0.7855842883142338, "Depletion": 0.2144357112857743, "two-tailed": 0.4288714225715486}}