{"Q9H227": {"Enrichment": 0.47355052898942024, "Depletion": 0.5264694706105878, "two-tailed": 0.9471010579788405}}