{"Q9H2K8": {"Enrichment": 0.8037839243215136, "Depletion": 0.19623607527849443, "two-tailed": 0.39247215055698886}}