{"Q9H3M9": {"Enrichment": 0.9825603487930241, "Depletion": 0.017459650806983862, "two-tailed": 0.034919301613967724}}