{"Q9H3M9": {"Enrichment": 0.44799104017919644, "Depletion": 0.5520289594208115, "two-tailed": 0.8959820803583929}}