{"Q9H477": {"Enrichment": 0.29207415851682966, "Depletion": 0.7079458410831784, "two-tailed": 0.5841483170336593}}