{"Q9H477": {"Enrichment": 0.32055358892822144, "Depletion": 0.6794664106717866, "two-tailed": 0.6411071778564429}}