{"Q9H4Y5": {"Enrichment": 0.10427791444171117, "Depletion": 0.8957420851582968, "two-tailed": 0.20855582888342233}}