{"Q9H4B4": {"Enrichment": 0.8862622747545049, "Depletion": 0.11375772484550309, "two-tailed": 0.22751544969100618}}