{"Q9H4B4": {"Enrichment": 0.7214255714885702, "Depletion": 0.27859442811143775, "two-tailed": 0.5571888562228755}}