{"Q9H4Y5": {"Enrichment": 0.055378892422151556, "Depletion": 0.9446411071778564, "two-tailed": 0.11075778484430311}}