{"Q9H7X0": {"Enrichment": 0.5279894402111958, "Depletion": 0.4720305593888122, "two-tailed": 0.9440611187776244}}