{"Q9H7X0": {"Enrichment": 0.1763564728705426, "Depletion": 0.8236635267294654, "two-tailed": 0.3527129457410852}}