{"Q9H999": {"Enrichment": 0.620387592248155, "Depletion": 0.37963240735185294, "two-tailed": 0.7592648147037059}}