{"Q9H999": {"Enrichment": 0.9379412411751765, "Depletion": 0.0620787584248315, "two-tailed": 0.124157516849663}}