{"Q9HAZ1": {"Enrichment": 0.8624827503449931, "Depletion": 0.1375372492550149, "two-tailed": 0.2750744985100298}}