{"Q9HAU4": {"Enrichment": 0.10693786124277514, "Depletion": 0.8930821383572328, "two-tailed": 0.21387572248555028}}