{"Q9HAZ1": {"Enrichment": 0.7797444051118978, "Depletion": 0.22027559448811024, "two-tailed": 0.4405511889762205}}