{"Q9HCP0": {"Enrichment": 0.9680206395872083, "Depletion": 0.031999360012799745, "two-tailed": 0.06399872002559949}}