{"Q9HC16": {"Enrichment": 0.8915621687566249, "Depletion": 0.10845783084338313, "two-tailed": 0.21691566168676626}}