{"Q9HC16": {"Enrichment": 0.8908621827563449, "Depletion": 0.10915781684366313, "two-tailed": 0.21831563368732626}}