{"Q9HC62": {"Enrichment": 0.7270854582908342, "Depletion": 0.27293454130917383, "two-tailed": 0.5458690826183477}}