{"Q9NPB1": {"Enrichment": 0.29397412051758964, "Depletion": 0.7060458790824183, "two-tailed": 0.5879482410351793}}