{"Q9NPH0": {"Enrichment": 0.4506909861802764, "Depletion": 0.5493290134197316, "two-tailed": 0.9013819723605528}}