{"Q9NPZ5": {"Enrichment": 0.2376952460950781, "Depletion": 0.7623247535049299, "two-tailed": 0.4753904921901562}}