{"Q9NPH0": {"Enrichment": 0.4164116717665647, "Depletion": 0.5836083278334433, "two-tailed": 0.8328233435331294}}