{"Q9NPB1": {"Enrichment": 0.4766704665906682, "Depletion": 0.5233495330093398, "two-tailed": 0.9533409331813364}}