{"Q9NPZ5": {"Enrichment": 0.2361952760944781, "Depletion": 0.7638247235055299, "two-tailed": 0.4723905521889562}}