{"Q9NQU5": {"Enrichment": 0.632707345853083, "Depletion": 0.36731265374692507, "two-tailed": 0.7346253074938501}}