{"Q9NQU5": {"Enrichment": 0.7327853442931141, "Depletion": 0.2672346553068939, "two-tailed": 0.5344693106137878}}