{"Q9NRW4": {"Enrichment": 0.4635707285854283, "Depletion": 0.5364492710145797, "two-tailed": 0.9271414571708566}}