{"Q9NRH2": {"Enrichment": 0.7086258274834504, "Depletion": 0.29139417211655766, "two-tailed": 0.5827883442331153}}