{"Q9NRF8": {"Enrichment": 0.4035919281614368, "Depletion": 0.5964280714385712, "two-tailed": 0.8071838563228736}}