{"Q9NRF8": {"Enrichment": 0.624507509849803, "Depletion": 0.375512489750205, "two-tailed": 0.75102497950041}}