{"Q9NR22": {"Enrichment": 0.614507709845803, "Depletion": 0.38551228975420493, "two-tailed": 0.7710245795084099}}