{"Q9NRW3": {"Enrichment": 0.1759364812703746, "Depletion": 0.8240835183296334, "two-tailed": 0.3518729625407492}}