{"Q9NRW4": {"Enrichment": 0.46601067978640426, "Depletion": 0.5340093198136038, "two-tailed": 0.9320213595728085}}