{"Q9NSY1": {"Enrichment": 0.8128437431251375, "Depletion": 0.1871762564748705, "two-tailed": 0.374352512949741}}