{"Q9NTG7": {"Enrichment": 0.01993960120797584, "Depletion": 0.9800803983920322, "two-tailed": 0.03987920241595168}}