{"Q9NTG7": {"Enrichment": 0.01855962880742385, "Depletion": 0.9814603707925842, "two-tailed": 0.0371192576148477}}