{"Q9NUW8": {"Enrichment": 0.2652946941061179, "Depletion": 0.7347253054938901, "two-tailed": 0.5305893882122358}}