{"Q9NUW8": {"Enrichment": 0.1625567488650227, "Depletion": 0.8374632507349853, "two-tailed": 0.3251134977300454}}