{"Q9NWZ3": {"Enrichment": 0.6075078498430031, "Depletion": 0.3925121497570049, "two-tailed": 0.7850242995140098}}