{"Q9NWW6": {"Enrichment": 0.5463290734185317, "Depletion": 0.4536909261814764, "two-tailed": 0.9073818523629528}}