{"Q9NWZ3": {"Enrichment": 0.6429671406571869, "Depletion": 0.3570528589428211, "two-tailed": 0.7141057178856423}}