{"Q9NX74": {"Enrichment": 0.6576868462630747, "Depletion": 0.34233315333693326, "two-tailed": 0.6846663066738665}}