{"Q9NXA8": {"Enrichment": 0.0122997540049199, "Depletion": 0.9877202455950881, "two-tailed": 0.0245995080098398}}