{"Q9NYA1": {"Enrichment": 0.9410611787764245, "Depletion": 0.05895882082358353, "two-tailed": 0.11791764164716706}}