{"Q9NYA1": {"Enrichment": 0.9876202475950481, "Depletion": 0.0123997520049599, "two-tailed": 0.0247995040099198}}