{"Q9NYY3": {"Enrichment": 0.8425631487370253, "Depletion": 0.15745685086298275, "two-tailed": 0.3149137017259655}}