{"Q9NY33": {"Enrichment": 0.6063478730425391, "Depletion": 0.39367212655746886, "two-tailed": 0.7873442531149377}}