{"Q9NYL2": {"Enrichment": 0.623167536649267, "Depletion": 0.376852462950741, "two-tailed": 0.753704925901482}}