{"Q9NYL2": {"Enrichment": 0.5205695886082279, "Depletion": 0.47945041099178015, "two-tailed": 0.9589008219835603}}