{"Q9NYV4": {"Enrichment": 0.9132017359652806, "Depletion": 0.0868182636347273, "two-tailed": 0.1736365272694546}}