{"Q9NYY3": {"Enrichment": 0.8413031739365213, "Depletion": 0.15871682566348674, "two-tailed": 0.3174336513269735}}