{"Q9NZK5": {"Enrichment": 0.8055438891222175, "Depletion": 0.19447611047779045, "two-tailed": 0.3889522209555809}}