{"Q9NZ08": {"Enrichment": 0.9184016319673607, "Depletion": 0.08161836763264735, "two-tailed": 0.1632367352652947}}