{"Q9NZ08": {"Enrichment": 0.9383812323753525, "Depletion": 0.06163876722465551, "two-tailed": 0.12327753444931101}}