{"Q9NZV6": {"Enrichment": 0.07527849443011139, "Depletion": 0.9247415051698966, "two-tailed": 0.15055698886022278}}