{"Q9P0L2": {"Enrichment": 0.750604987900242, "Depletion": 0.24941501169976601, "two-tailed": 0.49883002339953203}}