{"Q9P0L2": {"Enrichment": 0.748345033099338, "Depletion": 0.25167496650067, "two-tailed": 0.50334993300134}}