{"Q9P289": {"Enrichment": 0.5251294974100518, "Depletion": 0.4748905021899562, "two-tailed": 0.9497810043799124}}