{"Q9P2W7": {"Enrichment": 0.3844323113537729, "Depletion": 0.6155876882462351, "two-tailed": 0.7688646227075459}}