{"Q9P2T1": {"Enrichment": 0.008079838403231935, "Depletion": 0.9919401611967761, "two-tailed": 0.01615967680646387}}