{"Q9P286": {"Enrichment": 0.6504269914601708, "Depletion": 0.3495930081398372, "two-tailed": 0.6991860162796744}}