{"Q9P2W7": {"Enrichment": 0.3913721725565489, "Depletion": 0.6086478270434591, "two-tailed": 0.7827443451130978}}