{"Q9P289": {"Enrichment": 0.6995460090798185, "Depletion": 0.3004739905201896, "two-tailed": 0.6009479810403792}}