{"Q9UBQ7": {"Enrichment": 0.621507569848603, "Depletion": 0.378512429751405, "two-tailed": 0.75702485950281}}