{"Q9UBC3": {"Enrichment": 0.14093718125637486, "Depletion": 0.8590828183436331, "two-tailed": 0.2818743625127497}}