{"Q9UBN7": {"Enrichment": 0.10541789164216715, "Depletion": 0.8946021079578409, "two-tailed": 0.2108357832843343}}