{"Q9UBR2": {"Enrichment": 0.06053878922421552, "Depletion": 0.9394812103757925, "two-tailed": 0.12107757844843103}}