{"Q9UBR2": {"Enrichment": 0.058898822023559526, "Depletion": 0.9411211775764484, "two-tailed": 0.11779764404711905}}