{"Q9UBC3": {"Enrichment": 0.250894982100358, "Depletion": 0.74912501749965, "two-tailed": 0.501789964200716}}