{"Q9UDY8": {"Enrichment": 0.8532429351412971, "Depletion": 0.14677706445871083, "two-tailed": 0.29355412891742166}}