{"Q9UDY8": {"Enrichment": 0.8512429751404972, "Depletion": 0.1487770244595108, "two-tailed": 0.2975540489190216}}