{"Q9UGN5": {"Enrichment": 0.19575608487830243, "Depletion": 0.8042639147217056, "two-tailed": 0.39151216975660486}}