{"Q9UGP5": {"Enrichment": 0.35285294294114117, "Depletion": 0.6471670566588669, "two-tailed": 0.7057058858822823}}