{"Q9UGN5": {"Enrichment": 0.20421591568168637, "Depletion": 0.7958040839183216, "two-tailed": 0.40843183136337274}}