{"Q9UHL4": {"Enrichment": 0.3656326873462531, "Depletion": 0.6343873122537549, "two-tailed": 0.7312653746925062}}