{"Q9UHD2": {"Enrichment": 0.5426091478170436, "Depletion": 0.45741085178296437, "two-tailed": 0.9148217035659287}}