{"Q9UHD2": {"Enrichment": 0.48149037019259616, "Depletion": 0.5185296294074119, "two-tailed": 0.9629807403851923}}