{"Q9UHI8": {"Enrichment": 0.25433491330173397, "Depletion": 0.745685086298274, "two-tailed": 0.5086698266034679}}