{"Q9UHI8": {"Enrichment": 0.14697706045879083, "Depletion": 0.8530429391412172, "two-tailed": 0.29395412091758166}}