{"Q9UIF7": {"Enrichment": 0.878342433151337, "Depletion": 0.12167756644867103, "two-tailed": 0.24335513289734206}}