{"Q9UIK4": {"Enrichment": 0.5798284034319313, "Depletion": 0.42019159616807666, "two-tailed": 0.8403831923361533}}