{"Q9UIQ6": {"Enrichment": 0.865062698746025, "Depletion": 0.13495730085398291, "two-tailed": 0.26991460170796583}}