{"Q9UII6": {"Enrichment": 0.3593928121437571, "Depletion": 0.6406271874562509, "two-tailed": 0.7187856242875142}}