{"Q9UI42": {"Enrichment": 0.20127597448051038, "Depletion": 0.7987440251194976, "two-tailed": 0.40255194896102076}}