{"Q9UIQ6": {"Enrichment": 0.7384452310953781, "Depletion": 0.2615747685046299, "two-tailed": 0.5231495370092598}}