{"Q9UIF7": {"Enrichment": 0.5209095818083639, "Depletion": 0.47911041779164415, "two-tailed": 0.9582208355832883}}