{"Q9UIK4": {"Enrichment": 0.5683886322273555, "Depletion": 0.43163136737265256, "two-tailed": 0.8632627347453051}}