{"Q9UI43": {"Enrichment": 0.6802863942721146, "Depletion": 0.31973360532789347, "two-tailed": 0.6394672106557869}}