{"Q9UI42": {"Enrichment": 0.248195036099278, "Depletion": 0.75182496350073, "two-tailed": 0.496390072198556}}