{"Q9UJM8": {"Enrichment": 0.23443531129377412, "Depletion": 0.7655846883062338, "two-tailed": 0.46887062258754825}}