{"Q9UKU7": {"Enrichment": 0.7253454930901382, "Depletion": 0.2746745065098698, "two-tailed": 0.5493490130197396}}