{"Q9UKU7": {"Enrichment": 0.7237855242895143, "Depletion": 0.2762344753104938, "two-tailed": 0.5524689506209876}}