{"Q9UK32": {"Enrichment": 0.6590668186636267, "Depletion": 0.3409531809363813, "two-tailed": 0.6819063618727625}}