{"Q9UL01": {"Enrichment": 0.08003839923201536, "Depletion": 0.9199816003679926, "two-tailed": 0.16007679846403072}}