{"Q9ULX7": {"Enrichment": 0.13403731925361492, "Depletion": 0.865982680346393, "two-tailed": 0.26807463850722985}}