{"Q9UL52": {"Enrichment": 0.1486570268594628, "Depletion": 0.8513629727405452, "two-tailed": 0.2973140537189256}}