{"Q9UL52": {"Enrichment": 0.1639167216655667, "Depletion": 0.8361032779344413, "two-tailed": 0.3278334433311334}}