{"Q9UL01": {"Enrichment": 0.18537629247415052, "Depletion": 0.8146437071258574, "two-tailed": 0.37075258494830104}}