{"Q9UMR5": {"Enrichment": 0.1488570228595428, "Depletion": 0.8511629767404651, "two-tailed": 0.2977140457190856}}