{"Q9UM07": {"Enrichment": 0.1498770024599508, "Depletion": 0.8501429971400571, "two-tailed": 0.2997540049199016}}