{"Q9UMR5": {"Enrichment": 0.1494770104597908, "Depletion": 0.8505429891402172, "two-tailed": 0.2989540209195816}}