{"Q9UNI6": {"Enrichment": 0.3884322313553729, "Depletion": 0.6115877682446351, "two-tailed": 0.7768644627107458}}