{"Q9UNA4": {"Enrichment": 0.507829843403132, "Depletion": 0.49219015619687606, "two-tailed": 0.9843803123937521}}