{"Q9UNA0": {"Enrichment": 0.25037499250015, "Depletion": 0.749645007099858, "two-tailed": 0.5007499850003}}