{"Q9UNA4": {"Enrichment": 0.509329813403732, "Depletion": 0.4906901861962761, "two-tailed": 0.9813803723925522}}