{"Q9UNA0": {"Enrichment": 0.20505589888202236, "Depletion": 0.7949641007179856, "two-tailed": 0.4101117977640447}}