{"Q9UQB9": {"Enrichment": 0.9903401931961361, "Depletion": 0.009679806403871923, "two-tailed": 0.019359612807743846}}