{"Q9UQQ1": {"Enrichment": 0.38071238575228494, "Depletion": 0.619307613847723, "two-tailed": 0.7614247715045699}}