{"Q9UQB9": {"Enrichment": 0.9260014799704006, "Depletion": 0.07401851962960741, "two-tailed": 0.14803703925921483}}