{"Q9UQQ1": {"Enrichment": 0.3360732785344293, "Depletion": 0.6639467210655787, "two-tailed": 0.6721465570688586}}