{"Q9UQM7": {"Enrichment": 0.7778044439111218, "Depletion": 0.22221555568888623, "two-tailed": 0.44443111137777247}}