{"Q9Y251": {"Enrichment": 0.5779284414311714, "Depletion": 0.42209155816883664, "two-tailed": 0.8441831163376733}}