{"Q9Y2J8": {"Enrichment": 0.0631387372252555, "Depletion": 0.9368812623747526, "two-tailed": 0.126277474450511}}