{"Q9Y251": {"Enrichment": 0.8639427211455771, "Depletion": 0.1360772784544309, "two-tailed": 0.2721545569088618}}