{"Q9Y227": {"Enrichment": 0.09069818603627927, "Depletion": 0.9093218135637288, "two-tailed": 0.18139637207255854}}