{"Q9Y235": {"Enrichment": 0.3217335653286934, "Depletion": 0.6782864342713145, "two-tailed": 0.6434671306573868}}