{"Q9Y2G5": {"Enrichment": 0.07817843643127137, "Depletion": 0.9218415631687367, "two-tailed": 0.15635687286254274}}