{"Q9Y2C4": {"Enrichment": 0.4972500549989, "Depletion": 0.502769944601108, "two-tailed": 0.9945001099978}}