{"Q9Y227": {"Enrichment": 0.14579708405831884, "Depletion": 0.8542229155416892, "two-tailed": 0.2915941681166377}}