{"Q9Y2R2": {"Enrichment": 0.30511389772204556, "Depletion": 0.6949061018779624, "two-tailed": 0.6102277954440911}}