{"Q9Y2C4": {"Enrichment": 0.49493010139797206, "Depletion": 0.505089898202036, "two-tailed": 0.9898602027959441}}