{"Q9Y303": {"Enrichment": 0.7094858102837943, "Depletion": 0.29053418931621366, "two-tailed": 0.5810683786324273}}