{"Q9Y337": {"Enrichment": 0.37315253694926104, "Depletion": 0.626867462650747, "two-tailed": 0.7463050738985221}}