{"Q9Y3C8": {"Enrichment": 0.5164496710065799, "Depletion": 0.48357032859342813, "two-tailed": 0.9671406571868563}}