{"Q9Y303": {"Enrichment": 0.752064958700826, "Depletion": 0.24795504089918202, "two-tailed": 0.49591008179836404}}