{"Q9Y3Q0": {"Enrichment": 0.1878162436751265, "Depletion": 0.8122037559248815, "two-tailed": 0.375632487350253}}