{"Q9Y3Q0": {"Enrichment": 0.3114137717245655, "Depletion": 0.6886062278754425, "two-tailed": 0.622827543449131}}