{"Q9Y3B8": {"Enrichment": 0.0124997500049999, "Depletion": 0.9875202495950081, "two-tailed": 0.0249995000099998}}