{"Q9Y3B8": {"Enrichment": 0.0124397512049759, "Depletion": 0.9875802483950321, "two-tailed": 0.0248795024099518}}