{"Q9Y3Z3": {"Enrichment": 0.8076438471230576, "Depletion": 0.19237615247695047, "two-tailed": 0.38475230495390095}}