{"Q9Y3Z3": {"Enrichment": 0.7827443451130978, "Depletion": 0.21727565448691027, "two-tailed": 0.43455130897382055}}