{"Q9Y4W6": {"Enrichment": 0.5873482530349393, "Depletion": 0.4126717465650687, "two-tailed": 0.8253434931301374}}