{"Q9Y5S2": {"Enrichment": 0.6701865962680746, "Depletion": 0.32983340333193334, "two-tailed": 0.6596668066638667}}