{"Q9Y530": {"Enrichment": 0.49517009659806804, "Depletion": 0.50484990300194, "two-tailed": 0.9903401931961361}}