{"Q9Y5Z0": {"Enrichment": 0.03335933281334373, "Depletion": 0.9666606667866643, "two-tailed": 0.06671866562668746}}