{"Q9Y5Y6": {"Enrichment": 0.5615287694246115, "Depletion": 0.4384912301753965, "two-tailed": 0.876982460350793}}