{"Q9Y5K2": {"Enrichment": 0.5346493070138597, "Depletion": 0.46537069258614827, "two-tailed": 0.9307413851722965}}