{"Q9Y5K2": {"Enrichment": 0.5367492650146997, "Depletion": 0.4632707345853083, "two-tailed": 0.9265414691706166}}