{"Q9Y5Y6": {"Enrichment": 0.8031239375212496, "Depletion": 0.19689606207875843, "two-tailed": 0.39379212415751685}}