{"Q9Y5K5": {"Enrichment": 0.7186856262874742, "Depletion": 0.28133437331253375, "two-tailed": 0.5626687466250675}}