{"Q9Y6N5": {"Enrichment": 0.1119177616447671, "Depletion": 0.8881022379552409, "two-tailed": 0.2238355232895342}}