{"Q9Y6M4": {"Enrichment": 0.7802843943121137, "Depletion": 0.21973560528789424, "two-tailed": 0.4394712105757885}}