{"Q9Y6K1": {"Enrichment": 0.6533069338613228, "Depletion": 0.3467130657386852, "two-tailed": 0.6934261314773704}}