{"Q9Y6W6": {"Enrichment": 0.41717165656686866, "Depletion": 0.5828483430331394, "two-tailed": 0.8343433131337373}}