{"Q9Y6K1": {"Enrichment": 0.6484870302593948, "Depletion": 0.3515329693406132, "two-tailed": 0.7030659386812264}}