{"Q9Y697": {"Enrichment": 0.4485310293794124, "Depletion": 0.5514889702205956, "two-tailed": 0.8970620587588248}}