{"Q9Y606": {"Enrichment": 0.9083218335633287, "Depletion": 0.09169816603667927, "two-tailed": 0.18339633207335854}}