{"Q9Y606": {"Enrichment": 0.3851922961540769, "Depletion": 0.6148277034459311, "two-tailed": 0.7703845923081538}}