{"Q9Y6W6": {"Enrichment": 0.41729165416691666, "Depletion": 0.5827283454330914, "two-tailed": 0.8345833083338333}}