{"Q9Y6E0": {"Enrichment": 0.5863482730345393, "Depletion": 0.4136717265654687, "two-tailed": 0.8273434531309374}}