{"Q9Y6E0": {"Enrichment": 0.873362532749345, "Depletion": 0.12665746685066298, "two-tailed": 0.25331493370132596}}