{"Q9Y697": {"Enrichment": 0.48357032859342813, "Depletion": 0.5164496710065799, "two-tailed": 0.9671406571868563}}