{"Q9Y6X5": {"Enrichment": 0.17267654646907063, "Depletion": 0.8273434531309374, "two-tailed": 0.34535309293814126}}