{"P05523": {"Enrichment": 0.8615138486151385, "Depletion": 0.13858614138586142, "two-tailed": 0.27717228277172284}}