{"P06612": {"Enrichment": 0.23169536609267816, "Depletion": 0.7683246335073298, "two-tailed": 0.4633907321853563}}