{"P17888": {"Enrichment": 0.29687031296870314, "Depletion": 0.7032296770322968, "two-tailed": 0.5937406259374063}}