{"P50465": {"Enrichment": 0.7693230676932307, "Depletion": 0.23077692230776922, "two-tailed": 0.46155384461553844}}