{"P50465": {"Enrichment": 0.7679846403071938, "Depletion": 0.23203535929281413, "two-tailed": 0.46407071858562826}}