{"A0A0B4J279": {"Enrichment": 0.10999780004399912, "Depletion": 0.8900221995560089, "two-tailed": 0.21999560008799823}}