{"A0A075B6T6": {"Enrichment": 0.16987660246795064, "Depletion": 0.8301433971320573, "two-tailed": 0.3397532049359013}}