{"A0A075B6N1": {"Enrichment": 0.11539769204615907, "Depletion": 0.884622307553849, "two-tailed": 0.23079538409231815}}