{"A0A075B6T6": {"Enrichment": 0.17019659606807863, "Depletion": 0.8298234035319294, "two-tailed": 0.34039319213615726}}