{"A0A5B6": {"Enrichment": 0.10775784484310313, "Depletion": 0.8922621547569048, "two-tailed": 0.21551568968620627}}