{"A0A578": {"Enrichment": 0.13015739685206296, "Depletion": 0.869862602747945, "two-tailed": 0.2603147937041259}}