{"A1L3X0": {"Enrichment": 0.995000099998, "Depletion": 0.0050198996020079595, "two-tailed": 0.010039799204015919}}