{"A2RUC4": {"Enrichment": 0.031019379612407753, "Depletion": 0.9690006199876002, "two-tailed": 0.062038759224815505}}