{"A2RUC4": {"Enrichment": 0.016399672006559868, "Depletion": 0.9836203275934481, "two-tailed": 0.032799344013119736}}