{"A6H8Y1": {"Enrichment": 0.01877962440751185, "Depletion": 0.9812403751924962, "two-tailed": 0.0375592488150237}}