{"A6NHC0": {"Enrichment": 0.9693606127877442, "Depletion": 0.030659386812263753, "two-tailed": 0.061318773624527506}}