{"A6NK06": {"Enrichment": 0.30301393972120555, "Depletion": 0.6970060598788024, "two-tailed": 0.6060278794424111}}