{"A6NK06": {"Enrichment": 0.21851562968740626, "Depletion": 0.7815043699126017, "two-tailed": 0.4370312593748125}}