{"A6NK44": {"Enrichment": 0.29557408851822964, "Depletion": 0.7044459110817783, "two-tailed": 0.5911481770364593}}