{"O00159": {"Enrichment": 0.6826063478730425, "Depletion": 0.31741365172696545, "two-tailed": 0.6348273034539309}}