{"O00159": {"Enrichment": 0.44393112137757246, "Depletion": 0.5560888782224356, "two-tailed": 0.8878622427551449}}