{"O00255": {"Enrichment": 0.8352432951340973, "Depletion": 0.1647767044659107, "two-tailed": 0.3295534089318214}}