{"O00238": {"Enrichment": 0.06025879482410352, "Depletion": 0.9397612047759045, "two-tailed": 0.12051758964820704}}