{"O00255": {"Enrichment": 0.879722405551889, "Depletion": 0.12029759404811904, "two-tailed": 0.2405951880962381}}