{"O00238": {"Enrichment": 0.05751884962300754, "Depletion": 0.9425011499770004, "two-tailed": 0.11503769924601508}}