{"O00311": {"Enrichment": 0.6087278254434911, "Depletion": 0.39129217415651685, "two-tailed": 0.7825843483130337}}