{"O00300": {"Enrichment": 0.9549009019819603, "Depletion": 0.04511909761804764, "two-tailed": 0.09023819523609528}}