{"O00311": {"Enrichment": 0.7081458370832583, "Depletion": 0.2918741625167497, "two-tailed": 0.5837483250334994}}