{"O00429": {"Enrichment": 0.7131657366852663, "Depletion": 0.2868542629147417, "two-tailed": 0.5737085258294834}}