{"O00429": {"Enrichment": 0.5868482630347394, "Depletion": 0.4131717365652687, "two-tailed": 0.8263434731305374}}