{"O00408": {"Enrichment": 0.8680026399472011, "Depletion": 0.13201735965280695, "two-tailed": 0.2640347193056139}}