{"O00746": {"Enrichment": 0.4257714845703086, "Depletion": 0.5742485150296994, "two-tailed": 0.8515429691406172}}