{"O00746": {"Enrichment": 0.22877542449151017, "Depletion": 0.7712445751084979, "two-tailed": 0.45755084898302034}}