{"O14646": {"Enrichment": 0.997860042799144, "Depletion": 0.0021599568008639825, "two-tailed": 0.004319913601727965}}