{"O14638": {"Enrichment": 0.630507389852203, "Depletion": 0.36951260974780503, "two-tailed": 0.7390252194956101}}