{"O14656": {"Enrichment": 0.34215315693686127, "Depletion": 0.6578668426631468, "two-tailed": 0.6843063138737225}}