{"O14646": {"Enrichment": 0.99790004199916, "Depletion": 0.002119957600847983, "two-tailed": 0.004239915201695966}}