{"O14672": {"Enrichment": 0.017859642807143857, "Depletion": 0.9821603567928642, "two-tailed": 0.035719285614287714}}