{"O14618": {"Enrichment": 0.8198836023279534, "Depletion": 0.18013639727205455, "two-tailed": 0.3602727945441091}}