{"O14656": {"Enrichment": 0.5195696086078279, "Depletion": 0.4804503909921802, "two-tailed": 0.9609007819843604}}