{"O14777": {"Enrichment": 0.5071098578028439, "Depletion": 0.4929101417971641, "two-tailed": 0.9858202835943282}}