{"O14786": {"Enrichment": 0.23121537569248615, "Depletion": 0.7688046239075218, "two-tailed": 0.4624307513849723}}