{"O14744": {"Enrichment": 0.014879702405951881, "Depletion": 0.9851402971940562, "two-tailed": 0.029759404811903763}}