{"O14745": {"Enrichment": 0.24301513969720606, "Depletion": 0.757004859902802, "two-tailed": 0.4860302793944121}}