{"O14777": {"Enrichment": 0.502669946601068, "Depletion": 0.49735005299894003, "two-tailed": 0.9947001059978801}}