{"O14786": {"Enrichment": 0.43203135937281256, "Depletion": 0.5679886402271954, "two-tailed": 0.8640627187456251}}