{"O14788": {"Enrichment": 0.4028719425611488, "Depletion": 0.5971480570388592, "two-tailed": 0.8057438851222976}}