{"O14745": {"Enrichment": 0.24583508329833403, "Depletion": 0.754184916301674, "two-tailed": 0.49167016659666807}}