{"O14818": {"Enrichment": 0.3276334473310534, "Depletion": 0.6723865522689546, "two-tailed": 0.6552668946621067}}