{"O14802": {"Enrichment": 0.1378172436551269, "Depletion": 0.862202755944881, "two-tailed": 0.2756344873102538}}