{"O14815": {"Enrichment": 0.5924881502369953, "Depletion": 0.40753184936301273, "two-tailed": 0.8150636987260255}}