{"O14815": {"Enrichment": 0.502089958200836, "Depletion": 0.497930041399172, "two-tailed": 0.995860082798344}}