{"O14818": {"Enrichment": 0.3297934041319174, "Depletion": 0.6702265954680906, "two-tailed": 0.6595868082638348}}