{"O14802": {"Enrichment": 0.10895782084358313, "Depletion": 0.8910621787564249, "two-tailed": 0.21791564168716626}}