{"O14994": {"Enrichment": 0.2900541989160217, "Depletion": 0.7099658006839863, "two-tailed": 0.5801083978320434}}