{"O14994": {"Enrichment": 0.2908541829163417, "Depletion": 0.7091658166836663, "two-tailed": 0.5817083658326834}}