{"O15178": {"Enrichment": 0.30565388692226153, "Depletion": 0.6943661126777464, "two-tailed": 0.6113077738445231}}