{"O15160": {"Enrichment": 0.6984460310793784, "Depletion": 0.30157396852062957, "two-tailed": 0.6031479370412591}}