{"O15160": {"Enrichment": 0.07309853802923942, "Depletion": 0.9269214615707686, "two-tailed": 0.14619707605847884}}