{"O15178": {"Enrichment": 0.2997340053198936, "Depletion": 0.7002859942801144, "two-tailed": 0.5994680106397872}}