{"O15270": {"Enrichment": 0.04403911921761565, "Depletion": 0.9559808803823924, "two-tailed": 0.0880782384352313}}