{"O15230": {"Enrichment": 0.0075398492030159395, "Depletion": 0.9924801503969921, "two-tailed": 0.015079698406031879}}