{"O15270": {"Enrichment": 0.004639907201855963, "Depletion": 0.9953800923981521, "two-tailed": 0.009279814403711926}}