{"O15269": {"Enrichment": 0.24691506169876604, "Depletion": 0.753104937901242, "two-tailed": 0.4938301233975321}}