{"O15393": {"Enrichment": 0.9296814063718726, "Depletion": 0.07033859322813543, "two-tailed": 0.14067718645627086}}