{"O15350": {"Enrichment": 0.624027519449611, "Depletion": 0.375992480150397, "two-tailed": 0.751984960300794}}