{"O15382": {"Enrichment": 0.373772524549509, "Depletion": 0.6262474750504989, "two-tailed": 0.747545049099018}}