{"O15379": {"Enrichment": 0.4231515369692606, "Depletion": 0.5768684626307474, "two-tailed": 0.8463030739385212}}