{"O15393": {"Enrichment": 0.876342473150537, "Depletion": 0.12367752644947101, "two-tailed": 0.24735505289894202}}