{"O15350": {"Enrichment": 0.629307413851723, "Depletion": 0.37071258574828503, "two-tailed": 0.7414251714965701}}