{"O15382": {"Enrichment": 0.22101557968840624, "Depletion": 0.7790044199116017, "two-tailed": 0.4420311593768125}}