{"O15467": {"Enrichment": 0.012359752804943901, "Depletion": 0.9876602467950641, "two-tailed": 0.024719505609887803}}