{"O15467": {"Enrichment": 0.12931741365172697, "Depletion": 0.870702585948281, "two-tailed": 0.25863482730345394}}