{"O15553": {"Enrichment": 0.5819483610327794, "Depletion": 0.4180716385672287, "two-tailed": 0.8361432771344574}}