{"O15553": {"Enrichment": 0.6968460630787384, "Depletion": 0.30317393652126956, "two-tailed": 0.6063478730425391}}