{"O43148": {"Enrichment": 0.08991820163596728, "Depletion": 0.9101017979640407, "two-tailed": 0.17983640327193456}}