{"O43157": {"Enrichment": 0.28619427611447773, "Depletion": 0.7138257234855303, "two-tailed": 0.5723885522289555}}