{"O43157": {"Enrichment": 0.2880742385152297, "Depletion": 0.7119457610847783, "two-tailed": 0.5761484770304593}}