{"O43175": {"Enrichment": 0.7169056618867623, "Depletion": 0.28311433771324573, "two-tailed": 0.5662286754264915}}