{"O43175": {"Enrichment": 0.3523129537409252, "Depletion": 0.6477070458590828, "two-tailed": 0.7046259074818504}}