{"O43173": {"Enrichment": 0.4317313653726925, "Depletion": 0.5682886342273155, "two-tailed": 0.863462730745385}}