{"O43252": {"Enrichment": 0.8511429771404572, "Depletion": 0.1488770224595508, "two-tailed": 0.2977540449191016}}