{"O43252": {"Enrichment": 0.8141437171256575, "Depletion": 0.1858762824743505, "two-tailed": 0.371752564948701}}