{"O43291": {"Enrichment": 0.020979580408391832, "Depletion": 0.9790404191916162, "two-tailed": 0.041959160816783664}}