{"O43488": {"Enrichment": 0.21803563928721426, "Depletion": 0.7819843603127937, "two-tailed": 0.4360712785744285}}