{"O43447": {"Enrichment": 0.499410011799764, "Depletion": 0.500609987800244, "two-tailed": 0.998820023599528}}