{"O43488": {"Enrichment": 0.5162696746065079, "Depletion": 0.4837503249935001, "two-tailed": 0.9675006499870002}}