{"O43435": {"Enrichment": 0.8374032519349613, "Depletion": 0.1626167476650467, "two-tailed": 0.3252334953300934}}