{"O43435": {"Enrichment": 0.8360432791344173, "Depletion": 0.1639767204655907, "two-tailed": 0.3279534409311814}}