{"O43557": {"Enrichment": 0.05835883282334353, "Depletion": 0.9416611667766644, "two-tailed": 0.11671766564668706}}