{"O43660": {"Enrichment": 0.5965280694386113, "Depletion": 0.4034919301613968, "two-tailed": 0.8069838603227936}}