{"O43660": {"Enrichment": 0.5987080258394832, "Depletion": 0.4013119737605248, "two-tailed": 0.8026239475210496}}