{"O43704": {"Enrichment": 0.33159336813263735, "Depletion": 0.6684266314673707, "two-tailed": 0.6631867362652747}}