{"O43739": {"Enrichment": 0.5658686826263475, "Depletion": 0.43415131697366055, "two-tailed": 0.8683026339473211}}