{"O43739": {"Enrichment": 0.015599688006239875, "Depletion": 0.9844203115937681, "two-tailed": 0.03119937601247975}}