{"O43704": {"Enrichment": 0.4649107017859643, "Depletion": 0.5351092978140437, "two-tailed": 0.9298214035719286}}