{"O43809": {"Enrichment": 0.6917061658766824, "Depletion": 0.30831383372332555, "two-tailed": 0.6166276674466511}}