{"O43865": {"Enrichment": 0.6430471390572189, "Depletion": 0.35697286054278915, "two-tailed": 0.7139457210855783}}