{"O43865": {"Enrichment": 0.881762364752705, "Depletion": 0.11825763484730305, "two-tailed": 0.2365152696946061}}