{"O43809": {"Enrichment": 0.3363732725345493, "Depletion": 0.6636467270654587, "two-tailed": 0.6727465450690986}}