{"O43915": {"Enrichment": 0.29773404531909364, "Depletion": 0.7022859542809143, "two-tailed": 0.5954680906381873}}