{"O43915": {"Enrichment": 0.28979420411591766, "Depletion": 0.7102257954840904, "two-tailed": 0.5795884082318353}}