{"O43921": {"Enrichment": 0.35165296694066117, "Depletion": 0.6483670326593468, "two-tailed": 0.7033059338813223}}