{"O60259": {"Enrichment": 0.5247895042099158, "Depletion": 0.4752304953900922, "two-tailed": 0.9504609907801844}}