{"O60259": {"Enrichment": 0.46905061898762024, "Depletion": 0.5309693806123877, "two-tailed": 0.9381012379752405}}