{"O60242": {"Enrichment": 0.7151456970860582, "Depletion": 0.28487430251394974, "two-tailed": 0.5697486050278995}}