{"O60306": {"Enrichment": 0.6165076698466031, "Depletion": 0.38351232975340493, "two-tailed": 0.7670246595068099}}