{"O60306": {"Enrichment": 0.6402671946561069, "Depletion": 0.3597528049439011, "two-tailed": 0.7195056098878022}}