{"O60341": {"Enrichment": 0.2702145957080858, "Depletion": 0.7298054038919222, "two-tailed": 0.5404291914161716}}