{"O60573": {"Enrichment": 0.38287234255314895, "Depletion": 0.617147657046859, "two-tailed": 0.7657446851062979}}