{"O60547": {"Enrichment": 0.6920261594768105, "Depletion": 0.3079938401231975, "two-tailed": 0.615987680246395}}