{"O60573": {"Enrichment": 0.6484670306593868, "Depletion": 0.3515529689406212, "two-tailed": 0.7031059378812424}}