{"O60507": {"Enrichment": 0.05113897722045559, "Depletion": 0.9488810223795524, "two-tailed": 0.10227795444091119}}