{"O60508": {"Enrichment": 0.7824643507129857, "Depletion": 0.21755564888702225, "two-tailed": 0.4351112977740445}}