{"O60507": {"Enrichment": 0.08563828723425532, "Depletion": 0.9143817123657527, "two-tailed": 0.17127657446851063}}