{"O60547": {"Enrichment": 0.5066498670026599, "Depletion": 0.4933701325973481, "two-tailed": 0.9867402651946962}}