{"O60565": {"Enrichment": 0.04597908041839163, "Depletion": 0.9540409191816164, "two-tailed": 0.09195816083678326}}