{"O60609": {"Enrichment": 0.34521309573808523, "Depletion": 0.6548069038619228, "two-tailed": 0.6904261914761705}}