{"O60674": {"Enrichment": 0.8525829483410332, "Depletion": 0.14743705125897483, "two-tailed": 0.29487410251794965}}