{"O60609": {"Enrichment": 0.40673186536269273, "Depletion": 0.5932881342373153, "two-tailed": 0.8134637307253855}}