{"O60704": {"Enrichment": 0.2114357712845743, "Depletion": 0.7885842283154337, "two-tailed": 0.4228715425691486}}