{"O60704": {"Enrichment": 0.29373412531749366, "Depletion": 0.7062858742825143, "two-tailed": 0.5874682506349873}}