{"O60760": {"Enrichment": 0.6653466930661387, "Depletion": 0.33467330653386934, "two-tailed": 0.6693466130677387}}