{"O60760": {"Enrichment": 0.6664666706665867, "Depletion": 0.3335533289334213, "two-tailed": 0.6671066578668426}}