{"O60701": {"Enrichment": 0.873042539149217, "Depletion": 0.12697746045079097, "two-tailed": 0.25395492090158195}}