{"O60825": {"Enrichment": 0.18509629807403852, "Depletion": 0.8149237015259695, "two-tailed": 0.37019259614807704}}