{"O60888": {"Enrichment": 0.9892802143957121, "Depletion": 0.010739785204295913, "two-tailed": 0.021479570408591827}}