{"O75223": {"Enrichment": 7.999840003199936e-05, "Depletion": 0.999940001199976, "two-tailed": 0.00015999680006399873}}