{"O75311": {"Enrichment": 0.8162436751264974, "Depletion": 0.18377632447351053, "two-tailed": 0.36755264894702105}}