{"O75317": {"Enrichment": 0.04311913761724766, "Depletion": 0.9569008619827604, "two-tailed": 0.08623827523449532}}