{"O75390": {"Enrichment": 0.8507829843403132, "Depletion": 0.1492370152596948, "two-tailed": 0.2984740305193896}}