{"O75311": {"Enrichment": 0.2707145857082858, "Depletion": 0.7293054138917222, "two-tailed": 0.5414291714165717}}