{"O75390": {"Enrichment": 0.6423471530569389, "Depletion": 0.35767284654306913, "two-tailed": 0.7153456930861383}}