{"O75460": {"Enrichment": 0.14135717285654287, "Depletion": 0.8586628267434652, "two-tailed": 0.28271434571308574}}