{"O75460": {"Enrichment": 0.1363572728545429, "Depletion": 0.8636627267454651, "two-tailed": 0.2727145457090858}}