{"O75581": {"Enrichment": 0.38157236855262894, "Depletion": 0.6184476310473791, "two-tailed": 0.7631447371052579}}