{"O75530": {"Enrichment": 0.35291294174116516, "Depletion": 0.6471070578588428, "two-tailed": 0.7058258834823303}}