{"O75530": {"Enrichment": 0.04517909641807164, "Depletion": 0.9548409031819364, "two-tailed": 0.09035819283614328}}