{"O75629": {"Enrichment": 0.5452290954180916, "Depletion": 0.45479090418191637, "two-tailed": 0.9095818083638327}}