{"O75604": {"Enrichment": 0.17897642047159057, "Depletion": 0.8210435791284174, "two-tailed": 0.35795284094318114}}