{"O75604": {"Enrichment": 0.15355692886142278, "Depletion": 0.8464630707385852, "two-tailed": 0.30711385772284555}}