{"O75629": {"Enrichment": 0.5447491050178996, "Depletion": 0.45527089458210834, "two-tailed": 0.9105417891642167}}