{"O75643": {"Enrichment": 0.047619047619047616, "Depletion": 0.9524009519809604, "two-tailed": 0.09523809523809523}}