{"O75762": {"Enrichment": 0.882562348753025, "Depletion": 0.11745765084698306, "two-tailed": 0.23491530169396613}}