{"O75762": {"Enrichment": 0.8826223475530489, "Depletion": 0.11739765204695907, "two-tailed": 0.23479530409391813}}