{"O75897": {"Enrichment": 0.8523229535409291, "Depletion": 0.14769704605907882, "two-tailed": 0.29539409211815765}}