{"O75874": {"Enrichment": 0.3898122037559249, "Depletion": 0.6102077958440831, "two-tailed": 0.7796244075118498}}