{"O75899": {"Enrichment": 0.5892082158356833, "Depletion": 0.4108117837643247, "two-tailed": 0.8216235675286494}}