{"O75874": {"Enrichment": 0.506589868202636, "Depletion": 0.4934301313973721, "two-tailed": 0.9868602627947441}}