{"O75899": {"Enrichment": 0.5914681706365873, "Depletion": 0.40855182896342074, "two-tailed": 0.8171036579268415}}