{"O75907": {"Enrichment": 0.01007979840403192, "Depletion": 0.989940201195976, "two-tailed": 0.02015959680806384}}