{"O94766": {"Enrichment": 0.09121817563648726, "Depletion": 0.9088018239635207, "two-tailed": 0.18243635127297453}}