{"O94766": {"Enrichment": 0.09401811963760724, "Depletion": 0.9060018799624008, "two-tailed": 0.18803623927521448}}