{"O94788": {"Enrichment": 0.9201015979680406, "Depletion": 0.07991840163196737, "two-tailed": 0.15983680326393473}}