{"O94788": {"Enrichment": 0.9082618347633047, "Depletion": 0.09175816483670327, "two-tailed": 0.18351632967340653}}