{"O94804": {"Enrichment": 0.756004879902402, "Depletion": 0.24401511969760606, "two-tailed": 0.4880302393952121}}