{"O94804": {"Enrichment": 0.8590028199436012, "Depletion": 0.14101717965640687, "two-tailed": 0.28203435931281373}}