{"O94916": {"Enrichment": 0.4758504829903402, "Depletion": 0.5241695166096678, "two-tailed": 0.9517009659806804}}