{"O94923": {"Enrichment": 0.7160056798864023, "Depletion": 0.28401431971360575, "two-tailed": 0.5680286394272115}}