{"O94925": {"Enrichment": 0.46931061378772426, "Depletion": 0.5307093858122838, "two-tailed": 0.9386212275754485}}