{"O94916": {"Enrichment": 0.36543269134617307, "Depletion": 0.6345873082538349, "two-tailed": 0.7308653826923461}}