{"O94901": {"Enrichment": 0.7088258234835303, "Depletion": 0.2911941761164777, "two-tailed": 0.5823883522329554}}