{"O94901": {"Enrichment": 0.5466290674186516, "Depletion": 0.4533909321813564, "two-tailed": 0.9067818643627128}}