{"O94925": {"Enrichment": 0.3831923361532769, "Depletion": 0.616827663446731, "two-tailed": 0.7663846723065538}}