{"O94953": {"Enrichment": 0.39457210855782887, "Depletion": 0.6054478910421791, "two-tailed": 0.7891442171156577}}