{"O94923": {"Enrichment": 0.3475130497390052, "Depletion": 0.6525069498610028, "two-tailed": 0.6950260994780104}}