{"O95147": {"Enrichment": 0.8619627607447851, "Depletion": 0.1380572388552229, "two-tailed": 0.2761144777104458}}