{"O95147": {"Enrichment": 0.8600827983440331, "Depletion": 0.1399372012559749, "two-tailed": 0.2798744025119498}}