{"O95198": {"Enrichment": 0.30599388012239753, "Depletion": 0.6940261194776104, "two-tailed": 0.6119877602447951}}