{"O95154": {"Enrichment": 0.17699646007079858, "Depletion": 0.8230235395292094, "two-tailed": 0.35399292014159717}}