{"O95150": {"Enrichment": 0.16517669646607067, "Depletion": 0.8348433031339373, "two-tailed": 0.33035339293214133}}