{"O95150": {"Enrichment": 0.752684946301074, "Depletion": 0.24733505329893402, "two-tailed": 0.49467010659786803}}