{"O95198": {"Enrichment": 0.4240915181696366, "Depletion": 0.5759284814303713, "two-tailed": 0.8481830363392732}}