{"O95278": {"Enrichment": 0.33085338293234134, "Depletion": 0.6691666166676666, "two-tailed": 0.6617067658646827}}