{"O95274": {"Enrichment": 0.6378272434551309, "Depletion": 0.3621927561448771, "two-tailed": 0.7243855122897542}}