{"O95292": {"Enrichment": 0.34731305373892524, "Depletion": 0.6527069458610828, "two-tailed": 0.6946261074778505}}