{"O95340": {"Enrichment": 0.44731105377892444, "Depletion": 0.5527089458210835, "two-tailed": 0.8946221075578489}}