{"O95393": {"Enrichment": 0.9713805723885522, "Depletion": 0.02863942721145577, "two-tailed": 0.05727885442291154}}