{"O95347": {"Enrichment": 0.6665666686666266, "Depletion": 0.3334533309333813, "two-tailed": 0.6669066618667626}}