{"O95390": {"Enrichment": 0.08505829883402331, "Depletion": 0.9149617007659847, "two-tailed": 0.17011659766804663}}