{"O95340": {"Enrichment": 0.7141657166856663, "Depletion": 0.28585428291434173, "two-tailed": 0.5717085658286835}}