{"O95347": {"Enrichment": 0.6656466870662586, "Depletion": 0.3343733125337493, "two-tailed": 0.6687466250674986}}