{"O95393": {"Enrichment": 0.9662806743865122, "Depletion": 0.03373932521349573, "two-tailed": 0.06747865042699146}}