{"O95407": {"Enrichment": 0.8455630887382253, "Depletion": 0.15445691086178276, "two-tailed": 0.3089138217235655}}