{"O95407": {"Enrichment": 0.8425231495370092, "Depletion": 0.15749685006299874, "two-tailed": 0.3149937001259975}}