{"O95470": {"Enrichment": 0.019699606007879844, "Depletion": 0.9803203935921282, "two-tailed": 0.03939921201575969}}