{"O95470": {"Enrichment": 0.0124797504049919, "Depletion": 0.9875402491950162, "two-tailed": 0.0249595008099838}}