{"O95633": {"Enrichment": 0.5898282034359312, "Depletion": 0.4101917961640767, "two-tailed": 0.8203835923281534}}