{"O95750": {"Enrichment": 0.6633667326653467, "Depletion": 0.3366532669346613, "two-tailed": 0.6733065338693226}}