{"O95747": {"Enrichment": 0.8125237495250095, "Depletion": 0.1874962500749985, "two-tailed": 0.374992500149997}}