{"O95786": {"Enrichment": 0.2719145617087658, "Depletion": 0.7281054378912422, "two-tailed": 0.5438291234175316}}