{"O95747": {"Enrichment": 0.9066018679626408, "Depletion": 0.09341813163736726, "two-tailed": 0.18683626327473452}}