{"O95786": {"Enrichment": 0.6695266094678106, "Depletion": 0.33049339013219736, "two-tailed": 0.6609867802643947}}