{"O95750": {"Enrichment": 0.6667466650666987, "Depletion": 0.3332733345333093, "two-tailed": 0.6665466690666186}}