{"O95819": {"Enrichment": 0.2242755144897102, "Depletion": 0.7757444851102978, "two-tailed": 0.4485510289794204}}