{"O95819": {"Enrichment": 0.2730745385092298, "Depletion": 0.7269454610907782, "two-tailed": 0.5461490770184596}}