{"O95970": {"Enrichment": 0.4251114977700446, "Depletion": 0.5749085018299634, "two-tailed": 0.8502229955400892}}