{"O95970": {"Enrichment": 0.7316253674926502, "Depletion": 0.26839463210735787, "two-tailed": 0.5367892642147157}}