{"P00367": {"Enrichment": 0.5567488650226995, "Depletion": 0.44327113457730843, "two-tailed": 0.8865422691546169}}