{"P00326": {"Enrichment": 0.20461590768184637, "Depletion": 0.7954040919181616, "two-tailed": 0.40923181536369274}}