{"P00367": {"Enrichment": 0.5731085378292434, "Depletion": 0.4269114617707646, "two-tailed": 0.8538229235415292}}