{"P00325": {"Enrichment": 0.627407451850963, "Depletion": 0.372612547749045, "two-tailed": 0.74522509549809}}