{"P00325": {"Enrichment": 0.18631627367452652, "Depletion": 0.8137037259254815, "two-tailed": 0.37263254734905304}}