{"P00338": {"Enrichment": 0.19661606767864642, "Depletion": 0.8034039319213616, "two-tailed": 0.39323213535729284}}