{"P00326": {"Enrichment": 0.6041479170416592, "Depletion": 0.3958720825583488, "two-tailed": 0.7917441651166977}}