{"P00338": {"Enrichment": 0.19733605327893441, "Depletion": 0.8026839463210735, "two-tailed": 0.39467210655786883}}