{"P00488": {"Enrichment": 0.12809743805123897, "Depletion": 0.871922561548769, "two-tailed": 0.25619487610247793}}