{"P00492": {"Enrichment": 0.3278534429311414, "Depletion": 0.6721665566688666, "two-tailed": 0.6557068858622828}}