{"P00488": {"Enrichment": 0.09007819843603128, "Depletion": 0.9099418011639767, "two-tailed": 0.18015639687206256}}