{"P00441": {"Enrichment": 0.8278834423311534, "Depletion": 0.17213655726885463, "two-tailed": 0.34427311453770926}}