{"P00492": {"Enrichment": 0.16481670366592668, "Depletion": 0.8352032959340813, "two-tailed": 0.32963340733185337}}