{"P00505": {"Enrichment": 0.22689546209075817, "Depletion": 0.7731245375092498, "two-tailed": 0.45379092418151634}}