{"P00505": {"Enrichment": 0.28431431371372573, "Depletion": 0.7157056858862823, "two-tailed": 0.5686286274274515}}