{"P00533": {"Enrichment": 0.9417811643767124, "Depletion": 0.05823883522329554, "two-tailed": 0.11647767044659108}}