{"P00738": {"Enrichment": 0.6207475850482991, "Depletion": 0.37927241455170896, "two-tailed": 0.7585448291034179}}