{"P00742": {"Enrichment": 0.6753464930701386, "Depletion": 0.3246735065298694, "two-tailed": 0.6493470130597389}}