{"P00747": {"Enrichment": 0.7807443851122977, "Depletion": 0.21927561448771024, "two-tailed": 0.4385512289754205}}