{"P00742": {"Enrichment": 0.4291514169716606, "Depletion": 0.5708685826283474, "two-tailed": 0.8583028339433212}}