{"P00738": {"Enrichment": 0.873762524749505, "Depletion": 0.12625747485050298, "two-tailed": 0.25251494970100596}}