{"P00751": {"Enrichment": 0.2850142997140057, "Depletion": 0.7150056998860023, "two-tailed": 0.5700285994280114}}