{"P00751": {"Enrichment": 0.08911821763564728, "Depletion": 0.9109017819643607, "two-tailed": 0.17823643527129457}}