{"P01024": {"Enrichment": 0.5620087598248035, "Depletion": 0.4380112397752045, "two-tailed": 0.876022479550409}}