{"P01031": {"Enrichment": 0.997120057598848, "Depletion": 0.0028999420011599766, "two-tailed": 0.005799884002319953}}