{"P01024": {"Enrichment": 0.497870042599148, "Depletion": 0.50214995700086, "two-tailed": 0.995740085198296}}