{"P01111": {"Enrichment": 0.7987440251194976, "Depletion": 0.20127597448051038, "two-tailed": 0.40255194896102076}}