{"P01112": {"Enrichment": 0.4116717665646687, "Depletion": 0.5883482330353393, "two-tailed": 0.8233435331293374}}