{"P01137": {"Enrichment": 0.0249395012099758, "Depletion": 0.9750804983900322, "two-tailed": 0.0498790024199516}}