{"P01127": {"Enrichment": 0.9095018099638007, "Depletion": 0.09051818963620728, "two-tailed": 0.18103637927241456}}