{"P01111": {"Enrichment": 0.3984720305593888, "Depletion": 0.6015479690406191, "two-tailed": 0.7969440611187776}}