{"P01127": {"Enrichment": 0.9101017979640407, "Depletion": 0.08991820163596728, "two-tailed": 0.17983640327193456}}