{"P01215": {"Enrichment": 0.6640667186656267, "Depletion": 0.3359532809343813, "two-tailed": 0.6719065618687626}}