{"P01241": {"Enrichment": 0.06537869242615148, "Depletion": 0.9346413071738565, "two-tailed": 0.13075738485230295}}