{"P01241": {"Enrichment": 0.06807863842723146, "Depletion": 0.9319413611727766, "two-tailed": 0.1361572768544629}}