{"P01225": {"Enrichment": 0.4511509769804604, "Depletion": 0.5488690226195476, "two-tailed": 0.9023019539609208}}