{"P01215": {"Enrichment": 0.7820243595128098, "Depletion": 0.21799564008719827, "two-tailed": 0.43599128017439653}}