{"P01375": {"Enrichment": 0.746245075098498, "Depletion": 0.25377492450150996, "two-tailed": 0.5075498490030199}}