{"P01574": {"Enrichment": 0.741445171096578, "Depletion": 0.25857482850342994, "two-tailed": 0.5171496570068599}}