{"P01588": {"Enrichment": 0.4653506929861403, "Depletion": 0.5346693066138677, "two-tailed": 0.9307013859722806}}