{"P01588": {"Enrichment": 0.4651706965860683, "Depletion": 0.5348493030139397, "two-tailed": 0.9303413931721366}}