{"P01574": {"Enrichment": 0.8127237455250895, "Depletion": 0.1872962540749185, "two-tailed": 0.374592508149837}}