{"P01594": {"Enrichment": 0.41163176736465273, "Depletion": 0.5883882322353553, "two-tailed": 0.8232635347293055}}