{"P01833": {"Enrichment": 0.007979840403191937, "Depletion": 0.9920401591968161, "two-tailed": 0.015959680806383873}}