{"P01833": {"Enrichment": 0.14693706125877481, "Depletion": 0.8530829383412332, "two-tailed": 0.29387412251754963}}