{"P01876": {"Enrichment": 0.40465190696186076, "Depletion": 0.5953680926381473, "two-tailed": 0.8093038139237215}}