{"P02462": {"Enrichment": 0.872802543949121, "Depletion": 0.127217455650887, "two-tailed": 0.254434911301774}}