{"P02461": {"Enrichment": 0.7341453170936582, "Depletion": 0.2658746825063499, "two-tailed": 0.5317493650126998}}