{"P02671": {"Enrichment": 0.14333713325733485, "Depletion": 0.8566828663426731, "two-tailed": 0.2866742665146697}}