{"P02679": {"Enrichment": 0.17103657926841462, "Depletion": 0.8289834203315933, "two-tailed": 0.34207315853682924}}