{"P02679": {"Enrichment": 0.0748585028299434, "Depletion": 0.9251614967700647, "two-tailed": 0.1497170056598868}}