{"P02675": {"Enrichment": 0.3236135277294454, "Depletion": 0.6764064718705626, "two-tailed": 0.6472270554588908}}