{"P02671": {"Enrichment": 0.29489410211795763, "Depletion": 0.7051258974820503, "two-tailed": 0.5897882042359153}}