{"P02743": {"Enrichment": 0.29403411931761364, "Depletion": 0.7059858802823944, "two-tailed": 0.5880682386352273}}