{"P02766": {"Enrichment": 0.621727565448691, "Depletion": 0.37829243415131697, "two-tailed": 0.7565848683026339}}