{"P02743": {"Enrichment": 0.2982340353192936, "Depletion": 0.7017859642807144, "two-tailed": 0.5964680706385872}}