{"P02776": {"Enrichment": 0.02989940201195976, "Depletion": 0.9701205975880483, "two-tailed": 0.05979880402391952}}