{"P02741": {"Enrichment": 0.42923141537169257, "Depletion": 0.5707885842283155, "two-tailed": 0.8584628307433851}}