{"P02741": {"Enrichment": 0.375872482550349, "Depletion": 0.624147517049659, "two-tailed": 0.751744965100698}}