{"P02792": {"Enrichment": 0.22985540289194217, "Depletion": 0.7701645967080658, "two-tailed": 0.45971080578388435}}