{"P02792": {"Enrichment": 0.31969360612787745, "Depletion": 0.6803263934721305, "two-tailed": 0.6393872122557549}}