{"P02778": {"Enrichment": 0.995340093198136, "Depletion": 0.004679906401871963, "two-tailed": 0.009359812803743926}}