{"P02786": {"Enrichment": 0.8835223295534089, "Depletion": 0.11649767004659907, "two-tailed": 0.23299534009319814}}