{"P03971": {"Enrichment": 0.21899562008759824, "Depletion": 0.7810243795124098, "two-tailed": 0.4379912401751965}}