{"P03971": {"Enrichment": 0.25491490170196596, "Depletion": 0.745105097898042, "two-tailed": 0.5098298034039319}}