{"P03951": {"Enrichment": 0.11019779604407912, "Depletion": 0.8898222035559289, "two-tailed": 0.22039559208815823}}