{"P03951": {"Enrichment": 0.08537829243415132, "Depletion": 0.9146417071658567, "two-tailed": 0.17075658486830264}}