{"P04035": {"Enrichment": 0.6025079498410032, "Depletion": 0.39751204975900484, "two-tailed": 0.7950240995180097}}