{"P04035": {"Enrichment": 0.7089258214835703, "Depletion": 0.2910941781164377, "two-tailed": 0.5821883562328753}}