{"P04062": {"Enrichment": 0.8614627707445851, "Depletion": 0.1385572288554229, "two-tailed": 0.2771144577108458}}