{"P04062": {"Enrichment": 0.7835043299134017, "Depletion": 0.21651566968660627, "two-tailed": 0.43303133937321253}}