{"P04183": {"Enrichment": 0.18111637767244654, "Depletion": 0.8189036219275615, "two-tailed": 0.3622327553448931}}