{"P04183": {"Enrichment": 0.37977240455190897, "Depletion": 0.620247595048099, "two-tailed": 0.7595448091038179}}