{"P04180": {"Enrichment": 0.12995740085198296, "Depletion": 0.870062598748025, "two-tailed": 0.2599148017039659}}