{"P04179": {"Enrichment": 0.8185836283274335, "Depletion": 0.18143637127257456, "two-tailed": 0.3628727425451491}}