{"P04181": {"Enrichment": 0.753884922301554, "Depletion": 0.24613507729845402, "two-tailed": 0.49227015459690804}}