{"P04406": {"Enrichment": 0.3898722025559489, "Depletion": 0.6101477970440591, "two-tailed": 0.7797444051118978}}