{"P04406": {"Enrichment": 0.6726665466690667, "Depletion": 0.32735345293094137, "two-tailed": 0.6547069058618827}}