{"P04424": {"Enrichment": 0.18315633687326255, "Depletion": 0.8168636627267455, "two-tailed": 0.3663126737465251}}