{"P04424": {"Enrichment": 0.18113637727245455, "Depletion": 0.8188836223275534, "two-tailed": 0.3622727545449091}}