{"P04637": {"Enrichment": 0.5761084778304434, "Depletion": 0.4239115217695646, "two-tailed": 0.8478230435391292}}