{"P04637": {"Enrichment": 0.8104437911241775, "Depletion": 0.18957620847583048, "two-tailed": 0.37915241695166096}}