{"P04626": {"Enrichment": 0.5756084878302434, "Depletion": 0.4244115117697646, "two-tailed": 0.8488230235395292}}