{"P04626": {"Enrichment": 0.5757284854302914, "Depletion": 0.4242915141697166, "two-tailed": 0.8485830283394332}}