{"P05089": {"Enrichment": 0.21837563248735026, "Depletion": 0.7816443671126577, "two-tailed": 0.4367512649747005}}