{"P05089": {"Enrichment": 0.16493670126597468, "Depletion": 0.8350832983340333, "two-tailed": 0.32987340253194936}}