{"P05062": {"Enrichment": 0.5979680406391872, "Depletion": 0.4020519589608208, "two-tailed": 0.8041039179216416}}