{"P05091": {"Enrichment": 0.9176616467670646, "Depletion": 0.08235835283294334, "two-tailed": 0.16471670566588667}}