{"P05091": {"Enrichment": 0.879342413151737, "Depletion": 0.12067758644827103, "two-tailed": 0.24135517289654207}}