{"P05062": {"Enrichment": 0.4894302113957721, "Depletion": 0.510589788204236, "two-tailed": 0.9788604227915442}}