{"P05164": {"Enrichment": 0.4110717785644287, "Depletion": 0.5889482210355793, "two-tailed": 0.8221435571288574}}