{"P05107": {"Enrichment": 0.0997380052398952, "Depletion": 0.9002819943601128, "two-tailed": 0.1994760104797904}}