{"P05106": {"Enrichment": 0.4708905821883562, "Depletion": 0.5291294174116518, "two-tailed": 0.9417811643767124}}