{"P05156": {"Enrichment": 0.8781624367512649, "Depletion": 0.12185756284874302, "two-tailed": 0.24371512569748605}}