{"P05362": {"Enrichment": 0.5413891722165557, "Depletion": 0.45863082738345234, "two-tailed": 0.9172616547669047}}