{"P05556": {"Enrichment": 0.2135157296854063, "Depletion": 0.7865042699146018, "two-tailed": 0.4270314593708126}}