{"P05981": {"Enrichment": 0.9395212095758085, "Depletion": 0.060498790024199514, "two-tailed": 0.12099758004839903}}