{"P06280": {"Enrichment": 0.7774444511109778, "Depletion": 0.22257554848903022, "two-tailed": 0.44515109697806043}}