{"P06280": {"Enrichment": 0.6368872622547549, "Depletion": 0.3631327373452531, "two-tailed": 0.7262654746905062}}