{"P06213": {"Enrichment": 0.2615947681046379, "Depletion": 0.7384252314953701, "two-tailed": 0.5231895362092758}}