{"P06493": {"Enrichment": 0.15821683566328673, "Depletion": 0.8418031639367213, "two-tailed": 0.31643367132657346}}