{"P06493": {"Enrichment": 0.23445531089378213, "Depletion": 0.7655646887062258, "two-tailed": 0.46891062178756426}}