{"P06681": {"Enrichment": 0.9232615347693046, "Depletion": 0.07675846483070338, "two-tailed": 0.15351692966140676}}