{"P06681": {"Enrichment": 0.7953040939181216, "Depletion": 0.20471590568188636, "two-tailed": 0.4094318113637727}}