{"P06744": {"Enrichment": 0.1487170256594868, "Depletion": 0.8513029739405212, "two-tailed": 0.2974340513189736}}