{"P06748": {"Enrichment": 0.757464850702986, "Depletion": 0.24255514889702207, "two-tailed": 0.48511029779404413}}