{"P06756": {"Enrichment": 0.6641267174656507, "Depletion": 0.3358932821343573, "two-tailed": 0.6717865642687146}}