{"P06733": {"Enrichment": 0.16855662886742265, "Depletion": 0.8314633707325854, "two-tailed": 0.3371132577348453}}