{"P06733": {"Enrichment": 0.34673306533869325, "Depletion": 0.6532869342613148, "two-tailed": 0.6934661306773865}}