{"P06748": {"Enrichment": 0.2711745765084698, "Depletion": 0.7288454230915382, "two-tailed": 0.5423491530169396}}