{"P06730": {"Enrichment": 0.7017259654806904, "Depletion": 0.2982940341193176, "two-tailed": 0.5965880682386352}}