{"P06730": {"Enrichment": 0.38561228775424494, "Depletion": 0.614407711845763, "two-tailed": 0.7712245755084899}}