{"P06865": {"Enrichment": 0.13349733005339892, "Depletion": 0.8665226695466091, "two-tailed": 0.26699466010679784}}