{"P06858": {"Enrichment": 0.7184256314873703, "Depletion": 0.28159436811263777, "two-tailed": 0.5631887362252755}}