{"P06858": {"Enrichment": 0.7134857302853943, "Depletion": 0.28653426931461373, "two-tailed": 0.5730685386292275}}