{"P06865": {"Enrichment": 0.20639587208255836, "Depletion": 0.7936241275174496, "two-tailed": 0.4127917441651167}}