{"P07098": {"Enrichment": 0.8274234515309694, "Depletion": 0.17259654806903862, "two-tailed": 0.34519309613807725}}