{"P07098": {"Enrichment": 0.6998460030799384, "Depletion": 0.3001739965200696, "two-tailed": 0.6003479930401392}}