{"P07101": {"Enrichment": 0.5830283394332113, "Depletion": 0.4169916601667967, "two-tailed": 0.8339833203335933}}