{"P07195": {"Enrichment": 0.3362932741345173, "Depletion": 0.6637267254654907, "two-tailed": 0.6725865482690346}}