{"P07101": {"Enrichment": 0.5854882902341954, "Depletion": 0.4145317093658127, "two-tailed": 0.8290634187316254}}