{"P07203": {"Enrichment": 0.2893542129157417, "Depletion": 0.7106657866842663, "two-tailed": 0.5787084258314834}}