{"P07203": {"Enrichment": 0.24529509409811803, "Depletion": 0.75472490550189, "two-tailed": 0.49059018819623607}}