{"P07333": {"Enrichment": 0.9087218255634887, "Depletion": 0.09129817403651927, "two-tailed": 0.18259634807303854}}