{"P07339": {"Enrichment": 0.08949821003579929, "Depletion": 0.9105217895642087, "two-tailed": 0.17899642007159858}}