{"P07333": {"Enrichment": 0.9108217835643287, "Depletion": 0.08919821603567929, "two-tailed": 0.17839643207135858}}