{"P07327": {"Enrichment": 0.5950080998380033, "Depletion": 0.40501189976200475, "two-tailed": 0.8100237995240095}}