{"P07327": {"Enrichment": 0.36791264174716504, "Depletion": 0.6321073578528429, "two-tailed": 0.7358252834943301}}