{"P07477": {"Enrichment": 0.5735085298294034, "Depletion": 0.4265114697706046, "two-tailed": 0.8530229395412092}}