{"P07686": {"Enrichment": 0.2864942701145977, "Depletion": 0.7135257294854103, "two-tailed": 0.5729885402291954}}