{"P07686": {"Enrichment": 0.3846723065538689, "Depletion": 0.6153476930461391, "two-tailed": 0.7693446131077378}}