{"P07741": {"Enrichment": 0.0632787344253115, "Depletion": 0.9367412651746965, "two-tailed": 0.126557468850623}}