{"P07738": {"Enrichment": 0.5359292814143717, "Depletion": 0.4640907181856363, "two-tailed": 0.9281814363712726}}