{"P07741": {"Enrichment": 0.06381872362552748, "Depletion": 0.9362012759744806, "two-tailed": 0.12763744725105497}}