{"P07738": {"Enrichment": 0.5262694746105078, "Depletion": 0.4737505249895002, "two-tailed": 0.9475010499790004}}