{"P07954": {"Enrichment": 0.3240735185296294, "Depletion": 0.6759464810703786, "two-tailed": 0.6481470370592588}}