{"P07954": {"Enrichment": 0.32313353732925343, "Depletion": 0.6768864622707546, "two-tailed": 0.6462670746585069}}