{"P08069": {"Enrichment": 0.99910001799964, "Depletion": 0.0009199816003679927, "two-tailed": 0.0018399632007359854}}