{"P08069": {"Enrichment": 0.999860002799944, "Depletion": 0.00015999680006399873, "two-tailed": 0.00031999360012799745}}