{"P08246": {"Enrichment": 0.07789844203115938, "Depletion": 0.9221215575688486, "two-tailed": 0.15579688406231876}}