{"P08236": {"Enrichment": 0.35645287094258116, "Depletion": 0.6435671286574268, "two-tailed": 0.7129057418851623}}