{"P08236": {"Enrichment": 0.28377432451350976, "Depletion": 0.7162456750864983, "two-tailed": 0.5675486490270195}}