{"P08294": {"Enrichment": 0.878902421951561, "Depletion": 0.12111757764844704, "two-tailed": 0.24223515529689407}}