{"P08319": {"Enrichment": 0.7469850602987941, "Depletion": 0.25303493930121396, "two-tailed": 0.5060698786024279}}