{"P08319": {"Enrichment": 0.8124037519249615, "Depletion": 0.1876162476750465, "two-tailed": 0.375232495350093}}