{"P08572": {"Enrichment": 0.753564928701426, "Depletion": 0.24645507089858204, "two-tailed": 0.4929101417971641}}