{"P08581": {"Enrichment": 0.5477090458190836, "Depletion": 0.4523109537809244, "two-tailed": 0.9046219075618488}}