{"P08514": {"Enrichment": 0.6621867562648747, "Depletion": 0.3378332433351333, "two-tailed": 0.6756664866702666}}