{"P08559": {"Enrichment": 0.5965880682386352, "Depletion": 0.4034319313613728, "two-tailed": 0.8068638627227456}}