{"P08514": {"Enrichment": 0.7827843443131137, "Depletion": 0.21723565528689426, "two-tailed": 0.4344713105737885}}