{"P08648": {"Enrichment": 0.9327013459730805, "Depletion": 0.06731865362692746, "two-tailed": 0.13463730725385492}}