{"P08648": {"Enrichment": 0.9371012579748405, "Depletion": 0.0629187416251675, "two-tailed": 0.125837483250335}}