{"P08709": {"Enrichment": 0.375992480150397, "Depletion": 0.624027519449611, "two-tailed": 0.751984960300794}}