{"P08709": {"Enrichment": 0.1607767844643107, "Depletion": 0.8392432151356973, "two-tailed": 0.3215535689286214}}