{"P08865": {"Enrichment": 0.9480210395792085, "Depletion": 0.05199896002079958, "two-tailed": 0.10399792004159916}}