{"P08865": {"Enrichment": 0.9467010659786804, "Depletion": 0.05331893362132757, "two-tailed": 0.10663786724265514}}