{"P09012": {"Enrichment": 0.500809983800324, "Depletion": 0.499210015799684, "two-tailed": 0.998420031599368}}