{"P09001": {"Enrichment": 0.3018139637207256, "Depletion": 0.6982060358792824, "two-tailed": 0.6036279274414512}}