{"P09012": {"Enrichment": 0.503369932601348, "Depletion": 0.49665006699866004, "two-tailed": 0.9933001339973201}}