{"P09104": {"Enrichment": 0.3371532569348613, "Depletion": 0.6628667426651467, "two-tailed": 0.6743065138697226}}