{"P09110": {"Enrichment": 0.3002539949201016, "Depletion": 0.6997660046799064, "two-tailed": 0.6005079898402031}}