{"P09104": {"Enrichment": 0.3252934941301174, "Depletion": 0.6747265054698905, "two-tailed": 0.6505869882602348}}