{"P09668": {"Enrichment": 0.05407891842163157, "Depletion": 0.9459410811783764, "two-tailed": 0.10815783684326313}}