{"P09622": {"Enrichment": 0.8588828223435532, "Depletion": 0.14113717725645486, "two-tailed": 0.2822743545129097}}