{"P09603": {"Enrichment": 0.10721785564288715, "Depletion": 0.8928021439571209, "two-tailed": 0.2144357112857743}}