{"P09758": {"Enrichment": 0.2988740225195496, "Depletion": 0.7011459770804583, "two-tailed": 0.5977480450390992}}