{"P09758": {"Enrichment": 0.14193716125677486, "Depletion": 0.8580828383432332, "two-tailed": 0.2838743225135497}}