{"P09972": {"Enrichment": 0.3966720665586688, "Depletion": 0.6033479330413392, "two-tailed": 0.7933441331173376}}