{"P09972": {"Enrichment": 0.5925281494370113, "Depletion": 0.4074918501629967, "two-tailed": 0.8149837003259934}}