{"P0C024": {"Enrichment": 0.26017479650406994, "Depletion": 0.739845203095938, "two-tailed": 0.5203495930081399}}