{"P0C024": {"Enrichment": 0.40727185456290876, "Depletion": 0.5927481450370993, "two-tailed": 0.8145437091258175}}