{"P0C870": {"Enrichment": 0.23115537689246216, "Depletion": 0.7688646227075459, "two-tailed": 0.4623107537849243}}