{"P0C870": {"Enrichment": 0.18177636447271053, "Depletion": 0.8182436351272975, "two-tailed": 0.36355272894542107}}