{"P0CG48": {"Enrichment": 0.48117037659246814, "Depletion": 0.5188496230075399, "two-tailed": 0.9623407531849363}}