{"P0CG29": {"Enrichment": 0.3980720385592288, "Depletion": 0.6019479610407792, "two-tailed": 0.7961440771184576}}