{"P0CG30": {"Enrichment": 0.3263934721305574, "Depletion": 0.6736265274694506, "two-tailed": 0.6527869442611148}}