{"P0CG29": {"Enrichment": 0.39455210895782084, "Depletion": 0.6054678906421872, "two-tailed": 0.7891042179156417}}