{"P0CG48": {"Enrichment": 0.5663686726265474, "Depletion": 0.43365132697346054, "two-tailed": 0.8673026539469211}}