{"P0DMV8": {"Enrichment": 0.09397812043759125, "Depletion": 0.9060418791624167, "two-tailed": 0.1879562408751825}}