{"P0DMV8": {"Enrichment": 0.07361852762944741, "Depletion": 0.9264014719705606, "two-tailed": 0.14723705525889483}}