{"P10144": {"Enrichment": 0.7074058518829623, "Depletion": 0.29261414771704564, "two-tailed": 0.5852282954340913}}