{"P10147": {"Enrichment": 0.011079778404431912, "Depletion": 0.9889402211955761, "two-tailed": 0.022159556808863824}}