{"P10109": {"Enrichment": 0.31037379252414954, "Depletion": 0.6896462070758584, "two-tailed": 0.6207475850482991}}