{"P10147": {"Enrichment": 0.00989980200395992, "Depletion": 0.9901201975960481, "two-tailed": 0.01979960400791984}}