{"P10109": {"Enrichment": 0.18105637887242254, "Depletion": 0.8189636207275854, "two-tailed": 0.3621127577448451}}