{"P10253": {"Enrichment": 0.4567108657826843, "Depletion": 0.5433091338173237, "two-tailed": 0.9134217315653687}}