{"P10253": {"Enrichment": 0.15879682406351872, "Depletion": 0.8412231755364893, "two-tailed": 0.31759364812703744}}