{"P10619": {"Enrichment": 0.4587708245835083, "Depletion": 0.5412491750164997, "two-tailed": 0.9175416491670166}}