{"P10619": {"Enrichment": 0.6093078138437231, "Depletion": 0.39071218575628486, "two-tailed": 0.7814243715125697}}