{"P10720": {"Enrichment": 0.028499430011399773, "Depletion": 0.9715205695886082, "two-tailed": 0.056998860022799545}}