{"P10720": {"Enrichment": 0.02871942561148777, "Depletion": 0.9713005739885202, "two-tailed": 0.05743885122297554}}