{"P10768": {"Enrichment": 0.16867662646747064, "Depletion": 0.8313433731325374, "two-tailed": 0.3373532529349413}}