{"P10768": {"Enrichment": 0.17203655926881462, "Depletion": 0.8279834403311934, "two-tailed": 0.34407311853762923}}