{"P10912": {"Enrichment": 0.2109557808843823, "Depletion": 0.7890642187156257, "two-tailed": 0.4219115617687646}}