{"P11086": {"Enrichment": 0.4407711845763085, "Depletion": 0.5592488150236995, "two-tailed": 0.881542369152617}}