{"P11021": {"Enrichment": 0.8329033419331613, "Depletion": 0.16711665766684666, "two-tailed": 0.3342333153336933}}