{"P11086": {"Enrichment": 0.4402511949761005, "Depletion": 0.5597688046239075, "two-tailed": 0.880502389952201}}