{"P11021": {"Enrichment": 0.8317033659326813, "Depletion": 0.16831663366732666, "two-tailed": 0.3366332673346533}}