{"P11177": {"Enrichment": 0.8494630107397853, "Depletion": 0.15055698886022278, "two-tailed": 0.30111397772044557}}