{"P11172": {"Enrichment": 0.7950640987180256, "Depletion": 0.20495590088198237, "two-tailed": 0.40991180176396474}}