{"P11177": {"Enrichment": 0.5930881382372353, "Depletion": 0.40693186136277276, "two-tailed": 0.8138637227255455}}