{"P11310": {"Enrichment": 0.42421151576968463, "Depletion": 0.5758084838303233, "two-tailed": 0.8484230315393693}}