{"P11310": {"Enrichment": 0.4249315013699726, "Depletion": 0.5750884982300354, "two-tailed": 0.8498630027399452}}