{"P11498": {"Enrichment": 0.4740305193896122, "Depletion": 0.5259894802103958, "two-tailed": 0.9480610387792244}}