{"P11532": {"Enrichment": 0.5208295834083319, "Depletion": 0.4791904161916762, "two-tailed": 0.9583808323833524}}