{"P11586": {"Enrichment": 0.7343653126937462, "Depletion": 0.26565468690626187, "two-tailed": 0.5313093738125237}}