{"P11532": {"Enrichment": 0.5244895102097958, "Depletion": 0.4755304893902122, "two-tailed": 0.9510609787804244}}