{"P11766": {"Enrichment": 0.6688266234675306, "Depletion": 0.33119337613247735, "two-tailed": 0.6623867522649547}}