{"P11766": {"Enrichment": 0.7078258434831304, "Depletion": 0.29219415611687766, "two-tailed": 0.5843883122337553}}