{"P11940": {"Enrichment": 0.2008959820803584, "Depletion": 0.7991240175196496, "two-tailed": 0.4017919641607168}}