{"P11926": {"Enrichment": 0.8951420971580568, "Depletion": 0.10487790244195117, "two-tailed": 0.20975580488390233}}