{"P11940": {"Enrichment": 0.1494970100597988, "Depletion": 0.8505229895402092, "two-tailed": 0.2989940201195976}}