{"P11926": {"Enrichment": 0.6369672606547869, "Depletion": 0.3630527389452211, "two-tailed": 0.7261054778904422}}