{"P12004": {"Enrichment": 0.7202055958880822, "Depletion": 0.2798144037119258, "two-tailed": 0.5596288074238516}}