{"P12081": {"Enrichment": 0.3641327173456531, "Depletion": 0.6358872822543549, "two-tailed": 0.7282654346913062}}