{"P12018": {"Enrichment": 0.08439831203375932, "Depletion": 0.9156216875662486, "two-tailed": 0.16879662406751864}}