{"P12081": {"Enrichment": 0.4582108357832843, "Depletion": 0.5418091638167236, "two-tailed": 0.9164216715665686}}