{"P12277": {"Enrichment": 0.5638287234255315, "Depletion": 0.4361912761744765, "two-tailed": 0.872382552348953}}