{"P12277": {"Enrichment": 0.27355452890942183, "Depletion": 0.7264654706905862, "two-tailed": 0.5471090578188437}}