{"P12544": {"Enrichment": 0.17975640487190256, "Depletion": 0.8202635947281054, "two-tailed": 0.3595128097438051}}