{"P12532": {"Enrichment": 0.3972120557588848, "Depletion": 0.6028079438411231, "two-tailed": 0.7944241115177696}}