{"P12645": {"Enrichment": 0.4525509489810204, "Depletion": 0.5474690506189877, "two-tailed": 0.9051018979620408}}