{"P12645": {"Enrichment": 0.020679586408271836, "Depletion": 0.9793404131917361, "two-tailed": 0.04135917281654367}}