{"P12694": {"Enrichment": 0.8374632507349853, "Depletion": 0.1625567488650227, "two-tailed": 0.3251134977300454}}