{"P12643": {"Enrichment": 0.018319633607327853, "Depletion": 0.9817003659926802, "two-tailed": 0.036639267214655706}}