{"P12821": {"Enrichment": 0.15805683886322275, "Depletion": 0.8419631607367852, "two-tailed": 0.3161136777264455}}