{"P12821": {"Enrichment": 0.1736765264694706, "Depletion": 0.8263434731305374, "two-tailed": 0.3473530529389412}}