{"P12955": {"Enrichment": 0.22451550968980621, "Depletion": 0.7755044899102018, "two-tailed": 0.44903101937961243}}