{"P12955": {"Enrichment": 0.22665546689066218, "Depletion": 0.7733645327093458, "two-tailed": 0.45331093378132437}}