{"P13010": {"Enrichment": 0.007879842403151937, "Depletion": 0.9921401571968561, "two-tailed": 0.015759684806303874}}