{"P13591": {"Enrichment": 0.3514129717405652, "Depletion": 0.6486070278594428, "two-tailed": 0.7028259434811304}}