{"P13500": {"Enrichment": 0.01879962400751985, "Depletion": 0.9812203755924882, "two-tailed": 0.0375992480150397}}