{"P13671": {"Enrichment": 0.989360212795744, "Depletion": 0.010659786804263915, "two-tailed": 0.02131957360852783}}