{"P13671": {"Enrichment": 0.9510409791804164, "Depletion": 0.04897902041959161, "two-tailed": 0.09795804083918322}}