{"P13716": {"Enrichment": 0.4879702405951881, "Depletion": 0.5120497590048199, "two-tailed": 0.9759404811903762}}