{"P13804": {"Enrichment": 0.08419831603367933, "Depletion": 0.9158216835663286, "two-tailed": 0.16839663206735866}}