{"P13929": {"Enrichment": 0.4912501749965001, "Depletion": 0.508769824603508, "two-tailed": 0.9825003499930002}}