{"P13995": {"Enrichment": 0.30427391452170954, "Depletion": 0.6957460850782984, "two-tailed": 0.6085478290434191}}