{"P13929": {"Enrichment": 0.501509969800604, "Depletion": 0.498510029799404, "two-tailed": 0.997020059598808}}