{"P13995": {"Enrichment": 0.35429291414171715, "Depletion": 0.6457270854582908, "two-tailed": 0.7085858282834343}}