{"P14091": {"Enrichment": 0.5284094318113638, "Depletion": 0.47161056778864424, "two-tailed": 0.9432211355772885}}