{"P14091": {"Enrichment": 0.5448091038179237, "Depletion": 0.45521089578208435, "two-tailed": 0.9104217915641687}}