{"P14151": {"Enrichment": 0.9802803943921121, "Depletion": 0.019739605207895843, "two-tailed": 0.039479210415791686}}