{"P14151": {"Enrichment": 0.6886862262754745, "Depletion": 0.3113337733245335, "two-tailed": 0.622667546649067}}