{"P14384": {"Enrichment": 0.8006639867202656, "Depletion": 0.19935601287974242, "two-tailed": 0.39871202575948483}}