{"P14678": {"Enrichment": 0.32101357972840544, "Depletion": 0.6790064198716026, "two-tailed": 0.6420271594568109}}