{"P14618": {"Enrichment": 0.6405471890562189, "Depletion": 0.3594728105437891, "two-tailed": 0.7189456210875782}}