{"P14784": {"Enrichment": 0.0740985180296394, "Depletion": 0.9259214815703686, "two-tailed": 0.1481970360592788}}