{"P14867": {"Enrichment": 0.4891502169956601, "Depletion": 0.5108697826043479, "two-tailed": 0.9783004339913202}}