{"P14920": {"Enrichment": 0.5419291614167716, "Depletion": 0.4580908381832363, "two-tailed": 0.9161816763664726}}