{"P14920": {"Enrichment": 0.5210695786084278, "Depletion": 0.4789504209915802, "two-tailed": 0.9579008419831604}}