{"P15018": {"Enrichment": 0.36971260574788506, "Depletion": 0.630307393852123, "two-tailed": 0.7394252114957701}}