{"P15085": {"Enrichment": 0.4397312053758925, "Depletion": 0.5602887942241155, "two-tailed": 0.879462410751785}}