{"P15085": {"Enrichment": 0.6976860462790744, "Depletion": 0.3023339533209336, "two-tailed": 0.6046679066418672}}