{"P15104": {"Enrichment": 0.20809583808323834, "Depletion": 0.7919241615167697, "two-tailed": 0.4161916761664767}}