{"P15153": {"Enrichment": 0.13305733885322293, "Depletion": 0.8669626607467851, "two-tailed": 0.26611467770644587}}