{"P15151": {"Enrichment": 0.5841683166336673, "Depletion": 0.4158516829663407, "two-tailed": 0.8317033659326813}}