{"P15144": {"Enrichment": 0.4586508269834603, "Depletion": 0.5413691726165477, "two-tailed": 0.9173016539669206}}