{"P15104": {"Enrichment": 0.2939941201175976, "Depletion": 0.7060258794824104, "two-tailed": 0.5879882402351952}}