{"P15289": {"Enrichment": 0.5324093518129638, "Depletion": 0.46761064778704425, "two-tailed": 0.9352212955740885}}