{"P15260": {"Enrichment": 0.9718605627887442, "Depletion": 0.028159436811263774, "two-tailed": 0.05631887362252755}}