{"P15260": {"Enrichment": 0.9722405551888962, "Depletion": 0.027779444411111777, "two-tailed": 0.055558888822223554}}