{"P15309": {"Enrichment": 0.23663526729465412, "Depletion": 0.7633847323053539, "two-tailed": 0.47327053458930823}}