{"P15309": {"Enrichment": 0.22571548569028618, "Depletion": 0.7743045139097218, "two-tailed": 0.45143097138057237}}