{"P15531": {"Enrichment": 0.6441671166576668, "Depletion": 0.35585288294234113, "two-tailed": 0.7117057658846823}}