{"P15531": {"Enrichment": 0.628167436651267, "Depletion": 0.37185256294874103, "two-tailed": 0.7437051258974821}}