{"P15692": {"Enrichment": 0.9757204855902882, "Depletion": 0.024299514009719806, "two-tailed": 0.04859902801943961}}