{"P15692": {"Enrichment": 0.9771404571908562, "Depletion": 0.022879542409151816, "two-tailed": 0.04575908481830363}}