{"P15735": {"Enrichment": 0.40571188576228473, "Depletion": 0.5943081138377232, "two-tailed": 0.8114237715245695}}