{"P15735": {"Enrichment": 0.4010919781604368, "Depletion": 0.5989280214395712, "two-tailed": 0.8021839563208736}}