{"P15848": {"Enrichment": 0.19219615607687845, "Depletion": 0.8078238435231295, "two-tailed": 0.3843923121537569}}