{"P15880": {"Enrichment": 0.4130717385652287, "Depletion": 0.5869482610347793, "two-tailed": 0.8261434771304574}}