{"P15880": {"Enrichment": 0.40647187056258877, "Depletion": 0.5935481290374193, "two-tailed": 0.8129437411251775}}