{"P15907": {"Enrichment": 0.4107517849643007, "Depletion": 0.5892682146357073, "two-tailed": 0.8215035699286014}}