{"P15907": {"Enrichment": 0.5570488590228195, "Depletion": 0.44297114057718845, "two-tailed": 0.8859422811543769}}