{"P16152": {"Enrichment": 0.3612927741445171, "Depletion": 0.6387272254554909, "two-tailed": 0.7225855482890342}}