{"P16109": {"Enrichment": 0.6698666026679466, "Depletion": 0.33015339693206136, "two-tailed": 0.6603067938641227}}