{"P16298": {"Enrichment": 0.6732865342693146, "Depletion": 0.32673346533069336, "two-tailed": 0.6534669306613867}}