{"P16219": {"Enrichment": 0.5878282434351313, "Depletion": 0.4121917561648767, "two-tailed": 0.8243835123297534}}