{"P16219": {"Enrichment": 0.5842683146337073, "Depletion": 0.41575168496630066, "two-tailed": 0.8315033699326013}}