{"P16298": {"Enrichment": 0.6420071598568029, "Depletion": 0.35801283974320514, "two-tailed": 0.7160256794864103}}