{"P16278": {"Enrichment": 0.25027499450011, "Depletion": 0.749745005099898, "two-tailed": 0.50054998900022}}