{"P16471": {"Enrichment": 0.8516629667406652, "Depletion": 0.14835703285934282, "two-tailed": 0.29671406571868564}}