{"P16444": {"Enrichment": 0.36001279974400513, "Depletion": 0.6400071998560029, "two-tailed": 0.7200255994880103}}