{"P16444": {"Enrichment": 0.35235295294094116, "Depletion": 0.6476670466590668, "two-tailed": 0.7047059058818823}}