{"P16671": {"Enrichment": 0.29299414011719765, "Depletion": 0.7070258594828104, "two-tailed": 0.5859882802343953}}