{"P16671": {"Enrichment": 0.29249415011699764, "Depletion": 0.7075258494830103, "two-tailed": 0.5849883002339953}}