{"P17050": {"Enrichment": 0.7346453070938581, "Depletion": 0.26537469250614987, "two-tailed": 0.5307493850122997}}