{"P17050": {"Enrichment": 0.6847663046739065, "Depletion": 0.3152536949261015, "two-tailed": 0.630507389852203}}