{"P17301": {"Enrichment": 0.13837723245535088, "Depletion": 0.8616427671446572, "two-tailed": 0.27675446491070177}}