{"P17301": {"Enrichment": 0.11611767764644707, "Depletion": 0.8839023219535609, "two-tailed": 0.23223535529289413}}