{"P17342": {"Enrichment": 0.8574828503429931, "Depletion": 0.14253714925701486, "two-tailed": 0.2850742985140297}}