{"P17405": {"Enrichment": 0.9246815063698726, "Depletion": 0.0753384932301354, "two-tailed": 0.1506769864602708}}