{"P17612": {"Enrichment": 0.4612307753844923, "Depletion": 0.5387892242155157, "two-tailed": 0.9224615507689846}}