{"P17643": {"Enrichment": 0.49367012659746806, "Depletion": 0.50634987300254, "two-tailed": 0.9873402531949361}}