{"P17655": {"Enrichment": 0.9317813643727125, "Depletion": 0.06823863522729545, "two-tailed": 0.1364772704545909}}