{"P17655": {"Enrichment": 0.8334433311333773, "Depletion": 0.16657666846663066, "two-tailed": 0.3331533369332613}}