{"P17612": {"Enrichment": 0.6344673106537869, "Depletion": 0.36555268894622106, "two-tailed": 0.7311053778924421}}