{"P17643": {"Enrichment": 0.5320893582128358, "Depletion": 0.4679306413871723, "two-tailed": 0.9358612827743445}}