{"P17706": {"Enrichment": 0.00625987480250395, "Depletion": 0.9937601247975041, "two-tailed": 0.0125197496050079}}