{"P17706": {"Enrichment": 0.30525389492210153, "Depletion": 0.6947661046779064, "two-tailed": 0.6105077898442031}}