{"P17735": {"Enrichment": 0.17285654286914262, "Depletion": 0.8271634567308653, "two-tailed": 0.34571308573828524}}