{"P17812": {"Enrichment": 0.8495830083398332, "Depletion": 0.1504369912601748, "two-tailed": 0.3008739825203496}}