{"P17812": {"Enrichment": 0.7654046919061619, "Depletion": 0.23461530769384611, "two-tailed": 0.46923061538769223}}