{"P17931": {"Enrichment": 0.9823203535929281, "Depletion": 0.017699646007079857, "two-tailed": 0.035399292014159714}}