{"P18075": {"Enrichment": 0.9577608447831043, "Depletion": 0.04225915481690366, "two-tailed": 0.08451830963380733}}