{"P18564": {"Enrichment": 0.06873862522749545, "Depletion": 0.9312813743725126, "two-tailed": 0.1374772504549909}}