{"P18510": {"Enrichment": 0.3003339933201336, "Depletion": 0.6996860062798744, "two-tailed": 0.6006679866402672}}