{"P18510": {"Enrichment": 0.5112297754044919, "Depletion": 0.4887902241955161, "two-tailed": 0.9775804483910322}}