{"P18669": {"Enrichment": 0.3150336993260135, "Depletion": 0.6849863002739945, "two-tailed": 0.630067398652027}}