{"P18669": {"Enrichment": 0.2714745705085898, "Depletion": 0.7285454290914182, "two-tailed": 0.5429491410171796}}