{"P18754": {"Enrichment": 0.5364092718145637, "Depletion": 0.46361072778544427, "two-tailed": 0.9272214555708885}}