{"P18754": {"Enrichment": 0.5361692766144677, "Depletion": 0.4638507229855403, "two-tailed": 0.9277014459710806}}