{"P19113": {"Enrichment": 0.0373592528149437, "Depletion": 0.9626607467850643, "two-tailed": 0.0747185056298874}}