{"P19388": {"Enrichment": 0.39555208895822086, "Depletion": 0.6044679106417872, "two-tailed": 0.7911041779164417}}