{"P19367": {"Enrichment": 0.621807563848723, "Depletion": 0.378212435751285, "two-tailed": 0.75642487150257}}