{"P19367": {"Enrichment": 0.6848463030739386, "Depletion": 0.31517369652606947, "two-tailed": 0.6303473930521389}}