{"P19388": {"Enrichment": 0.39505209895802085, "Depletion": 0.6049679006419871, "two-tailed": 0.7901041979160417}}