{"P19474": {"Enrichment": 0.757604847903042, "Depletion": 0.24241515169696606, "two-tailed": 0.4848303033939321}}