{"P19474": {"Enrichment": 0.9077618447631047, "Depletion": 0.09225815483690326, "two-tailed": 0.18451630967380653}}