{"P19623": {"Enrichment": 0.5994680106397872, "Depletion": 0.4005519889602208, "two-tailed": 0.8011039779204416}}