{"P19623": {"Enrichment": 0.6032679346413071, "Depletion": 0.3967520649587008, "two-tailed": 0.7935041299174016}}