{"P19883": {"Enrichment": 0.6526869462610748, "Depletion": 0.3473330533389332, "two-tailed": 0.6946661066778664}}