{"P19838": {"Enrichment": 0.7312053758924821, "Depletion": 0.26881462370752585, "two-tailed": 0.5376292474150517}}