{"P19801": {"Enrichment": 0.024439511209775805, "Depletion": 0.9755804883902321, "two-tailed": 0.04887902241955161}}