{"P19883": {"Enrichment": 0.875682486350273, "Depletion": 0.12433751324973501, "two-tailed": 0.24867502649947001}}