{"P20142": {"Enrichment": 0.0015999680006399872, "Depletion": 0.998420031599368, "two-tailed": 0.0031999360012799744}}