{"P20231": {"Enrichment": 0.626547469050619, "Depletion": 0.373472530549389, "two-tailed": 0.746945061098778}}