{"P20273": {"Enrichment": 0.12153756924861503, "Depletion": 0.878482430351393, "two-tailed": 0.24307513849723006}}