{"P20231": {"Enrichment": 0.9708005839883203, "Depletion": 0.029219415611687765, "two-tailed": 0.05843883122337553}}