{"P20393": {"Enrichment": 0.9804603907921842, "Depletion": 0.019559608807823845, "two-tailed": 0.03911921761564769}}