{"P20585": {"Enrichment": 0.44679106417871645, "Depletion": 0.5532289354212916, "two-tailed": 0.8935821283574329}}