{"P20618": {"Enrichment": 0.5289094218115638, "Depletion": 0.47111057778844423, "two-tailed": 0.9422211555768885}}