{"P20618": {"Enrichment": 0.5276294474110518, "Depletion": 0.4723905521889562, "two-tailed": 0.9447811043779124}}