{"P20702": {"Enrichment": 0.6490270194596108, "Depletion": 0.3509929801403972, "two-tailed": 0.7019859602807944}}