{"P20701": {"Enrichment": 0.6973460530789384, "Depletion": 0.3026739465210696, "two-tailed": 0.6053478930421392}}