{"P20702": {"Enrichment": 0.5499690006199875, "Depletion": 0.4500509989800204, "two-tailed": 0.9001019979600408}}