{"P20701": {"Enrichment": 0.7694246115077699, "Depletion": 0.23059538809223815, "two-tailed": 0.4611907761844763}}