{"P20827": {"Enrichment": 0.16809663806723865, "Depletion": 0.8319233615327694, "two-tailed": 0.3361932761344773}}