{"P21266": {"Enrichment": 0.6180076398472031, "Depletion": 0.38201235975280495, "two-tailed": 0.7640247195056099}}