{"P21266": {"Enrichment": 0.621947561048779, "Depletion": 0.37807243855122896, "two-tailed": 0.7561448771024579}}