{"P21281": {"Enrichment": 0.15765684686306275, "Depletion": 0.8423631527369453, "two-tailed": 0.3153136937261255}}