{"P21589": {"Enrichment": 0.01729965400691986, "Depletion": 0.9827203455930882, "two-tailed": 0.03459930801383972}}