{"P21579": {"Enrichment": 0.9563608727825443, "Depletion": 0.04365912681746365, "two-tailed": 0.0873182536349273}}