{"P21583": {"Enrichment": 0.6446471070578589, "Depletion": 0.35537289254214915, "two-tailed": 0.7107457850842983}}