{"P21549": {"Enrichment": 0.622407551848963, "Depletion": 0.37761244775104497, "two-tailed": 0.7552248955020899}}