{"P21549": {"Enrichment": 0.626787464250715, "Depletion": 0.373232535349293, "two-tailed": 0.746465070698586}}