{"P21579": {"Enrichment": 0.9765604687906242, "Depletion": 0.023459530809383813, "two-tailed": 0.046919061618767625}}