{"P21589": {"Enrichment": 0.034419311613767725, "Depletion": 0.9656006879862403, "two-tailed": 0.06883862322753545}}