{"P21953": {"Enrichment": 0.33135337293254136, "Depletion": 0.6686666266674667, "two-tailed": 0.6627067458650827}}