{"P21953": {"Enrichment": 0.5571888562228755, "Depletion": 0.4428311433771325, "two-tailed": 0.885662286754265}}