{"P22004": {"Enrichment": 0.16761664766704665, "Depletion": 0.8324033519329613, "two-tailed": 0.3352332953340933}}