{"P22234": {"Enrichment": 0.7827643447131057, "Depletion": 0.21725565488690227, "two-tailed": 0.43451130977380453}}