{"P22234": {"Enrichment": 0.46783064338713226, "Depletion": 0.5321893562128758, "two-tailed": 0.9356612867742645}}