{"P22362": {"Enrichment": 0.16637667246655066, "Depletion": 0.8336433271334573, "two-tailed": 0.3327533449331013}}