{"P22314": {"Enrichment": 0.3435131297374053, "Depletion": 0.6565068698626028, "two-tailed": 0.6870262594748106}}