{"P22314": {"Enrichment": 0.6071278574428511, "Depletion": 0.39289214215715684, "two-tailed": 0.7857842843143137}}