{"P22392": {"Enrichment": 0.16945661086778263, "Depletion": 0.8305633887322253, "two-tailed": 0.33891322173556526}}