{"P22307": {"Enrichment": 0.8596228075438491, "Depletion": 0.1403971920561589, "two-tailed": 0.2807943841123178}}