{"P22303": {"Enrichment": 0.028439431211375772, "Depletion": 0.9715805683886323, "two-tailed": 0.056878862422751544}}