{"P22304": {"Enrichment": 0.46761064778704425, "Depletion": 0.5324093518129638, "two-tailed": 0.9352212955740885}}