{"P22303": {"Enrichment": 0.005519889602207955, "Depletion": 0.9945001099978, "two-tailed": 0.01103977920441591}}