{"P22392": {"Enrichment": 0.02281954360912782, "Depletion": 0.9772004559908802, "two-tailed": 0.04563908721825564}}