{"P22557": {"Enrichment": 0.11729765404691907, "Depletion": 0.8827223455530889, "two-tailed": 0.23459530809383813}}