{"P22681": {"Enrichment": 0.20331593368132636, "Depletion": 0.7967040659186816, "two-tailed": 0.4066318673626527}}