{"P22680": {"Enrichment": 0.12101757964840704, "Depletion": 0.879002419951601, "two-tailed": 0.24203515929681407}}