{"P22607": {"Enrichment": 0.9688206235875283, "Depletion": 0.03119937601247975, "two-tailed": 0.0623987520249595}}