{"P22681": {"Enrichment": 0.20181596368072638, "Depletion": 0.7982040359192816, "two-tailed": 0.40363192736145276}}