{"P22680": {"Enrichment": 0.6817463650726986, "Depletion": 0.31827363452730945, "two-tailed": 0.6365472690546189}}