{"P22830": {"Enrichment": 0.5792084158316834, "Depletion": 0.4208115837683246, "two-tailed": 0.8416231675366492}}