{"P22830": {"Enrichment": 0.48101037979240413, "Depletion": 0.5190096198076039, "two-tailed": 0.9620207595848083}}