{"P23025": {"Enrichment": 0.13341733165336694, "Depletion": 0.8666026679466411, "two-tailed": 0.2668346633067339}}