{"P23141": {"Enrichment": 0.0008599828003439931, "Depletion": 0.999160016799664, "two-tailed": 0.0017199656006879863}}