{"P23141": {"Enrichment": 0.009119817603647927, "Depletion": 0.9909001819963601, "two-tailed": 0.018239635207295855}}