{"P23246": {"Enrichment": 0.4879502409951801, "Depletion": 0.512069758604828, "two-tailed": 0.9759004819903602}}