{"P23246": {"Enrichment": 0.879582408351833, "Depletion": 0.12043759124817503, "two-tailed": 0.24087518249635007}}