{"P23381": {"Enrichment": 0.36979260414791704, "Depletion": 0.6302273954520909, "two-tailed": 0.7395852082958341}}