{"P23368": {"Enrichment": 0.3377732445351093, "Depletion": 0.6622467550648987, "two-tailed": 0.6755464890702186}}