{"P23368": {"Enrichment": 0.4009719805603888, "Depletion": 0.5990480190396192, "two-tailed": 0.8019439611207776}}