{"P23396": {"Enrichment": 0.8314033719325613, "Depletion": 0.16861662766744664, "two-tailed": 0.3372332553348933}}