{"P23378": {"Enrichment": 0.040979180416391675, "Depletion": 0.9590408191836163, "two-tailed": 0.08195836083278335}}