{"P23381": {"Enrichment": 0.4524309513809724, "Depletion": 0.5475890482190356, "two-tailed": 0.9048619027619448}}