{"P23396": {"Enrichment": 0.8323833523329534, "Depletion": 0.16763664726705466, "two-tailed": 0.3352732945341093}}