{"P23526": {"Enrichment": 0.49077018459630806, "Depletion": 0.5092498150036999, "two-tailed": 0.9815403691926161}}