{"P23560": {"Enrichment": 0.4919301613967721, "Depletion": 0.5080898382032359, "two-tailed": 0.9838603227935442}}