{"P23510": {"Enrichment": 0.010819783604327914, "Depletion": 0.9892002159956801, "two-tailed": 0.021639567208655827}}