{"P23526": {"Enrichment": 0.498470030599388, "Depletion": 0.50154996900062, "two-tailed": 0.996940061198776}}