{"P23921": {"Enrichment": 0.5534689306213876, "Depletion": 0.4465510689786204, "two-tailed": 0.8931021379572408}}