{"P24043": {"Enrichment": 0.9138817223655527, "Depletion": 0.08613827723445532, "two-tailed": 0.17227655446891063}}