{"P24158": {"Enrichment": 0.626727465450691, "Depletion": 0.373292534149317, "two-tailed": 0.746585068298634}}