{"P24394": {"Enrichment": 0.10593788124237516, "Depletion": 0.8940821183576328, "two-tailed": 0.21187576248475032}}