{"P24864": {"Enrichment": 0.005979880402391952, "Depletion": 0.994040119197616, "two-tailed": 0.011959760804783904}}