{"P25398": {"Enrichment": 0.3093738125237495, "Depletion": 0.6906461870762585, "two-tailed": 0.618747625047499}}