{"P25311": {"Enrichment": 0.40353192936141274, "Depletion": 0.5964880702385952, "two-tailed": 0.8070638587228255}}