{"P25685": {"Enrichment": 0.2350752984940301, "Depletion": 0.7649447011059779, "two-tailed": 0.4701505969880602}}