{"P25685": {"Enrichment": 0.022119557608847824, "Depletion": 0.9779004419911602, "two-tailed": 0.04423911521769565}}