{"P25787": {"Enrichment": 0.24749505009899803, "Depletion": 0.75252494950101, "two-tailed": 0.49499010019799605}}