{"P25788": {"Enrichment": 0.06501869962600748, "Depletion": 0.9350012999740005, "two-tailed": 0.13003739925201496}}