{"P25789": {"Enrichment": 0.11593768124637507, "Depletion": 0.8840823183536329, "two-tailed": 0.23187536249275015}}