{"P25788": {"Enrichment": 0.06643867122657547, "Depletion": 0.9335813283734326, "two-tailed": 0.13287734245315094}}