{"P25787": {"Enrichment": 0.250494990100198, "Depletion": 0.74952500949981, "two-tailed": 0.500989980200396}}