{"P25786": {"Enrichment": 0.23211535769284614, "Depletion": 0.7679046419071619, "two-tailed": 0.46423071538569227}}