{"P26196": {"Enrichment": 0.047019059618807625, "Depletion": 0.9530009399812004, "two-tailed": 0.09403811923761525}}