{"P26196": {"Enrichment": 0.06921861562768744, "Depletion": 0.9308013839723206, "two-tailed": 0.13843723125537488}}