{"P26440": {"Enrichment": 0.870802583948321, "Depletion": 0.12921741565168696, "two-tailed": 0.2584348313033739}}