{"P26440": {"Enrichment": 0.6043879122417551, "Depletion": 0.39563208735825284, "two-tailed": 0.7912641747165057}}