{"P26641": {"Enrichment": 0.5664086718265635, "Depletion": 0.4336113277734445, "two-tailed": 0.867222655546889}}