{"P26639": {"Enrichment": 0.628107437851243, "Depletion": 0.371912561748765, "two-tailed": 0.74382512349753}}