{"P26998": {"Enrichment": 0.1865162696746065, "Depletion": 0.8135037299254015, "two-tailed": 0.373032539349213}}