{"P26951": {"Enrichment": 0.8098038039239215, "Depletion": 0.19021619567608647, "two-tailed": 0.38043239135217294}}