{"P26927": {"Enrichment": 0.6908461830763385, "Depletion": 0.30917381652366954, "two-tailed": 0.6183476330473391}}