{"P27448": {"Enrichment": 0.23803523929521408, "Depletion": 0.7619847603047939, "two-tailed": 0.47607047859042817}}