{"P27448": {"Enrichment": 0.14599708005839884, "Depletion": 0.8540229195416091, "two-tailed": 0.2919941601167977}}