{"P27487": {"Enrichment": 0.23265534689306214, "Depletion": 0.7673646527069459, "two-tailed": 0.4653106937861243}}