{"P27487": {"Enrichment": 0.08179836403271934, "Depletion": 0.9182216355672886, "two-tailed": 0.16359672806543868}}