{"P27694": {"Enrichment": 0.7032259354812904, "Depletion": 0.2967940641187176, "two-tailed": 0.5935881282374352}}