{"P27694": {"Enrichment": 0.02967940641187176, "Depletion": 0.9703405931881363, "two-tailed": 0.05935881282374352}}