{"P28074": {"Enrichment": 0.7765444691106178, "Depletion": 0.2234755304893902, "two-tailed": 0.4469510609787804}}