{"P28062": {"Enrichment": 0.8978620427591448, "Depletion": 0.10215795684086318, "two-tailed": 0.20431591368172636}}