{"P28039": {"Enrichment": 0.375212495750085, "Depletion": 0.624807503849923, "two-tailed": 0.75042499150017}}