{"P28074": {"Enrichment": 0.7768244635107298, "Depletion": 0.22319553608927822, "two-tailed": 0.44639107217855645}}