{"P28066": {"Enrichment": 0.1003379932401352, "Depletion": 0.8996820063598728, "two-tailed": 0.2006759864802704}}