{"P28062": {"Enrichment": 0.8969820603587928, "Depletion": 0.10303793924121518, "two-tailed": 0.20607587848243036}}