{"P28072": {"Enrichment": 0.7095658086838263, "Depletion": 0.2904541909161817, "two-tailed": 0.5809083818323634}}