{"P28039": {"Enrichment": 0.10505789884202316, "Depletion": 0.8949621007579849, "two-tailed": 0.2101157976840463}}