{"P28070": {"Enrichment": 0.4882102357952841, "Depletion": 0.5118097638047239, "two-tailed": 0.9764204715905682}}