{"P28066": {"Enrichment": 0.1000379992400152, "Depletion": 0.8999820003599928, "two-tailed": 0.2000759984800304}}