{"P28070": {"Enrichment": 0.42821143577128457, "Depletion": 0.5718085638287235, "two-tailed": 0.8564228715425691}}