{"P28472": {"Enrichment": 0.7113457730845383, "Depletion": 0.2886742265154697, "two-tailed": 0.5773484530309394}}