{"P28845": {"Enrichment": 0.6486870262594748, "Depletion": 0.3513329733405332, "two-tailed": 0.7026659466810664}}