{"P29083": {"Enrichment": 0.8922621547569048, "Depletion": 0.10775784484310313, "two-tailed": 0.21551568968620627}}