{"P29475": {"Enrichment": 0.7254254914901702, "Depletion": 0.2745945081098378, "two-tailed": 0.5491890162196756}}