{"P29474": {"Enrichment": 0.7339653206935861, "Depletion": 0.26605467890642187, "two-tailed": 0.5321093578128437}}