{"P29466": {"Enrichment": 0.9214615707685846, "Depletion": 0.07855842883142337, "two-tailed": 0.15711685766284675}}