{"P29466": {"Enrichment": 0.8029239415211695, "Depletion": 0.19709605807883843, "two-tailed": 0.39419211615767685}}