{"P29474": {"Enrichment": 0.623307533849323, "Depletion": 0.376712465750685, "two-tailed": 0.75342493150137}}