{"P29622": {"Enrichment": 0.8662626747465051, "Depletion": 0.13375732485350292, "two-tailed": 0.26751464970700584}}