{"P29622": {"Enrichment": 0.20555588888222234, "Depletion": 0.7944641107177857, "two-tailed": 0.4111117777644447}}