{"P29973": {"Enrichment": 0.2929741405171897, "Depletion": 0.7070458590828184, "two-tailed": 0.5859482810343793}}