{"P29973": {"Enrichment": 0.48471030579388413, "Depletion": 0.5153096938061239, "two-tailed": 0.9694206115877683}}