{"P30041": {"Enrichment": 0.8963420731585369, "Depletion": 0.10367792644147117, "two-tailed": 0.20735585288294234}}