{"P30047": {"Enrichment": 0.09497810043799124, "Depletion": 0.9050418991620167, "two-tailed": 0.18995620087598247}}