{"P30041": {"Enrichment": 0.8252834943301134, "Depletion": 0.1747365052698946, "two-tailed": 0.3494730105397892}}