{"P30048": {"Enrichment": 0.8020239595208096, "Depletion": 0.1979960400791984, "two-tailed": 0.3959920801583968}}