{"P30038": {"Enrichment": 0.43343133137337253, "Depletion": 0.5665886682266355, "two-tailed": 0.8668626627467451}}