{"P30048": {"Enrichment": 0.9090418191636167, "Depletion": 0.09097818043639128, "two-tailed": 0.18195636087278255}}