{"P30530": {"Enrichment": 0.004619907601847963, "Depletion": 0.99540009199816, "two-tailed": 0.009239815203695927}}