{"P30519": {"Enrichment": 0.6554668906621868, "Depletion": 0.34455310893782126, "two-tailed": 0.6891062178756425}}