{"P30519": {"Enrichment": 0.7371852562948741, "Depletion": 0.2628347433051339, "two-tailed": 0.5256694866102678}}