{"P30613": {"Enrichment": 0.5485490290194196, "Depletion": 0.4514709705805884, "two-tailed": 0.9029419411611768}}