{"P30613": {"Enrichment": 0.3309333813323734, "Depletion": 0.6690866182676346, "two-tailed": 0.6618667626647468}}