{"P30838": {"Enrichment": 0.3534129317413652, "Depletion": 0.6466070678586429, "two-tailed": 0.7068258634827304}}