{"P30838": {"Enrichment": 0.24557508849823004, "Depletion": 0.7544449111017779, "two-tailed": 0.4911501769964601}}