{"P30989": {"Enrichment": 0.9641207175856483, "Depletion": 0.03589928201435971, "two-tailed": 0.07179856402871942}}