{"P30989": {"Enrichment": 0.9646407071858563, "Depletion": 0.03537929241415172, "two-tailed": 0.07075858482830344}}