{"P31040": {"Enrichment": 0.010799784004319914, "Depletion": 0.9892202155956881, "two-tailed": 0.021599568008639828}}