{"P31040": {"Enrichment": 0.03323933521329574, "Depletion": 0.9667806643867123, "two-tailed": 0.06647867042659147}}