{"P31350": {"Enrichment": 0.249295014099718, "Depletion": 0.75072498550029, "two-tailed": 0.498590028199436}}