{"P31327": {"Enrichment": 0.7643847123057539, "Depletion": 0.23563528729425412, "two-tailed": 0.47127057458850824}}