{"P31415": {"Enrichment": 0.6530069398612027, "Depletion": 0.3470130597388052, "two-tailed": 0.6940261194776104}}