{"P31415": {"Enrichment": 0.32113357732845343, "Depletion": 0.6788864222715546, "two-tailed": 0.6422671546569069}}