{"P31751": {"Enrichment": 0.05221895562088758, "Depletion": 0.9478010439791205, "two-tailed": 0.10443791124177516}}