{"P31785": {"Enrichment": 0.058218835623287536, "Depletion": 0.9418011639767204, "two-tailed": 0.11643767124657507}}