{"P31751": {"Enrichment": 0.06677866442671146, "Depletion": 0.9332413351732965, "two-tailed": 0.13355732885342292}}