{"P31939": {"Enrichment": 0.059718805623887525, "Depletion": 0.9403011939761204, "two-tailed": 0.11943761124777505}}