{"P31939": {"Enrichment": 0.06441871162576748, "Depletion": 0.9356012879742405, "two-tailed": 0.12883742325153497}}