{"P32119": {"Enrichment": 0.8285234295314093, "Depletion": 0.17149657006859864, "two-tailed": 0.3429931401371973}}