{"P32119": {"Enrichment": 0.749845003099938, "Depletion": 0.25017499650007, "two-tailed": 0.50034999300014}}