{"P32298": {"Enrichment": 0.0033599328013439733, "Depletion": 0.996660066798664, "two-tailed": 0.006719865602687947}}