{"P32322": {"Enrichment": 0.6742465150696986, "Depletion": 0.3257734845303094, "two-tailed": 0.6515469690606188}}