{"P32322": {"Enrichment": 0.746945061098778, "Depletion": 0.25307493850123, "two-tailed": 0.50614987700246}}