{"P32927": {"Enrichment": 0.8907221855562889, "Depletion": 0.10929781404371912, "two-tailed": 0.21859562808743824}}