{"P32929": {"Enrichment": 0.6127277454450911, "Depletion": 0.3872922541549169, "two-tailed": 0.7745845083098338}}