{"P32929": {"Enrichment": 0.6603267934641307, "Depletion": 0.3396932061358773, "two-tailed": 0.6793864122717546}}