{"P32970": {"Enrichment": 0.09593808123837523, "Depletion": 0.9040819183616328, "two-tailed": 0.19187616247675046}}