{"P32927": {"Enrichment": 0.8496230075398492, "Depletion": 0.1503969920601588, "two-tailed": 0.3007939841203176}}