{"P33316": {"Enrichment": 0.04735905281894362, "Depletion": 0.9526609467810644, "two-tailed": 0.09471810563788724}}