{"P34897": {"Enrichment": 0.019199616007679846, "Depletion": 0.9808203835923281, "two-tailed": 0.03839923201535969}}