{"P34897": {"Enrichment": 0.03537929241415172, "Depletion": 0.9646407071858563, "two-tailed": 0.07075858482830344}}