{"P35228": {"Enrichment": 0.6272674546509069, "Depletion": 0.37275254494910104, "two-tailed": 0.7455050898982021}}