{"P35270": {"Enrichment": 0.13449731005379892, "Depletion": 0.865522689546209, "two-tailed": 0.26899462010759784}}