{"P35228": {"Enrichment": 0.620147597048059, "Depletion": 0.379872402551949, "two-tailed": 0.759744805103898}}