{"P35270": {"Enrichment": 0.10529789404211916, "Depletion": 0.8947221055578889, "two-tailed": 0.21059578808423832}}