{"P35354": {"Enrichment": 0.17319653606927862, "Depletion": 0.8268234635307293, "two-tailed": 0.34639307213855725}}