{"P35354": {"Enrichment": 0.09033819323613528, "Depletion": 0.9096818063638727, "two-tailed": 0.18067638647227055}}