{"P35475": {"Enrichment": 0.5657286854262915, "Depletion": 0.4342913141737165, "two-tailed": 0.868582628347433}}