{"P35520": {"Enrichment": 0.875442491150177, "Depletion": 0.12457750844983101, "two-tailed": 0.24915501689966202}}