{"P35520": {"Enrichment": 0.8308633827323454, "Depletion": 0.16915661686766265, "two-tailed": 0.3383132337353253}}