{"P35670": {"Enrichment": 0.2728345433091338, "Depletion": 0.7271854562908742, "two-tailed": 0.5456690866182676}}