{"P35670": {"Enrichment": 0.26955460890782185, "Depletion": 0.7304653906921862, "two-tailed": 0.5391092178156437}}