{"P35914": {"Enrichment": 0.507129857402852, "Depletion": 0.49289014219715604, "two-tailed": 0.9857802843943121}}