{"P35914": {"Enrichment": 0.6545269094618108, "Depletion": 0.34549309013819723, "two-tailed": 0.6909861802763945}}