{"P36222": {"Enrichment": 0.9668606627867443, "Depletion": 0.03315933681326373, "two-tailed": 0.06631867362652746}}