{"P36222": {"Enrichment": 0.990060198796024, "Depletion": 0.00995980080398392, "two-tailed": 0.01991960160796784}}