{"P36406": {"Enrichment": 0.36943261134777305, "Depletion": 0.6305873882522349, "two-tailed": 0.7388652226955461}}