{"P36404": {"Enrichment": 0.1635567288654227, "Depletion": 0.8364632707345853, "two-tailed": 0.3271134577308454}}