{"P36406": {"Enrichment": 0.36945261094778103, "Depletion": 0.630567388652227, "two-tailed": 0.7389052218955621}}