{"P36404": {"Enrichment": 0.16877662446751066, "Depletion": 0.8312433751324974, "two-tailed": 0.3375532489350213}}