{"P36544": {"Enrichment": 0.43433131337373254, "Depletion": 0.5656886862262754, "two-tailed": 0.8686626267474651}}