{"P36544": {"Enrichment": 0.2252154956900862, "Depletion": 0.7748045039099218, "two-tailed": 0.4504309913801724}}