{"P36776": {"Enrichment": 0.8989020219595608, "Depletion": 0.10111797764044719, "two-tailed": 0.20223595528089439}}