{"P36776": {"Enrichment": 0.8999620007599848, "Depletion": 0.1000579988400232, "two-tailed": 0.2001159976800464}}