{"P36894": {"Enrichment": 0.3906721865562689, "Depletion": 0.6093478130437391, "two-tailed": 0.7813443731125378}}