{"P36897": {"Enrichment": 0.17425651486970262, "Depletion": 0.8257634847303054, "two-tailed": 0.34851302973940523}}