{"P36894": {"Enrichment": 0.39235215295694087, "Depletion": 0.6076678466430672, "two-tailed": 0.7847043059138817}}