{"P37837": {"Enrichment": 0.9444811103777925, "Depletion": 0.05553888922221555, "two-tailed": 0.1110777784444311}}