{"P37837": {"Enrichment": 0.9775804483910322, "Depletion": 0.02243955120897582, "two-tailed": 0.04487910241795164}}