{"P38606": {"Enrichment": 0.7379852402951941, "Depletion": 0.2620347593048139, "two-tailed": 0.5240695186096278}}