{"P38606": {"Enrichment": 0.5686886262274754, "Depletion": 0.4313313733725325, "two-tailed": 0.862662746745065}}