{"P38919": {"Enrichment": 0.0002599948001039979, "Depletion": 0.999760004799904, "two-tailed": 0.0005199896002079958}}