{"P38919": {"Enrichment": 0.020939581208375833, "Depletion": 0.9790804183916322, "two-tailed": 0.041879162416751665}}