{"P40394": {"Enrichment": 0.5368092638147237, "Depletion": 0.46321073578528427, "two-tailed": 0.9264214715705685}}