{"P40306": {"Enrichment": 0.872702545949081, "Depletion": 0.12731745365092698, "two-tailed": 0.25463490730185395}}