{"P40337": {"Enrichment": 0.8828823423531529, "Depletion": 0.11713765724685506, "two-tailed": 0.2342753144937101}}