{"P40394": {"Enrichment": 0.7848043039139218, "Depletion": 0.21521569568608628, "two-tailed": 0.43043139137217257}}