{"P40337": {"Enrichment": 0.8697026059478811, "Depletion": 0.13031739365212697, "two-tailed": 0.26063478730425393}}