{"P40926": {"Enrichment": 0.2104957900841983, "Depletion": 0.7895242095158097, "two-tailed": 0.4209915801683966}}