{"P41181": {"Enrichment": 0.9305613887722246, "Depletion": 0.06945861082778344, "two-tailed": 0.13891722165556689}}