{"P41181": {"Enrichment": 0.9295814083718326, "Depletion": 0.07043859122817543, "two-tailed": 0.14087718245635086}}