{"P41273": {"Enrichment": 0.6430071398572028, "Depletion": 0.35701285974280517, "two-tailed": 0.7140257194856103}}