{"P41273": {"Enrichment": 0.9854202915941681, "Depletion": 0.014599708005839884, "two-tailed": 0.029199416011679767}}