{"P41235": {"Enrichment": 0.8052438951220976, "Depletion": 0.19477610447791044, "two-tailed": 0.3895522089558209}}