{"P42336": {"Enrichment": 0.2836943261134777, "Depletion": 0.7163256734865303, "two-tailed": 0.5673886522269554}}