{"P42336": {"Enrichment": 0.19087618247635046, "Depletion": 0.8091438171236576, "two-tailed": 0.38175236495270093}}