{"P42575": {"Enrichment": 0.4126117477650447, "Depletion": 0.5874082518349633, "two-tailed": 0.8252234955300894}}