{"P42575": {"Enrichment": 0.991420171596568, "Depletion": 0.008599828003439931, "two-tailed": 0.017199656006879862}}