{"P42574": {"Enrichment": 0.8943021139577209, "Depletion": 0.10571788564228715, "two-tailed": 0.2114357712845743}}