{"P42574": {"Enrichment": 0.7779644407111858, "Depletion": 0.22205555888882222, "two-tailed": 0.44411111777764445}}