{"P42677": {"Enrichment": 0.14267714645707086, "Depletion": 0.8573428531429371, "two-tailed": 0.2853542929141417}}