{"P42658": {"Enrichment": 0.29551408971820564, "Depletion": 0.7045059098818024, "two-tailed": 0.5910281794364113}}