{"P42658": {"Enrichment": 0.26899462010759784, "Depletion": 0.7310253794924102, "two-tailed": 0.5379892402151957}}