{"P42785": {"Enrichment": 0.864822703545929, "Depletion": 0.13519729605407893, "two-tailed": 0.27039459210815786}}