{"P42765": {"Enrichment": 0.8367232655346893, "Depletion": 0.1632967340653187, "two-tailed": 0.3265934681306374}}