{"P42898": {"Enrichment": 0.4498510029799404, "Depletion": 0.5501689966200676, "two-tailed": 0.8997020059598808}}