{"P42898": {"Enrichment": 0.08341833163336733, "Depletion": 0.9166016679666407, "two-tailed": 0.16683666326673466}}