{"P43146": {"Enrichment": 0.46503069938601227, "Depletion": 0.5349893002139957, "two-tailed": 0.9300613987720245}}