{"P43246": {"Enrichment": 0.5232295354092918, "Depletion": 0.4767904641907162, "two-tailed": 0.9535809283814324}}