{"P43246": {"Enrichment": 0.2765944681106378, "Depletion": 0.7234255314893702, "two-tailed": 0.5531889362212756}}