{"P43489": {"Enrichment": 0.6032279354412912, "Depletion": 0.3967920641587168, "two-tailed": 0.7935841283174336}}