{"P43490": {"Enrichment": 0.9016419671606568, "Depletion": 0.09837803243935121, "two-tailed": 0.19675606487870242}}