{"P43629": {"Enrichment": 0.4735905281894362, "Depletion": 0.5264294714105718, "two-tailed": 0.9471810563788724}}