{"P43627": {"Enrichment": 0.41783164336713263, "Depletion": 0.5821883562328753, "two-tailed": 0.8356632867342653}}