{"P43652": {"Enrichment": 0.24195516089678207, "Depletion": 0.7580648387032259, "two-tailed": 0.48391032179356414}}