{"P45381": {"Enrichment": 0.8534029319413612, "Depletion": 0.14661706765864682, "two-tailed": 0.29323413531729364}}