{"P45452": {"Enrichment": 0.8915421691566169, "Depletion": 0.10847783044339113, "two-tailed": 0.21695566088678225}}