{"P45452": {"Enrichment": 0.8875622487550249, "Depletion": 0.1124577508449831, "two-tailed": 0.2249155016899662}}