{"P45954": {"Enrichment": 0.8358232835343293, "Depletion": 0.16419671606567868, "two-tailed": 0.32839343213135735}}