{"P45954": {"Enrichment": 0.9643007139857203, "Depletion": 0.035719285614287714, "two-tailed": 0.07143857122857543}}