{"P46063": {"Enrichment": 0.615307693846123, "Depletion": 0.38471230575388493, "two-tailed": 0.7694246115077699}}