{"P46782": {"Enrichment": 0.006419871602567948, "Depletion": 0.99360012799744, "two-tailed": 0.012839743205135897}}