{"P46976": {"Enrichment": 0.6583468330633387, "Depletion": 0.3416731665366693, "two-tailed": 0.6833463330733386}}