{"P46976": {"Enrichment": 0.5799084018319633, "Depletion": 0.42011159776804463, "two-tailed": 0.8402231955360893}}