{"P46926": {"Enrichment": 0.6584068318633627, "Depletion": 0.34161316773664524, "two-tailed": 0.6832263354732905}}