{"P46926": {"Enrichment": 0.6085678286434272, "Depletion": 0.39145217095658086, "two-tailed": 0.7829043419131617}}