{"P47895": {"Enrichment": 0.9221615567688646, "Depletion": 0.07785844283114338, "two-tailed": 0.15571688566228675}}