{"P47871": {"Enrichment": 0.17175656486870264, "Depletion": 0.8282634347313054, "two-tailed": 0.3435131297374053}}