{"P47871": {"Enrichment": 0.16849663006739865, "Depletion": 0.8315233695326093, "two-tailed": 0.3369932601347973}}