{"P47989": {"Enrichment": 0.31843363132737346, "Depletion": 0.6815863682726345, "two-tailed": 0.6368672626547469}}