{"P48061": {"Enrichment": 0.9797404051918962, "Depletion": 0.020279594408111837, "two-tailed": 0.040559188816223675}}