{"P48163": {"Enrichment": 0.369412611747765, "Depletion": 0.6306073878522429, "two-tailed": 0.73882522349553}}