{"P48163": {"Enrichment": 0.29699406011879764, "Depletion": 0.7030259394812104, "two-tailed": 0.5939881202375953}}