{"P48728": {"Enrichment": 0.3123937521249575, "Depletion": 0.6876262474750505, "two-tailed": 0.624787504249915}}