{"P48775": {"Enrichment": 0.867822643547129, "Depletion": 0.13219735605287894, "two-tailed": 0.2643947121057579}}