{"P48728": {"Enrichment": 0.6696266074678506, "Depletion": 0.33039339213215735, "two-tailed": 0.6607867842643147}}