{"P48775": {"Enrichment": 0.8657826843463131, "Depletion": 0.13423731525369492, "two-tailed": 0.26847463050738984}}