{"P48730": {"Enrichment": 0.17241655166896663, "Depletion": 0.8276034479310413, "two-tailed": 0.34483310333793327}}