{"P49189": {"Enrichment": 0.43227135457290855, "Depletion": 0.5677486450270994, "two-tailed": 0.8645427091458171}}