{"P49366": {"Enrichment": 0.44443111137777247, "Depletion": 0.5555888882222355, "two-tailed": 0.8888622227555449}}