{"P49327": {"Enrichment": 0.45333093338133235, "Depletion": 0.5466890662186756, "two-tailed": 0.9066618667626647}}