{"P49327": {"Enrichment": 0.12203755924881503, "Depletion": 0.877982440351193, "two-tailed": 0.24407511849763006}}