{"P49356": {"Enrichment": 0.20281594368112638, "Depletion": 0.7972040559188817, "two-tailed": 0.40563188736225275}}