{"P49366": {"Enrichment": 0.6799864002719945, "Depletion": 0.32003359932801345, "two-tailed": 0.6400671986560269}}