{"P49356": {"Enrichment": 0.24087518249635007, "Depletion": 0.7591448171036579, "two-tailed": 0.48175036499270013}}