{"P49448": {"Enrichment": 0.14625707485850284, "Depletion": 0.8537629247415052, "two-tailed": 0.2925141497170057}}