{"P49448": {"Enrichment": 0.2826143477130457, "Depletion": 0.7174056518869623, "two-tailed": 0.5652286954260914}}