{"P49406": {"Enrichment": 0.5076698466030679, "Depletion": 0.49235015299694007, "two-tailed": 0.9847003059938801}}