{"P49419": {"Enrichment": 0.5820283594328114, "Depletion": 0.41799164016719664, "two-tailed": 0.8359832803343933}}