{"P49419": {"Enrichment": 0.8514429711405772, "Depletion": 0.1485770284594308, "two-tailed": 0.2971540569188616}}