{"P49765": {"Enrichment": 0.9725405491890162, "Depletion": 0.02747945041099178, "two-tailed": 0.05495890082198356}}