{"P49767": {"Enrichment": 0.9606207875842483, "Depletion": 0.03939921201575969, "two-tailed": 0.07879842403151938}}