{"P49771": {"Enrichment": 0.008399832003359933, "Depletion": 0.9916201675966481, "two-tailed": 0.016799664006719867}}