{"P49763": {"Enrichment": 0.9328013439731205, "Depletion": 0.06721865562688746, "two-tailed": 0.13443731125377492}}