{"P49767": {"Enrichment": 0.9828203435931281, "Depletion": 0.017199656006879862, "two-tailed": 0.034399312013759724}}