{"P49763": {"Enrichment": 0.9379212415751685, "Depletion": 0.0620987580248395, "two-tailed": 0.124197516049679}}