{"P49841": {"Enrichment": 0.22651546969060618, "Depletion": 0.7735045299094018, "two-tailed": 0.45303093938121236}}