{"P49841": {"Enrichment": 0.23027539449211015, "Depletion": 0.7697446051078979, "two-tailed": 0.4605507889842203}}