{"P49915": {"Enrichment": 0.12193756124877503, "Depletion": 0.878082438351233, "two-tailed": 0.24387512249755006}}