{"P49915": {"Enrichment": 0.04885902281954361, "Depletion": 0.9511609767804644, "two-tailed": 0.09771804563908722}}