{"P50479": {"Enrichment": 0.6647867042659147, "Depletion": 0.3352332953340933, "two-tailed": 0.6704665906681866}}