{"P50479": {"Enrichment": 0.6695066098678026, "Depletion": 0.33051338973220534, "two-tailed": 0.6610267794644107}}