{"P50591": {"Enrichment": 0.9901801963960721, "Depletion": 0.009839803203935921, "two-tailed": 0.019679606407871843}}