{"P50591": {"Enrichment": 0.1644367112657747, "Depletion": 0.8355832883342333, "two-tailed": 0.3288734225315494}}