{"P50613": {"Enrichment": 0.8961020779584409, "Depletion": 0.10391792164156717, "two-tailed": 0.20783584328313434}}