{"P50613": {"Enrichment": 0.8964620707585849, "Depletion": 0.10355792884142317, "two-tailed": 0.20711585768284635}}