{"P50750": {"Enrichment": 0.9337613247735045, "Depletion": 0.06625867482650347, "two-tailed": 0.13251734965300693}}