{"P50897": {"Enrichment": 0.6944061118777625, "Depletion": 0.30561388772224557, "two-tailed": 0.6112277754444911}}