{"P50897": {"Enrichment": 0.6948861022779544, "Depletion": 0.30513389732205354, "two-tailed": 0.6102677946441071}}