{"P51149": {"Enrichment": 0.249495010099798, "Depletion": 0.75052498950021, "two-tailed": 0.498990020199596}}