{"P51553": {"Enrichment": 0.4316113677726445, "Depletion": 0.5684086318273635, "two-tailed": 0.863222735545289}}