{"P51553": {"Enrichment": 0.39717205655886884, "Depletion": 0.6028479430411392, "two-tailed": 0.7943441131177377}}