{"P51659": {"Enrichment": 0.7821843563128738, "Depletion": 0.21783564328713426, "two-tailed": 0.4356712865742685}}