{"P51688": {"Enrichment": 0.9668206635867282, "Depletion": 0.033199336013279734, "two-tailed": 0.06639867202655947}}