{"P51659": {"Enrichment": 0.6778864422711546, "Depletion": 0.3221335573288534, "two-tailed": 0.6442671146577068}}