{"P51648": {"Enrichment": 0.5223095538089239, "Depletion": 0.4777104457910842, "two-tailed": 0.9554208915821684}}