{"P51648": {"Enrichment": 0.5230495390092198, "Depletion": 0.4769704605907882, "two-tailed": 0.9539409211815764}}