{"P51798": {"Enrichment": 0.9673406531869363, "Depletion": 0.03267934641307174, "two-tailed": 0.06535869282614348}}