{"P51795": {"Enrichment": 0.6928261434771305, "Depletion": 0.30719385612287753, "two-tailed": 0.6143877122457551}}