{"P51798": {"Enrichment": 0.9730205395892082, "Depletion": 0.026999460010799784, "two-tailed": 0.05399892002159957}}