{"P52209": {"Enrichment": 0.12925741485170297, "Depletion": 0.870762584748305, "two-tailed": 0.25851482970340595}}