{"P52298": {"Enrichment": 0.3349733005339893, "Depletion": 0.6650466990660187, "two-tailed": 0.6699466010679787}}