{"P52298": {"Enrichment": 0.8195236095278094, "Depletion": 0.18049639007219856, "two-tailed": 0.3609927801443971}}