{"P52434": {"Enrichment": 0.3636527269454611, "Depletion": 0.636367272654547, "two-tailed": 0.7273054538909222}}