{"P52701": {"Enrichment": 0.6755664886702266, "Depletion": 0.3244535109297814, "two-tailed": 0.6489070218595628}}