{"P52701": {"Enrichment": 0.5256694866102678, "Depletion": 0.4743505129897402, "two-tailed": 0.9487010259794804}}