{"P52803": {"Enrichment": 0.1998560028799424, "Depletion": 0.8001639967200656, "two-tailed": 0.3997120057598848}}