{"P52895": {"Enrichment": 0.17737645247095057, "Depletion": 0.8226435471290574, "two-tailed": 0.35475290494190115}}