{"P53004": {"Enrichment": 0.24619507609847804, "Depletion": 0.75382492350153, "two-tailed": 0.4923901521969561}}