{"P53004": {"Enrichment": 0.2641547169056619, "Depletion": 0.7358652826943461, "two-tailed": 0.5283094338113238}}