{"P53396": {"Enrichment": 0.8615027699446011, "Depletion": 0.1385172296554069, "two-tailed": 0.2770344593108138}}