{"P53396": {"Enrichment": 0.9157616847663047, "Depletion": 0.08425831483370333, "two-tailed": 0.16851662966740666}}