{"P53597": {"Enrichment": 0.7591248175036499, "Depletion": 0.24089518209635807, "two-tailed": 0.48179036419271615}}