{"P53602": {"Enrichment": 0.4677506449871003, "Depletion": 0.5322693546129077, "two-tailed": 0.9355012899742006}}