{"P53674": {"Enrichment": 0.4898902021959561, "Depletion": 0.510129797404052, "two-tailed": 0.9797804043919122}}