{"P53602": {"Enrichment": 0.6861462770744585, "Depletion": 0.3138737225255495, "two-tailed": 0.627747445051099}}