{"P53674": {"Enrichment": 0.18085638287234254, "Depletion": 0.8191636167276655, "two-tailed": 0.3617127657446851}}