{"P53667": {"Enrichment": 0.5260894782104358, "Depletion": 0.4739305213895722, "two-tailed": 0.9478610427791444}}