{"P53667": {"Enrichment": 0.4129917401651967, "Depletion": 0.5870282594348113, "two-tailed": 0.8259834803303934}}