{"P54289": {"Enrichment": 0.6836663266734665, "Depletion": 0.3163536729265415, "two-tailed": 0.632707345853083}}