{"P54289": {"Enrichment": 0.6864862702745945, "Depletion": 0.3135337293254135, "two-tailed": 0.627067458650827}}