{"P54317": {"Enrichment": 0.31849363012739745, "Depletion": 0.6815263694726106, "two-tailed": 0.6369872602547949}}