{"P54317": {"Enrichment": 0.46097078058438834, "Depletion": 0.5390492190156196, "two-tailed": 0.9219415611687767}}