{"P54619": {"Enrichment": 0.19863602727945442, "Depletion": 0.8013839723205536, "two-tailed": 0.39727205455890885}}