{"P54687": {"Enrichment": 0.500289994200116, "Depletion": 0.499730005399892, "two-tailed": 0.999460010799784}}