{"P54619": {"Enrichment": 0.5627887442251155, "Depletion": 0.4372312553748925, "two-tailed": 0.874462510749785}}