{"P54868": {"Enrichment": 0.5633487330253395, "Depletion": 0.4366712665746685, "two-tailed": 0.873342533149337}}