{"P54868": {"Enrichment": 0.876302473950521, "Depletion": 0.12371752564948701, "two-tailed": 0.24743505129897403}}