{"P54802": {"Enrichment": 0.3365532689346213, "Depletion": 0.6634667306653866, "two-tailed": 0.6731065378692426}}