{"P54802": {"Enrichment": 0.5902481950360993, "Depletion": 0.4097718045639087, "two-tailed": 0.8195436091278174}}