{"P55072": {"Enrichment": 0.9940001199976001, "Depletion": 0.006019879602407952, "two-tailed": 0.012039759204815904}}