{"P55064": {"Enrichment": 0.8169036619267614, "Depletion": 0.18311633767324653, "two-tailed": 0.36623267534649306}}