{"P55072": {"Enrichment": 0.9826203475930482, "Depletion": 0.01739965200695986, "two-tailed": 0.03479930401391972}}