{"P55197": {"Enrichment": 0.7173856522869543, "Depletion": 0.28263434731305376, "two-tailed": 0.5652686946261075}}