{"P55769": {"Enrichment": 0.3029139417211656, "Depletion": 0.6971060578788424, "two-tailed": 0.6058278834423312}}