{"P55774": {"Enrichment": 0.14091718165636688, "Depletion": 0.8591028179436411, "two-tailed": 0.28183436331273376}}