{"P55774": {"Enrichment": 0.13891722165556689, "Depletion": 0.8611027779444411, "two-tailed": 0.27783444331113377}}