{"P55809": {"Enrichment": 0.04445911081778364, "Depletion": 0.9555608887822243, "two-tailed": 0.08891822163556728}}