{"P55809": {"Enrichment": 0.0873782524349513, "Depletion": 0.9126417471650567, "two-tailed": 0.1747565048699026}}