{"P56545": {"Enrichment": 0.746485070298594, "Depletion": 0.25353492930141397, "two-tailed": 0.5070698586028279}}