{"P56545": {"Enrichment": 0.48431031379372413, "Depletion": 0.5157096858062838, "two-tailed": 0.9686206275874483}}