{"P56704": {"Enrichment": 0.629407411851763, "Depletion": 0.370612587748245, "two-tailed": 0.74122517549649}}