{"P58743": {"Enrichment": 0.9203015939681206, "Depletion": 0.07971840563188737, "two-tailed": 0.15943681126377474}}