{"P60174": {"Enrichment": 0.626747465050699, "Depletion": 0.37327253454930903, "two-tailed": 0.7465450690986181}}