{"P60763": {"Enrichment": 0.11723765524689506, "Depletion": 0.882782344353113, "two-tailed": 0.2344753104937901}}