{"P60763": {"Enrichment": 0.02233955320893582, "Depletion": 0.9776804463910722, "two-tailed": 0.04467910641787164}}