{"P60900": {"Enrichment": 0.20935581288374233, "Depletion": 0.7906641867162657, "two-tailed": 0.41871162576748466}}