{"P60900": {"Enrichment": 0.2134357312853743, "Depletion": 0.7865842683146337, "two-tailed": 0.4268714625707486}}