{"P60953": {"Enrichment": 0.49255014899702004, "Depletion": 0.507469850602988, "two-tailed": 0.9851002979940401}}