{"P60953": {"Enrichment": 0.49043019139617205, "Depletion": 0.5095898082038359, "two-tailed": 0.9808603827923441}}