{"P61006": {"Enrichment": 0.23399532009359814, "Depletion": 0.7660246795064098, "two-tailed": 0.46799064018719627}}