{"P61006": {"Enrichment": 0.04695906081878362, "Depletion": 0.9530609387812243, "two-tailed": 0.09391812163756724}}