{"P61020": {"Enrichment": 0.2852542949141017, "Depletion": 0.7147657046859063, "two-tailed": 0.5705085898282034}}