{"P61020": {"Enrichment": 0.14285714285714285, "Depletion": 0.8571628567428652, "two-tailed": 0.2857142857142857}}