{"P61247": {"Enrichment": 0.40415191696166075, "Depletion": 0.5958680826383472, "two-tailed": 0.8083038339233215}}