{"P61247": {"Enrichment": 0.40341193176136475, "Depletion": 0.5966080678386432, "two-tailed": 0.8068238635227295}}