{"P61326": {"Enrichment": 0.6763864722705546, "Depletion": 0.3236335273294534, "two-tailed": 0.6472670546589068}}