{"P61326": {"Enrichment": 0.38059238815223695, "Depletion": 0.619427611447771, "two-tailed": 0.7611847763044739}}