{"P62136": {"Enrichment": 0.7348053038939221, "Depletion": 0.26521469570608586, "two-tailed": 0.5304293914121717}}