{"P62136": {"Enrichment": 0.6414471710565789, "Depletion": 0.35857282854342915, "two-tailed": 0.7171456570868583}}