{"P62306": {"Enrichment": 0.6519269614607708, "Depletion": 0.3480930381392372, "two-tailed": 0.6961860762784744}}