{"P62491": {"Enrichment": 0.10517789644207116, "Depletion": 0.8948421031579369, "two-tailed": 0.21035579288414233}}