{"P62491": {"Enrichment": 0.08881822363552729, "Depletion": 0.9112017759644807, "two-tailed": 0.17763644727105457}}