{"P62701": {"Enrichment": 0.9850602987940241, "Depletion": 0.01495970080598388, "two-tailed": 0.02991940161196776}}