{"P62753": {"Enrichment": 0.06801863962720746, "Depletion": 0.9320013599728005, "two-tailed": 0.13603727925441492}}