{"P62701": {"Enrichment": 0.9855402891942161, "Depletion": 0.014479710405791884, "two-tailed": 0.02895942081158377}}