{"P62834": {"Enrichment": 0.08565828683426331, "Depletion": 0.9143617127657447, "two-tailed": 0.17131657366852662}}