{"P62834": {"Enrichment": 0.007799844003119938, "Depletion": 0.992220155596888, "two-tailed": 0.015599688006239875}}