{"P63096": {"Enrichment": 0.04819903601927961, "Depletion": 0.9518209635807284, "two-tailed": 0.09639807203855923}}