{"P63096": {"Enrichment": 0.09265814683706326, "Depletion": 0.9073618527629448, "two-tailed": 0.18531629367412653}}