{"P63000": {"Enrichment": 0.04253914921701566, "Depletion": 0.9574808503829924, "two-tailed": 0.08507829843403132}}