{"P63272": {"Enrichment": 0.0123997520049599, "Depletion": 0.9876202475950481, "two-tailed": 0.0247995040099198}}