{"P63244": {"Enrichment": 0.7034259314813703, "Depletion": 0.29659406811863764, "two-tailed": 0.5931881362372753}}