{"P63244": {"Enrichment": 0.7037859242815143, "Depletion": 0.2962340753184936, "two-tailed": 0.5924681506369872}}