{"P63272": {"Enrichment": 0.012899742005159897, "Depletion": 0.9871202575948481, "two-tailed": 0.025799484010319795}}