{"P67775": {"Enrichment": 0.9183616327673446, "Depletion": 0.08165836683266335, "two-tailed": 0.1633167336653267}}