{"P67870": {"Enrichment": 0.10133797324053519, "Depletion": 0.8986820263594728, "two-tailed": 0.20267594648107037}}