{"P67870": {"Enrichment": 0.1642967140657187, "Depletion": 0.8357232855342893, "two-tailed": 0.3285934281314374}}