{"P68106": {"Enrichment": 0.006619867602647947, "Depletion": 0.9934001319973601, "two-tailed": 0.013239735205295894}}