{"P68363": {"Enrichment": 0.8910621787564249, "Depletion": 0.10895782084358313, "two-tailed": 0.21791564168716626}}