{"P68363": {"Enrichment": 0.9279814403711926, "Depletion": 0.07203855922881543, "two-tailed": 0.14407711845763085}}