{"P78380": {"Enrichment": 0.3358932821343573, "Depletion": 0.6641267174656507, "two-tailed": 0.6717865642687146}}