{"P78380": {"Enrichment": 0.32991340173196537, "Depletion": 0.6701065978680426, "two-tailed": 0.6598268034639307}}