{"P78310": {"Enrichment": 0.3077138457230855, "Depletion": 0.6923061538769225, "two-tailed": 0.615427691446171}}