{"P78423": {"Enrichment": 0.010339793204135918, "Depletion": 0.9896802063958721, "two-tailed": 0.020679586408271836}}