{"P78417": {"Enrichment": 0.6693266134677306, "Depletion": 0.33069338613227733, "two-tailed": 0.6613867722645547}}