{"P78423": {"Enrichment": 0.012079758404831904, "Depletion": 0.9879402411951761, "two-tailed": 0.024159516809663807}}