{"P78417": {"Enrichment": 0.634767304653907, "Depletion": 0.3652526949461011, "two-tailed": 0.7305053898922022}}