{"P78540": {"Enrichment": 0.11937761244775104, "Depletion": 0.880642387152257, "two-tailed": 0.23875522489550208}}