{"P78556": {"Enrichment": 0.8439831203375933, "Depletion": 0.15603687926241475, "two-tailed": 0.3120737585248295}}