{"P78556": {"Enrichment": 0.8393832123357533, "Depletion": 0.1606367872642547, "two-tailed": 0.3212735745285094}}