{"P80075": {"Enrichment": 0.017039659206815865, "Depletion": 0.9829803403931922, "two-tailed": 0.03407931841363173}}