{"P80075": {"Enrichment": 0.017919641607167858, "Depletion": 0.9821003579928401, "two-tailed": 0.035839283214335715}}