{"P80192": {"Enrichment": 0.874162516749665, "Depletion": 0.12585748285034298, "two-tailed": 0.25171496570068597}}