{"P80192": {"Enrichment": 0.876682466350673, "Depletion": 0.12333753324933501, "two-tailed": 0.24667506649867002}}