{"P83876": {"Enrichment": 0.8940221195576088, "Depletion": 0.10599788004239916, "two-tailed": 0.2119957600847983}}