{"P84077": {"Enrichment": 0.030619387612247754, "Depletion": 0.9694006119877603, "two-tailed": 0.06123877522449551}}