{"Q00535": {"Enrichment": 0.49849003019939603, "Depletion": 0.501529969400612, "two-tailed": 0.9969800603987921}}