{"Q00535": {"Enrichment": 0.5379892402151957, "Depletion": 0.4620307593848123, "two-tailed": 0.9240615187696246}}