{"Q00653": {"Enrichment": 0.5855082898342033, "Depletion": 0.4145117097658047, "two-tailed": 0.8290234195316094}}