{"Q00653": {"Enrichment": 0.6537469250614988, "Depletion": 0.34627307453850925, "two-tailed": 0.6925461490770185}}