{"Q00604": {"Enrichment": 0.5536689266214676, "Depletion": 0.44635107297854043, "two-tailed": 0.8927021459570809}}