{"Q00796": {"Enrichment": 0.8141637167256655, "Depletion": 0.18585628287434253, "two-tailed": 0.37171256574868505}}