{"Q01344": {"Enrichment": 0.43143137137257254, "Depletion": 0.5685886282274355, "two-tailed": 0.8628627427451451}}