{"Q01344": {"Enrichment": 0.7005859882802344, "Depletion": 0.2994340113197736, "two-tailed": 0.5988680226395472}}