{"Q01581": {"Enrichment": 0.8424031519369612, "Depletion": 0.15761684766304673, "two-tailed": 0.31523369532609347}}