{"Q01581": {"Enrichment": 0.9447811043779124, "Depletion": 0.05523889522209556, "two-tailed": 0.11047779044419112}}