{"Q01813": {"Enrichment": 0.373232535349293, "Depletion": 0.626787464250715, "two-tailed": 0.746465070698586}}