{"Q01813": {"Enrichment": 0.15061698766024678, "Depletion": 0.8494030119397612, "two-tailed": 0.30123397532049356}}