{"Q01955": {"Enrichment": 0.9338013239735206, "Depletion": 0.06621867562648746, "two-tailed": 0.13243735125297493}}