{"Q02083": {"Enrichment": 0.8962220755584889, "Depletion": 0.10379792404151916, "two-tailed": 0.20759584808303833}}