{"Q02108": {"Enrichment": 0.7907841843163137, "Depletion": 0.20923581528369434, "two-tailed": 0.4184716305673887}}