{"Q02153": {"Enrichment": 0.9958200835983281, "Depletion": 0.004199916001679967, "two-tailed": 0.008399832003359933}}