{"Q02153": {"Enrichment": 0.8018439631207376, "Depletion": 0.1981760364792704, "two-tailed": 0.3963520729585408}}