{"Q02108": {"Enrichment": 0.8993420131597368, "Depletion": 0.10067798644027119, "two-tailed": 0.20135597288054238}}