{"Q02241": {"Enrichment": 0.9112817743645127, "Depletion": 0.0887382252354953, "two-tailed": 0.1774764504709906}}