{"Q02241": {"Enrichment": 0.9181016379672406, "Depletion": 0.08191836163276735, "two-tailed": 0.1638367232655347}}