{"Q02790": {"Enrichment": 0.872142557148857, "Depletion": 0.12787744245115099, "two-tailed": 0.25575488490230197}}