{"Q02790": {"Enrichment": 0.9431211375772485, "Depletion": 0.056898862022759546, "two-tailed": 0.11379772404551909}}