{"Q02817": {"Enrichment": 0.8028239435211296, "Depletion": 0.1971960560788784, "two-tailed": 0.3943921121577568}}