{"Q02880": {"Enrichment": 0.26693466130677385, "Depletion": 0.7330853382932342, "two-tailed": 0.5338693226135477}}