{"Q02880": {"Enrichment": 0.08983820323593528, "Depletion": 0.9101817963640727, "two-tailed": 0.17967640647187055}}