{"Q03154": {"Enrichment": 0.02735945281094378, "Depletion": 0.9726605467890642, "two-tailed": 0.05471890562188756}}