{"Q03164": {"Enrichment": 0.17195656086878264, "Depletion": 0.8280634387312253, "two-tailed": 0.3439131217375653}}