{"Q03154": {"Enrichment": 0.02759944801103978, "Depletion": 0.9724205515889682, "two-tailed": 0.05519889602207956}}