{"Q03164": {"Enrichment": 0.1736365272694546, "Depletion": 0.8263834723305534, "two-tailed": 0.3472730545389092}}