{"Q03405": {"Enrichment": 0.37407251854962903, "Depletion": 0.625947481050379, "two-tailed": 0.7481450370992581}}