{"Q03468": {"Enrichment": 0.9311613767724646, "Depletion": 0.06885862282754344, "two-tailed": 0.1377172456550869}}