{"Q04206": {"Enrichment": 0.8980020399592008, "Depletion": 0.10201795964080719, "two-tailed": 0.20403591928161438}}