{"Q04656": {"Enrichment": 0.996760064798704, "Depletion": 0.003259934801303974, "two-tailed": 0.006519869602607948}}