{"Q04760": {"Enrichment": 0.03163936721265575, "Depletion": 0.9683806323873523, "two-tailed": 0.0632787344253115}}