{"Q04724": {"Enrichment": 0.3885522289554209, "Depletion": 0.6114677706445871, "two-tailed": 0.7771044579108418}}