{"Q04756": {"Enrichment": 0.7617447651046979, "Depletion": 0.2382752344953101, "two-tailed": 0.4765504689906202}}