{"Q04756": {"Enrichment": 0.6182476350472991, "Depletion": 0.38177236455270896, "two-tailed": 0.7635447291054179}}