{"Q04724": {"Enrichment": 0.35661286774264517, "Depletion": 0.6434071318573629, "two-tailed": 0.7132257354852903}}