{"Q05086": {"Enrichment": 0.8214635707285854, "Depletion": 0.17855642887142256, "two-tailed": 0.3571128577428451}}