{"Q05193": {"Enrichment": 0.8397632047359053, "Depletion": 0.16025679486410271, "two-tailed": 0.32051358972820543}}