{"Q05397": {"Enrichment": 0.43891122177556446, "Depletion": 0.5611087778244435, "two-tailed": 0.8778224435511289}}