{"Q05397": {"Enrichment": 0.43461130777384455, "Depletion": 0.5654086918261635, "two-tailed": 0.8692226155476891}}