{"Q05586": {"Enrichment": 0.9925201495970081, "Depletion": 0.00749985000299994, "two-tailed": 0.01499970000599988}}