{"Q05655": {"Enrichment": 0.2898942021159577, "Depletion": 0.7101257974840504, "two-tailed": 0.5797884042319154}}