{"Q06187": {"Enrichment": 0.19301613967720646, "Depletion": 0.8070038599228015, "two-tailed": 0.3860322793544129}}