{"Q06787": {"Enrichment": 0.2650146997060059, "Depletion": 0.7350052998940021, "two-tailed": 0.5300293994120118}}