{"Q06830": {"Enrichment": 0.5337093258134837, "Depletion": 0.46631067378652424, "two-tailed": 0.9326213475730485}}