{"Q06830": {"Enrichment": 0.6896262074758505, "Depletion": 0.3103937921241575, "two-tailed": 0.620787584248315}}