{"Q07075": {"Enrichment": 0.9120217595648087, "Depletion": 0.0879982400351993, "two-tailed": 0.1759964800703986}}