{"Q07837": {"Enrichment": 0.49567008659826806, "Depletion": 0.5043499130017399, "two-tailed": 0.9913401731965361}}