{"Q07889": {"Enrichment": 0.08209835803283934, "Depletion": 0.9179216415671687, "two-tailed": 0.16419671606567868}}