{"Q07889": {"Enrichment": 0.05943881122377553, "Depletion": 0.9405811883762325, "two-tailed": 0.11887762244755105}}