{"Q07837": {"Enrichment": 0.7658246835063299, "Depletion": 0.23419531609367814, "two-tailed": 0.46839063218735627}}