{"Q07960": {"Enrichment": 0.3585928281434371, "Depletion": 0.6414271714565709, "two-tailed": 0.7171856562868743}}