{"Q07960": {"Enrichment": 0.36097278054438914, "Depletion": 0.6390472190556189, "two-tailed": 0.7219455610887783}}