{"Q08188": {"Enrichment": 0.20397592048159036, "Depletion": 0.7960440791184177, "two-tailed": 0.4079518409631807}}