{"Q08188": {"Enrichment": 0.3095338093238135, "Depletion": 0.6904861902761945, "two-tailed": 0.619067618647627}}