{"Q08211": {"Enrichment": 0.124797504049919, "Depletion": 0.875222495550089, "two-tailed": 0.249595008099838}}