{"Q08209": {"Enrichment": 0.9609607807843843, "Depletion": 0.039059218815623686, "two-tailed": 0.07811843763124737}}