{"Q08209": {"Enrichment": 0.9798404031919362, "Depletion": 0.020179596408071838, "two-tailed": 0.040359192816143676}}