{"Q08257": {"Enrichment": 0.8351032979340414, "Depletion": 0.16491670166596667, "two-tailed": 0.32983340333193334}}