{"Q08211": {"Enrichment": 0.07909841803163936, "Depletion": 0.9209215815683687, "two-tailed": 0.15819683606327872}}