{"Q08257": {"Enrichment": 0.8521029579408412, "Depletion": 0.1479170416591668, "two-tailed": 0.2958340833183336}}