{"Q08345": {"Enrichment": 0.3271534569308614, "Depletion": 0.6728665426691466, "two-tailed": 0.6543069138617228}}