{"Q08345": {"Enrichment": 0.43149137017259653, "Depletion": 0.5685286294274114, "two-tailed": 0.8629827403451931}}