{"Q09161": {"Enrichment": 0.8875422491550169, "Depletion": 0.1124777504449911, "two-tailed": 0.2249555008899822}}