{"Q09161": {"Enrichment": 0.8870822583548329, "Depletion": 0.1129377412451751, "two-tailed": 0.2258754824903502}}