{"Q10471": {"Enrichment": 0.16651666966660666, "Depletion": 0.8335033299334014, "two-tailed": 0.33303333933321333}}