{"Q10588": {"Enrichment": 0.5324293514129718, "Depletion": 0.4675906481870363, "two-tailed": 0.9351812963740725}}