{"Q12794": {"Enrichment": 0.372712545749085, "Depletion": 0.627307453850923, "two-tailed": 0.74542509149817}}