{"Q12756": {"Enrichment": 0.7338853222935541, "Depletion": 0.26613467730645385, "two-tailed": 0.5322693546129077}}