{"Q12756": {"Enrichment": 0.7313253734925301, "Depletion": 0.26869462610747785, "two-tailed": 0.5373892522149557}}