{"Q12884": {"Enrichment": 0.16385672286554268, "Depletion": 0.8361632767344653, "two-tailed": 0.32771344573108535}}