{"Q12884": {"Enrichment": 0.12917741645167097, "Depletion": 0.8708425831483371, "two-tailed": 0.25835483290334194}}