{"Q12802": {"Enrichment": 0.9784604307913841, "Depletion": 0.02155956880862383, "two-tailed": 0.04311913761724766}}