{"Q12802": {"Enrichment": 0.9760804783904322, "Depletion": 0.02393952120957581, "two-tailed": 0.04787904241915162}}