{"Q12974": {"Enrichment": 0.5574488510229796, "Depletion": 0.44257114857702845, "two-tailed": 0.8851422971540569}}