{"Q12931": {"Enrichment": 0.755984880302394, "Depletion": 0.24403511929761404, "two-tailed": 0.4880702385952281}}