{"Q12931": {"Enrichment": 0.616367672646547, "Depletion": 0.3836523269534609, "two-tailed": 0.7673046539069218}}