{"Q12918": {"Enrichment": 0.5423091538169237, "Depletion": 0.45771084578308435, "two-tailed": 0.9154216915661687}}