{"Q12918": {"Enrichment": 0.5421091578168437, "Depletion": 0.4579108417831643, "two-tailed": 0.9158216835663286}}