{"Q12967": {"Enrichment": 0.2777744445111098, "Depletion": 0.7222455550888982, "two-tailed": 0.5555488890222195}}