{"Q12974": {"Enrichment": 0.5622887542249155, "Depletion": 0.4377312453750925, "two-tailed": 0.875462490750185}}