{"Q13043": {"Enrichment": 0.0870782584348313, "Depletion": 0.9129417411651767, "two-tailed": 0.1741565168696626}}