{"Q13007": {"Enrichment": 0.2802743945121098, "Depletion": 0.7197456050878982, "two-tailed": 0.5605487890242196}}