{"Q13043": {"Enrichment": 0.26931461370772586, "Depletion": 0.7307053858922822, "two-tailed": 0.5386292274154517}}