{"Q13085": {"Enrichment": 0.7997040059198816, "Depletion": 0.2003159936801264, "two-tailed": 0.4006319873602528}}