{"Q13144": {"Enrichment": 0.6814663706725865, "Depletion": 0.31855362892742145, "two-tailed": 0.6371072578548429}}