{"Q13144": {"Enrichment": 0.8417831643367133, "Depletion": 0.15823683526329474, "two-tailed": 0.3164736705265895}}