{"Q13115": {"Enrichment": 0.7660246795064098, "Depletion": 0.23399532009359814, "two-tailed": 0.46799064018719627}}