{"Q13131": {"Enrichment": 0.14239715205695885, "Depletion": 0.8576228475430492, "two-tailed": 0.2847943041139177}}