{"Q13155": {"Enrichment": 0.2134157316853663, "Depletion": 0.7866042679146417, "two-tailed": 0.4268314633707326}}