{"Q13137": {"Enrichment": 0.6582268354632907, "Depletion": 0.3417931641367173, "two-tailed": 0.6835863282734346}}