{"Q13162": {"Enrichment": 0.3650126997460051, "Depletion": 0.635007299854003, "two-tailed": 0.7300253994920102}}