{"Q13164": {"Enrichment": 0.7292854142917141, "Depletion": 0.2707345853082938, "two-tailed": 0.5414691706165876}}