{"Q13162": {"Enrichment": 0.43645127097458053, "Depletion": 0.5635687286254275, "two-tailed": 0.8729025419491611}}