{"Q13137": {"Enrichment": 0.6614667706645867, "Depletion": 0.3385532289354213, "two-tailed": 0.6771064578708426}}