{"Q13115": {"Enrichment": 0.7703245935081299, "Depletion": 0.22969540609187816, "two-tailed": 0.4593908121837563}}