{"Q13232": {"Enrichment": 0.44119117617647646, "Depletion": 0.5588288234235316, "two-tailed": 0.8823823523529529}}