{"Q13253": {"Enrichment": 0.0500789984200316, "Depletion": 0.9499410011799764, "two-tailed": 0.1001579968400632}}