{"Q13216": {"Enrichment": 0.6134677306453871, "Depletion": 0.3865522689546209, "two-tailed": 0.7731045379092418}}