{"Q13232": {"Enrichment": 0.05735885282294354, "Depletion": 0.9426611467770645, "two-tailed": 0.11471770564588708}}