{"Q13283": {"Enrichment": 0.127277454450911, "Depletion": 0.872742545149097, "two-tailed": 0.254554908901822}}