{"Q13216": {"Enrichment": 0.6067078658426831, "Depletion": 0.3933121337573249, "two-tailed": 0.7866242675146498}}