{"Q13253": {"Enrichment": 0.05087898242035159, "Depletion": 0.9491410171796564, "two-tailed": 0.10175796484070318}}