{"Q13395": {"Enrichment": 0.3108737825243495, "Depletion": 0.6891462170756585, "two-tailed": 0.621747565048699}}