{"Q13464": {"Enrichment": 0.04313913721725565, "Depletion": 0.9568808623827524, "two-tailed": 0.0862782744345113}}