{"Q13418": {"Enrichment": 0.4118917621647567, "Depletion": 0.5881282374352513, "two-tailed": 0.8237835243295134}}