{"Q13418": {"Enrichment": 0.4121117577648447, "Depletion": 0.5879082418351633, "two-tailed": 0.8242235155296894}}