{"Q13464": {"Enrichment": 0.005839883202335953, "Depletion": 0.994180116397672, "two-tailed": 0.011679766404671907}}