{"Q13472": {"Enrichment": 0.45411091778164436, "Depletion": 0.5459090818183636, "two-tailed": 0.9082218355632887}}