{"Q13485": {"Enrichment": 0.19761604767904642, "Depletion": 0.8024039519209616, "two-tailed": 0.39523209535809284}}