{"Q13469": {"Enrichment": 0.753104937901242, "Depletion": 0.24691506169876604, "two-tailed": 0.4938301233975321}}