{"Q13509": {"Enrichment": 0.11947761044779104, "Depletion": 0.8805423891522169, "two-tailed": 0.23895522089558208}}