{"Q13510": {"Enrichment": 0.35321293574128515, "Depletion": 0.6468070638587228, "two-tailed": 0.7064258714825703}}