{"Q13557": {"Enrichment": 0.9341013179736405, "Depletion": 0.06591868162636748, "two-tailed": 0.13183736325273496}}