{"Q13569": {"Enrichment": 0.5744685106297874, "Depletion": 0.4255514889702206, "two-tailed": 0.8511029779404412}}