{"Q13564": {"Enrichment": 0.7328253434931301, "Depletion": 0.26719465610687787, "two-tailed": 0.5343893122137557}}