{"Q13563": {"Enrichment": 0.996380072398552, "Depletion": 0.003639927201455971, "two-tailed": 0.007279854402911942}}