{"Q13569": {"Enrichment": 0.5740485190296194, "Depletion": 0.4259714805703886, "two-tailed": 0.8519429611407772}}