{"Q13509": {"Enrichment": 0.12159756804863903, "Depletion": 0.878422431551369, "two-tailed": 0.24319513609727805}}