{"Q13510": {"Enrichment": 0.3546529069418612, "Depletion": 0.6453670926581468, "two-tailed": 0.7093058138837224}}