{"Q13547": {"Enrichment": 0.9465010699786004, "Depletion": 0.05351892962140757, "two-tailed": 0.10703785924281514}}