{"Q13547": {"Enrichment": 0.8179436411271774, "Depletion": 0.18207635847283055, "two-tailed": 0.3641527169456611}}