{"Q13564": {"Enrichment": 0.879382412351753, "Depletion": 0.12063758724825503, "two-tailed": 0.24127517449651006}}