{"Q13616": {"Enrichment": 0.0051998960020799585, "Depletion": 0.994820103597928, "two-tailed": 0.010399792004159917}}