{"Q13630": {"Enrichment": 0.5392492150156997, "Depletion": 0.4607707845843083, "two-tailed": 0.9215415691686166}}