{"Q13637": {"Enrichment": 0.28083438331233374, "Depletion": 0.7191856162876743, "two-tailed": 0.5616687666246675}}