{"Q13619": {"Enrichment": 0.8912021759564809, "Depletion": 0.10881782364352713, "two-tailed": 0.21763564728705426}}