{"Q13630": {"Enrichment": 0.7141857162856743, "Depletion": 0.2858342833143337, "two-tailed": 0.5716685666286674}}