{"Q13637": {"Enrichment": 0.1620567588648227, "Depletion": 0.8379632407351852, "two-tailed": 0.3241135177296454}}