{"Q13867": {"Enrichment": 0.9927401451970961, "Depletion": 0.007279854402911942, "two-tailed": 0.014559708805823884}}