{"Q13867": {"Enrichment": 0.9809403811923761, "Depletion": 0.019079618407631848, "two-tailed": 0.038159236815263696}}