{"Q13822": {"Enrichment": 0.6641067178656427, "Depletion": 0.3359132817343653, "two-tailed": 0.6718265634687306}}