{"Q14004": {"Enrichment": 0.9969800603987921, "Depletion": 0.0030399392012159755, "two-tailed": 0.006079878402431951}}