{"Q14145": {"Enrichment": 0.5789884202315954, "Depletion": 0.4210315793684126, "two-tailed": 0.8420631587368252}}