{"Q14108": {"Enrichment": 0.4890902181956361, "Depletion": 0.510929781404372, "two-tailed": 0.9781804363912722}}