{"Q14181": {"Enrichment": 0.9843803123937521, "Depletion": 0.015639687206255876, "two-tailed": 0.03127937441251175}}