{"Q14181": {"Enrichment": 0.9913801723965521, "Depletion": 0.00863982720345593, "two-tailed": 0.01727965440691186}}