{"Q14108": {"Enrichment": 0.6813263734725306, "Depletion": 0.3186936261274774, "two-tailed": 0.6373872522549549}}