{"Q14145": {"Enrichment": 0.5108897822043559, "Depletion": 0.4891302173956521, "two-tailed": 0.9782604347913042}}