{"Q14203": {"Enrichment": 0.996880062398752, "Depletion": 0.0031399372012559748, "two-tailed": 0.0062798744025119495}}