{"Q14203": {"Enrichment": 0.9952600947981041, "Depletion": 0.004759904801903962, "two-tailed": 0.009519809603807924}}