{"Q14376": {"Enrichment": 0.5381092378152437, "Depletion": 0.4619107617847643, "two-tailed": 0.9238215235695286}}