{"Q14376": {"Enrichment": 0.5512889742205156, "Depletion": 0.4487310253794924, "two-tailed": 0.8974620507589848}}