{"Q14449": {"Enrichment": 0.24611507769844604, "Depletion": 0.753904921901562, "two-tailed": 0.4922301553968921}}