{"Q14498": {"Enrichment": 0.29609407811843763, "Depletion": 0.7039259214815704, "two-tailed": 0.5921881562368753}}