{"Q14498": {"Enrichment": 0.4347513049739005, "Depletion": 0.5652686946261075, "two-tailed": 0.869502609947801}}