{"Q14534": {"Enrichment": 0.9941001179976401, "Depletion": 0.0059198816023679525, "two-tailed": 0.011839763204735905}}