{"Q14676": {"Enrichment": 0.2366752664946701, "Depletion": 0.7633447331053379, "two-tailed": 0.4733505329893402}}