{"Q14683": {"Enrichment": 0.5117897642047159, "Depletion": 0.4882302353952921, "two-tailed": 0.9764604707905842}}