{"Q14653": {"Enrichment": 0.6766464670706586, "Depletion": 0.3233735325293494, "two-tailed": 0.6467470650586988}}