{"Q14683": {"Enrichment": 0.51194976100478, "Depletion": 0.4880702385952281, "two-tailed": 0.9761404771904562}}