{"Q14749": {"Enrichment": 0.5361092778144437, "Depletion": 0.4639107217855643, "two-tailed": 0.9278214435711286}}