{"Q14894": {"Enrichment": 0.755604887902242, "Depletion": 0.24441511169776606, "two-tailed": 0.4888302233955321}}