{"Q14894": {"Enrichment": 0.5723485530289394, "Depletion": 0.4276714465710686, "two-tailed": 0.8553428931421372}}