{"Q14997": {"Enrichment": 0.9854602907941841, "Depletion": 0.014559708805823884, "two-tailed": 0.02911941761164777}}