{"Q14997": {"Enrichment": 0.9729005419891602, "Depletion": 0.02711945761084778, "two-tailed": 0.05423891522169556}}