{"Q15047": {"Enrichment": 0.7773244535109298, "Depletion": 0.2226955460890782, "two-tailed": 0.4453910921781564}}