{"Q15075": {"Enrichment": 0.7205655886882263, "Depletion": 0.27945441091178175, "two-tailed": 0.5589088218235635}}