{"Q15029": {"Enrichment": 0.43405131897362054, "Depletion": 0.5659686806263875, "two-tailed": 0.8681026379472411}}