{"Q15046": {"Enrichment": 0.18243635127297453, "Depletion": 0.8175836483270335, "two-tailed": 0.36487270254594906}}