{"Q15046": {"Enrichment": 0.6321673566528669, "Depletion": 0.36785264294714104, "two-tailed": 0.7357052858942821}}