{"Q15027": {"Enrichment": 0.04315913681726365, "Depletion": 0.9568608627827443, "two-tailed": 0.0863182736345273}}