{"Q15120": {"Enrichment": 0.48087038259234816, "Depletion": 0.5191496170076598, "two-tailed": 0.9617407651846963}}