{"Q15120": {"Enrichment": 0.4872702545949081, "Depletion": 0.5127497450050998, "two-tailed": 0.9745405091898162}}