{"Q15119": {"Enrichment": 0.19119617607647846, "Depletion": 0.8088238235235296, "two-tailed": 0.3823923521529569}}