{"Q15109": {"Enrichment": 0.124957500849983, "Depletion": 0.875062498750025, "two-tailed": 0.249915001699966}}