{"Q15113": {"Enrichment": 0.991660166796664, "Depletion": 0.008359832803343932, "two-tailed": 0.016719665606687865}}