{"Q15181": {"Enrichment": 0.2372752544949101, "Depletion": 0.7627447451050979, "two-tailed": 0.4745505089898202}}