{"Q15185": {"Enrichment": 0.41771164576708464, "Depletion": 0.5823083538329233, "two-tailed": 0.8354232915341693}}