{"Q15116": {"Enrichment": 0.25517489650207, "Depletion": 0.744845103097938, "two-tailed": 0.51034979300414}}