{"Q15119": {"Enrichment": 0.19417611647767044, "Depletion": 0.8058438831223376, "two-tailed": 0.3883522329553409}}