{"Q15181": {"Enrichment": 0.4481510369792604, "Depletion": 0.5518689626207476, "two-tailed": 0.8963020739585208}}