{"Q15233": {"Enrichment": 0.016999660006799863, "Depletion": 0.9830203395932081, "two-tailed": 0.033999320013599725}}