{"Q15291": {"Enrichment": 0.25211495770084597, "Depletion": 0.7479050418991621, "two-tailed": 0.5042299154016919}}