{"Q15274": {"Enrichment": 0.0006599868002639947, "Depletion": 0.999360012799744, "two-tailed": 0.0013199736005279894}}