{"Q15286": {"Enrichment": 0.06481870362592748, "Depletion": 0.9352012959740805, "two-tailed": 0.12963740725185496}}