{"Q15233": {"Enrichment": 0.25607487850242994, "Depletion": 0.743945121097578, "two-tailed": 0.5121497570048599}}