{"Q15286": {"Enrichment": 0.03639927201455971, "Depletion": 0.9636207275854483, "two-tailed": 0.07279854402911942}}