{"Q15223": {"Enrichment": 0.6138877222455551, "Depletion": 0.38613227735445294, "two-tailed": 0.7722645547089059}}