{"Q15393": {"Enrichment": 0.5471690566188676, "Depletion": 0.45285094298114037, "two-tailed": 0.9057018859622807}}