{"Q15363": {"Enrichment": 0.9858202835943282, "Depletion": 0.014199716005679886, "two-tailed": 0.028399432011359773}}