{"Q15393": {"Enrichment": 0.617947641047179, "Depletion": 0.38207235855282895, "two-tailed": 0.7641447171056579}}