{"Q15418": {"Enrichment": 0.18295634087318255, "Depletion": 0.8170636587268255, "two-tailed": 0.3659126817463651}}