{"Q15418": {"Enrichment": 0.3629327413451731, "Depletion": 0.6370872582548349, "two-tailed": 0.7258654826903462}}