{"Q15485": {"Enrichment": 0.8002239955200896, "Depletion": 0.1997960040799184, "two-tailed": 0.3995920081598368}}