{"Q15661": {"Enrichment": 0.9163216735665287, "Depletion": 0.08369832603347933, "two-tailed": 0.16739665206695867}}