{"Q15661": {"Enrichment": 0.623587528249435, "Depletion": 0.376432471350573, "two-tailed": 0.752864942701146}}