{"Q15762": {"Enrichment": 0.6456870862582749, "Depletion": 0.35433291334173317, "two-tailed": 0.7086658266834663}}