{"Q15797": {"Enrichment": 0.009039819203615927, "Depletion": 0.990980180396392, "two-tailed": 0.018079638407231854}}