{"Q15796": {"Enrichment": 0.6855462890742186, "Depletion": 0.3144737105257895, "two-tailed": 0.628947421051579}}