{"Q15797": {"Enrichment": 0.5040099198016039, "Depletion": 0.49601007979840406, "two-tailed": 0.9920201595968081}}