{"Q15796": {"Enrichment": 0.5988280234395312, "Depletion": 0.4011919761604768, "two-tailed": 0.8023839523209536}}