{"Q15848": {"Enrichment": 0.249755004899902, "Depletion": 0.750264994700106, "two-tailed": 0.499510009799804}}