{"Q15848": {"Enrichment": 0.24677506449871003, "Depletion": 0.753244935101298, "two-tailed": 0.49355012899742007}}