{"Q15819": {"Enrichment": 0.9537209255814884, "Depletion": 0.04629907401851963, "two-tailed": 0.09259814803703927}}