{"Q15819": {"Enrichment": 0.9553208935821283, "Depletion": 0.044699106017879645, "two-tailed": 0.08939821203575929}}