{"Q16186": {"Enrichment": 0.9863202735945281, "Depletion": 0.01369972600547989, "two-tailed": 0.02739945201095978}}