{"Q16531": {"Enrichment": 0.3958320833583328, "Depletion": 0.6041879162416751, "two-tailed": 0.7916641667166656}}