{"Q16531": {"Enrichment": 0.5178696426071479, "Depletion": 0.48215035699286013, "two-tailed": 0.9643007139857203}}