{"Q16555": {"Enrichment": 0.5708285834283314, "Depletion": 0.42919141617167655, "two-tailed": 0.8583828323433531}}