{"Q16555": {"Enrichment": 0.47831043379132415, "Depletion": 0.5217095658086838, "two-tailed": 0.9566208675826483}}