{"Q16698": {"Enrichment": 0.45665086698266033, "Depletion": 0.5433691326173476, "two-tailed": 0.9133017339653207}}