{"Q16627": {"Enrichment": 0.03941921161576768, "Depletion": 0.9606007879842403, "two-tailed": 0.07883842323153537}}