{"Q16643": {"Enrichment": 0.499010019799604, "Depletion": 0.501009979800404, "two-tailed": 0.998020039599208}}