{"Q16666": {"Enrichment": 0.2106957860842783, "Depletion": 0.7893242135157297, "two-tailed": 0.4213915721685566}}