{"Q16690": {"Enrichment": 0.35171296574068517, "Depletion": 0.6483070338593229, "two-tailed": 0.7034259314813703}}