{"Q16671": {"Enrichment": 0.21879562408751824, "Depletion": 0.7812243755124898, "two-tailed": 0.4375912481750365}}