{"Q16671": {"Enrichment": 0.3962320753584928, "Depletion": 0.6037879242415152, "two-tailed": 0.7924641507169856}}