{"Q16698": {"Enrichment": 0.5716485670286594, "Depletion": 0.4283714325713486, "two-tailed": 0.8567428651426972}}