{"Q16627": {"Enrichment": 0.037019259614807704, "Depletion": 0.9630007399852003, "two-tailed": 0.07403851922961541}}