{"Q16690": {"Enrichment": 0.3480930381392372, "Depletion": 0.6519269614607708, "two-tailed": 0.6961860762784744}}