{"Q16666": {"Enrichment": 0.2095758084838303, "Depletion": 0.7904441911161777, "two-tailed": 0.4191516169676606}}