{"Q16775": {"Enrichment": 0.6583268334633308, "Depletion": 0.3416931661366773, "two-tailed": 0.6833863322733545}}