{"Q16775": {"Enrichment": 0.3955320893582128, "Depletion": 0.6044879102417952, "two-tailed": 0.7910641787164256}}