{"Q16773": {"Enrichment": 0.19465610687786244, "Depletion": 0.8053638927221456, "two-tailed": 0.3893122137557249}}