{"Q16836": {"Enrichment": 0.8285434291314173, "Depletion": 0.17147657046859063, "two-tailed": 0.34295314093718127}}