{"Q16820": {"Enrichment": 0.9588208235835284, "Depletion": 0.04119917601647967, "two-tailed": 0.08239835203295934}}