{"Q16850": {"Enrichment": 0.33049339013219736, "Depletion": 0.6695266094678106, "two-tailed": 0.6609867802643947}}