{"Q16881": {"Enrichment": 0.7257854842903142, "Depletion": 0.2742345153096938, "two-tailed": 0.5484690306193876}}