{"Q16836": {"Enrichment": 0.6742265154696906, "Depletion": 0.3257934841303174, "two-tailed": 0.6515869682606348}}