{"Q16881": {"Enrichment": 0.9345013099738005, "Depletion": 0.06551868962620748, "two-tailed": 0.13103737925241496}}