{"Q16853": {"Enrichment": 0.0013399732005359892, "Depletion": 0.9986800263994721, "two-tailed": 0.0026799464010719785}}