{"Q16850": {"Enrichment": 0.8405031899362013, "Depletion": 0.1595168096638067, "two-tailed": 0.3190336193276134}}