{"Q16854": {"Enrichment": 0.7633647327053459, "Depletion": 0.2366552668946621, "two-tailed": 0.4733105337893242}}