{"Q16820": {"Enrichment": 0.8367832643347133, "Depletion": 0.1632367352652947, "two-tailed": 0.3264734705305894}}