{"Q29983": {"Enrichment": 0.9081218375632487, "Depletion": 0.09189816203675927, "two-tailed": 0.18379632407351854}}