{"Q2M385": {"Enrichment": 0.5536089278214436, "Depletion": 0.44641107177856443, "two-tailed": 0.8928221435571289}}