{"Q2M385": {"Enrichment": 0.6585468290634188, "Depletion": 0.34147317053658927, "two-tailed": 0.6829463410731785}}