{"Q2TBE0": {"Enrichment": 0.5622687546249076, "Depletion": 0.4377512449751005, "two-tailed": 0.875502489950201}}