{"Q2TBE0": {"Enrichment": 0.48551028979420413, "Depletion": 0.5145097098058039, "two-tailed": 0.9710205795884083}}