{"Q49A26": {"Enrichment": 0.9273414531709366, "Depletion": 0.07267854642907141, "two-tailed": 0.14535709285814283}}