{"Q49A26": {"Enrichment": 0.9271014579708405, "Depletion": 0.07291854162916742, "two-tailed": 0.14583708325833483}}