{"Q53GL7": {"Enrichment": 0.73732525349493, "Depletion": 0.2626947461050779, "two-tailed": 0.5253894922101559}}