{"Q53GL7": {"Enrichment": 0.7441251174976501, "Depletion": 0.25589488210235795, "two-tailed": 0.5117897642047159}}