{"Q53H82": {"Enrichment": 0.25479490410191796, "Depletion": 0.74522509549809, "two-tailed": 0.5095898082038359}}