{"Q56A73": {"Enrichment": 0.05813883722325554, "Depletion": 0.9418811623767525, "two-tailed": 0.11627767444651108}}