{"Q56A73": {"Enrichment": 0.14165716685666288, "Depletion": 0.8583628327433451, "two-tailed": 0.28331433371332576}}