{"Q5JRX3": {"Enrichment": 0.626487470250595, "Depletion": 0.373532529349413, "two-tailed": 0.747065058698826}}