{"Q5RL73": {"Enrichment": 0.13161736765264695, "Depletion": 0.868402631947361, "two-tailed": 0.2632347353052939}}