{"Q5RL73": {"Enrichment": 0.2991940161196776, "Depletion": 0.7008259834803304, "two-tailed": 0.5983880322393552}}