{"Q5T0W9": {"Enrichment": 0.2596348073038539, "Depletion": 0.7403851922961541, "two-tailed": 0.5192696146077078}}