{"Q5T0W9": {"Enrichment": 0.255054898902022, "Depletion": 0.744965100697986, "two-tailed": 0.510109797804044}}