{"Q5T4W7": {"Enrichment": 0.11569768604627907, "Depletion": 0.8843223135537289, "two-tailed": 0.23139537209255814}}