{"Q5T6S3": {"Enrichment": 0.3385932281354373, "Depletion": 0.6614267714645707, "two-tailed": 0.6771864562708746}}