{"Q5T6S3": {"Enrichment": 0.34429311413771724, "Depletion": 0.6557268854622907, "two-tailed": 0.6885862282754345}}