{"Q5T9L3": {"Enrichment": 0.009559808803823924, "Depletion": 0.9904601907961841, "two-tailed": 0.019119617607647847}}