{"Q5VVY1": {"Enrichment": 0.1877162456750865, "Depletion": 0.8123037539249215, "two-tailed": 0.375432491350173}}