{"Q5VWK5": {"Enrichment": 0.9113417731645367, "Depletion": 0.0886782264354713, "two-tailed": 0.1773564528709426}}