{"Q5VW32": {"Enrichment": 0.9618407631847363, "Depletion": 0.0381792364152717, "two-tailed": 0.0763584728305434}}