{"Q5W111": {"Enrichment": 0.10559788804223916, "Depletion": 0.8944221115577689, "two-tailed": 0.21119577608447831}}