{"Q68DV7": {"Enrichment": 0.1895962080758385, "Depletion": 0.8104237915241695, "two-tailed": 0.379192416151677}}