{"Q68D85": {"Enrichment": 0.4759304813903722, "Depletion": 0.5240895182096358, "two-tailed": 0.9518609627807444}}