{"Q68J44": {"Enrichment": 0.9689006219875602, "Depletion": 0.031119377612447752, "two-tailed": 0.062238755224895505}}