{"Q68J44": {"Enrichment": 0.9690606187876243, "Depletion": 0.030959380812383752, "two-tailed": 0.061918761624767504}}