{"Q695T7": {"Enrichment": 0.019619607607847842, "Depletion": 0.9804003919921601, "two-tailed": 0.039239215215695684}}