{"Q695T7": {"Enrichment": 0.0366992660146797, "Depletion": 0.9633207335853283, "two-tailed": 0.0733985320293594}}