{"Q6IA69": {"Enrichment": 0.5888082238355233, "Depletion": 0.4112117757644847, "two-tailed": 0.8224235515289694}}