{"Q6IMN6": {"Enrichment": 0.09761804763904722, "Depletion": 0.9024019519609607, "two-tailed": 0.19523609527809443}}