{"Q6IQ20": {"Enrichment": 0.10731785364292715, "Depletion": 0.8927021459570809, "two-tailed": 0.2146357072858543}}