{"Q6IQ20": {"Enrichment": 0.042099158016839666, "Depletion": 0.9579208415831684, "two-tailed": 0.08419831603367933}}