{"Q6P179": {"Enrichment": 0.7686246275074499, "Depletion": 0.23139537209255814, "two-tailed": 0.4627907441851163}}