{"Q6P179": {"Enrichment": 0.6443271134577309, "Depletion": 0.3556928861422772, "two-tailed": 0.7113857722845544}}