{"Q6P2Q9": {"Enrichment": 0.0075798484030319396, "Depletion": 0.992440151196976, "two-tailed": 0.015159696806063879}}