{"Q6P2Q9": {"Enrichment": 0.07185856282874342, "Depletion": 0.9281614367712646, "two-tailed": 0.14371712565748684}}