{"Q6P587": {"Enrichment": 0.23523529529409412, "Depletion": 0.7647847043059138, "two-tailed": 0.47047059058818824}}