{"Q6P587": {"Enrichment": 0.2994340113197736, "Depletion": 0.7005859882802344, "two-tailed": 0.5988680226395472}}