{"Q6PHW0": {"Enrichment": 0.0860782784344313, "Depletion": 0.9139417211655767, "two-tailed": 0.1721565568688626}}