{"Q6SZW1": {"Enrichment": 0.4524709505809884, "Depletion": 0.5475490490190196, "two-tailed": 0.9049419011619768}}