{"Q6SZW1": {"Enrichment": 0.5833083338333234, "Depletion": 0.41671166576668467, "two-tailed": 0.8334233315333693}}