{"Q6UWY2": {"Enrichment": 0.08171836563268735, "Depletion": 0.9183016339673207, "two-tailed": 0.1634367312653747}}