{"Q6UWV6": {"Enrichment": 0.751384972300554, "Depletion": 0.248635027299454, "two-tailed": 0.497270054598908}}