{"Q6UWY2": {"Enrichment": 0.40369192616147676, "Depletion": 0.5963280734385312, "two-tailed": 0.8073838523229535}}