{"Q6UWP2": {"Enrichment": 0.6853462930741385, "Depletion": 0.31467370652586946, "two-tailed": 0.6293474130517389}}