{"Q6UX04": {"Enrichment": 0.3582528349433011, "Depletion": 0.6417671646567069, "two-tailed": 0.7165056698866022}}