{"Q6UX04": {"Enrichment": 0.8553828923421531, "Depletion": 0.14463710725785484, "two-tailed": 0.28927421451570967}}