{"Q6XQN6": {"Enrichment": 0.22731545369092618, "Depletion": 0.7727045459090818, "two-tailed": 0.45463090738185236}}