{"Q6XQN6": {"Enrichment": 0.13219735605287894, "Depletion": 0.867822643547129, "two-tailed": 0.2643947121057579}}