{"Q6ZMJ4": {"Enrichment": 0.17969640607187856, "Depletion": 0.8203235935281294, "two-tailed": 0.3593928121437571}}