{"Q6ZYL4": {"Enrichment": 0.8954020919581608, "Depletion": 0.10461790764184717, "two-tailed": 0.20923581528369434}}