{"Q76LX8": {"Enrichment": 0.19593608127837442, "Depletion": 0.8040839183216336, "two-tailed": 0.39187216255674884}}