{"Q7L576": {"Enrichment": 0.2964540709185816, "Depletion": 0.7035659286814264, "two-tailed": 0.5929081418371632}}