{"Q7L8A9": {"Enrichment": 0.41575168496630066, "Depletion": 0.5842683146337073, "two-tailed": 0.8315033699326013}}