{"Q7LBE3": {"Enrichment": 0.5687686246275074, "Depletion": 0.43125137497250055, "two-tailed": 0.8625027499450011}}