{"Q7LBE3": {"Enrichment": 0.8637027259454811, "Depletion": 0.13631727365452692, "two-tailed": 0.27263454730905384}}