{"Q7LG56": {"Enrichment": 0.052058958820823585, "Depletion": 0.9479610407791844, "two-tailed": 0.10411791764164717}}