{"Q7RTV0": {"Enrichment": 0.23459530809383813, "Depletion": 0.7654246915061699, "two-tailed": 0.46919061618767627}}