{"Q7Z3C6": {"Enrichment": 0.6033879322413551, "Depletion": 0.3966320673586528, "two-tailed": 0.7932641347173056}}