{"Q7Z4W1": {"Enrichment": 0.38349233015339695, "Depletion": 0.6165276694466111, "two-tailed": 0.7669846603067939}}