{"Q7Z4W1": {"Enrichment": 0.8482630347393052, "Depletion": 0.15175696486070278, "two-tailed": 0.30351392972140556}}