{"Q7Z6Z7": {"Enrichment": 0.38397232055358893, "Depletion": 0.6160476790464191, "two-tailed": 0.7679446411071779}}