{"Q7Z6A9": {"Enrichment": 0.6497870042599148, "Depletion": 0.3502329953400932, "two-tailed": 0.7004659906801864}}