{"Q7Z6A9": {"Enrichment": 0.6505269894602108, "Depletion": 0.3494930101397972, "two-tailed": 0.6989860202795944}}