{"Q7Z6Z7": {"Enrichment": 0.30593388132237354, "Depletion": 0.6940861182776344, "two-tailed": 0.6118677626447471}}