{"Q86SX6": {"Enrichment": 0.5434091318173636, "Depletion": 0.45661086778264437, "two-tailed": 0.9132217355652887}}