{"Q86SF2": {"Enrichment": 0.058398832023359534, "Depletion": 0.9416211675766485, "two-tailed": 0.11679766404671907}}