{"Q86SF2": {"Enrichment": 0.026839463210735784, "Depletion": 0.9731805363892723, "two-tailed": 0.05367892642147157}}