{"Q86TU7": {"Enrichment": 0.0020399592008159837, "Depletion": 0.997980040399192, "two-tailed": 0.004079918401631967}}