{"Q86TI2": {"Enrichment": 0.4738905221895562, "Depletion": 0.5261294774104518, "two-tailed": 0.9477810443791124}}