{"Q86TI2": {"Enrichment": 0.5942881142377152, "Depletion": 0.40573188536229277, "two-tailed": 0.8114637707245855}}