{"Q86TU7": {"Enrichment": 0.04617907641847163, "Depletion": 0.9538409231815363, "two-tailed": 0.09235815283694326}}