{"Q86U44": {"Enrichment": 0.5403291934161317, "Depletion": 0.4596908061838763, "two-tailed": 0.9193816123677526}}