{"Q86VU5": {"Enrichment": 0.2910141797164057, "Depletion": 0.7090058198836023, "two-tailed": 0.5820283594328114}}