{"Q86VP1": {"Enrichment": 0.8246635067298654, "Depletion": 0.1753564928701426, "two-tailed": 0.3507129857402852}}