{"Q86V25": {"Enrichment": 0.3980520389592208, "Depletion": 0.6019679606407872, "two-tailed": 0.7961040779184416}}