{"Q86VP1": {"Enrichment": 0.8202435951280974, "Depletion": 0.17977640447191057, "two-tailed": 0.35955280894382113}}