{"Q86X55": {"Enrichment": 0.8029039419211615, "Depletion": 0.19711605767884643, "two-tailed": 0.39423211535769287}}