{"Q86X55": {"Enrichment": 0.8006439871202576, "Depletion": 0.1993760124797504, "two-tailed": 0.3987520249595008}}