{"Q86Z14": {"Enrichment": 0.7826443471130577, "Depletion": 0.21737565248695026, "two-tailed": 0.4347513049739005}}