{"Q86Z14": {"Enrichment": 0.7363652726945461, "Depletion": 0.2636547269054619, "two-tailed": 0.5273094538109238}}