{"Q8IUF8": {"Enrichment": 0.6476670466590668, "Depletion": 0.35235295294094116, "two-tailed": 0.7047059058818823}}