{"Q8IU54": {"Enrichment": 0.19721605567888642, "Depletion": 0.8028039439211215, "two-tailed": 0.39443211135777284}}