{"Q8IU57": {"Enrichment": 0.3496530069398612, "Depletion": 0.6503669926601467, "two-tailed": 0.6993060138797224}}