{"Q8IU54": {"Enrichment": 0.1989760204795904, "Depletion": 0.8010439791204176, "two-tailed": 0.3979520409591808}}