{"Q8IUF8": {"Enrichment": 0.623407531849363, "Depletion": 0.376612467750645, "two-tailed": 0.75322493550129}}