{"Q8IV16": {"Enrichment": 0.31877362452750946, "Depletion": 0.6812463750724985, "two-tailed": 0.6375472490550189}}