{"Q8IV48": {"Enrichment": 0.4381912361752765, "Depletion": 0.5618287634247315, "two-tailed": 0.876382472350553}}