{"Q8IV48": {"Enrichment": 0.24835503289934202, "Depletion": 0.751664966700666, "two-tailed": 0.49671006579868404}}