{"Q8IWA4": {"Enrichment": 0.19675606487870242, "Depletion": 0.8032639347213055, "two-tailed": 0.39351212975740485}}