{"Q8IX04": {"Enrichment": 0.03107937841243175, "Depletion": 0.9689406211875763, "two-tailed": 0.0621587568248635}}