{"Q8IXL7": {"Enrichment": 0.1615967680646387, "Depletion": 0.8384232315353692, "two-tailed": 0.3231935361292774}}