{"Q8IXK2": {"Enrichment": 0.3255134897302054, "Depletion": 0.6745065098698027, "two-tailed": 0.6510269794604108}}