{"Q8IXL7": {"Enrichment": 0.16501669966600668, "Depletion": 0.8350032999340014, "two-tailed": 0.33003339933201337}}