{"Q8N0W4": {"Enrichment": 0.39745205095898084, "Depletion": 0.6025679486410271, "two-tailed": 0.7949041019179617}}