{"Q8N0W4": {"Enrichment": 0.252934941301174, "Depletion": 0.747085058298834, "two-tailed": 0.505869882602348}}