{"Q8N1W1": {"Enrichment": 0.2826743465130697, "Depletion": 0.7173456530869382, "two-tailed": 0.5653486930261394}}