{"Q8N335": {"Enrichment": 0.5219495610087799, "Depletion": 0.47807043859122816, "two-tailed": 0.9561408771824563}}