{"Q8N335": {"Enrichment": 0.5183496330073398, "Depletion": 0.48167036659266815, "two-tailed": 0.9633407331853363}}