{"Q8N465": {"Enrichment": 0.14331713365732685, "Depletion": 0.8567028659426812, "two-tailed": 0.2866342673146537}}