{"Q8N4J0": {"Enrichment": 0.33077338453230937, "Depletion": 0.6692466150676987, "two-tailed": 0.6615467690646187}}