{"Q8N465": {"Enrichment": 0.09273814523709525, "Depletion": 0.9072818543629128, "two-tailed": 0.1854762904741905}}