{"Q8N4E4": {"Enrichment": 0.10405791884162317, "Depletion": 0.8959620807583848, "two-tailed": 0.20811583768324635}}