{"Q8N4T8": {"Enrichment": 0.884842303153937, "Depletion": 0.11517769644607108, "two-tailed": 0.23035539289214216}}