{"Q8N4E4": {"Enrichment": 0.10351792964140717, "Depletion": 0.8965020699586008, "two-tailed": 0.20703585928281434}}