{"Q8N4T8": {"Enrichment": 0.8358032839343214, "Depletion": 0.16421671566568669, "two-tailed": 0.32843343133137337}}