{"Q8N4J0": {"Enrichment": 0.11457770844583108, "Depletion": 0.8854422911541769, "two-tailed": 0.22915541689166216}}