{"Q8N5H7": {"Enrichment": 0.7897442051158977, "Depletion": 0.21027579448411032, "two-tailed": 0.42055158896822065}}