{"Q8N5H7": {"Enrichment": 0.7908041839163217, "Depletion": 0.20921581568368633, "two-tailed": 0.41843163136737266}}