{"Q8N6T3": {"Enrichment": 0.9431411371772565, "Depletion": 0.056878862422751544, "two-tailed": 0.11375772484550309}}