{"Q8N6T3": {"Enrichment": 0.9439011219775605, "Depletion": 0.05611887762244755, "two-tailed": 0.1122377552448951}}