{"Q8N6T7": {"Enrichment": 0.755844883102338, "Depletion": 0.24417511649767004, "two-tailed": 0.4883502329953401}}