{"Q8N6T7": {"Enrichment": 0.6483270334593308, "Depletion": 0.3516929661406772, "two-tailed": 0.7033859322813544}}