{"Q8N983": {"Enrichment": 0.7242855142897142, "Depletion": 0.2757344853102938, "two-tailed": 0.5514689706205876}}