{"Q8NBP7": {"Enrichment": 0.14235715285694286, "Depletion": 0.8576628467430651, "two-tailed": 0.28471430571388573}}