{"Q8NBZ7": {"Enrichment": 0.8628427431451371, "Depletion": 0.13717725645487092, "two-tailed": 0.27435451290974183}}