{"Q8NBK3": {"Enrichment": 0.26851462970740586, "Depletion": 0.7315053698926022, "two-tailed": 0.5370292594148117}}