{"Q8NBL1": {"Enrichment": 0.7546649067018659, "Depletion": 0.24535509289814203, "two-tailed": 0.49071018579628406}}