{"Q8NBL1": {"Enrichment": 0.6850062998740025, "Depletion": 0.31501369972600546, "two-tailed": 0.6300273994520109}}