{"Q8NBJ7": {"Enrichment": 0.002359952800943981, "Depletion": 0.9976600467990641, "two-tailed": 0.004719905601887962}}