{"Q8NBQ5": {"Enrichment": 0.5162896742065158, "Depletion": 0.48373032539349214, "two-tailed": 0.9674606507869843}}