{"Q8NBZ7": {"Enrichment": 0.759084818303634, "Depletion": 0.24093518129637406, "two-tailed": 0.4818703625927481}}