{"Q8NBK3": {"Enrichment": 0.2718145637087258, "Depletion": 0.7282054358912822, "two-tailed": 0.5436291274174516}}