{"Q8NBJ7": {"Enrichment": 0.22129557408851824, "Depletion": 0.7787244255114898, "two-tailed": 0.4425911481770365}}