{"Q8NE01": {"Enrichment": 0.8023039539209216, "Depletion": 0.1977160456790864, "two-tailed": 0.3954320913581728}}