{"Q8NEU8": {"Enrichment": 0.03173936521269575, "Depletion": 0.9682806343873123, "two-tailed": 0.0634787304253915}}