{"Q8NEZ4": {"Enrichment": 0.02861942761144777, "Depletion": 0.9714005719885602, "two-tailed": 0.05723885522289554}}