{"Q8NE01": {"Enrichment": 0.8030039399212016, "Depletion": 0.19701605967880642, "two-tailed": 0.39403211935761284}}