{"Q8NFP9": {"Enrichment": 0.39163216735665285, "Depletion": 0.6083878322433551, "two-tailed": 0.7832643347133057}}