{"Q8NFQ8": {"Enrichment": 0.1355972880542389, "Depletion": 0.8644227115457691, "two-tailed": 0.2711945761084778}}