{"Q8NFP9": {"Enrichment": 0.378172436551269, "Depletion": 0.621847563048739, "two-tailed": 0.756344873102538}}