{"Q8NFH5": {"Enrichment": 0.6395272094558109, "Depletion": 0.3604927901441971, "two-tailed": 0.7209855802883942}}