{"Q8NFH5": {"Enrichment": 0.35251294974100517, "Depletion": 0.6475070498590029, "two-tailed": 0.7050258994820103}}