{"Q8TB45": {"Enrichment": 0.4364712705745885, "Depletion": 0.5635487290254195, "two-tailed": 0.872942541149177}}