{"Q8TBC4": {"Enrichment": 0.14433711325773485, "Depletion": 0.8556828863422732, "two-tailed": 0.2886742265154697}}