{"Q8TBC4": {"Enrichment": 0.13099738005239894, "Depletion": 0.8690226195476091, "two-tailed": 0.2619947601047979}}