{"Q8TCE9": {"Enrichment": 0.9244015119697606, "Depletion": 0.0756184876302474, "two-tailed": 0.1512369752604948}}