{"Q8TCC3": {"Enrichment": 0.028539429211415772, "Depletion": 0.9714805703885923, "two-tailed": 0.057078858422831544}}