{"Q8TDY4": {"Enrichment": 0.2832943341133177, "Depletion": 0.7167256654866903, "two-tailed": 0.5665886682266355}}