{"Q8TDX5": {"Enrichment": 0.6545069098618027, "Depletion": 0.3455130897382052, "two-tailed": 0.6910261794764104}}