{"Q8TDX5": {"Enrichment": 0.6531269374612507, "Depletion": 0.3468930621387572, "two-tailed": 0.6937861242775144}}