{"Q8TDY4": {"Enrichment": 0.2818743625127497, "Depletion": 0.7181456370872582, "two-tailed": 0.5637487250254994}}