{"Q8TEH3": {"Enrichment": 0.4106717865642687, "Depletion": 0.5893482130357393, "two-tailed": 0.8213435731285375}}