{"Q8TE04": {"Enrichment": 0.8920421591568168, "Depletion": 0.10797784044319114, "two-tailed": 0.21595568088638228}}