{"Q8TF42": {"Enrichment": 0.6151076978460431, "Depletion": 0.3849123017539649, "two-tailed": 0.7698246035079298}}