{"Q8TF42": {"Enrichment": 0.8826023479530409, "Depletion": 0.11741765164696706, "two-tailed": 0.23483530329393412}}