{"Q8TF65": {"Enrichment": 0.6625867482650347, "Depletion": 0.3374332513349733, "two-tailed": 0.6748665026699466}}