{"Q8WVV9": {"Enrichment": 0.44033119337613247, "Depletion": 0.5596888062238755, "two-tailed": 0.8806623867522649}}