{"Q8WV92": {"Enrichment": 0.9019819603607928, "Depletion": 0.09803803923921521, "two-tailed": 0.19607607847843042}}