{"Q8WXF1": {"Enrichment": 0.8384432311353773, "Depletion": 0.1615767684646307, "two-tailed": 0.3231535369292614}}