{"Q8WXD5": {"Enrichment": 0.07613847723045539, "Depletion": 0.9238815223695526, "two-tailed": 0.15227695446091077}}