{"Q8WXD5": {"Enrichment": 0.19691606167876644, "Depletion": 0.8031039379212416, "two-tailed": 0.39383212335753287}}