{"Q8WXH5": {"Enrichment": 0.1002579948401032, "Depletion": 0.8997620047599048, "two-tailed": 0.2005159896802064}}