{"Q8WXH5": {"Enrichment": 0.10283794324113518, "Depletion": 0.8971820563588728, "two-tailed": 0.20567588648227036}}