{"Q8WXF7": {"Enrichment": 0.7834243315133698, "Depletion": 0.21659566808663827, "two-tailed": 0.43319133617327654}}