{"Q8WXF7": {"Enrichment": 0.8592628147437051, "Depletion": 0.14075718485630287, "two-tailed": 0.28151436971260574}}