{"Q8WXF1": {"Enrichment": 0.20715585688286234, "Depletion": 0.7928641427171457, "two-tailed": 0.4143117137657247}}