{"Q92466": {"Enrichment": 0.14317713645727084, "Depletion": 0.8568428631427372, "two-tailed": 0.2863542729145417}}