{"Q92466": {"Enrichment": 0.3620527589448211, "Depletion": 0.637967240655187, "two-tailed": 0.7241055178896422}}