{"Q92506": {"Enrichment": 0.4332713345733085, "Depletion": 0.5667486650266995, "two-tailed": 0.866542669146617}}