{"Q92530": {"Enrichment": 0.060838783224335516, "Depletion": 0.9391812163756725, "two-tailed": 0.12167756644867103}}