{"Q92583": {"Enrichment": 0.016059678806423873, "Depletion": 0.9839603207935841, "two-tailed": 0.032119357612847746}}