{"Q92530": {"Enrichment": 0.058518829623407535, "Depletion": 0.9415011699766005, "two-tailed": 0.11703765924681507}}