{"Q92622": {"Enrichment": 0.8345233095338094, "Depletion": 0.1654966900661987, "two-tailed": 0.3309933801323974}}