{"Q92608": {"Enrichment": 0.011919761604767905, "Depletion": 0.98810023799524, "two-tailed": 0.02383952320953581}}