{"Q92743": {"Enrichment": 0.8164436711265775, "Depletion": 0.18357632847343053, "two-tailed": 0.36715265694686106}}