{"Q92769": {"Enrichment": 0.30917381652366954, "Depletion": 0.6908461830763385, "two-tailed": 0.6183476330473391}}