{"Q92769": {"Enrichment": 0.34107317853642927, "Depletion": 0.6589468210635787, "two-tailed": 0.6821463570728585}}