{"Q92743": {"Enrichment": 0.868022639547209, "Depletion": 0.13199736005279894, "two-tailed": 0.2639947201055979}}