{"Q92838": {"Enrichment": 0.07631847363052739, "Depletion": 0.9237015259694806, "two-tailed": 0.15263694726105478}}