{"Q92854": {"Enrichment": 0.0864782704345913, "Depletion": 0.9135417291654166, "two-tailed": 0.1729565408691826}}