{"Q92838": {"Enrichment": 0.011739765204695905, "Depletion": 0.9882802343953121, "two-tailed": 0.02347953040939181}}