{"Q92854": {"Enrichment": 0.08919821603567929, "Depletion": 0.9108217835643287, "two-tailed": 0.17839643207135858}}