{"Q92918": {"Enrichment": 0.7901641967160656, "Depletion": 0.20985580288394232, "two-tailed": 0.41971160576788463}}