{"Q92918": {"Enrichment": 0.8539429211415772, "Depletion": 0.14607707845843082, "two-tailed": 0.29215415691686164}}