{"Q93034": {"Enrichment": 0.15333693326133477, "Depletion": 0.8466830663386732, "two-tailed": 0.30667386652266954}}