{"Q93034": {"Enrichment": 0.015239695206095877, "Depletion": 0.9847803043939122, "two-tailed": 0.030479390412191755}}