{"Q969H0": {"Enrichment": 0.376712465750685, "Depletion": 0.623307533849323, "two-tailed": 0.75342493150137}}