{"Q969H0": {"Enrichment": 0.7532849343013139, "Depletion": 0.24673506529869402, "two-tailed": 0.49347013059738803}}