{"Q96AX1": {"Enrichment": 0.9430411391772164, "Depletion": 0.056978860422791544, "two-tailed": 0.11395772084558309}}