{"Q96A72": {"Enrichment": 0.6325073498530029, "Depletion": 0.36751264974700504, "two-tailed": 0.7350252994940101}}