{"Q96AT9": {"Enrichment": 0.01713965720685586, "Depletion": 0.9828803423931521, "two-tailed": 0.03427931441371172}}