{"Q96AT9": {"Enrichment": 0.016759664806703867, "Depletion": 0.9832603347933041, "two-tailed": 0.033519329613407735}}