{"Q96AP4": {"Enrichment": 0.02857942841143177, "Depletion": 0.9714405711885762, "two-tailed": 0.05715885682286354}}