{"Q96AX1": {"Enrichment": 0.9406811863762725, "Depletion": 0.05933881322373553, "two-tailed": 0.11867762644747105}}