{"Q96A72": {"Enrichment": 0.6400471990560189, "Depletion": 0.3599728005439891, "two-tailed": 0.7199456010879782}}