{"Q96AP4": {"Enrichment": 0.09405811883762324, "Depletion": 0.9059618807623847, "two-tailed": 0.1881162376752465}}