{"Q96CW9": {"Enrichment": 0.6423071538569228, "Depletion": 0.35771284574308515, "two-tailed": 0.7154256914861703}}