{"Q96C10": {"Enrichment": 0.9654806903861923, "Depletion": 0.034539309213815726, "two-tailed": 0.06907861842763145}}