{"Q96C86": {"Enrichment": 0.013459730805383893, "Depletion": 0.9865602687946241, "two-tailed": 0.026919461610767786}}