{"Q96CW9": {"Enrichment": 0.6435671286574268, "Depletion": 0.35645287094258116, "two-tailed": 0.7129057418851623}}