{"Q96C86": {"Enrichment": 0.05127897442051159, "Depletion": 0.9487410251794964, "two-tailed": 0.10255794884102318}}