{"Q96CB9": {"Enrichment": 0.24561508769824603, "Depletion": 0.754404911901762, "two-tailed": 0.49123017539649205}}