{"Q96DH6": {"Enrichment": 0.8919621607567849, "Depletion": 0.10805783884322313, "two-tailed": 0.21611567768644627}}