{"Q96DI7": {"Enrichment": 0.5925681486370272, "Depletion": 0.40745185096298075, "two-tailed": 0.8149037019259615}}