{"Q96E14": {"Enrichment": 0.0035599288014239714, "Depletion": 0.996460070798584, "two-tailed": 0.007119857602847943}}