{"Q96ES7": {"Enrichment": 0.5998080038399232, "Depletion": 0.4002119957600848, "two-tailed": 0.8004239915201696}}