{"Q96EY8": {"Enrichment": 0.9470610587788244, "Depletion": 0.052958940821183575, "two-tailed": 0.10591788164236715}}