{"Q96EF0": {"Enrichment": 0.7350652986940261, "Depletion": 0.2649547009059819, "two-tailed": 0.5299094018119638}}