{"Q96EY8": {"Enrichment": 0.9699406011879762, "Depletion": 0.03007939841203176, "two-tailed": 0.06015879682406352}}