{"Q96GX9": {"Enrichment": 0.8551828963420731, "Depletion": 0.14483710325793483, "two-tailed": 0.28967420651586967}}