{"Q96GX9": {"Enrichment": 0.8439031219375612, "Depletion": 0.15611687766244675, "two-tailed": 0.3122337553248935}}