{"Q96GA7": {"Enrichment": 0.5530889382212356, "Depletion": 0.4469310613787724, "two-tailed": 0.8938621227575448}}