{"Q96H15": {"Enrichment": 0.8074038519229615, "Depletion": 0.19261614767704646, "two-tailed": 0.3852322953540929}}