{"Q96HA8": {"Enrichment": 0.05911881762364753, "Depletion": 0.9409011819763605, "two-tailed": 0.11823763524729505}}