{"Q96HN2": {"Enrichment": 0.34217315653686925, "Depletion": 0.6578468430631388, "two-tailed": 0.6843463130737385}}