{"Q96I15": {"Enrichment": 0.5376692466150677, "Depletion": 0.4623507529849403, "two-tailed": 0.9247015059698807}}