{"Q96I99": {"Enrichment": 0.887022259554809, "Depletion": 0.1129977400451991, "two-tailed": 0.2259954800903982}}