{"Q96IJ6": {"Enrichment": 0.9684406311873762, "Depletion": 0.031579368412631745, "two-tailed": 0.06315873682526349}}