{"Q96IY4": {"Enrichment": 0.252534949301014, "Depletion": 0.747485050298994, "two-tailed": 0.505069898602028}}