{"Q96I15": {"Enrichment": 0.5404291914161716, "Depletion": 0.4595908081838363, "two-tailed": 0.9191816163676726}}