{"Q96I99": {"Enrichment": 0.6687066258674826, "Depletion": 0.33131337373252534, "two-tailed": 0.6626267474650507}}