{"Q96KQ7": {"Enrichment": 0.2688946221075578, "Depletion": 0.7311253774924501, "two-tailed": 0.5377892442151156}}