{"Q96KQ7": {"Enrichment": 0.5483090338193236, "Depletion": 0.45171096578068437, "two-tailed": 0.9034219315613687}}