{"Q96KP4": {"Enrichment": 0.1754364912701746, "Depletion": 0.8245835083298334, "two-tailed": 0.3508729825403492}}