{"Q96LA8": {"Enrichment": 0.7747245055098898, "Depletion": 0.2252954940901182, "two-tailed": 0.4505909881802364}}