{"Q96LB9": {"Enrichment": 0.25971480570388594, "Depletion": 0.740305193896122, "two-tailed": 0.5194296114077719}}