{"Q96LB9": {"Enrichment": 0.24345513089738205, "Depletion": 0.756564868702626, "two-tailed": 0.4869102617947641}}