{"Q96LA8": {"Enrichment": 0.6186676266474671, "Depletion": 0.38135237295254093, "two-tailed": 0.7627047459050819}}