{"Q96MK3": {"Enrichment": 0.8287834243315134, "Depletion": 0.17123657526849462, "two-tailed": 0.34247315053698923}}