{"Q96PS8": {"Enrichment": 0.6931261374772505, "Depletion": 0.30689386212275754, "two-tailed": 0.6137877242455151}}