{"Q96PD4": {"Enrichment": 0.11495770084598309, "Depletion": 0.8850622987540249, "two-tailed": 0.22991540169196617}}