{"Q96PD4": {"Enrichment": 0.11661766764664706, "Depletion": 0.8834023319533609, "two-tailed": 0.23323533529329413}}