{"Q96PP8": {"Enrichment": 0.8378632427351453, "Depletion": 0.1621567568648627, "two-tailed": 0.3243135137297254}}