{"Q96PP8": {"Enrichment": 0.8396832063358732, "Depletion": 0.16033679326413472, "two-tailed": 0.32067358652826944}}