{"Q96PS8": {"Enrichment": 0.6922261554768905, "Depletion": 0.30779384412311755, "two-tailed": 0.6155876882462351}}