{"Q96QE5": {"Enrichment": 0.253414931701366, "Depletion": 0.746605067898642, "two-tailed": 0.506829863402732}}