{"Q96QE5": {"Enrichment": 0.16193676126477471, "Depletion": 0.8380832383352333, "two-tailed": 0.32387352252954943}}