{"Q96RU8": {"Enrichment": 0.9086418271634568, "Depletion": 0.09137817243655127, "two-tailed": 0.18275634487310255}}