{"Q96RU8": {"Enrichment": 0.9162416751664967, "Depletion": 0.08377832443351133, "two-tailed": 0.16755664886702265}}