{"Q96S44": {"Enrichment": 0.010399792004159917, "Depletion": 0.9896202075958481, "two-tailed": 0.020799584008319834}}