{"Q96SW2": {"Enrichment": 0.18215635687286255, "Depletion": 0.8178636427271455, "two-tailed": 0.3643127137457251}}