{"Q96S59": {"Enrichment": 0.017799644007119857, "Depletion": 0.9822203555928881, "two-tailed": 0.03559928801423971}}