{"Q99062": {"Enrichment": 0.3500329993400132, "Depletion": 0.6499870002599948, "two-tailed": 0.7000659986800264}}