{"Q99250": {"Enrichment": 0.6510869782604348, "Depletion": 0.3489330213395732, "two-tailed": 0.6978660426791464}}