{"Q99259": {"Enrichment": 0.2642547149057019, "Depletion": 0.7357652846943061, "two-tailed": 0.5285094298114038}}