{"Q99250": {"Enrichment": 0.6623467530649387, "Depletion": 0.3376732465350693, "two-tailed": 0.6753464930701386}}