{"Q99259": {"Enrichment": 0.35921281574368513, "Depletion": 0.6408071838563228, "two-tailed": 0.7184256314873703}}