{"Q99459": {"Enrichment": 0.9391412171756565, "Depletion": 0.06087878242435151, "two-tailed": 0.12175756484870302}}