{"Q99436": {"Enrichment": 0.9627207455850882, "Depletion": 0.0372992540149197, "two-tailed": 0.0745985080298394}}