{"Q99593": {"Enrichment": 0.6011879762404752, "Depletion": 0.39883202335953283, "two-tailed": 0.7976640467190657}}