{"Q99523": {"Enrichment": 0.7038259234815304, "Depletion": 0.29619407611847764, "two-tailed": 0.5923881522369553}}