{"Q99558": {"Enrichment": 0.12025759484810304, "Depletion": 0.8797624047519049, "two-tailed": 0.24051518969620608}}