{"Q99558": {"Enrichment": 0.33337333253334933, "Depletion": 0.6666466670666586, "two-tailed": 0.6667466650666987}}