{"Q99523": {"Enrichment": 0.7160256794864103, "Depletion": 0.2839943201135977, "two-tailed": 0.5679886402271954}}