{"Q99593": {"Enrichment": 0.5354292914141717, "Depletion": 0.4645907081858363, "two-tailed": 0.9291814163716726}}