{"Q99538": {"Enrichment": 0.13519729605407893, "Depletion": 0.864822703545929, "two-tailed": 0.27039459210815786}}