{"Q99536": {"Enrichment": 0.7117057658846823, "Depletion": 0.2883142337153257, "two-tailed": 0.5766284674306514}}