{"Q99538": {"Enrichment": 0.13557728845423092, "Depletion": 0.8644427111457771, "two-tailed": 0.27115457690846184}}