{"Q99536": {"Enrichment": 0.7067858642827144, "Depletion": 0.29323413531729364, "two-tailed": 0.5864682706345873}}