{"Q99616": {"Enrichment": 0.01651966960660787, "Depletion": 0.9835003299934001, "two-tailed": 0.03303933921321574}}