{"Q99685": {"Enrichment": 0.749985000299994, "Depletion": 0.250034999300014, "two-tailed": 0.500069998600028}}