{"Q99638": {"Enrichment": 0.9846603067938641, "Depletion": 0.015359692806143877, "two-tailed": 0.030719385612287754}}