{"Q99685": {"Enrichment": 0.6306073878522429, "Depletion": 0.369412611747765, "two-tailed": 0.73882522349553}}