{"Q99714": {"Enrichment": 0.8333233335333293, "Depletion": 0.16669666606667866, "two-tailed": 0.3333933321333573}}