{"Q99757": {"Enrichment": 0.128217435651287, "Depletion": 0.871802563948721, "two-tailed": 0.256434871302574}}