{"Q99757": {"Enrichment": 0.247255054898902, "Depletion": 0.752764944701106, "two-tailed": 0.494510109797804}}