{"Q99720": {"Enrichment": 0.1476570468590628, "Depletion": 0.8523629527409452, "two-tailed": 0.2953140937181256}}