{"Q99714": {"Enrichment": 0.6993660126797464, "Depletion": 0.3006539869202616, "two-tailed": 0.6013079738405231}}