{"Q99748": {"Enrichment": 0.5610487790244195, "Depletion": 0.43897122057558846, "two-tailed": 0.8779424411511769}}