{"Q99748": {"Enrichment": 0.5567688646227076, "Depletion": 0.44325113497730045, "two-tailed": 0.8865022699546009}}