{"Q99706": {"Enrichment": 0.8056638867222655, "Depletion": 0.19435611287774243, "two-tailed": 0.38871222575548486}}