{"Q99720": {"Enrichment": 0.16033679326413472, "Depletion": 0.8396832063358732, "two-tailed": 0.32067358652826944}}