{"Q99873": {"Enrichment": 0.7307053858922822, "Depletion": 0.26931461370772586, "two-tailed": 0.5386292274154517}}