{"Q99895": {"Enrichment": 0.2794744105117898, "Depletion": 0.7205455890882182, "two-tailed": 0.5589488210235796}}