{"Q99895": {"Enrichment": 0.10617787644247115, "Depletion": 0.8938421231575369, "two-tailed": 0.2123557528849423}}