{"Q99952": {"Enrichment": 0.7323453530929381, "Depletion": 0.26767464650706985, "two-tailed": 0.5353492930141397}}