{"Q99952": {"Enrichment": 0.7305453890922181, "Depletion": 0.26947461050778987, "two-tailed": 0.5389492210155797}}