{"Q9BPZ7": {"Enrichment": 0.6797264054718906, "Depletion": 0.3202935941281174, "two-tailed": 0.6405871882562348}}