{"Q9BPU6": {"Enrichment": 0.5915081698366033, "Depletion": 0.4085118297634047, "two-tailed": 0.8170236595268094}}