{"Q9BPZ7": {"Enrichment": 0.5396492070158597, "Depletion": 0.4603707925841483, "two-tailed": 0.9207415851682966}}