{"Q9BQ15": {"Enrichment": 0.04443911121777564, "Depletion": 0.9555808883822323, "two-tailed": 0.08887822243555128}}