{"Q9BQQ3": {"Enrichment": 0.05219895602087958, "Depletion": 0.9478210435791284, "two-tailed": 0.10439791204175916}}