{"Q9BQA1": {"Enrichment": 0.6122477550448991, "Depletion": 0.3877722445551089, "two-tailed": 0.7755444891102178}}