{"Q9BQ15": {"Enrichment": 0.045819083618327636, "Depletion": 0.9542009159816803, "two-tailed": 0.09163816723665527}}