{"Q9BRJ7": {"Enrichment": 0.8542029159416812, "Depletion": 0.14581708365832682, "two-tailed": 0.29163416731665365}}