{"Q9BRT9": {"Enrichment": 0.16841663166736665, "Depletion": 0.8316033679326413, "two-tailed": 0.3368332633347333}}