{"Q9BRX5": {"Enrichment": 0.9935401291974161, "Depletion": 0.006479870402591948, "two-tailed": 0.012959740805183896}}