{"Q9BRJ7": {"Enrichment": 0.23001539969200616, "Depletion": 0.7700045999080019, "two-tailed": 0.4600307993840123}}