{"Q9BRS2": {"Enrichment": 0.750304993900122, "Depletion": 0.249715005699886, "two-tailed": 0.499430011399772}}