{"Q9BSB4": {"Enrichment": 0.6405671886562269, "Depletion": 0.3594528109437811, "two-tailed": 0.7189056218875622}}