{"Q9BSB4": {"Enrichment": 0.6355872882542349, "Depletion": 0.3644327113457731, "two-tailed": 0.7288654226915462}}