{"Q9BT73": {"Enrichment": 0.48055038899222013, "Depletion": 0.5194696106077878, "two-tailed": 0.9611007779844403}}