{"Q9BTZ2": {"Enrichment": 0.8147637047259055, "Depletion": 0.18525629487410253, "two-tailed": 0.37051258974820506}}