{"Q9BTZ2": {"Enrichment": 0.6665266694666107, "Depletion": 0.3334933301333973, "two-tailed": 0.6669866602667947}}