{"Q9BT73": {"Enrichment": 0.48249035019299613, "Depletion": 0.5175296494070118, "two-tailed": 0.9649807003859923}}