{"Q9BUI4": {"Enrichment": 0.9827603447931041, "Depletion": 0.017259654806903862, "two-tailed": 0.034519309613807725}}