{"Q9BUZ4": {"Enrichment": 0.05239895202095958, "Depletion": 0.9476210475790484, "two-tailed": 0.10479790404191916}}