{"Q9BUT1": {"Enrichment": 0.9017019659606808, "Depletion": 0.09831803363932722, "two-tailed": 0.19663606727865443}}