{"Q9BUD6": {"Enrichment": 0.001499970000599988, "Depletion": 0.998520029599408, "two-tailed": 0.002999940001199976}}