{"Q9BV20": {"Enrichment": 0.2027159456810864, "Depletion": 0.7973040539189217, "two-tailed": 0.4054318913621728}}