{"Q9BVA6": {"Enrichment": 0.5504089918201636, "Depletion": 0.4496110077798444, "two-tailed": 0.8992220155596888}}