{"Q9BVS4": {"Enrichment": 0.7847443051138977, "Depletion": 0.21527569448611028, "two-tailed": 0.43055138897222056}}