{"Q9BV86": {"Enrichment": 0.026539469210615788, "Depletion": 0.9734805303893922, "two-tailed": 0.053078938421231577}}