{"Q9BV47": {"Enrichment": 0.7194456110877783, "Depletion": 0.28057438851222977, "two-tailed": 0.5611487770244595}}