{"Q9BV47": {"Enrichment": 0.7150856982860343, "Depletion": 0.28493430131397374, "two-tailed": 0.5698686026279475}}