{"Q9BVS4": {"Enrichment": 0.7838043239135217, "Depletion": 0.21621567568648628, "two-tailed": 0.43243135137297256}}