{"Q9BV86": {"Enrichment": 0.05845883082338353, "Depletion": 0.9415611687766244, "two-tailed": 0.11691766164676706}}