{"Q9BV20": {"Enrichment": 0.126277474450511, "Depletion": 0.873742525149497, "two-tailed": 0.252554948901022}}