{"Q9BWS9": {"Enrichment": 0.2236955260894782, "Depletion": 0.7763244735105298, "two-tailed": 0.4473910521789564}}