{"Q9BWV1": {"Enrichment": 0.6835063298734025, "Depletion": 0.3165136697266055, "two-tailed": 0.633027339453211}}