{"Q9BWS9": {"Enrichment": 0.21787564248715025, "Depletion": 0.7821443571128578, "two-tailed": 0.4357512849743005}}