{"Q9BXD5": {"Enrichment": 0.8225035499290014, "Depletion": 0.17751644967100658, "two-tailed": 0.35503289934201315}}