{"Q9BXT4": {"Enrichment": 0.24359512809743805, "Depletion": 0.75642487150257, "two-tailed": 0.4871902561948761}}