{"Q9BXJ7": {"Enrichment": 0.29343413131737367, "Depletion": 0.7065858682826344, "two-tailed": 0.5868682626347473}}