{"Q9BXJ7": {"Enrichment": 0.2130757384852303, "Depletion": 0.7869442611147777, "two-tailed": 0.4261514769704606}}