{"Q9BY32": {"Enrichment": 0.6685666286674267, "Depletion": 0.33145337093258137, "two-tailed": 0.6629067418651627}}