{"Q9BYD2": {"Enrichment": 0.5936081278374432, "Depletion": 0.40641187176256477, "two-tailed": 0.8128237435251295}}