{"Q9BY49": {"Enrichment": 0.8133437331253375, "Depletion": 0.1866762664746705, "two-tailed": 0.373352532949341}}