{"Q9BY49": {"Enrichment": 0.7377252454950901, "Depletion": 0.2622947541049179, "two-tailed": 0.5245895082098359}}