{"Q9BZ23": {"Enrichment": 0.9199816003679926, "Depletion": 0.08003839923201536, "two-tailed": 0.16007679846403072}}