{"Q9BZ11": {"Enrichment": 0.5464690706185876, "Depletion": 0.45355092898142035, "two-tailed": 0.9071018579628407}}