{"Q9BZX2": {"Enrichment": 0.9860002799944001, "Depletion": 0.014019719605607888, "two-tailed": 0.028039439211215777}}