{"Q9BZ23": {"Enrichment": 0.999360012799744, "Depletion": 0.0006599868002639947, "two-tailed": 0.0013199736005279894}}