{"Q9BZE9": {"Enrichment": 0.7885642287154256, "Depletion": 0.2114557708845823, "two-tailed": 0.4229115417691646}}