{"Q9BZE9": {"Enrichment": 0.7904641907161857, "Depletion": 0.20955580888382233, "two-tailed": 0.41911161776764466}}