{"Q9BZ11": {"Enrichment": 0.501589968200636, "Depletion": 0.49843003139937203, "two-tailed": 0.9968600627987441}}