{"Q9C0J8": {"Enrichment": 0.9556008879822404, "Depletion": 0.04441911161776765, "two-tailed": 0.0888382232355353}}