{"Q9C0J8": {"Enrichment": 0.9756604867902642, "Depletion": 0.024359512809743807, "two-tailed": 0.04871902561948761}}