{"Q9GZS3": {"Enrichment": 0.5479090418191637, "Depletion": 0.45211095778084437, "two-tailed": 0.9042219155616887}}