{"Q9GZZ9": {"Enrichment": 0.9184816303673926, "Depletion": 0.08153836923261534, "two-tailed": 0.1630767384652307}}