{"Q9GZZ1": {"Enrichment": 0.17861642767144656, "Depletion": 0.8214035719285614, "two-tailed": 0.3572328553428931}}