{"Q9GZN7": {"Enrichment": 0.25395492090158195, "Depletion": 0.746065078698426, "two-tailed": 0.5079098418031639}}