{"Q9GZV9": {"Enrichment": 0.015939681206375872, "Depletion": 0.9840803183936321, "two-tailed": 0.031879362412751744}}