{"Q9GZZ9": {"Enrichment": 0.9198816023679527, "Depletion": 0.08013839723205536, "two-tailed": 0.16027679446411072}}