{"Q9GZX6": {"Enrichment": 0.6821263574728506, "Depletion": 0.3178936421271575, "two-tailed": 0.635787284254315}}