{"Q9GZN7": {"Enrichment": 0.25541489170216597, "Depletion": 0.7446051078978421, "two-tailed": 0.5108297834043319}}