{"Q9GZV9": {"Enrichment": 0.017359652806943862, "Depletion": 0.9826603467930641, "two-tailed": 0.034719305613887724}}