{"Q9H0U4": {"Enrichment": 0.16173676526469472, "Depletion": 0.8382832343353133, "two-tailed": 0.32347353052938943}}