{"Q9H0R8": {"Enrichment": 0.7818443631127378, "Depletion": 0.21817563648727026, "two-tailed": 0.4363512729745405}}