{"Q9H0R8": {"Enrichment": 0.7802043959120818, "Depletion": 0.21981560368792624, "two-tailed": 0.4396312073758525}}