{"Q9H0U4": {"Enrichment": 0.16619667606647867, "Depletion": 0.8338233235335293, "two-tailed": 0.33239335213295734}}