{"Q9H1K6": {"Enrichment": 0.40443191136177276, "Depletion": 0.5955880882382353, "two-tailed": 0.8088638227235455}}