{"Q9H1D9": {"Enrichment": 0.7233655326893462, "Depletion": 0.2766544669106618, "two-tailed": 0.5533089338213236}}