{"Q9H1D9": {"Enrichment": 0.510109797804044, "Depletion": 0.48991020179596406, "two-tailed": 0.9798204035919281}}