{"Q9H2X3": {"Enrichment": 0.1993160136797264, "Depletion": 0.8007039859202816, "two-tailed": 0.3986320273594528}}