{"Q9H2X3": {"Enrichment": 0.20233595328093437, "Depletion": 0.7976840463190736, "two-tailed": 0.40467190656186874}}