{"Q9H3M9": {"Enrichment": 0.32237355252894945, "Depletion": 0.6776464470710586, "two-tailed": 0.6447471050578989}}