{"Q9H3L0": {"Enrichment": 0.19095618087638247, "Depletion": 0.8090638187236255, "two-tailed": 0.38191236175276494}}