{"Q9H3L0": {"Enrichment": 0.19175616487670247, "Depletion": 0.8082638347233055, "two-tailed": 0.38351232975340493}}