{"Q9H3D4": {"Enrichment": 0.38169236615267693, "Depletion": 0.6183276334473311, "two-tailed": 0.7633847323053539}}