{"Q9H3D4": {"Enrichment": 0.38143237135257296, "Depletion": 0.6185876282474351, "two-tailed": 0.7628647427051459}}