{"Q9H3M9": {"Enrichment": 0.08143837123257534, "Depletion": 0.9185816283674326, "two-tailed": 0.1628767424651507}}