{"Q9H477": {"Enrichment": 0.0997180056398872, "Depletion": 0.9003019939601208, "two-tailed": 0.1994360112797744}}