{"Q9H477": {"Enrichment": 0.009719805603887922, "Depletion": 0.9903001939961201, "two-tailed": 0.019439611207775844}}