{"Q9H6X2": {"Enrichment": 0.6603867922641548, "Depletion": 0.3396332073358533, "two-tailed": 0.6792664146717066}}