{"Q9H6W3": {"Enrichment": 0.6716865662686746, "Depletion": 0.32833343333133336, "two-tailed": 0.6566668666626667}}