{"Q9H6W3": {"Enrichment": 0.6678466430671387, "Depletion": 0.33217335653286933, "two-tailed": 0.6643467130657387}}