{"Q9H6X2": {"Enrichment": 0.5973280534389313, "Depletion": 0.4026919461610768, "two-tailed": 0.8053838923221536}}