{"Q9H8V3": {"Enrichment": 0.4504909901801964, "Depletion": 0.5495290094198116, "two-tailed": 0.9009819803603928}}