{"Q9H8V3": {"Enrichment": 0.3863722725545489, "Depletion": 0.6136477270454591, "two-tailed": 0.7727445451090978}}