{"Q9H867": {"Enrichment": 0.3494330113397732, "Depletion": 0.6505869882602348, "two-tailed": 0.6988660226795465}}