{"Q9H816": {"Enrichment": 0.8236435271294574, "Depletion": 0.17637647247055058, "two-tailed": 0.35275294494110115}}