{"Q9H867": {"Enrichment": 0.4053718925621488, "Depletion": 0.5946481070378592, "two-tailed": 0.8107437851242976}}