{"Q9H816": {"Enrichment": 0.6788464230715385, "Depletion": 0.32117357652846945, "two-tailed": 0.6423471530569389}}