{"Q9H9S5": {"Enrichment": 0.20439591208175836, "Depletion": 0.7956240875182496, "two-tailed": 0.4087918241635167}}