{"Q9H9B1": {"Enrichment": 0.06763864722705545, "Depletion": 0.9323813523729525, "two-tailed": 0.1352772944541109}}