{"Q9H9S5": {"Enrichment": 0.1994560108797824, "Depletion": 0.8005639887202256, "two-tailed": 0.3989120217595648}}