{"Q9HAR2": {"Enrichment": 0.008099838003239936, "Depletion": 0.9919201615967681, "two-tailed": 0.016199676006479872}}