{"Q9HBL8": {"Enrichment": 0.34441311173776523, "Depletion": 0.6556068878622427, "two-tailed": 0.6888262234755305}}