{"Q9HCE5": {"Enrichment": 0.74612507749845, "Depletion": 0.25389492210155795, "two-tailed": 0.5077898442031159}}