{"Q9HCL0": {"Enrichment": 0.1879762404751905, "Depletion": 0.8120437591248175, "two-tailed": 0.375952480950381}}