{"Q9HCG8": {"Enrichment": 0.8454030919381612, "Depletion": 0.15461690766184677, "two-tailed": 0.30923381532369354}}