{"Q9HC73": {"Enrichment": 0.3618127637447251, "Depletion": 0.6382072358552829, "two-tailed": 0.7236255274894502}}