{"Q9HCG8": {"Enrichment": 0.8414231715365693, "Depletion": 0.15859682806343872, "two-tailed": 0.31719365612687744}}