{"Q9HCE5": {"Enrichment": 0.6199476010479791, "Depletion": 0.38007239855202896, "two-tailed": 0.7601447971040579}}