{"Q9HCB6": {"Enrichment": 0.6642267154656907, "Depletion": 0.3357932841343173, "two-tailed": 0.6715865682686346}}