{"Q9HCB6": {"Enrichment": 0.866882662346753, "Depletion": 0.13313733725325494, "two-tailed": 0.2662746745065099}}