{"Q9HD40": {"Enrichment": 0.12413751724965501, "Depletion": 0.875882482350353, "two-tailed": 0.24827503449931002}}