{"Q9NPF7": {"Enrichment": 0.5772484550308994, "Depletion": 0.4227715445691086, "two-tailed": 0.8455430891382172}}