{"Q9NPF4": {"Enrichment": 0.6772464550708985, "Depletion": 0.3227735445291094, "two-tailed": 0.6455470890582188}}