{"Q9NP95": {"Enrichment": 0.3351732965340693, "Depletion": 0.6648467030659386, "two-tailed": 0.6703465930681386}}