{"Q9NPI6": {"Enrichment": 0.006879862402751945, "Depletion": 0.993140137197256, "two-tailed": 0.01375972480550389}}