{"Q9NPF4": {"Enrichment": 0.5739485210295794, "Depletion": 0.4260714785704286, "two-tailed": 0.8521429571408572}}