{"Q9NPZ5": {"Enrichment": 0.5351892962140757, "Depletion": 0.4648307033859323, "two-tailed": 0.9296614067718646}}