{"Q9NPF7": {"Enrichment": 0.020879582408351832, "Depletion": 0.9791404171916561, "two-tailed": 0.041759164816703664}}