{"Q9NPZ5": {"Enrichment": 0.5395092098158036, "Depletion": 0.4605107897842043, "two-tailed": 0.9210215795684086}}