{"Q9NP99": {"Enrichment": 0.2733545329093418, "Depletion": 0.7266654666906662, "two-tailed": 0.5467090658186836}}