{"Q9NQR1": {"Enrichment": 0.061318773624527506, "Depletion": 0.9387012259754804, "two-tailed": 0.12263754724905501}}