{"Q9NQH7": {"Enrichment": 0.3070338593228135, "Depletion": 0.6929861402771944, "two-tailed": 0.614067718645627}}