{"Q9NQH7": {"Enrichment": 0.12291754164916702, "Depletion": 0.877102457950841, "two-tailed": 0.24583508329833403}}