{"Q9NRF8": {"Enrichment": 0.8419631607367852, "Depletion": 0.15805683886322275, "two-tailed": 0.3161136777264455}}