{"Q9NR22": {"Enrichment": 0.8133237335253295, "Depletion": 0.1866962660746785, "two-tailed": 0.373392532149357}}