{"Q9NR22": {"Enrichment": 0.7896642067158657, "Depletion": 0.21035579288414233, "two-tailed": 0.42071158576828466}}