{"Q9NRG1": {"Enrichment": 0.760204795904082, "Depletion": 0.23981520369592607, "two-tailed": 0.47963040739185214}}