{"Q9NRF8": {"Enrichment": 0.9227415451690966, "Depletion": 0.07727845443091139, "two-tailed": 0.15455690886182277}}