{"Q9NRG1": {"Enrichment": 0.6402471950560988, "Depletion": 0.35977280454390914, "two-tailed": 0.7195456090878183}}