{"Q9NS18": {"Enrichment": 0.5890482190356193, "Depletion": 0.4109717805643887, "two-tailed": 0.8219435611287774}}