{"Q9NS18": {"Enrichment": 0.5919081618367633, "Depletion": 0.4081118377632447, "two-tailed": 0.8162236755264894}}