{"Q9NTJ3": {"Enrichment": 0.372152556948861, "Depletion": 0.627867442651147, "two-tailed": 0.744305113897722}}