{"Q9NTM9": {"Enrichment": 0.7642847143057139, "Depletion": 0.2357352852942941, "two-tailed": 0.4714705705885882}}