{"Q9NT68": {"Enrichment": 0.05361892762144757, "Depletion": 0.9464010719785604, "two-tailed": 0.10723785524289514}}