{"Q9NTM9": {"Enrichment": 0.41581168376632466, "Depletion": 0.5842083158336834, "two-tailed": 0.8316233675326493}}