{"Q9NUW8": {"Enrichment": 0.43271134577308457, "Depletion": 0.5673086538269234, "two-tailed": 0.8654226915461691}}