{"Q9NUI1": {"Enrichment": 0.635227295454091, "Depletion": 0.3647927041459171, "two-tailed": 0.7295854082918342}}