{"Q9NUX5": {"Enrichment": 0.48037039259214814, "Depletion": 0.5196496070078599, "two-tailed": 0.9607407851842963}}