{"Q9NUW8": {"Enrichment": 0.4347713045739085, "Depletion": 0.5652486950260994, "two-tailed": 0.869542609147817}}