{"Q9NUI1": {"Enrichment": 0.7050658986820264, "Depletion": 0.29495410091798163, "two-tailed": 0.5899082018359633}}