{"Q9NUX5": {"Enrichment": 0.4166916661666767, "Depletion": 0.5833283334333313, "two-tailed": 0.8333833323333534}}