{"Q9NV35": {"Enrichment": 0.8325033499330013, "Depletion": 0.16751664966700666, "two-tailed": 0.3350332993340133}}