{"Q9NV96": {"Enrichment": 0.021999560008799823, "Depletion": 0.9780204395912082, "two-tailed": 0.04399912001759965}}