{"Q9NV96": {"Enrichment": 0.3897122057558849, "Depletion": 0.6103077938441231, "two-tailed": 0.7794244115117698}}