{"Q9NWU1": {"Enrichment": 0.17565648687026258, "Depletion": 0.8243635127297454, "two-tailed": 0.35131297374052517}}