{"Q9NW64": {"Enrichment": 0.44023119537609245, "Depletion": 0.5597888042239155, "two-tailed": 0.8804623907521849}}