{"Q9NW64": {"Enrichment": 0.44371112577748445, "Depletion": 0.5563088738225236, "two-tailed": 0.8874222515549689}}