{"Q9NWU1": {"Enrichment": 0.2378152436951261, "Depletion": 0.7622047559048819, "two-tailed": 0.4756304873902522}}