{"Q9NWM8": {"Enrichment": 0.7254054918901622, "Depletion": 0.2746145077098458, "two-tailed": 0.5492290154196916}}