{"Q9NX01": {"Enrichment": 0.5534489310213796, "Depletion": 0.44657106857862844, "two-tailed": 0.8931421371572569}}