{"Q9NXG6": {"Enrichment": 0.875962480750385, "Depletion": 0.124057518849623, "two-tailed": 0.248115037699246}}