{"Q9NX01": {"Enrichment": 0.6939261214775705, "Depletion": 0.30609387812243755, "two-tailed": 0.6121877562448751}}