{"Q9NY97": {"Enrichment": 0.6597268054638907, "Depletion": 0.3402931941361173, "two-tailed": 0.6805863882722346}}