{"Q9NYG8": {"Enrichment": 0.9030019399612008, "Depletion": 0.09701805963880722, "two-tailed": 0.19403611927761444}}