{"Q9NYV4": {"Enrichment": 0.5112897742045159, "Depletion": 0.4887302253954921, "two-tailed": 0.9774604507909842}}