{"Q9NYG8": {"Enrichment": 0.9040019199616007, "Depletion": 0.09601807963840724, "two-tailed": 0.19203615927681447}}