{"Q9NYV4": {"Enrichment": 0.49101017979640404, "Depletion": 0.5090098198036039, "two-tailed": 0.9820203595928081}}