{"Q9NYY1": {"Enrichment": 0.2364552708945821, "Depletion": 0.7635647287054259, "two-tailed": 0.4729105417891642}}