{"Q9NZH6": {"Enrichment": 0.01367972640547189, "Depletion": 0.9863402731945361, "two-tailed": 0.02735945281094378}}