{"Q9NZ08": {"Enrichment": 0.9638807223855523, "Depletion": 0.03613927721445571, "two-tailed": 0.07227855442891142}}