{"Q9NZQ7": {"Enrichment": 0.996920061598768, "Depletion": 0.003099938001239975, "two-tailed": 0.00619987600247995}}