{"Q9NZK5": {"Enrichment": 0.7993440131197376, "Depletion": 0.2006759864802704, "two-tailed": 0.4013519729605408}}