{"Q9NZL9": {"Enrichment": 0.48145037099258015, "Depletion": 0.5185696286074278, "two-tailed": 0.9629007419851603}}