{"Q9NZ08": {"Enrichment": 0.9192816143677126, "Depletion": 0.08073838523229536, "two-tailed": 0.16147677046459072}}