{"Q9P2T1": {"Enrichment": 0.6677866442671146, "Depletion": 0.33223335533289333, "two-tailed": 0.6644667106657867}}