{"Q9P2R7": {"Enrichment": 0.6470070598588028, "Depletion": 0.3530129397412052, "two-tailed": 0.7060258794824104}}