{"Q9P2R7": {"Enrichment": 0.2765144697106058, "Depletion": 0.7235055298894022, "two-tailed": 0.5530289394212116}}