{"Q9P2W7": {"Enrichment": 0.7057458850822984, "Depletion": 0.29427411451770963, "two-tailed": 0.5885482290354193}}