{"Q9P2W7": {"Enrichment": 0.7045259094818104, "Depletion": 0.29549409011819766, "two-tailed": 0.5909881802363953}}