{"Q9P2T1": {"Enrichment": 0.4733705325893482, "Depletion": 0.5266494670106597, "two-tailed": 0.9467410651786964}}