{"Q9P2F6": {"Enrichment": 0.5094698106037879, "Depletion": 0.49055018899622005, "two-tailed": 0.9811003779924401}}