{"Q9P2E7": {"Enrichment": 0.45697086058278835, "Depletion": 0.5430491390172196, "two-tailed": 0.9139417211655767}}