{"Q9P2F6": {"Enrichment": 0.5078898422031559, "Depletion": 0.49213015739685206, "two-tailed": 0.9842603147937041}}