{"Q9UBU8": {"Enrichment": 0.6003879922401552, "Depletion": 0.3996320073598528, "two-tailed": 0.7992640147197057}}