{"Q9UBT2": {"Enrichment": 0.1503969920601588, "Depletion": 0.8496230075398492, "two-tailed": 0.3007939841203176}}