{"Q9UBQ7": {"Enrichment": 0.5105097898042039, "Depletion": 0.48951020979580406, "two-tailed": 0.9790204195916081}}