{"Q9UBS5": {"Enrichment": 0.22829543409131817, "Depletion": 0.7717245655086898, "two-tailed": 0.45659086818263633}}