{"Q9UBU8": {"Enrichment": 0.6032079358412832, "Depletion": 0.3968120637587248, "two-tailed": 0.7936241275174496}}