{"Q9UBS5": {"Enrichment": 0.23069538609227816, "Depletion": 0.7693246135077298, "two-tailed": 0.4613907721845563}}