{"Q9UBC3": {"Enrichment": 0.44709105817883643, "Depletion": 0.5529289414211715, "two-tailed": 0.8941821163576729}}