{"Q9UBT2": {"Enrichment": 0.7630447391052179, "Depletion": 0.2369752604947901, "two-tailed": 0.4739505209895802}}