{"Q9UBP9": {"Enrichment": 0.9850402991940161, "Depletion": 0.01497970040599188, "two-tailed": 0.02995940081198376}}