{"Q9UDY8": {"Enrichment": 0.8630227395452091, "Depletion": 0.1369972600547989, "two-tailed": 0.2739945201095978}}