{"Q9UEF7": {"Enrichment": 0.2616347673046539, "Depletion": 0.7383852322953541, "two-tailed": 0.5232695346093078}}