{"Q9UEF7": {"Enrichment": 0.25499490010199793, "Depletion": 0.74502509949801, "two-tailed": 0.5099898002039959}}