{"Q9UGM6": {"Enrichment": 0.5772284554308914, "Depletion": 0.42279154416911663, "two-tailed": 0.8455830883382333}}