{"Q9UGN4": {"Enrichment": 0.7640847183056338, "Depletion": 0.2359352812943741, "two-tailed": 0.4718705625887482}}