{"Q9UGM3": {"Enrichment": 0.9454010919781605, "Depletion": 0.05461890762184756, "two-tailed": 0.10923781524369512}}