{"Q9UGM1": {"Enrichment": 0.8792024159516809, "Depletion": 0.12081758364832704, "two-tailed": 0.24163516729665407}}