{"Q9UGN4": {"Enrichment": 0.758484830303394, "Depletion": 0.24153516929661406, "two-tailed": 0.4830703385932281}}