{"Q9UGM3": {"Enrichment": 0.9525009499810004, "Depletion": 0.04751904961900762, "two-tailed": 0.09503809923801523}}