{"Q9UH77": {"Enrichment": 0.46763064738705223, "Depletion": 0.5323893522129557, "two-tailed": 0.9352612947741045}}