{"Q9UHX1": {"Enrichment": 0.26721465570688585, "Depletion": 0.7328053438931221, "two-tailed": 0.5344293114137717}}