{"Q9UHP7": {"Enrichment": 0.2823343533129337, "Depletion": 0.7176856462870742, "two-tailed": 0.5646687066258674}}