{"Q9UH99": {"Enrichment": 0.1507969840603188, "Depletion": 0.8492230155396892, "two-tailed": 0.3015939681206376}}