{"Q9UHL4": {"Enrichment": 0.27709445811083777, "Depletion": 0.7229255414891702, "two-tailed": 0.5541889162216755}}