{"Q9UH99": {"Enrichment": 0.14929701405971882, "Depletion": 0.8507229855402892, "two-tailed": 0.29859402811943764}}