{"Q9UHL4": {"Enrichment": 0.21947561048779024, "Depletion": 0.7805443891122178, "two-tailed": 0.4389512209755805}}