{"Q9UHX1": {"Enrichment": 0.5193896122077558, "Depletion": 0.48063038739225217, "two-tailed": 0.9612607747845043}}