{"Q9UI10": {"Enrichment": 0.32117357652846945, "Depletion": 0.6788464230715385, "two-tailed": 0.6423471530569389}}