{"Q9UIK4": {"Enrichment": 0.11819763604727905, "Depletion": 0.8818223635527289, "two-tailed": 0.2363952720945581}}