{"Q9UI95": {"Enrichment": 0.3250934981300374, "Depletion": 0.6749265014699706, "two-tailed": 0.6501869962600748}}