{"Q9UI30": {"Enrichment": 0.2009159816803664, "Depletion": 0.7991040179196416, "two-tailed": 0.4018319633607328}}