{"Q9UI30": {"Enrichment": 0.5445091098178036, "Depletion": 0.45551088978220433, "two-tailed": 0.9110217795644087}}