{"Q9UIV1": {"Enrichment": 0.6080478390432191, "Depletion": 0.39197216055678885, "two-tailed": 0.7839443211135777}}