{"Q9UIC8": {"Enrichment": 0.0009399812003759925, "Depletion": 0.999080018399632, "two-tailed": 0.001879962400751985}}