{"Q9UIQ6": {"Enrichment": 0.5702085958280835, "Depletion": 0.42981140377192456, "two-tailed": 0.8596228075438491}}