{"Q9UIV1": {"Enrichment": 0.6225875482490351, "Depletion": 0.377432451350973, "two-tailed": 0.754864902701946}}