{"Q9UI10": {"Enrichment": 0.33513329733405334, "Depletion": 0.6648867022659547, "two-tailed": 0.6702665946681067}}