{"Q9UI95": {"Enrichment": 0.31985360292794146, "Depletion": 0.6801663966720666, "two-tailed": 0.6397072058558829}}