{"Q9UJA9": {"Enrichment": 0.15513689726205476, "Depletion": 0.8448831023379533, "two-tailed": 0.3102737945241095}}