{"Q9UJ71": {"Enrichment": 0.48135037299254013, "Depletion": 0.5186696266074678, "two-tailed": 0.9627007459850803}}