{"Q9UJW3": {"Enrichment": 0.9683806323873523, "Depletion": 0.03163936721265575, "two-tailed": 0.0632787344253115}}