{"Q9UJW3": {"Enrichment": 0.9434411311773765, "Depletion": 0.056578868422631545, "two-tailed": 0.11315773684526309}}