{"Q9UKB1": {"Enrichment": 0.7824443511129777, "Depletion": 0.21757564848703026, "two-tailed": 0.4351512969740605}}