{"Q9UKK9": {"Enrichment": 0.45695086098278037, "Depletion": 0.5430691386172276, "two-tailed": 0.9139017219655607}}