{"Q9UKV3": {"Enrichment": 0.626187476250475, "Depletion": 0.373832523349533, "two-tailed": 0.747665046699066}}