{"Q9UKU7": {"Enrichment": 0.9078618427631447, "Depletion": 0.09215815683686326, "two-tailed": 0.18431631367372653}}