{"Q9UKU7": {"Enrichment": 0.9076618467630647, "Depletion": 0.09235815283694326, "two-tailed": 0.18471630567388653}}