{"Q9ULC4": {"Enrichment": 0.4288714225715486, "Depletion": 0.5711485770284594, "two-tailed": 0.8577428451430972}}