{"Q9ULX7": {"Enrichment": 0.9109217815643688, "Depletion": 0.08909821803563929, "two-tailed": 0.17819643607127858}}