{"Q9UMX1": {"Enrichment": 0.22017559648807025, "Depletion": 0.7798444031119378, "two-tailed": 0.4403511929761405}}