{"Q9UMN6": {"Enrichment": 0.1121177576448471, "Depletion": 0.8879022419551609, "two-tailed": 0.2242355152896942}}