{"Q9UM47": {"Enrichment": 0.9868402631947361, "Depletion": 0.013179736405271895, "two-tailed": 0.02635947281054379}}