{"Q9UM47": {"Enrichment": 0.9862202755944881, "Depletion": 0.01379972400551989, "two-tailed": 0.02759944801103978}}