{"Q9UNQ2": {"Enrichment": 0.7140457190856183, "Depletion": 0.2859742805143897, "two-tailed": 0.5719485610287794}}