{"Q9UNA4": {"Enrichment": 0.7067458650826983, "Depletion": 0.29327413451730966, "two-tailed": 0.5865482690346193}}