{"Q9UNA0": {"Enrichment": 0.6240675186496271, "Depletion": 0.375952480950381, "two-tailed": 0.751904961900762}}