{"Q9UNA0": {"Enrichment": 0.5330493390132197, "Depletion": 0.46697066058678827, "two-tailed": 0.9339413211735765}}