{"Q9UPP1": {"Enrichment": 0.373632527349453, "Depletion": 0.626387472250555, "two-tailed": 0.747265054698906}}