{"Q9UPP1": {"Enrichment": 0.41289174216515667, "Depletion": 0.5871282574348513, "two-tailed": 0.8257834843303133}}