{"Q9UP95": {"Enrichment": 0.6612667746645067, "Depletion": 0.3387532249355013, "two-tailed": 0.6775064498710026}}