{"Q9UQE7": {"Enrichment": 0.007039859202815944, "Depletion": 0.9929801403971921, "two-tailed": 0.014079718405631887}}