{"Q9UQQ1": {"Enrichment": 0.8953820923581528, "Depletion": 0.10463790724185516, "two-tailed": 0.20927581448371033}}