{"Q9UQB9": {"Enrichment": 0.30487390252194957, "Depletion": 0.6951460970780584, "two-tailed": 0.6097478050438991}}