{"Q9UQQ1": {"Enrichment": 0.8414631707365853, "Depletion": 0.15855682886342273, "two-tailed": 0.31711365772684547}}