{"Q9Y235": {"Enrichment": 0.12657746845063098, "Depletion": 0.873442531149377, "two-tailed": 0.25315493690126195}}