{"Q9Y297": {"Enrichment": 0.39327213455730886, "Depletion": 0.6067478650426992, "two-tailed": 0.7865442691146177}}