{"Q9Y2H9": {"Enrichment": 0.07733845323093538, "Depletion": 0.9226815463690726, "two-tailed": 0.15467690646187077}}