{"Q9Y227": {"Enrichment": 0.50334993300134, "Depletion": 0.496670066598668, "two-tailed": 0.993340133197336}}