{"Q9Y219": {"Enrichment": 0.16587668246635068, "Depletion": 0.8341433171336573, "two-tailed": 0.33175336493270136}}