{"Q9Y2A7": {"Enrichment": 0.3117137657246855, "Depletion": 0.6883062338753225, "two-tailed": 0.623427531449371}}