{"Q9Y2G5": {"Enrichment": 0.006539869202615948, "Depletion": 0.993480130397392, "two-tailed": 0.013079738405231895}}