{"Q9Y2U8": {"Enrichment": 0.41997160056798866, "Depletion": 0.5800483990320193, "two-tailed": 0.8399432011359773}}