{"Q9Y2C4": {"Enrichment": 0.3979920401591968, "Depletion": 0.6020279594408112, "two-tailed": 0.7959840803183936}}