{"Q9Y2Q3": {"Enrichment": 0.5111297774044519, "Depletion": 0.4888902221955561, "two-tailed": 0.9777804443911122}}