{"Q9Y2C4": {"Enrichment": 0.3984520309593808, "Depletion": 0.6015679686406272, "two-tailed": 0.7969040619187616}}