{"Q9Y2G5": {"Enrichment": 0.10335793284134318, "Depletion": 0.8966620667586648, "two-tailed": 0.20671586568268635}}