{"Q9Y2M5": {"Enrichment": 0.44453110937781243, "Depletion": 0.5554888902221956, "two-tailed": 0.8890622187556249}}