{"Q9Y223": {"Enrichment": 0.5969480610387792, "Depletion": 0.40307193856122875, "two-tailed": 0.8061438771224575}}