{"Q9Y227": {"Enrichment": 0.5169496610067799, "Depletion": 0.4830703385932281, "two-tailed": 0.9661406771864562}}