{"Q9Y2M5": {"Enrichment": 0.2584948301033979, "Depletion": 0.7415251694966101, "two-tailed": 0.5169896602067958}}