{"Q9Y235": {"Enrichment": 0.2735945281094378, "Depletion": 0.7264254714905702, "two-tailed": 0.5471890562188756}}