{"Q9Y223": {"Enrichment": 0.618387632247355, "Depletion": 0.38163236735265293, "two-tailed": 0.7632647347053059}}