{"Q9Y3E1": {"Enrichment": 0.5335493290134198, "Depletion": 0.46647067058658825, "two-tailed": 0.9329413411731765}}