{"Q9Y388": {"Enrichment": 0.26611467770644587, "Depletion": 0.7339053218935622, "two-tailed": 0.5322293554128917}}