{"Q9Y3B4": {"Enrichment": 0.3343133137337253, "Depletion": 0.6657066858662827, "two-tailed": 0.6686266274674506}}