{"Q9Y3E1": {"Enrichment": 0.496410071798564, "Depletion": 0.503609927801444, "two-tailed": 0.992820143597128}}