{"Q9Y388": {"Enrichment": 0.5245895082098359, "Depletion": 0.4754304913901722, "two-tailed": 0.9508609827803444}}