{"Q9Y3Z3": {"Enrichment": 0.7138457230855383, "Depletion": 0.2861742765144697, "two-tailed": 0.5723485530289394}}