{"Q9Y3B4": {"Enrichment": 0.33039339213215735, "Depletion": 0.6696266074678506, "two-tailed": 0.6607867842643147}}