{"Q9Y3C4": {"Enrichment": 0.9694006119877603, "Depletion": 0.030619387612247754, "two-tailed": 0.06123877522449551}}