{"Q9Y3C4": {"Enrichment": 0.9654606907861842, "Depletion": 0.03455930881382372, "two-tailed": 0.06911861762764744}}