{"Q9Y303": {"Enrichment": 0.8252634947301054, "Depletion": 0.1747565048699026, "two-tailed": 0.3495130097398052}}