{"Q9Y483": {"Enrichment": 0.9849603007939841, "Depletion": 0.01505969880602388, "two-tailed": 0.03011939761204776}}