{"Q9Y478": {"Enrichment": 0.9679206415871683, "Depletion": 0.032099358012839745, "two-tailed": 0.06419871602567949}}