{"Q9Y4B6": {"Enrichment": 0.5247495050098998, "Depletion": 0.4752704945901082, "two-tailed": 0.9505409891802163}}