{"Q9Y483": {"Enrichment": 0.8967820643587128, "Depletion": 0.10323793524129517, "two-tailed": 0.20647587048259033}}