{"Q9Y4W6": {"Enrichment": 0.6866462670746585, "Depletion": 0.3133737325253495, "two-tailed": 0.626747465050699}}