{"Q9Y5K5": {"Enrichment": 0.1001379972400552, "Depletion": 0.8998820023599527, "two-tailed": 0.2002759944801104}}