{"Q9Y580": {"Enrichment": 0.8660226795464091, "Depletion": 0.13399732005359893, "two-tailed": 0.26799464010719787}}