{"Q9Y5P6": {"Enrichment": 0.9505609887802244, "Depletion": 0.04945901081978361, "two-tailed": 0.09891802163956721}}