{"Q9Y5N5": {"Enrichment": 0.14849703005939882, "Depletion": 0.8515229695406092, "two-tailed": 0.29699406011879764}}