{"Q9Y5P8": {"Enrichment": 0.32209355812883744, "Depletion": 0.6779264414711705, "two-tailed": 0.6441871162576749}}