{"Q9Y5S9": {"Enrichment": 0.15793684126317473, "Depletion": 0.8420831583368332, "two-tailed": 0.31587368252634945}}