{"Q9Y6X5": {"Enrichment": 0.6832263354732905, "Depletion": 0.31679366412671744, "two-tailed": 0.6335873282534349}}