{"Q9Y663": {"Enrichment": 0.033199336013279734, "Depletion": 0.9668206635867282, "two-tailed": 0.06639867202655947}}