{"Q9Y6K1": {"Enrichment": 0.6079278414431711, "Depletion": 0.39209215815683685, "two-tailed": 0.7841843163136737}}