{"Q9Y6X9": {"Enrichment": 0.16005679886402271, "Depletion": 0.8399632007359853, "two-tailed": 0.32011359772804543}}