{"Q9Y6X9": {"Enrichment": 0.27985440291194175, "Depletion": 0.7201655966880662, "two-tailed": 0.5597088058238835}}