{"Q9Y657": {"Enrichment": 0.875382492350153, "Depletion": 0.124637507249855, "two-tailed": 0.24927501449971}}