{"Q9Y697": {"Enrichment": 0.24365512689746205, "Depletion": 0.7563648727025459, "two-tailed": 0.4873102537949241}}