{"Q9Y663": {"Enrichment": 0.11507769844603108, "Depletion": 0.8849423011539769, "two-tailed": 0.23015539689206216}}