{"Q9Y6K1": {"Enrichment": 0.6032479350412991, "Depletion": 0.39677206455870884, "two-tailed": 0.7935441291174177}}