{"Q9Y617": {"Enrichment": 0.13179736405271894, "Depletion": 0.8682226355472891, "two-tailed": 0.2635947281054379}}