{"Q9Y600": {"Enrichment": 0.47025059498810023, "Depletion": 0.5297694046119078, "two-tailed": 0.9405011899762005}}