{"Q9Y697": {"Enrichment": 0.13493730125397493, "Depletion": 0.8650826983460331, "two-tailed": 0.26987460250794987}}