{"Q9Y666": {"Enrichment": 0.9384812303753924, "Depletion": 0.06153876922461551, "two-tailed": 0.12307753844923101}}