{"P05750": {"Enrichment": 0.006599868002639947, "Depletion": 0.9934201315973681, "two-tailed": 0.013199736005279895}}