{"P07884": {"Enrichment": 0.10851782964340713, "Depletion": 0.8915021699566009, "two-tailed": 0.21703565928681426}}