{"P07884": {"Enrichment": 0.19273614527709446, "Depletion": 0.8072838543229135, "two-tailed": 0.3854722905541889}}