{"P0CX35": {"Enrichment": 0.884522309553809, "Depletion": 0.11549769004619907, "two-tailed": 0.23099538009239814}}