{"P0CX35": {"Enrichment": 0.9582808343833124, "Depletion": 0.04173916521669566, "two-tailed": 0.08347833043339133}}