{"P13382": {"Enrichment": 0.9368812623747526, "Depletion": 0.0631387372252555, "two-tailed": 0.126277474450511}}