{"P15424": {"Enrichment": 0.7970440591188176, "Depletion": 0.2029759404811904, "two-tailed": 0.4059518809623808}}