{"P15424": {"Enrichment": 0.9013419731605368, "Depletion": 0.09867802643947121, "two-tailed": 0.19735605287894242}}