{"P20449": {"Enrichment": 0.5845483090338193, "Depletion": 0.41547169056618866, "two-tailed": 0.8309433811323773}}