{"P20449": {"Enrichment": 0.4102917941641167, "Depletion": 0.5897282054358913, "two-tailed": 0.8205835883282334}}