{"P25443": {"Enrichment": 0.10403791924161516, "Depletion": 0.8959820803583929, "two-tailed": 0.20807583848323033}}