{"P26783": {"Enrichment": 0.498730025399492, "Depletion": 0.501289974200516, "two-tailed": 0.997460050798984}}