{"P28005": {"Enrichment": 0.06957860842783144, "Depletion": 0.9304413911721765, "two-tailed": 0.13915721685566287}}