{"P30771": {"Enrichment": 0.8297234055318894, "Depletion": 0.17029659406811865, "two-tailed": 0.3405931881362373}}