{"P30771": {"Enrichment": 0.8048039039219216, "Depletion": 0.19521609567808643, "two-tailed": 0.39043219135617285}}