{"P32807": {"Enrichment": 0.16831663366732666, "Depletion": 0.8317033659326813, "two-tailed": 0.3366332673346533}}