{"P32905": {"Enrichment": 0.14485710285794284, "Depletion": 0.8551628967420651, "two-tailed": 0.2897142057158857}}