{"P33442": {"Enrichment": 0.4495110097798044, "Depletion": 0.5505089898202036, "two-tailed": 0.8990220195596088}}