{"P33442": {"Enrichment": 0.44495110097798046, "Depletion": 0.5550688986220276, "two-tailed": 0.8899022019559609}}