{"P36421": {"Enrichment": 0.5222095558088838, "Depletion": 0.4778104437911242, "two-tailed": 0.9556208875822484}}