{"P36421": {"Enrichment": 0.7376052478950421, "Depletion": 0.2624147517049659, "two-tailed": 0.5248295034099318}}