{"P38208": {"Enrichment": 0.4386312273754525, "Depletion": 0.5613887722245555, "two-tailed": 0.877262454750905}}