{"P38291": {"Enrichment": 0.7637847243055139, "Depletion": 0.23623527529449412, "two-tailed": 0.47247055058898824}}