{"P38208": {"Enrichment": 0.40745185096298075, "Depletion": 0.5925681486370272, "two-tailed": 0.8149037019259615}}