{"P41812": {"Enrichment": 0.014559708805823884, "Depletion": 0.9854602907941841, "two-tailed": 0.02911941761164777}}