{"P46948": {"Enrichment": 0.046619067618647626, "Depletion": 0.9534009319813603, "two-tailed": 0.09323813523729525}}