{"P46948": {"Enrichment": 0.050538989220215595, "Depletion": 0.9494810103797924, "two-tailed": 0.10107797844043119}}