{"P48589": {"Enrichment": 0.048539029219415615, "Depletion": 0.9514809703805924, "two-tailed": 0.09707805843883123}}