{"P49960": {"Enrichment": 0.10367792644147117, "Depletion": 0.8963420731585369, "two-tailed": 0.20735585288294234}}