{"P49960": {"Enrichment": 0.049319013619727604, "Depletion": 0.9507009859802804, "two-tailed": 0.09863802723945521}}