{"P53218": {"Enrichment": 0.8097838043239135, "Depletion": 0.19023619527609448, "two-tailed": 0.38047239055218895}}