{"Q02555": {"Enrichment": 0.24637507249855004, "Depletion": 0.7536449271014579, "two-tailed": 0.49275014499710007}}