{"Q02555": {"Enrichment": 0.14747705045899082, "Depletion": 0.8525429491410171, "two-tailed": 0.29495410091798163}}