{"Q03195": {"Enrichment": 0.3352732945341093, "Depletion": 0.6647467050658987, "two-tailed": 0.6705465890682186}}