{"Q03195": {"Enrichment": 0.2881742365152697, "Depletion": 0.7118457630847383, "two-tailed": 0.5763484730305394}}