{"Q05506": {"Enrichment": 0.6968260634787304, "Depletion": 0.3031939361212776, "two-tailed": 0.6063878722425552}}