{"Q05506": {"Enrichment": 0.6167676646467071, "Depletion": 0.3832523349533009, "two-tailed": 0.7665046699066018}}