{"Q05636": {"Enrichment": 0.9706205875882482, "Depletion": 0.029399412011759767, "two-tailed": 0.05879882402351953}}