{"Q05636": {"Enrichment": 0.9719005619887602, "Depletion": 0.028119437611247775, "two-tailed": 0.05623887522249555}}