{"Q06151": {"Enrichment": 0.0010399792004159916, "Depletion": 0.998980020399592, "two-tailed": 0.0020799584008319833}}