{"Q06287": {"Enrichment": 0.874522509549809, "Depletion": 0.125497490050199, "two-tailed": 0.250994980100398}}