{"Q07478": {"Enrichment": 0.745565088698226, "Depletion": 0.25445491090178196, "two-tailed": 0.5089098218035639}}