{"Q07478": {"Enrichment": 0.624767504649907, "Depletion": 0.375252494950101, "two-tailed": 0.750504989900202}}