{"Q08162": {"Enrichment": 0.09427811443771125, "Depletion": 0.9057418851622967, "two-tailed": 0.1885562288754225}}