{"Q08285": {"Enrichment": 0.40643187136257275, "Depletion": 0.5935881282374352, "two-tailed": 0.8128637427251455}}