{"Q08285": {"Enrichment": 0.4008519829603408, "Depletion": 0.5991680166396672, "two-tailed": 0.8017039659206816}}