{"P00549": {"Enrichment": 0.9754004919901602, "Depletion": 0.024619507609847803, "two-tailed": 0.049239015219695606}}