{"P00549": {"Enrichment": 0.9748405031899362, "Depletion": 0.0251794964100718, "two-tailed": 0.0503589928201436}}