{"P00817": {"Enrichment": 0.1639767204655907, "Depletion": 0.8360432791344173, "two-tailed": 0.3279534409311814}}