{"P01123": {"Enrichment": 0.07727845443091139, "Depletion": 0.9227415451690966, "two-tailed": 0.15455690886182277}}