{"P03882": {"Enrichment": 0.03273934521309574, "Depletion": 0.9672806543869122, "two-tailed": 0.06547869042619148}}