{"P03882": {"Enrichment": 0.1130377392452151, "Depletion": 0.8869822603547929, "two-tailed": 0.2260754784904302}}