{"P04050": {"Enrichment": 0.7429651406971861, "Depletion": 0.2570548589028219, "two-tailed": 0.5141097178056439}}