{"P06169": {"Enrichment": 0.7132857342853143, "Depletion": 0.2867342653146937, "two-tailed": 0.5734685306293874}}