{"P07236": {"Enrichment": 0.5817483650326993, "Depletion": 0.41827163456730865, "two-tailed": 0.8365432691346173}}