{"P07271": {"Enrichment": 0.41517169656606867, "Depletion": 0.5848483030339393, "two-tailed": 0.8303433931321373}}