{"P07236": {"Enrichment": 0.5797884042319154, "Depletion": 0.4202315953680926, "two-tailed": 0.8404631907361853}}