{"P07342": {"Enrichment": 0.5640287194256115, "Depletion": 0.43599128017439653, "two-tailed": 0.8719825603487931}}