{"P07884": {"Enrichment": 0.007339853202935941, "Depletion": 0.992680146397072, "two-tailed": 0.014679706405871882}}