{"P08518": {"Enrichment": 0.25297494050118996, "Depletion": 0.747045059098818, "two-tailed": 0.5059498810023799}}