{"P10363": {"Enrichment": 0.27165456690866185, "Depletion": 0.7283654326913461, "two-tailed": 0.5433091338173237}}