{"P10363": {"Enrichment": 0.49415011699766004, "Depletion": 0.505869882602348, "two-tailed": 0.9883002339953201}}