{"P11484": {"Enrichment": 0.6548869022619548, "Depletion": 0.34513309733805325, "two-tailed": 0.6902661946761065}}