{"P12689": {"Enrichment": 0.5200895982080358, "Depletion": 0.4799304013919722, "two-tailed": 0.9598608027839444}}