{"P12612": {"Enrichment": 0.990280194396112, "Depletion": 0.009739805203895922, "two-tailed": 0.019479610407791843}}