{"P12612": {"Enrichment": 0.9909201815963681, "Depletion": 0.009099818003639928, "two-tailed": 0.018199636007279855}}