{"P13298": {"Enrichment": 0.5460290794184116, "Depletion": 0.45399092018159637, "two-tailed": 0.9079818403631927}}