{"P13298": {"Enrichment": 0.5466690666186677, "Depletion": 0.4533509329813404, "two-tailed": 0.9067018659626808}}