{"P14242": {"Enrichment": 0.9528209435811283, "Depletion": 0.04719905601887962, "two-tailed": 0.09439811203775925}}