{"P15303": {"Enrichment": 0.9290214195716086, "Depletion": 0.07099858002839943, "two-tailed": 0.14199716005679885}}