{"P15436": {"Enrichment": 0.2255754884902302, "Depletion": 0.7744445111097779, "two-tailed": 0.4511509769804604}}