{"P15436": {"Enrichment": 0.24213515729685406, "Depletion": 0.7578848423031539, "two-tailed": 0.4842703145937081}}