{"P15790": {"Enrichment": 0.509789804203916, "Depletion": 0.4902301953960921, "two-tailed": 0.9804603907921842}}