{"P15790": {"Enrichment": 0.617147657046859, "Depletion": 0.38287234255314895, "two-tailed": 0.7657446851062979}}