{"P16474": {"Enrichment": 0.6870262594748106, "Depletion": 0.3129937401251975, "two-tailed": 0.625987480250395}}