{"P16474": {"Enrichment": 0.6878662426751465, "Depletion": 0.3121537569248615, "two-tailed": 0.624307513849723}}