{"P16892": {"Enrichment": 0.8546229075418491, "Depletion": 0.14539709205815884, "two-tailed": 0.2907941841163177}}