{"P17157": {"Enrichment": 0.36659266814663705, "Depletion": 0.6334273314533709, "two-tailed": 0.7331853362932741}}