{"P19146": {"Enrichment": 0.14309713805723887, "Depletion": 0.8569228615427692, "two-tailed": 0.28619427611447773}}