{"P19146": {"Enrichment": 0.13935721285574287, "Depletion": 0.8606627867442651, "two-tailed": 0.27871442571148575}}