{"P20051": {"Enrichment": 0.5327893442131157, "Depletion": 0.46723065538689224, "two-tailed": 0.9344613107737845}}