{"P20051": {"Enrichment": 0.4134917301653967, "Depletion": 0.5865282694346113, "two-tailed": 0.8269834603307934}}