{"P21243": {"Enrichment": 0.17763644727105457, "Depletion": 0.8223835523289534, "two-tailed": 0.35527289454210914}}