{"P23639": {"Enrichment": 0.1893962120757585, "Depletion": 0.8106237875242495, "two-tailed": 0.378792424151517}}