{"P23639": {"Enrichment": 0.18903621927561448, "Depletion": 0.8109837803243936, "two-tailed": 0.37807243855122896}}