{"P28240": {"Enrichment": 0.753144937101258, "Depletion": 0.24687506249875002, "two-tailed": 0.49375012499750004}}