{"P28240": {"Enrichment": 0.5927681446371073, "Depletion": 0.40725185496290073, "two-tailed": 0.8145037099258015}}