{"P30656": {"Enrichment": 0.33307333853322935, "Depletion": 0.6669466610667787, "two-tailed": 0.6661466770664587}}