{"P30656": {"Enrichment": 0.33873322533549327, "Depletion": 0.6612867742645148, "two-tailed": 0.6774664506709865}}