{"P32477": {"Enrichment": 0.44519109617807645, "Depletion": 0.5548289034219316, "two-tailed": 0.8903821923561529}}