{"P32582": {"Enrichment": 0.8556628867422652, "Depletion": 0.14435711285774286, "two-tailed": 0.2887142257154857}}