{"P32589": {"Enrichment": 0.47865042699146015, "Depletion": 0.5213695726085479, "two-tailed": 0.9573008539829203}}