{"P32835": {"Enrichment": 0.028219435611287775, "Depletion": 0.9718005639887203, "two-tailed": 0.05643887122257555}}