{"P32835": {"Enrichment": 0.2889142217155657, "Depletion": 0.7111057778844423, "two-tailed": 0.5778284434311314}}