{"P32939": {"Enrichment": 0.10443791124177516, "Depletion": 0.8955820883582328, "two-tailed": 0.20887582248355033}}