{"P32939": {"Enrichment": 0.015999680006399872, "Depletion": 0.9840203195936081, "two-tailed": 0.031999360012799745}}