{"P33317": {"Enrichment": 0.42811143777124455, "Depletion": 0.5719085618287634, "two-tailed": 0.8562228755424891}}