{"P36151": {"Enrichment": 0.5447091058178837, "Depletion": 0.45531089378212436, "two-tailed": 0.9106217875642487}}