{"P36421": {"Enrichment": 0.13407731845363094, "Depletion": 0.8659426811463771, "two-tailed": 0.2681546369072619}}