{"P38111": {"Enrichment": 0.4884102317953641, "Depletion": 0.511609767804644, "two-tailed": 0.9768204635907282}}