{"P38131": {"Enrichment": 0.14203715925681487, "Depletion": 0.8579828403431932, "two-tailed": 0.28407431851362974}}