{"P38131": {"Enrichment": 0.09353812923741525, "Depletion": 0.9064818703625928, "two-tailed": 0.1870762584748305}}