{"P38624": {"Enrichment": 0.33191336173276537, "Depletion": 0.6681066378672427, "two-tailed": 0.6638267234655307}}