{"P38636": {"Enrichment": 0.9536209275814483, "Depletion": 0.046399072018559626, "two-tailed": 0.09279814403711925}}