{"P39076": {"Enrichment": 0.9968600627987441, "Depletion": 0.0031599368012639748, "two-tailed": 0.0063198736025279496}}