{"P39077": {"Enrichment": 0.9942201155976881, "Depletion": 0.005799884002319953, "two-tailed": 0.011599768004639906}}