{"P39078": {"Enrichment": 0.999040019199616, "Depletion": 0.0009799804003919922, "two-tailed": 0.0019599608007839844}}