{"P39076": {"Enrichment": 0.9899602007959841, "Depletion": 0.01005979880402392, "two-tailed": 0.02011959760804784}}