{"P39079": {"Enrichment": 0.9808603827923441, "Depletion": 0.019159616807663846, "two-tailed": 0.03831923361532769}}