{"P39107": {"Enrichment": 0.06661866762664746, "Depletion": 0.9334013319733605, "two-tailed": 0.13323733525329493}}