{"P40413": {"Enrichment": 0.997960040799184, "Depletion": 0.0020599588008239837, "two-tailed": 0.004119917601647967}}