{"P41277": {"Enrichment": 0.2626747465050699, "Depletion": 0.7373452530949381, "two-tailed": 0.5253494930101398}}