{"P41277": {"Enrichment": 0.9330413391732165, "Depletion": 0.06697866042679146, "two-tailed": 0.13395732085358292}}