{"P42943": {"Enrichment": 0.9848603027939441, "Depletion": 0.015159696806063879, "two-tailed": 0.030319393612127758}}