{"P42943": {"Enrichment": 0.9872802543949121, "Depletion": 0.012739745205095899, "two-tailed": 0.025479490410191798}}