{"P43616": {"Enrichment": 0.44051118977620446, "Depletion": 0.5595088098238036, "two-tailed": 0.8810223795524089}}