{"P43616": {"Enrichment": 0.2136357272854543, "Depletion": 0.7863842723145537, "two-tailed": 0.4272714545709086}}