{"P46948": {"Enrichment": 0.6666466670666586, "Depletion": 0.33337333253334933, "two-tailed": 0.6667466650666987}}