{"P46948": {"Enrichment": 0.6660066798664027, "Depletion": 0.3340133197336053, "two-tailed": 0.6680266394672106}}