{"P47079": {"Enrichment": 0.9883402331953361, "Depletion": 0.011679766404671907, "two-tailed": 0.023359532809343813}}