{"P50874": {"Enrichment": 0.25223495530089396, "Depletion": 0.747785044299114, "two-tailed": 0.5044699106017879}}