{"P51996": {"Enrichment": 0.12067758644827103, "Depletion": 0.879342413151737, "two-tailed": 0.24135517289654207}}