{"P53043": {"Enrichment": 0.3413331733365333, "Depletion": 0.6586868262634747, "two-tailed": 0.6826663466730666}}