{"P53131": {"Enrichment": 0.4510509789804204, "Depletion": 0.5489690206195876, "two-tailed": 0.9021019579608408}}