{"P53131": {"Enrichment": 0.45833083338333236, "Depletion": 0.5416891662166756, "two-tailed": 0.9166616667666647}}