{"P53215": {"Enrichment": 0.7321453570928581, "Depletion": 0.2678746425071499, "two-tailed": 0.5357492850142997}}