{"P60010": {"Enrichment": 0.2836543269134617, "Depletion": 0.7163656726865463, "two-tailed": 0.5673086538269234}}