{"P60010": {"Enrichment": 0.2845543089138217, "Depletion": 0.7154656906861863, "two-tailed": 0.5691086178276434}}