{"P80428": {"Enrichment": 0.9770604587908241, "Depletion": 0.022959540809183818, "two-tailed": 0.045919081618367635}}