{"Q03034": {"Enrichment": 0.14637707245855083, "Depletion": 0.8536429271414572, "two-tailed": 0.29275414491710167}}