{"Q03103": {"Enrichment": 0.21677566448671026, "Depletion": 0.7832443351132977, "two-tailed": 0.4335513289734205}}