{"Q03529": {"Enrichment": 0.45537089258214836, "Depletion": 0.5446491070178596, "two-tailed": 0.9107417851642967}}