{"Q03529": {"Enrichment": 0.5544289114217715, "Depletion": 0.44559108817823645, "two-tailed": 0.8911821763564729}}