{"Q04049": {"Enrichment": 0.08931821363572728, "Depletion": 0.9107017859642808, "two-tailed": 0.17863642727145457}}