{"Q04673": {"Enrichment": 0.6466270674586508, "Depletion": 0.3533929321413572, "two-tailed": 0.7067858642827144}}