{"Q07478": {"Enrichment": 0.9850002999940001, "Depletion": 0.01501969960600788, "two-tailed": 0.03003939921201576}}