{"Q08162": {"Enrichment": 0.08121837563248735, "Depletion": 0.9188016239675206, "two-tailed": 0.1624367512649747}}