{"Q08685": {"Enrichment": 0.8481430371392572, "Depletion": 0.15187696246075078, "two-tailed": 0.30375392492150155}}