{"Q12178": {"Enrichment": 0.03607927841443171, "Depletion": 0.9639407211855763, "two-tailed": 0.07215855682886342}}