{"Q99385": {"Enrichment": 0.17645647087058258, "Depletion": 0.8235635287294254, "two-tailed": 0.35291294174116516}}