{"Q99321": {"Enrichment": 0.7849043019139618, "Depletion": 0.21511569768604627, "two-tailed": 0.43023139537209254}}