{"A6NK06": {"Enrichment": 0.4846703065938681, "Depletion": 0.5153496930061399, "two-tailed": 0.9693406131877362}}