{"A6NK06": {"Enrichment": 0.3153336933261335, "Depletion": 0.6846863062738745, "two-tailed": 0.630667386652267}}