{"B2RXH2": {"Enrichment": 0.25077498450031, "Depletion": 0.749245015099698, "two-tailed": 0.50154996900062}}