{"B2RXH2": {"Enrichment": 0.38911221775564486, "Depletion": 0.6109077818443631, "two-tailed": 0.7782244355112897}}