{"O00311": {"Enrichment": 0.0865182696346073, "Depletion": 0.9135017299654007, "two-tailed": 0.1730365392692146}}