{"O00311": {"Enrichment": 0.35205295894082117, "Depletion": 0.6479670406591869, "two-tailed": 0.7041059178816423}}