{"O00445": {"Enrichment": 0.24741505169896602, "Depletion": 0.7526049479010419, "two-tailed": 0.49483010339793204}}