{"O00408": {"Enrichment": 0.7709445811083778, "Depletion": 0.22907541849163016, "two-tailed": 0.4581508369832603}}