{"O00429": {"Enrichment": 0.2723145537089258, "Depletion": 0.7277054458910822, "two-tailed": 0.5446291074178516}}