{"O00429": {"Enrichment": 0.1884762304753905, "Depletion": 0.8115437691246175, "two-tailed": 0.376952460950781}}