{"O14656": {"Enrichment": 0.0889382212355753, "Depletion": 0.9110817783644327, "two-tailed": 0.1778764424711506}}