{"O14686": {"Enrichment": 0.12069758604827903, "Depletion": 0.879322413551729, "two-tailed": 0.24139517209655806}}