{"O14649": {"Enrichment": 0.14259714805703885, "Depletion": 0.8574228515429692, "two-tailed": 0.2851942961140777}}