{"O14607": {"Enrichment": 0.4633507329853403, "Depletion": 0.5366692666146677, "two-tailed": 0.9267014659706806}}