{"O14607": {"Enrichment": 0.30375392492150155, "Depletion": 0.6962660746785064, "two-tailed": 0.6075078498430031}}