{"O14656": {"Enrichment": 0.03939921201575969, "Depletion": 0.9606207875842483, "two-tailed": 0.07879842403151938}}