{"O14686": {"Enrichment": 0.11943761124777505, "Depletion": 0.8805823883522329, "two-tailed": 0.2388752224955501}}