{"O14815": {"Enrichment": 0.4284114317713646, "Depletion": 0.5716085678286434, "two-tailed": 0.8568228635427292}}