{"O14802": {"Enrichment": 0.619307613847723, "Depletion": 0.38071238575228494, "two-tailed": 0.7614247715045699}}