{"O14965": {"Enrichment": 0.028559428811423773, "Depletion": 0.9714605707885843, "two-tailed": 0.057118857622847546}}