{"O14964": {"Enrichment": 0.36803263934721303, "Depletion": 0.6319873602527949, "two-tailed": 0.7360652786944261}}