{"O14965": {"Enrichment": 0.08353832923341534, "Depletion": 0.9164816703665927, "two-tailed": 0.16707665846683067}}