{"O14966": {"Enrichment": 0.43187136257274855, "Depletion": 0.5681486370272595, "two-tailed": 0.8637427251454971}}