{"O14966": {"Enrichment": 0.1473970520589588, "Depletion": 0.8526229475410492, "two-tailed": 0.2947941041179176}}