{"O14964": {"Enrichment": 0.37011259774804506, "Depletion": 0.6299074018519629, "two-tailed": 0.7402251954960901}}