{"O15091": {"Enrichment": 0.017559648807023858, "Depletion": 0.9824603507929841, "two-tailed": 0.035119297614047716}}