{"O15091": {"Enrichment": 0.041999160016799666, "Depletion": 0.9580208395832084, "two-tailed": 0.08399832003359933}}