{"O15379": {"Enrichment": 0.14445711085778284, "Depletion": 0.8555628887422252, "two-tailed": 0.2889142217155657}}