{"O15379": {"Enrichment": 0.4226515469690606, "Depletion": 0.5773684526309474, "two-tailed": 0.8453030939381212}}