{"O15527": {"Enrichment": 0.9735805283894322, "Depletion": 0.02643947121057579, "two-tailed": 0.05287894242115158}}