{"O15527": {"Enrichment": 0.9565208695826084, "Depletion": 0.043499130017399655, "two-tailed": 0.08699826003479931}}