{"O43353": {"Enrichment": 0.039479210415791686, "Depletion": 0.9605407891842164, "two-tailed": 0.07895842083158337}}