{"O43323": {"Enrichment": 0.49699006019879605, "Depletion": 0.503029939401212, "two-tailed": 0.9939801203975921}}