{"O43323": {"Enrichment": 0.496630067398652, "Depletion": 0.503389932201356, "two-tailed": 0.993260134797304}}