{"O43353": {"Enrichment": 0.1523169536609268, "Depletion": 0.8477030459390812, "two-tailed": 0.3046339073218536}}