{"O43424": {"Enrichment": 0.7213855722885543, "Depletion": 0.27863442731145377, "two-tailed": 0.5572688546229075}}