{"O43424": {"Enrichment": 0.7208455830883382, "Depletion": 0.27917441651166974, "two-tailed": 0.5583488330233395}}