{"O43583": {"Enrichment": 0.9819203615927682, "Depletion": 0.018099638007239856, "two-tailed": 0.03619927601447971}}