{"O43583": {"Enrichment": 0.1638367232655347, "Depletion": 0.8361832763344733, "two-tailed": 0.3276734465310694}}