{"O43739": {"Enrichment": 0.4596908061838763, "Depletion": 0.5403291934161317, "two-tailed": 0.9193816123677526}}