{"O43739": {"Enrichment": 0.4846903061938761, "Depletion": 0.5153296934061319, "two-tailed": 0.9693806123877522}}