{"O60313": {"Enrichment": 0.4512309753804924, "Depletion": 0.5487890242195156, "two-tailed": 0.9024619507609848}}