{"O60313": {"Enrichment": 0.4538109237815244, "Depletion": 0.5462090758184837, "two-tailed": 0.9076218475630488}}