{"O60568": {"Enrichment": 0.48539029219415614, "Depletion": 0.5146297074058519, "two-tailed": 0.9707805843883123}}