{"O60760": {"Enrichment": 0.9451810963780725, "Depletion": 0.05483890322193556, "two-tailed": 0.10967780644387112}}