{"O60930": {"Enrichment": 0.00373992520149597, "Depletion": 0.9962800743985121, "two-tailed": 0.00747985040299194}}