{"O75173": {"Enrichment": 0.36837263254734903, "Depletion": 0.6316473670526589, "two-tailed": 0.7367452650946981}}