{"O75173": {"Enrichment": 0.36985260294794103, "Depletion": 0.630167396652067, "two-tailed": 0.7397052058958821}}