{"O75417": {"Enrichment": 0.9099818003639927, "Depletion": 0.09003819923601528, "two-tailed": 0.18007639847203055}}