{"O75874": {"Enrichment": 0.4790704185916282, "Depletion": 0.5209495810083798, "two-tailed": 0.9581408371832564}}