{"O75874": {"Enrichment": 0.3021139577208456, "Depletion": 0.6979060418791624, "two-tailed": 0.6042279154416912}}