{"O75914": {"Enrichment": 0.08785824283514329, "Depletion": 0.9121617567648647, "two-tailed": 0.17571648567028658}}