{"O75914": {"Enrichment": 0.06477870442591148, "Depletion": 0.9352412951740965, "two-tailed": 0.12955740885182296}}