{"O94766": {"Enrichment": 0.5787484250314994, "Depletion": 0.4212715745685086, "two-tailed": 0.8425431491370172}}