{"O94766": {"Enrichment": 0.5775884482310354, "Depletion": 0.42243155136897265, "two-tailed": 0.8448631027379453}}