{"O94762": {"Enrichment": 0.09493810123797523, "Depletion": 0.9050818983620328, "two-tailed": 0.18987620247595047}}