{"O94953": {"Enrichment": 0.06455870882582349, "Depletion": 0.9354612907741845, "two-tailed": 0.12911741765164697}}