{"O95786": {"Enrichment": 0.8874022519549609, "Depletion": 0.1126177476450471, "two-tailed": 0.2252354952900942}}