{"O95716": {"Enrichment": 0.1126177476450471, "Depletion": 0.8874022519549609, "two-tailed": 0.2252354952900942}}