{"O95716": {"Enrichment": 0.05575888482230355, "Depletion": 0.9442611147777045, "two-tailed": 0.1115177696446071}}