{"O95861": {"Enrichment": 0.9768804623907522, "Depletion": 0.023139537209255816, "two-tailed": 0.04627907441851163}}