{"O95881": {"Enrichment": 0.24507509849803005, "Depletion": 0.754944901101978, "two-tailed": 0.4901501969960601}}