{"O95881": {"Enrichment": 0.08119837603247936, "Depletion": 0.9188216235675286, "two-tailed": 0.1623967520649587}}