{"O95861": {"Enrichment": 0.8572628547429051, "Depletion": 0.14275714485710286, "two-tailed": 0.2855142897142057}}