{"O96028": {"Enrichment": 0.00505989880202396, "Depletion": 0.994960100797984, "two-tailed": 0.01011979760404792}}