{"O96028": {"Enrichment": 0.04855902881942361, "Depletion": 0.9514609707805843, "two-tailed": 0.09711805763884722}}