{"P00326": {"Enrichment": 0.12929741405171896, "Depletion": 0.8707225855482891, "two-tailed": 0.2585948281034379}}