{"P00352": {"Enrichment": 0.007099858002839943, "Depletion": 0.992920141597168, "two-tailed": 0.014199716005679886}}