{"P00326": {"Enrichment": 0.3645127097458051, "Depletion": 0.6355072898542029, "two-tailed": 0.7290254194916101}}