{"P00352": {"Enrichment": 0.007899842003159937, "Depletion": 0.992120157596848, "two-tailed": 0.015799684006319873}}