{"P00492": {"Enrichment": 0.7808643827123457, "Depletion": 0.21915561688766225, "two-tailed": 0.4383112337753245}}