{"P00492": {"Enrichment": 0.4609907801843963, "Depletion": 0.5390292194156117, "two-tailed": 0.9219815603687926}}