{"P00813": {"Enrichment": 0.038059238815223696, "Depletion": 0.9619607607847843, "two-tailed": 0.07611847763044739}}