{"P00813": {"Enrichment": 0.04627907441851163, "Depletion": 0.9537409251814963, "two-tailed": 0.09255814883702326}}