{"P00918": {"Enrichment": 0.5670286594268115, "Depletion": 0.4329913401731965, "two-tailed": 0.865982680346393}}