{"P01024": {"Enrichment": 0.11847763044739106, "Depletion": 0.881542369152617, "two-tailed": 0.2369552608947821}}