{"P01024": {"Enrichment": 0.020719585608287835, "Depletion": 0.9793004139917202, "two-tailed": 0.04143917121657567}}