{"P01116": {"Enrichment": 0.5450290994180116, "Depletion": 0.45499090018199634, "two-tailed": 0.9099818003639927}}