{"P01116": {"Enrichment": 0.21741565168696625, "Depletion": 0.7826043479130418, "two-tailed": 0.4348313033739325}}