{"P01112": {"Enrichment": 0.6940461190776185, "Depletion": 0.30597388052238955, "two-tailed": 0.6119477610447791}}