{"P01111": {"Enrichment": 0.07181856362872742, "Depletion": 0.9282014359712806, "two-tailed": 0.14363712725745484}}