{"P01111": {"Enrichment": 0.1764164716705666, "Depletion": 0.8236035279294414, "two-tailed": 0.3528329433411332}}