{"P01241": {"Enrichment": 0.7439251214975701, "Depletion": 0.256094878102438, "two-tailed": 0.512189756204876}}