{"P01241": {"Enrichment": 0.74842503149937, "Depletion": 0.251594968100638, "two-tailed": 0.503189936201276}}