{"P01583": {"Enrichment": 0.9955800883982321, "Depletion": 0.004439911201775964, "two-tailed": 0.008879822403551929}}