{"P01583": {"Enrichment": 0.999060018799624, "Depletion": 0.0009599808003839923, "two-tailed": 0.0019199616007679846}}