{"P02461": {"Enrichment": 0.8196636067278654, "Depletion": 0.18035639287214256, "two-tailed": 0.3607127857442851}}