{"P02792": {"Enrichment": 0.5558688826223476, "Depletion": 0.44415111697766047, "two-tailed": 0.8883022339553209}}