{"P02792": {"Enrichment": 0.5530689386212275, "Depletion": 0.4469510609787804, "two-tailed": 0.8939021219575608}}