{"P02743": {"Enrichment": 0.9952400951980961, "Depletion": 0.004779904401911962, "two-tailed": 0.009559808803823924}}