{"P02743": {"Enrichment": 0.993680126397472, "Depletion": 0.006339873202535949, "two-tailed": 0.012679746405071898}}