{"P02787": {"Enrichment": 0.6522469550608988, "Depletion": 0.34777304453910923, "two-tailed": 0.6955460890782185}}