{"P03956": {"Enrichment": 0.5076498470030599, "Depletion": 0.49237015259694805, "two-tailed": 0.9847403051938961}}