{"P04049": {"Enrichment": 0.8575028499430012, "Depletion": 0.14251714965700685, "two-tailed": 0.2850342993140137}}