{"P05089": {"Enrichment": 0.06747865042699146, "Depletion": 0.9325413491730166, "two-tailed": 0.13495730085398291}}