{"P05091": {"Enrichment": 0.18219635607287854, "Depletion": 0.8178236435271294, "two-tailed": 0.3643927121457571}}