{"P05091": {"Enrichment": 0.30581388372232554, "Depletion": 0.6942061158776824, "two-tailed": 0.6116277674446511}}