{"P05089": {"Enrichment": 0.15919681606367872, "Depletion": 0.8408231835363292, "two-tailed": 0.31839363212735744}}