{"P05129": {"Enrichment": 0.21501569968600628, "Depletion": 0.7850042999140017, "two-tailed": 0.43003139937201257}}