{"P05129": {"Enrichment": 0.20993580128397432, "Depletion": 0.7900841983160337, "two-tailed": 0.41987160256794864}}