{"P05107": {"Enrichment": 0.26577468450630987, "Depletion": 0.7342453150936982, "two-tailed": 0.5315493690126197}}