{"P05556": {"Enrichment": 0.06863862722745545, "Depletion": 0.9313813723725526, "two-tailed": 0.1372772544549109}}