{"P05543": {"Enrichment": 0.21193576128477432, "Depletion": 0.7880842383152337, "two-tailed": 0.42387152256954863}}