{"P06681": {"Enrichment": 0.8072438551228975, "Depletion": 0.19277614447711044, "two-tailed": 0.3855522889542209}}