{"P06681": {"Enrichment": 0.9216215675686487, "Depletion": 0.07839843203135938, "two-tailed": 0.15679686406271875}}