{"P06746": {"Enrichment": 0.4641507169856603, "Depletion": 0.5358692826143477, "two-tailed": 0.9283014339713206}}