{"P06733": {"Enrichment": 0.0870382592348153, "Depletion": 0.9129817403651928, "two-tailed": 0.1740765184696306}}