{"P06733": {"Enrichment": 0.08895822083558329, "Depletion": 0.9110617787644247, "two-tailed": 0.17791644167116658}}