{"P06746": {"Enrichment": 0.2267354652906942, "Depletion": 0.7732845343093138, "two-tailed": 0.4534709305813884}}