{"P07327": {"Enrichment": 0.25807483850322993, "Depletion": 0.7419451610967781, "two-tailed": 0.5161496770064599}}