{"P07327": {"Enrichment": 0.3479730405391892, "Depletion": 0.6520469590608188, "two-tailed": 0.6959460810783784}}