{"P08134": {"Enrichment": 0.6799264014719706, "Depletion": 0.32009359812803745, "two-tailed": 0.6401871962560749}}