{"P08253": {"Enrichment": 0.30935381292374153, "Depletion": 0.6906661866762664, "two-tailed": 0.6187076258474831}}