{"P08253": {"Enrichment": 0.12933741325173498, "Depletion": 0.870682586348273, "two-tailed": 0.25867482650346996}}