{"P08319": {"Enrichment": 0.19091618167636648, "Depletion": 0.8091038179236415, "two-tailed": 0.38183236335273296}}