{"P08559": {"Enrichment": 0.10667786644267115, "Depletion": 0.8933421331573369, "two-tailed": 0.2133557328853423}}