{"P08621": {"Enrichment": 0.05177896442071159, "Depletion": 0.9482410351792964, "two-tailed": 0.10355792884142317}}