{"P08621": {"Enrichment": 0.012919741605167897, "Depletion": 0.9871002579948401, "two-tailed": 0.025839483210335794}}