{"P09104": {"Enrichment": 0.03615927681446371, "Depletion": 0.9638607227855442, "two-tailed": 0.07231855362892742}}