{"P09104": {"Enrichment": 0.126357472850543, "Depletion": 0.873662526749465, "two-tailed": 0.252714945701086}}