{"P09237": {"Enrichment": 0.9171816563668727, "Depletion": 0.08283834323313534, "two-tailed": 0.16567668646627068}}