{"P09237": {"Enrichment": 0.8873622527549448, "Depletion": 0.11265774684506309, "two-tailed": 0.22531549369012618}}