{"P09958": {"Enrichment": 0.06733865322693545, "Depletion": 0.9326813463730725, "two-tailed": 0.1346773064538709}}