{"P0DMV9": {"Enrichment": 0.2895542089158217, "Depletion": 0.7104657906841864, "two-tailed": 0.5791084178316434}}