{"P10109": {"Enrichment": 0.11647767044659108, "Depletion": 0.8835423291534169, "two-tailed": 0.23295534089318215}}