{"P10109": {"Enrichment": 0.29053418931621366, "Depletion": 0.7094858102837943, "two-tailed": 0.5810683786324273}}