{"P10114": {"Enrichment": 0.11035779284414311, "Depletion": 0.8896622067558649, "two-tailed": 0.22071558568828623}}