{"P10301": {"Enrichment": 0.123797524049519, "Depletion": 0.876222475550489, "two-tailed": 0.247595048099038}}