{"P10301": {"Enrichment": 0.28195436091278175, "Depletion": 0.7180656386872263, "two-tailed": 0.5639087218255635}}