{"P10768": {"Enrichment": 0.049659006819863606, "Depletion": 0.9503609927801444, "two-tailed": 0.09931801363972721}}