{"P11177": {"Enrichment": 0.7088658226835464, "Depletion": 0.29115417691646167, "two-tailed": 0.5823083538329233}}