{"P11177": {"Enrichment": 0.5971280574388512, "Depletion": 0.40289194216115676, "two-tailed": 0.8057838843223135}}