{"P11142": {"Enrichment": 0.7409051818963621, "Depletion": 0.2591148177036459, "two-tailed": 0.5182296354072918}}