{"P11233": {"Enrichment": 0.08499830003399932, "Depletion": 0.9150216995660087, "two-tailed": 0.16999660006799863}}