{"P11234": {"Enrichment": 0.10531789364212715, "Depletion": 0.8947021059578808, "two-tailed": 0.2106357872842543}}