{"P11233": {"Enrichment": 0.023319533609327814, "Depletion": 0.9767004659906802, "two-tailed": 0.04663906721865563}}