{"P11473": {"Enrichment": 0.3253334933301334, "Depletion": 0.6746865062698746, "two-tailed": 0.6506669866602668}}