{"P11473": {"Enrichment": 0.3236735265294694, "Depletion": 0.6763464730705386, "two-tailed": 0.6473470530589388}}