{"P11498": {"Enrichment": 0.3267734645307094, "Depletion": 0.6732465350692987, "two-tailed": 0.6535469290614188}}