{"P11766": {"Enrichment": 0.48013039739205216, "Depletion": 0.5198896022079559, "two-tailed": 0.9602607947841043}}