{"P12694": {"Enrichment": 0.3977520449591008, "Depletion": 0.6022679546409072, "two-tailed": 0.7955040899182017}}