{"P12694": {"Enrichment": 0.39321213575728486, "Depletion": 0.6068078638427231, "two-tailed": 0.7864242715145697}}