{"P12724": {"Enrichment": 0.628207435851283, "Depletion": 0.371812563748725, "two-tailed": 0.74362512749745}}