{"P12724": {"Enrichment": 0.630067398652027, "Depletion": 0.36995260094798105, "two-tailed": 0.7399052018959621}}