{"P12955": {"Enrichment": 0.9623407531849363, "Depletion": 0.0376792464150717, "two-tailed": 0.0753584928301434}}