{"P12955": {"Enrichment": 0.5539089218215636, "Depletion": 0.44611107777844444, "two-tailed": 0.8922221555568889}}