{"P13497": {"Enrichment": 0.8794224115517689, "Depletion": 0.12059758804823903, "two-tailed": 0.24119517609647806}}