{"P13929": {"Enrichment": 0.14139717205655886, "Depletion": 0.8586228275434491, "two-tailed": 0.2827943441131177}}