{"P13929": {"Enrichment": 0.16627667446651068, "Depletion": 0.8337433251334974, "two-tailed": 0.33255334893302135}}