{"P14324": {"Enrichment": 0.012679746405071898, "Depletion": 0.9873402531949361, "two-tailed": 0.025359492810143797}}