{"P14324": {"Enrichment": 0.011959760804783904, "Depletion": 0.9880602387952241, "two-tailed": 0.02391952160956781}}