{"P15056": {"Enrichment": 0.24445511089778205, "Depletion": 0.7555648887022259, "two-tailed": 0.4889102217955641}}