{"P15153": {"Enrichment": 0.035719285614287714, "Depletion": 0.9643007139857203, "two-tailed": 0.07143857122857543}}