{"P15104": {"Enrichment": 0.30219395612087757, "Depletion": 0.6978260434791305, "two-tailed": 0.6043879122417551}}