{"P15153": {"Enrichment": 0.03535929281414372, "Depletion": 0.9646607067858642, "two-tailed": 0.07071858562828744}}