{"P15104": {"Enrichment": 0.379532409351813, "Depletion": 0.620487590248195, "two-tailed": 0.759064818703626}}