{"P16109": {"Enrichment": 0.3582128357432851, "Depletion": 0.6418071638567229, "two-tailed": 0.7164256714865702}}