{"P16109": {"Enrichment": 0.4898302033959321, "Depletion": 0.5101897962040759, "two-tailed": 0.9796604067918642}}