{"P16298": {"Enrichment": 0.374712505749885, "Depletion": 0.625307493850123, "two-tailed": 0.74942501149977}}