{"P16298": {"Enrichment": 0.4009519809603808, "Depletion": 0.5990680186396272, "two-tailed": 0.8019039619207616}}