{"P16442": {"Enrichment": 0.8517429651406971, "Depletion": 0.1482770344593108, "two-tailed": 0.2965540689186216}}