{"P16442": {"Enrichment": 0.50114997700046, "Depletion": 0.498870022599548, "two-tailed": 0.997740045199096}}