{"P16471": {"Enrichment": 0.8562428751424972, "Depletion": 0.14377712445751084, "two-tailed": 0.2875542489150217}}