{"P16444": {"Enrichment": 0.14065718685626288, "Depletion": 0.8593628127437452, "two-tailed": 0.28131437371252577}}