{"P16581": {"Enrichment": 0.16445671086578267, "Depletion": 0.8355632887342254, "two-tailed": 0.32891342173156535}}