{"P16581": {"Enrichment": 0.4224715505689886, "Depletion": 0.5775484490310194, "two-tailed": 0.8449431011379772}}