{"P17081": {"Enrichment": 0.02867942641147177, "Depletion": 0.9713405731885363, "two-tailed": 0.05735885282294354}}