{"P17066": {"Enrichment": 0.8087438251234975, "Depletion": 0.19127617447651046, "two-tailed": 0.3825523489530209}}