{"P17081": {"Enrichment": 0.4003319933601328, "Depletion": 0.5996880062398752, "two-tailed": 0.8006639867202656}}