{"P17066": {"Enrichment": 0.8048639027219455, "Depletion": 0.19515609687806243, "two-tailed": 0.39031219375612486}}