{"P17752": {"Enrichment": 0.5867282654346913, "Depletion": 0.41329173416531667, "two-tailed": 0.8265834683306333}}