{"P17812": {"Enrichment": 0.5037899242015159, "Depletion": 0.496230075398492, "two-tailed": 0.992460150796984}}