{"P17812": {"Enrichment": 0.626827463450731, "Depletion": 0.373192536149277, "two-tailed": 0.746385072298554}}