{"P18085": {"Enrichment": 0.3161336773264535, "Depletion": 0.6838863222735545, "two-tailed": 0.632267354652907}}