{"P18085": {"Enrichment": 0.22643547129057418, "Depletion": 0.7735845283094338, "two-tailed": 0.45287094258114835}}