{"P18564": {"Enrichment": 0.0251994960100798, "Depletion": 0.9748205035899282, "two-tailed": 0.0503989920201596}}