{"P19447": {"Enrichment": 0.8090838183236335, "Depletion": 0.19093618127637446, "two-tailed": 0.3818723625527489}}