{"P19623": {"Enrichment": 0.625767484650307, "Depletion": 0.374252514949701, "two-tailed": 0.748505029899402}}