{"P19623": {"Enrichment": 0.6286474270514589, "Depletion": 0.37137257254854905, "two-tailed": 0.7427451450970981}}