{"P19801": {"Enrichment": 0.3259734805303894, "Depletion": 0.6740465190696187, "two-tailed": 0.6519469610607788}}