{"P19801": {"Enrichment": 0.2810143797124057, "Depletion": 0.7190056198876023, "two-tailed": 0.5620287594248115}}