{"P20062": {"Enrichment": 0.2379352412951741, "Depletion": 0.7620847583048339, "two-tailed": 0.4758704825903482}}