{"P20062": {"Enrichment": 0.3205335893282134, "Depletion": 0.6794864102717946, "two-tailed": 0.6410671786564268}}