{"P20338": {"Enrichment": 0.11599768004639907, "Depletion": 0.8840223195536089, "two-tailed": 0.23199536009279814}}