{"P20338": {"Enrichment": 0.24459510809783805, "Depletion": 0.75542489150217, "two-tailed": 0.4891902161956761}}