{"P20618": {"Enrichment": 0.3216135677286454, "Depletion": 0.6784064318713626, "two-tailed": 0.6432271354572908}}