{"P20702": {"Enrichment": 0.9960600787984241, "Depletion": 0.003959920801583968, "two-tailed": 0.007919841603167936}}