{"P20701": {"Enrichment": 0.23251534969300613, "Depletion": 0.7675046499070018, "two-tailed": 0.46503069938601227}}