{"P20702": {"Enrichment": 0.6557868842623148, "Depletion": 0.34423311533769324, "two-tailed": 0.6884662306753865}}