{"P21964": {"Enrichment": 0.44247115057698844, "Depletion": 0.5575488490230195, "two-tailed": 0.8849423011539769}}