{"P21953": {"Enrichment": 0.5630687386252275, "Depletion": 0.4369512609747805, "two-tailed": 0.873902521949561}}