{"P21964": {"Enrichment": 0.09609807803843923, "Depletion": 0.9039219215615688, "two-tailed": 0.19219615607687845}}