{"P21953": {"Enrichment": 0.6894462110757785, "Depletion": 0.3105737885242295, "two-tailed": 0.621147577048459}}