{"P22681": {"Enrichment": 0.039139217215655685, "Depletion": 0.9608807823843523, "two-tailed": 0.07827843443131137}}