{"P22681": {"Enrichment": 0.03871922561548769, "Depletion": 0.9613007739845203, "two-tailed": 0.07743845123097538}}