{"P22894": {"Enrichment": 0.6160276794464111, "Depletion": 0.3839923201535969, "two-tailed": 0.7679846403071938}}