{"P22894": {"Enrichment": 0.7171256574868503, "Depletion": 0.2828943421131577, "two-tailed": 0.5657886842263155}}