{"P23381": {"Enrichment": 0.0016998300169983002, "Depletion": 0.9984001599840016, "two-tailed": 0.0033996600339966003}}