{"P23443": {"Enrichment": 0.08349833003339933, "Depletion": 0.9165216695666086, "two-tailed": 0.16699666006679867}}