{"P23443": {"Enrichment": 0.21433571328573428, "Depletion": 0.7856842863142737, "two-tailed": 0.42867142657146856}}