{"P23921": {"Enrichment": 0.5915281694366112, "Depletion": 0.40849183016339674, "two-tailed": 0.8169836603267935}}