{"P23921": {"Enrichment": 0.7062058758824824, "Depletion": 0.29381412371752563, "two-tailed": 0.5876282474350513}}