{"P23919": {"Enrichment": 0.021819563608727825, "Depletion": 0.9782004359912801, "two-tailed": 0.04363912721745565}}