{"P27815": {"Enrichment": 0.8066838663226735, "Depletion": 0.19333613327733445, "two-tailed": 0.3866722665546689}}