{"P27815": {"Enrichment": 0.8084838303233935, "Depletion": 0.19153616927661446, "two-tailed": 0.3830723385532289}}