{"P28062": {"Enrichment": 0.4300713985720286, "Depletion": 0.5699486010279794, "two-tailed": 0.8601427971440572}}