{"P28074": {"Enrichment": 0.29579408411831765, "Depletion": 0.7042259154816903, "two-tailed": 0.5915881682366353}}