{"P28065": {"Enrichment": 0.34507309853802925, "Depletion": 0.6549469010619787, "two-tailed": 0.6901461970760585}}