{"P29218": {"Enrichment": 0.7626447471050579, "Depletion": 0.2373752524949501, "two-tailed": 0.4747505049899002}}