{"P29218": {"Enrichment": 0.8982220355592888, "Depletion": 0.10179796404071918, "two-tailed": 0.20359592808143837}}