{"P29474": {"Enrichment": 0.2757944841103178, "Depletion": 0.7242255154896902, "two-tailed": 0.5515889682206356}}