{"P29401": {"Enrichment": 0.22367763223677634, "Depletion": 0.7764223577642235, "two-tailed": 0.44735526447355267}}