{"P29466": {"Enrichment": 0.377312453750925, "Depletion": 0.622707545849083, "two-tailed": 0.75462490750185}}