{"P29474": {"Enrichment": 0.19329613407731847, "Depletion": 0.8067238655226896, "two-tailed": 0.38659226815463693}}