{"P29466": {"Enrichment": 0.6629267414651707, "Depletion": 0.3370932581348373, "two-tailed": 0.6741865162696746}}