{"P29475": {"Enrichment": 0.1344173116537669, "Depletion": 0.8656026879462411, "two-tailed": 0.2688346233075338}}