{"P29475": {"Enrichment": 0.24045519089618209, "Depletion": 0.7595648087038259, "two-tailed": 0.48091038179236417}}