{"P29973": {"Enrichment": 0.9259414811703766, "Depletion": 0.07407851842963141, "two-tailed": 0.14815703685926282}}