{"P29973": {"Enrichment": 0.7928841423171537, "Depletion": 0.20713585728285433, "two-tailed": 0.41427171456570866}}