{"P30613": {"Enrichment": 0.9172816543669127, "Depletion": 0.08273834523309534, "two-tailed": 0.16547669046619068}}