{"P30613": {"Enrichment": 0.8932221355572888, "Depletion": 0.10679786404271914, "two-tailed": 0.21359572808543828}}