{"P30838": {"Enrichment": 0.6131277374452511, "Depletion": 0.3868922621547569, "two-tailed": 0.7737845243095138}}