{"P30838": {"Enrichment": 0.7979440411191776, "Depletion": 0.20207595848083038, "two-tailed": 0.40415191696166075}}