{"P31153": {"Enrichment": 0.07037859242815143, "Depletion": 0.9296414071718566, "two-tailed": 0.14075718485630287}}