{"P31327": {"Enrichment": 0.4445911081778364, "Depletion": 0.5554288914221716, "two-tailed": 0.8891822163556728}}