{"P31327": {"Enrichment": 0.4638107237855243, "Depletion": 0.5362092758144837, "two-tailed": 0.9276214475710486}}