{"P31350": {"Enrichment": 0.503469930601388, "Depletion": 0.49655006899862003, "two-tailed": 0.9931001379972401}}