{"P31415": {"Enrichment": 0.35863282734345314, "Depletion": 0.6413871722565548, "two-tailed": 0.7172656546869063}}