{"P31415": {"Enrichment": 0.6501069978600428, "Depletion": 0.3499130017399652, "two-tailed": 0.6998260034799304}}