{"P31941": {"Enrichment": 0.34771304573908524, "Depletion": 0.6523069538609227, "two-tailed": 0.6954260914781705}}