{"P31939": {"Enrichment": 0.18079638407231854, "Depletion": 0.8192236155276894, "two-tailed": 0.3615927681446371}}