{"P31941": {"Enrichment": 0.5607687846243075, "Depletion": 0.43925121497570047, "two-tailed": 0.8785024299514009}}