{"P32019": {"Enrichment": 0.504829903401932, "Depletion": 0.495190096198076, "two-tailed": 0.990380192396152}}