{"P32019": {"Enrichment": 0.35389292214155715, "Depletion": 0.6461270774584509, "two-tailed": 0.7077858442831143}}