{"P32455": {"Enrichment": 0.07177856442871143, "Depletion": 0.9282414351712965, "two-tailed": 0.14355712885742286}}