{"P33176": {"Enrichment": 0.755184896302074, "Depletion": 0.24483510329793404, "two-tailed": 0.4896702065958681}}