{"P33316": {"Enrichment": 0.6672266554668906, "Depletion": 0.33279334413311734, "two-tailed": 0.6655866882662347}}