{"P34059": {"Enrichment": 0.09727805443891122, "Depletion": 0.9027419451610967, "two-tailed": 0.19455610887782243}}