{"P34931": {"Enrichment": 0.8169636607267855, "Depletion": 0.18305633887322253, "two-tailed": 0.36611267774644507}}