{"P34931": {"Enrichment": 0.8149637007259855, "Depletion": 0.18505629887402253, "two-tailed": 0.37011259774804506}}