{"P35228": {"Enrichment": 0.3082938341233175, "Depletion": 0.6917261654766904, "two-tailed": 0.616587668246635}}