{"P35228": {"Enrichment": 0.19573608527829445, "Depletion": 0.8042839143217135, "two-tailed": 0.3914721705565889}}