{"P35558": {"Enrichment": 0.14061718765624687, "Depletion": 0.8594028119437611, "two-tailed": 0.28123437531249373}}