{"P35558": {"Enrichment": 0.20607587848243036, "Depletion": 0.7939441211175776, "two-tailed": 0.4121517569648607}}