{"P35670": {"Enrichment": 0.5201695966080678, "Depletion": 0.47985040299194015, "two-tailed": 0.9597008059838803}}