{"P35670": {"Enrichment": 0.5213095738085238, "Depletion": 0.47871042579148415, "two-tailed": 0.9574208515829683}}