{"P35813": {"Enrichment": 0.37917241655166894, "Depletion": 0.620847583048339, "two-tailed": 0.7583448331033379}}