{"P35968": {"Enrichment": 0.11063778724425512, "Depletion": 0.8893822123557529, "two-tailed": 0.22127557448851023}}