{"P36406": {"Enrichment": 0.21759564808703827, "Depletion": 0.7824243515129697, "two-tailed": 0.43519129617407654}}