{"P36406": {"Enrichment": 0.21805563888722226, "Depletion": 0.7819643607127857, "two-tailed": 0.43611127777444453}}