{"P36873": {"Enrichment": 0.49579008419831605, "Depletion": 0.5042299154016919, "two-tailed": 0.9915801683966321}}