{"P36873": {"Enrichment": 0.5866082678346433, "Depletion": 0.41341173176536467, "two-tailed": 0.8268234635307293}}