{"P38646": {"Enrichment": 0.4361512769744605, "Depletion": 0.5638687226255474, "two-tailed": 0.872302553948921}}