{"P38646": {"Enrichment": 0.4329313413731725, "Depletion": 0.5670886582268355, "two-tailed": 0.865862682746345}}