{"P38919": {"Enrichment": 0.873202535949281, "Depletion": 0.126817463650727, "two-tailed": 0.253634927301454}}