{"P38919": {"Enrichment": 0.8853622927541449, "Depletion": 0.11465770684586309, "two-tailed": 0.22931541369172617}}