{"P41181": {"Enrichment": 0.23495530089398212, "Depletion": 0.7650646987060259, "two-tailed": 0.46991060178796423}}