{"P41181": {"Enrichment": 0.23589528209435812, "Depletion": 0.7641247175056499, "two-tailed": 0.47179056418871623}}