{"P41235": {"Enrichment": 0.055358892822143554, "Depletion": 0.9446611067778644, "two-tailed": 0.11071778564428711}}