{"P41235": {"Enrichment": 0.05371892562148757, "Depletion": 0.9463010739785205, "two-tailed": 0.10743785124297514}}