{"P45381": {"Enrichment": 0.5947481050378992, "Depletion": 0.40527189456210877, "two-tailed": 0.8105437891242175}}