{"P45452": {"Enrichment": 0.26915461690766185, "Depletion": 0.7308653826923461, "two-tailed": 0.5383092338153237}}