{"P45452": {"Enrichment": 0.26857462850742986, "Depletion": 0.7314453710925781, "two-tailed": 0.5371492570148597}}