{"P45985": {"Enrichment": 0.04031919361612768, "Depletion": 0.9597008059838803, "two-tailed": 0.08063838723225536}}