{"P46782": {"Enrichment": 0.9129417411651767, "Depletion": 0.0870782584348313, "two-tailed": 0.1741565168696626}}