{"P46782": {"Enrichment": 0.9140017199656006, "Depletion": 0.08601827963440731, "two-tailed": 0.17203655926881462}}