{"P46976": {"Enrichment": 0.2927341453170937, "Depletion": 0.7072858542829144, "two-tailed": 0.5854682906341874}}