{"P48637": {"Enrichment": 0.025219495610087798, "Depletion": 0.9748005039899202, "two-tailed": 0.050438991220175595}}