{"P48735": {"Enrichment": 0.15493690126197476, "Depletion": 0.8450830983380332, "two-tailed": 0.3098738025239495}}