{"P48735": {"Enrichment": 0.33255334893302135, "Depletion": 0.6674666506669866, "two-tailed": 0.6651066978660427}}