{"P49356": {"Enrichment": 0.013279734405311893, "Depletion": 0.9867402651946962, "two-tailed": 0.026559468810623786}}