{"P49448": {"Enrichment": 0.3273934521309574, "Depletion": 0.6726265474690506, "two-tailed": 0.6547869042619148}}