{"P49591": {"Enrichment": 0.09913801723965521, "Depletion": 0.9008819823603528, "two-tailed": 0.19827603447931041}}