{"P49591": {"Enrichment": 0.6013879722405552, "Depletion": 0.3986320273594528, "two-tailed": 0.7972640547189056}}