{"P49761": {"Enrichment": 0.6036679266414672, "Depletion": 0.3963520729585408, "two-tailed": 0.7927041459170816}}