{"P49720": {"Enrichment": 0.4003919921601568, "Depletion": 0.5996280074398512, "two-tailed": 0.8007839843203136}}