{"P49767": {"Enrichment": 0.8899622007559849, "Depletion": 0.11005779884402311, "two-tailed": 0.22011559768804623}}