{"P49761": {"Enrichment": 0.8127037459250815, "Depletion": 0.1873162536749265, "two-tailed": 0.374632507349853}}