{"P49767": {"Enrichment": 0.8910021799564009, "Depletion": 0.10901781964360713, "two-tailed": 0.21803563928721426}}