{"P49720": {"Enrichment": 0.39071218575628486, "Depletion": 0.6093078138437231, "two-tailed": 0.7814243715125697}}