{"P49914": {"Enrichment": 0.27161456770864584, "Depletion": 0.7284054318913622, "two-tailed": 0.5432291354172917}}