{"P49903": {"Enrichment": 0.14407711845763085, "Depletion": 0.8559428811423772, "two-tailed": 0.2881542369152617}}