{"P49917": {"Enrichment": 0.0026999460010799785, "Depletion": 0.9973200535989281, "two-tailed": 0.005399892002159957}}