{"P49917": {"Enrichment": 0.0026199476010479793, "Depletion": 0.99740005199896, "two-tailed": 0.0052398952020959585}}