{"P49914": {"Enrichment": 0.2733345333093338, "Depletion": 0.7266854662906742, "two-tailed": 0.5466690666186677}}