{"P49903": {"Enrichment": 0.10171796564068719, "Depletion": 0.8983020339593208, "two-tailed": 0.20343593128137438}}