{"P50226": {"Enrichment": 0.8226035479290414, "Depletion": 0.1774164516709666, "two-tailed": 0.3548329033419332}}