{"P50281": {"Enrichment": 0.05145897082058359, "Depletion": 0.9485610287794244, "two-tailed": 0.10291794164116717}}