{"P50226": {"Enrichment": 0.5105497890042199, "Depletion": 0.4894702105957881, "two-tailed": 0.9789404211915762}}