{"P50613": {"Enrichment": 0.9899002019959601, "Depletion": 0.01011979760404792, "two-tailed": 0.02023959520809584}}