{"P50613": {"Enrichment": 0.9892602147957041, "Depletion": 0.010759784804303913, "two-tailed": 0.021519569608607826}}