{"P51157": {"Enrichment": 0.5159096818063639, "Depletion": 0.4841103177936441, "two-tailed": 0.9682206355872882}}