{"P51149": {"Enrichment": 0.0618787624247515, "Depletion": 0.9381412371752565, "two-tailed": 0.123757524849503}}