{"P51149": {"Enrichment": 0.7244455110897782, "Depletion": 0.2755744885102298, "two-tailed": 0.5511489770204596}}