{"P51157": {"Enrichment": 0.22993540129197415, "Depletion": 0.7700845983080339, "two-tailed": 0.4598708025839483}}