{"P51512": {"Enrichment": 0.8113837723245535, "Depletion": 0.18863622727545448, "two-tailed": 0.37727245455090896}}