{"P51512": {"Enrichment": 0.6733465330693386, "Depletion": 0.32667346653066937, "two-tailed": 0.6533469330613387}}