{"P51553": {"Enrichment": 0.373572528549429, "Depletion": 0.626447471050579, "two-tailed": 0.747145057098858}}