{"P51553": {"Enrichment": 0.3534729305413892, "Depletion": 0.6465470690586188, "two-tailed": 0.7069458610827783}}