{"P51955": {"Enrichment": 0.1120377592448151, "Depletion": 0.8879822403551929, "two-tailed": 0.2240755184896302}}