{"P52732": {"Enrichment": 0.05081898362032759, "Depletion": 0.9492010159796804, "two-tailed": 0.10163796724065519}}