{"P52701": {"Enrichment": 0.4255914881702366, "Depletion": 0.5744285114297714, "two-tailed": 0.8511829763404732}}