{"P52732": {"Enrichment": 0.09325813483730325, "Depletion": 0.9067618647627047, "two-tailed": 0.1865162696746065}}