{"P52701": {"Enrichment": 0.9383212335753285, "Depletion": 0.061698766024679504, "two-tailed": 0.12339753204935901}}