{"P53350": {"Enrichment": 0.09539809203815924, "Depletion": 0.9046219075618488, "two-tailed": 0.1907961840763185}}