{"P53350": {"Enrichment": 0.21719565608687827, "Depletion": 0.7828243435131297, "two-tailed": 0.43439131217375654}}