{"P53582": {"Enrichment": 0.1126777464450711, "Depletion": 0.8873422531549369, "two-tailed": 0.2253554928901422}}