{"P53582": {"Enrichment": 0.3626127477450451, "Depletion": 0.6374072518549629, "two-tailed": 0.7252254954900902}}