{"P54652": {"Enrichment": 0.7998240035199295, "Depletion": 0.2001959960800784, "two-tailed": 0.4003919921601568}}