{"P55072": {"Enrichment": 0.8467830643387132, "Depletion": 0.15323693526129478, "two-tailed": 0.30647387052258956}}