{"P55072": {"Enrichment": 0.9656606867862643, "Depletion": 0.03435931281374373, "two-tailed": 0.06871862562748746}}