{"P55197": {"Enrichment": 0.994640107197856, "Depletion": 0.0053798924021519565, "two-tailed": 0.010759784804303913}}