{"P55263": {"Enrichment": 0.3015539689206216, "Depletion": 0.6984660306793864, "two-tailed": 0.6031079378412432}}