{"P55263": {"Enrichment": 0.6894062118757625, "Depletion": 0.3106137877242455, "two-tailed": 0.621227575448491}}