{"P55318": {"Enrichment": 0.00047999040019199615, "Depletion": 0.999540009199816, "two-tailed": 0.0009599808003839923}}