{"P56524": {"Enrichment": 0.48091038179236417, "Depletion": 0.5191096178076439, "two-tailed": 0.9618207635847283}}