{"P56524": {"Enrichment": 0.13697726045479092, "Depletion": 0.8630427391452171, "two-tailed": 0.27395452090958183}}