{"P57729": {"Enrichment": 0.19097618047639048, "Depletion": 0.8090438191236176, "two-tailed": 0.38195236095278096}}