{"P57735": {"Enrichment": 0.29541409171816563, "Depletion": 0.7046059078818424, "two-tailed": 0.5908281834363313}}