{"P57729": {"Enrichment": 0.012859742805143896, "Depletion": 0.9871602567948641, "two-tailed": 0.025719485610287793}}