{"P60763": {"Enrichment": 0.21933561328773424, "Depletion": 0.7806843863122738, "two-tailed": 0.4386712265754685}}