{"P60842": {"Enrichment": 0.8627427451450971, "Depletion": 0.1372772544549109, "two-tailed": 0.2745545089098218}}