{"P60953": {"Enrichment": 0.3176736465270695, "Depletion": 0.6823463530729386, "two-tailed": 0.635347293054139}}