{"P61006": {"Enrichment": 0.013439731205375893, "Depletion": 0.9865802683946321, "two-tailed": 0.026879462410751787}}