{"P61026": {"Enrichment": 0.1478570428591428, "Depletion": 0.8521629567408652, "two-tailed": 0.2957140857182856}}