{"P61006": {"Enrichment": 0.060518789624207515, "Depletion": 0.9395012099758004, "two-tailed": 0.12103757924841503}}