{"P61026": {"Enrichment": 0.1491770164596708, "Depletion": 0.8508429831403372, "two-tailed": 0.2983540329193416}}