{"P61106": {"Enrichment": 0.12247755044899102, "Depletion": 0.877542449151017, "two-tailed": 0.24495510089798203}}