{"P61106": {"Enrichment": 0.127157456850863, "Depletion": 0.872862542749145, "two-tailed": 0.254314913701726}}