{"P61224": {"Enrichment": 0.16897662046759065, "Depletion": 0.8310433791324173, "two-tailed": 0.3379532409351813}}