{"P61224": {"Enrichment": 0.14017719645607088, "Depletion": 0.8598428031439371, "two-tailed": 0.28035439291214176}}