{"P61586": {"Enrichment": 0.0499590008199836, "Depletion": 0.9500609987800244, "two-tailed": 0.0999180016399672}}