{"P61586": {"Enrichment": 0.050618987620247594, "Depletion": 0.9494010119797605, "two-tailed": 0.10123797524049519}}