{"P62834": {"Enrichment": 0.1773564528709426, "Depletion": 0.8226635467290654, "two-tailed": 0.3547129057418852}}