{"P62826": {"Enrichment": 0.3069138617227655, "Depletion": 0.6931061378772424, "two-tailed": 0.613827723445531}}