{"P62826": {"Enrichment": 0.02271954560908782, "Depletion": 0.9773004539909201, "two-tailed": 0.04543909121817564}}