{"P62834": {"Enrichment": 0.03557928841423171, "Depletion": 0.9644407111857762, "two-tailed": 0.07115857682846342}}