{"P63000": {"Enrichment": 0.06771864562708746, "Depletion": 0.9323013539729206, "two-tailed": 0.13543729125417492}}