{"P63000": {"Enrichment": 0.17823643527129457, "Depletion": 0.8217835643287135, "two-tailed": 0.35647287054258914}}