{"P63092": {"Enrichment": 0.3111937761244775, "Depletion": 0.6888262234755305, "two-tailed": 0.622387552248955}}