{"P63272": {"Enrichment": 0.9252814943701126, "Depletion": 0.0747385052298954, "two-tailed": 0.1494770104597908}}