{"P63272": {"Enrichment": 0.9258414831703365, "Depletion": 0.07417851642967141, "two-tailed": 0.14835703285934282}}