{"P67870": {"Enrichment": 0.22915541689166216, "Depletion": 0.7708645827083458, "two-tailed": 0.4583108337833243}}