{"P68363": {"Enrichment": 0.9176216475670487, "Depletion": 0.08239835203295934, "two-tailed": 0.16479670406591868}}