{"P78540": {"Enrichment": 0.04815903681926362, "Depletion": 0.9518609627807444, "two-tailed": 0.09631807363852724}}