{"P78536": {"Enrichment": 0.6485070298594028, "Depletion": 0.3515129697406052, "two-tailed": 0.7030259394812104}}