{"P80188": {"Enrichment": 0.3902321953560929, "Depletion": 0.6097878042439151, "two-tailed": 0.7804643907121858}}