{"P84095": {"Enrichment": 0.6865062698746025, "Depletion": 0.3135137297254055, "two-tailed": 0.627027459450811}}