{"P84077": {"Enrichment": 0.1732365352692946, "Depletion": 0.8267834643307134, "two-tailed": 0.3464730705385892}}