{"P84077": {"Enrichment": 0.26687466250674985, "Depletion": 0.7331453370932581, "two-tailed": 0.5337493250134997}}