{"P84095": {"Enrichment": 0.11359772804543909, "Depletion": 0.8864222715545689, "two-tailed": 0.22719545609087818}}