{"Q01167": {"Enrichment": 0.002119957600847983, "Depletion": 0.99790004199916, "two-tailed": 0.004239915201695966}}