{"Q01415": {"Enrichment": 0.011819763604727905, "Depletion": 0.9882002359952801, "two-tailed": 0.02363952720945581}}