{"Q02224": {"Enrichment": 0.7186456270874583, "Depletion": 0.28137437251254976, "two-tailed": 0.5627487450250995}}