{"Q02817": {"Enrichment": 0.11453770924581508, "Depletion": 0.8854822903541929, "two-tailed": 0.22907541849163016}}