{"Q03164": {"Enrichment": 0.4095518089638207, "Depletion": 0.5904681906361873, "two-tailed": 0.8191036179276414}}