{"Q03692": {"Enrichment": 0.11987760244795104, "Depletion": 0.880142397152057, "two-tailed": 0.23975520489590207}}