{"Q04656": {"Enrichment": 0.9903001939961201, "Depletion": 0.009719805603887922, "two-tailed": 0.019439611207775844}}