{"Q05193": {"Enrichment": 0.40409191816163675, "Depletion": 0.5959280814383713, "two-tailed": 0.8081838363232735}}