{"Q05193": {"Enrichment": 0.27327453450930983, "Depletion": 0.7267454650906982, "two-tailed": 0.5465490690186197}}