{"Q05823": {"Enrichment": 0.0886382272354553, "Depletion": 0.9113817723645528, "two-tailed": 0.1772764544709106}}