{"Q07075": {"Enrichment": 0.752704945901082, "Depletion": 0.24731505369892604, "two-tailed": 0.49463010739785207}}