{"Q07075": {"Enrichment": 0.8099638007239855, "Depletion": 0.1900561988760225, "two-tailed": 0.380112397752045}}