{"Q08211": {"Enrichment": 0.07335853282934342, "Depletion": 0.9266614667706646, "two-tailed": 0.14671706565868683}}