{"Q08499": {"Enrichment": 0.7696246075078499, "Depletion": 0.23039539209215815, "two-tailed": 0.4607907841843163}}