{"Q12849": {"Enrichment": 0.4331113377732445, "Depletion": 0.5669086618267635, "two-tailed": 0.866222675546489}}