{"Q13283": {"Enrichment": 0.249715005699886, "Depletion": 0.750304993900122, "two-tailed": 0.499430011399772}}