{"Q13206": {"Enrichment": 0.6617267654646907, "Depletion": 0.3382932341353173, "two-tailed": 0.6765864682706346}}