{"Q13283": {"Enrichment": 0.24957500849983, "Depletion": 0.750444991100178, "two-tailed": 0.49915001699966}}