{"Q13572": {"Enrichment": 0.8631027379452411, "Depletion": 0.1369172616547669, "two-tailed": 0.2738345233095338}}