{"Q13572": {"Enrichment": 0.5304693906121878, "Depletion": 0.46955060898782025, "two-tailed": 0.9391012179756405}}