{"Q13509": {"Enrichment": 0.5341893162136757, "Depletion": 0.46583068338633227, "two-tailed": 0.9316613667726645}}