{"Q13547": {"Enrichment": 0.34811303773924523, "Depletion": 0.6519069618607628, "two-tailed": 0.6962260754784905}}