{"Q13509": {"Enrichment": 0.5307093858122838, "Depletion": 0.46931061378772426, "two-tailed": 0.9386212275754485}}