{"Q13569": {"Enrichment": 0.06503869922601548, "Depletion": 0.9349813003739925, "two-tailed": 0.13007739845203095}}