{"Q13563": {"Enrichment": 0.8356832863342734, "Depletion": 0.16433671326573468, "two-tailed": 0.32867342653146936}}