{"Q13636": {"Enrichment": 0.029099418011639767, "Depletion": 0.9709205815883682, "two-tailed": 0.058198836023279535}}