{"Q13636": {"Enrichment": 0.11129777404451911, "Depletion": 0.8887222255554889, "two-tailed": 0.22259554808903823}}