{"Q13637": {"Enrichment": 0.29311413771724565, "Depletion": 0.7069058618827624, "two-tailed": 0.5862282754344913}}