{"Q13637": {"Enrichment": 0.11053778924421512, "Depletion": 0.8894822103557929, "two-tailed": 0.22107557848843024}}