{"Q13882": {"Enrichment": 0.020779584408311833, "Depletion": 0.9792404151916961, "two-tailed": 0.041559168816623665}}