{"Q13882": {"Enrichment": 0.15343693126137478, "Depletion": 0.8465830683386333, "two-tailed": 0.30687386252274956}}