{"Q13907": {"Enrichment": 0.31823363532729343, "Depletion": 0.6817863642727146, "two-tailed": 0.6364672706545869}}