{"Q13976": {"Enrichment": 0.08829823403531929, "Depletion": 0.9117217655646888, "two-tailed": 0.17659646807063858}}