{"Q13907": {"Enrichment": 0.19673606527869442, "Depletion": 0.8032839343213136, "two-tailed": 0.39347213055738883}}