{"Q14145": {"Enrichment": 0.05329893402131957, "Depletion": 0.9467210655786884, "two-tailed": 0.10659786804263914}}