{"Q14149": {"Enrichment": 0.30763384732305354, "Depletion": 0.6923861522769544, "two-tailed": 0.6152676946461071}}