{"Q14145": {"Enrichment": 0.12753744925101498, "Depletion": 0.872482550348993, "two-tailed": 0.25507489850202997}}