{"Q14149": {"Enrichment": 0.16665666686666267, "Depletion": 0.8333633327333453, "two-tailed": 0.33331333373332533}}