{"Q14376": {"Enrichment": 0.9175016499670007, "Depletion": 0.08251834963300735, "two-tailed": 0.1650366992660147}}