{"Q14376": {"Enrichment": 0.9059018819623608, "Depletion": 0.09411811763764724, "two-tailed": 0.18823623527529448}}