{"Q14527": {"Enrichment": 0.9591408171836563, "Depletion": 0.040879182416351675, "two-tailed": 0.08175836483270335}}