{"Q15063": {"Enrichment": 0.4780504389912202, "Depletion": 0.5219695606087879, "two-tailed": 0.9561008779824404}}