{"Q15075": {"Enrichment": 0.6943061138777225, "Depletion": 0.3057138857222855, "two-tailed": 0.611427771444571}}