{"Q15063": {"Enrichment": 0.7400451990960181, "Depletion": 0.2599748005039899, "two-tailed": 0.5199496010079798}}