{"Q15029": {"Enrichment": 0.05217895642087158, "Depletion": 0.9478410431791364, "two-tailed": 0.10435791284174316}}