{"Q15075": {"Enrichment": 0.6935661286774264, "Depletion": 0.30645387092258153, "two-tailed": 0.6129077418451631}}