{"Q15029": {"Enrichment": 0.0880382392352153, "Depletion": 0.9119817603647927, "two-tailed": 0.1760764784704306}}