{"Q15113": {"Enrichment": 0.9830203395932081, "Depletion": 0.016999660006799863, "two-tailed": 0.033999320013599725}}