{"Q15120": {"Enrichment": 0.08365832683346333, "Depletion": 0.9163616727665447, "two-tailed": 0.16731665366692666}}