{"Q15109": {"Enrichment": 0.22703545929081417, "Depletion": 0.7729845403091938, "two-tailed": 0.45407091858162835}}