{"Q15208": {"Enrichment": 0.4901701965960681, "Depletion": 0.5098498030039399, "two-tailed": 0.9803403931921362}}