{"Q15286": {"Enrichment": 0.3519329613407732, "Depletion": 0.6480870382592349, "two-tailed": 0.7038659226815464}}