{"Q15233": {"Enrichment": 0.5336693266134678, "Depletion": 0.46635067298654026, "two-tailed": 0.9327013459730805}}