{"Q15233": {"Enrichment": 0.39699206015879684, "Depletion": 0.6030279394412111, "two-tailed": 0.7939841203175937}}