{"Q15382": {"Enrichment": 0.06883862322753545, "Depletion": 0.9311813763724726, "two-tailed": 0.1376772464550709}}