{"Q15382": {"Enrichment": 0.020759584808303835, "Depletion": 0.9792604147917041, "two-tailed": 0.04151916961660767}}