{"Q15493": {"Enrichment": 0.009659806803863923, "Depletion": 0.9903601927961441, "two-tailed": 0.019319613607727847}}