{"Q15848": {"Enrichment": 0.24191516169676605, "Depletion": 0.7581048379032419, "two-tailed": 0.4838303233935321}}