{"Q15848": {"Enrichment": 0.23975520489590207, "Depletion": 0.7602647947041059, "two-tailed": 0.47951040979180415}}