{"Q15907": {"Enrichment": 0.25257494850102996, "Depletion": 0.7474450510989781, "two-tailed": 0.5051498970020599}}