{"Q15907": {"Enrichment": 0.15495690086198277, "Depletion": 0.8450630987380252, "two-tailed": 0.30991380172396554}}