{"Q16513": {"Enrichment": 0.7636247275054499, "Depletion": 0.2363952720945581, "two-tailed": 0.4727905441891162}}