{"Q16513": {"Enrichment": 0.7786244275114498, "Depletion": 0.22139557208855823, "two-tailed": 0.44279114417711646}}