{"Q16654": {"Enrichment": 0.07121857562848743, "Depletion": 0.9288014239715205, "two-tailed": 0.14243715125697487}}