{"Q16654": {"Enrichment": 0.07047859042819143, "Depletion": 0.9295414091718166, "two-tailed": 0.14095718085638287}}