{"Q16775": {"Enrichment": 0.18073638527229455, "Depletion": 0.8192836143277135, "two-tailed": 0.3614727705445891}}