{"Q16775": {"Enrichment": 0.28453430931381374, "Depletion": 0.7154856902861942, "two-tailed": 0.5690686186276275}}