{"Q16878": {"Enrichment": 0.00745985080298394, "Depletion": 0.992560148797024, "two-tailed": 0.01491970160596788}}