{"Q16820": {"Enrichment": 0.5650086998260034, "Depletion": 0.43501129977400455, "two-tailed": 0.8700225995480091}}