{"Q16820": {"Enrichment": 0.5656886862262754, "Depletion": 0.43433131337373254, "two-tailed": 0.8686626267474651}}