{"Q2M2I8": {"Enrichment": 0.13355732885342292, "Depletion": 0.8664626707465851, "two-tailed": 0.26711465770684584}}