{"Q2TBE0": {"Enrichment": 0.8145237095258094, "Depletion": 0.18549629007419852, "two-tailed": 0.37099258014839703}}