{"Q2TBE0": {"Enrichment": 0.9831003379932401, "Depletion": 0.016919661606767864, "two-tailed": 0.03383932321353573}}