{"Q53GL7": {"Enrichment": 0.47373052538949223, "Depletion": 0.5262894742105158, "two-tailed": 0.9474610507789845}}