{"Q53GL7": {"Enrichment": 0.4738505229895402, "Depletion": 0.5261694766104678, "two-tailed": 0.9477010459790804}}