{"Q53H47": {"Enrichment": 0.0018199636007279855, "Depletion": 0.99820003599928, "two-tailed": 0.003639927201455971}}