{"Q53H82": {"Enrichment": 0.2897742045159097, "Depletion": 0.7102457950840984, "two-tailed": 0.5795484090318194}}