{"Q5JRX3": {"Enrichment": 0.4257514849703006, "Depletion": 0.5742685146297074, "two-tailed": 0.8515029699406012}}