{"Q5JRX3": {"Enrichment": 0.7672846543069138, "Depletion": 0.23273534529309414, "two-tailed": 0.4654706905861883}}