{"Q5SRE7": {"Enrichment": 0.019479610407791843, "Depletion": 0.9805403891922162, "two-tailed": 0.03895922081558369}}