{"Q6EIG7": {"Enrichment": 0.743045139097218, "Depletion": 0.25697486050278995, "two-tailed": 0.5139497210055799}}