{"Q6EIG7": {"Enrichment": 0.19533609327813445, "Depletion": 0.8046839063218736, "two-tailed": 0.3906721865562689}}