{"Q6IA69": {"Enrichment": 0.28229435411291776, "Depletion": 0.7177256454870903, "two-tailed": 0.5645887082258355}}