{"Q6IMN6": {"Enrichment": 0.005479890402191956, "Depletion": 0.994540109197816, "two-tailed": 0.010959780804383912}}