{"Q6IQ20": {"Enrichment": 0.010379792404151917, "Depletion": 0.9896402071958561, "two-tailed": 0.020759584808303835}}