{"Q6IQ22": {"Enrichment": 0.36989260214795705, "Depletion": 0.6301273974520509, "two-tailed": 0.7397852042959141}}