{"Q6IQ22": {"Enrichment": 0.36571268574628507, "Depletion": 0.634307313853723, "two-tailed": 0.7314253714925701}}