{"Q6IQ20": {"Enrichment": 0.049439011219775605, "Depletion": 0.9505809883802324, "two-tailed": 0.09887802243955121}}