{"Q6N021": {"Enrichment": 0.06955860882782344, "Depletion": 0.9304613907721846, "two-tailed": 0.13911721765564689}}