{"Q6NS38": {"Enrichment": 0.039339213215735684, "Depletion": 0.9606807863842723, "two-tailed": 0.07867842643147137}}