{"Q6P179": {"Enrichment": 0.8374432511349773, "Depletion": 0.1625767484650307, "two-tailed": 0.3251534969300614}}