{"Q6P179": {"Enrichment": 0.8257834843303133, "Depletion": 0.1742365152696946, "two-tailed": 0.3484730305393892}}