{"Q6P587": {"Enrichment": 0.014019719605607888, "Depletion": 0.9860002799944001, "two-tailed": 0.028039439211215777}}