{"Q6PJP8": {"Enrichment": 0.3997920041599168, "Depletion": 0.6002279954400912, "two-tailed": 0.7995840083198336}}