{"Q6PJP8": {"Enrichment": 0.37877242455150895, "Depletion": 0.621247575048499, "two-tailed": 0.7575448491030179}}