{"Q6TDP4": {"Enrichment": 0.2614147717045659, "Depletion": 0.7386052278954421, "two-tailed": 0.5228295434091318}}