{"Q6TDP4": {"Enrichment": 0.377172456550869, "Depletion": 0.622847543049139, "two-tailed": 0.754344913101738}}