{"Q6VAB6": {"Enrichment": 0.21923561528769425, "Depletion": 0.7807843843123138, "two-tailed": 0.4384712305753885}}