{"Q6VAB6": {"Enrichment": 0.22155556888862224, "Depletion": 0.7784644307113858, "two-tailed": 0.4431111377772445}}