{"Q6ZMT4": {"Enrichment": 0.025979480410391793, "Depletion": 0.9740405191896162, "two-tailed": 0.051958960820783585}}