{"Q6ZMI3": {"Enrichment": 0.497430051398972, "Depletion": 0.502589948201036, "two-tailed": 0.994860102797944}}