{"Q6ZMI3": {"Enrichment": 0.9789404211915762, "Depletion": 0.02107957840843183, "two-tailed": 0.04215915681686366}}