{"Q7L5Y1": {"Enrichment": 9.999000099990002e-05, "Depletion": 1.0, "two-tailed": 0.00019998000199980003}}