{"Q7LBE3": {"Enrichment": 0.24035519289614207, "Depletion": 0.7596648067038659, "two-tailed": 0.48071038579228415}}