{"Q7LBE3": {"Enrichment": 0.10695786084278315, "Depletion": 0.8930621387572248, "two-tailed": 0.2139157216855663}}