{"Q7RTV0": {"Enrichment": 0.45429091418171635, "Depletion": 0.5457290854182917, "two-tailed": 0.9085818283634327}}