{"Q7Z406": {"Enrichment": 0.46937061258774826, "Depletion": 0.5306493870122597, "two-tailed": 0.9387412251754965}}