{"Q7Z406": {"Enrichment": 0.7784044319113618, "Depletion": 0.22161556768864624, "two-tailed": 0.4432311353772925}}