{"Q86SQ9": {"Enrichment": 0.31477370452590947, "Depletion": 0.6852462950740985, "two-tailed": 0.6295474090518189}}