{"Q86SQ9": {"Enrichment": 0.34765304693906124, "Depletion": 0.6523669526609468, "two-tailed": 0.6953060938781225}}