{"Q86SR1": {"Enrichment": 0.25085498290034197, "Depletion": 0.749165016699666, "two-tailed": 0.5017099658006839}}