{"Q86Y97": {"Enrichment": 0.02887942241155177, "Depletion": 0.9711405771884563, "two-tailed": 0.05775884482310354}}