{"Q8IV48": {"Enrichment": 0.012839743205135897, "Depletion": 0.9871802563948721, "two-tailed": 0.025679486410271794}}