{"Q8IV48": {"Enrichment": 0.012199756004879903, "Depletion": 0.9878202435951281, "two-tailed": 0.024399512009759806}}