{"Q8IWU9": {"Enrichment": 0.5335893282134357, "Depletion": 0.4664306713865723, "two-tailed": 0.9328613427731446}}