{"Q8IXK2": {"Enrichment": 0.06099878002439951, "Depletion": 0.9390212195756085, "two-tailed": 0.12199756004879903}}