{"Q8IXI1": {"Enrichment": 0.10913781724365512, "Depletion": 0.8908821823563529, "two-tailed": 0.21827563448731024}}