{"Q8IXI1": {"Enrichment": 0.10371792564148717, "Depletion": 0.8963020739585208, "two-tailed": 0.20743585128297434}}