{"Q8IX04": {"Enrichment": 0.6085278294434111, "Depletion": 0.3914921701565969, "two-tailed": 0.7829843403131937}}