{"Q8IX04": {"Enrichment": 0.7665246695066099, "Depletion": 0.23349533009339812, "two-tailed": 0.46699066018679625}}