{"Q8N0X4": {"Enrichment": 0.3516729665406692, "Depletion": 0.6483470330593388, "two-tailed": 0.7033459330813384}}