{"Q8N371": {"Enrichment": 0.053178936421271576, "Depletion": 0.9468410631787364, "two-tailed": 0.10635787284254315}}