{"Q8N371": {"Enrichment": 0.5288894222115558, "Depletion": 0.4711305773884522, "two-tailed": 0.9422611547769044}}