{"Q8N4E7": {"Enrichment": 0.12257754844903102, "Depletion": 0.877442451150977, "two-tailed": 0.24515509689806203}}