{"Q8N4E7": {"Enrichment": 0.34439311213775725, "Depletion": 0.6556268874622507, "two-tailed": 0.6887862242755145}}