{"Q8N5A5": {"Enrichment": 0.6924261514769705, "Depletion": 0.3075938481230375, "two-tailed": 0.615187696246075}}