{"Q8N6H7": {"Enrichment": 0.11443771124577508, "Depletion": 0.8855822883542329, "two-tailed": 0.22887542249155016}}