{"Q8N6T3": {"Enrichment": 0.13255734885302295, "Depletion": 0.867462650746985, "two-tailed": 0.2651146977060459}}