{"Q8N6T3": {"Enrichment": 0.13367732645347094, "Depletion": 0.8663426731465371, "two-tailed": 0.2673546529069419}}