{"Q8N6H7": {"Enrichment": 0.11145777084458311, "Depletion": 0.8885622287554249, "two-tailed": 0.22291554168916622}}