{"Q8NEZ4": {"Enrichment": 0.9752004959900802, "Depletion": 0.024819503609927802, "two-tailed": 0.049639007219855605}}