{"Q8NFQ8": {"Enrichment": 0.07231855362892742, "Depletion": 0.9277014459710806, "two-tailed": 0.14463710725785484}}