{"Q8TBE9": {"Enrichment": 0.2649547009059819, "Depletion": 0.7350652986940261, "two-tailed": 0.5299094018119638}}