{"Q8TBE9": {"Enrichment": 0.2639147217055659, "Depletion": 0.7361052778944421, "two-tailed": 0.5278294434111318}}