{"Q8TEK3": {"Enrichment": 0.9559808803823924, "Depletion": 0.04403911921761565, "two-tailed": 0.0880782384352313}}