{"Q8TEK3": {"Enrichment": 0.8649627007459851, "Depletion": 0.13505729885402293, "two-tailed": 0.27011459770804586}}