{"Q8TE69": {"Enrichment": 0.12381752364952701, "Depletion": 0.876202475950481, "two-tailed": 0.24763504729905403}}