{"Q8WTT0": {"Enrichment": 0.33311333773324536, "Depletion": 0.6669066618667626, "two-tailed": 0.6662266754664907}}