{"Q8WU79": {"Enrichment": 0.2719745605087898, "Depletion": 0.7280454390912182, "two-tailed": 0.5439491210175796}}