{"Q8WUD1": {"Enrichment": 0.17989640207195856, "Depletion": 0.8201235975280494, "two-tailed": 0.3597928041439171}}