{"Q8WVQ1": {"Enrichment": 0.11921761564768704, "Depletion": 0.8808023839523209, "two-tailed": 0.23843523129537408}}