{"Q8WVQ1": {"Enrichment": 0.12129757404851903, "Depletion": 0.8787224255514889, "two-tailed": 0.24259514809703805}}