{"Q8WWV3": {"Enrichment": 0.3121537569248615, "Depletion": 0.6878662426751465, "two-tailed": 0.624307513849723}}