{"Q8WWV3": {"Enrichment": 0.4232715345693086, "Depletion": 0.5767484650306994, "two-tailed": 0.8465430691386172}}