{"Q8WWA0": {"Enrichment": 0.9052418951620967, "Depletion": 0.09477810443791124, "two-tailed": 0.18955620887582247}}