{"Q8WWA0": {"Enrichment": 0.8839623207535849, "Depletion": 0.11605767884642307, "two-tailed": 0.23211535769284614}}