{"Q8WXH5": {"Enrichment": 0.7772444551108978, "Depletion": 0.22277554448911022, "two-tailed": 0.44555108897822043}}