{"Q8WXF7": {"Enrichment": 0.0762584748305034, "Depletion": 0.9237615247695046, "two-tailed": 0.1525169496610068}}