{"Q8WXH5": {"Enrichment": 0.7752644947101058, "Depletion": 0.2247555048899022, "two-tailed": 0.4495110097798044}}