{"Q8WXF7": {"Enrichment": 0.2624947501049979, "Depletion": 0.7375252494950101, "two-tailed": 0.5249895002099958}}