{"Q92484": {"Enrichment": 0.062118757624847504, "Depletion": 0.9379012419751604, "two-tailed": 0.12423751524969501}}