{"Q92598": {"Enrichment": 0.04101917961640767, "Depletion": 0.9590008199836003, "two-tailed": 0.08203835923281534}}