{"Q92730": {"Enrichment": 0.39551208975820484, "Depletion": 0.6045079098418031, "two-tailed": 0.7910241795164097}}