{"Q92841": {"Enrichment": 0.9670406591868163, "Depletion": 0.032979340413191734, "two-tailed": 0.06595868082638347}}