{"Q92905": {"Enrichment": 0.39461210775784483, "Depletion": 0.6054078918421631, "two-tailed": 0.7892242155156897}}