{"Q969G6": {"Enrichment": 0.09229815403691927, "Depletion": 0.9077218455630888, "two-tailed": 0.18459630807383853}}