{"Q969G6": {"Enrichment": 0.5784484310313793, "Depletion": 0.42157156856862865, "two-tailed": 0.8431431371372573}}