{"Q96A58": {"Enrichment": 0.6893462130757385, "Depletion": 0.3106737865242695, "two-tailed": 0.621347573048539}}