{"Q96DA2": {"Enrichment": 0.2747745045099098, "Depletion": 0.7252454950900982, "two-tailed": 0.5495490090198196}}