{"Q96EY8": {"Enrichment": 0.7464250714985701, "Depletion": 0.25359492810143797, "two-tailed": 0.5071898562028759}}