{"Q96FJ0": {"Enrichment": 0.998440031199376, "Depletion": 0.0015799684006319874, "two-tailed": 0.0031599368012639748}}