{"Q96FJ0": {"Enrichment": 0.9536409271814563, "Depletion": 0.04637907241855163, "two-tailed": 0.09275814483710326}}