{"Q96GX9": {"Enrichment": 0.505669886602268, "Depletion": 0.49435011299774007, "two-tailed": 0.9887002259954801}}