{"Q96HU8": {"Enrichment": 0.047099058018839624, "Depletion": 0.9529209415811684, "two-tailed": 0.09419811603767925}}