{"Q96JM7": {"Enrichment": 0.27183456330873385, "Depletion": 0.7281854362912742, "two-tailed": 0.5436691266174677}}