{"Q96KQ7": {"Enrichment": 0.16985660286794263, "Depletion": 0.8301633967320654, "two-tailed": 0.33971320573588526}}