{"Q96KS0": {"Enrichment": 0.2620547589048219, "Depletion": 0.7379652406951861, "two-tailed": 0.5241095178096438}}