{"Q96KS0": {"Enrichment": 0.14687706245875082, "Depletion": 0.8531429371412572, "two-tailed": 0.29375412491750164}}