{"Q96KQ7": {"Enrichment": 0.5357292854142918, "Depletion": 0.46429071418571627, "two-tailed": 0.9285814283714325}}