{"Q96L73": {"Enrichment": 0.17113657726845463, "Depletion": 0.8288834223315533, "two-tailed": 0.34227315453690926}}