{"Q96PP8": {"Enrichment": 0.10205795884082318, "Depletion": 0.8979620407591848, "two-tailed": 0.20411591768164636}}