{"Q96PP8": {"Enrichment": 0.10167796644067119, "Depletion": 0.8983420331593368, "two-tailed": 0.20335593288134238}}