{"Q96Q83": {"Enrichment": 0.40575188496230075, "Depletion": 0.5942681146377072, "two-tailed": 0.8115037699246015}}