{"Q96Q83": {"Enrichment": 0.3649527009459811, "Depletion": 0.6350672986540269, "two-tailed": 0.7299054018919622}}