{"Q96RG2": {"Enrichment": 0.15141697166056678, "Depletion": 0.8486030279394412, "two-tailed": 0.30283394332113356}}