{"Q96RG2": {"Enrichment": 0.08039839203215936, "Depletion": 0.9196216075678486, "two-tailed": 0.16079678406431872}}