{"Q96S44": {"Enrichment": 0.35959280814383715, "Depletion": 0.6404271914561709, "two-tailed": 0.7191856162876743}}