{"Q9BRS2": {"Enrichment": 0.2772544549109018, "Depletion": 0.7227655446891063, "two-tailed": 0.5545089098218036}}