{"Q9BT30": {"Enrichment": 0.0758984820303594, "Depletion": 0.9241215175696486, "two-tailed": 0.1517969640607188}}