{"Q9BTP7": {"Enrichment": 0.8606427871442571, "Depletion": 0.13937721245575088, "two-tailed": 0.27875442491150176}}