{"Q9BT30": {"Enrichment": 0.05151896962060759, "Depletion": 0.9485010299794004, "two-tailed": 0.10303793924121518}}