{"Q9BTP7": {"Enrichment": 0.8622827543449131, "Depletion": 0.1377372452550949, "two-tailed": 0.2754744905101898}}