{"Q9BVG8": {"Enrichment": 0.7151256974860503, "Depletion": 0.2848943021139577, "two-tailed": 0.5697886042279154}}