{"Q9BWT3": {"Enrichment": 0.03587928241435171, "Depletion": 0.9641407171856563, "two-tailed": 0.07175856482870342}}