{"Q9BXS1": {"Enrichment": 0.4155116897662047, "Depletion": 0.5845083098338033, "two-tailed": 0.8310233795324093}}