{"Q9BXS1": {"Enrichment": 0.2119557608847823, "Depletion": 0.7880642387152257, "two-tailed": 0.4239115217695646}}