{"Q9BYW2": {"Enrichment": 0.028199436011279774, "Depletion": 0.9718205635887283, "two-tailed": 0.05639887202255955}}