{"Q9BY41": {"Enrichment": 0.039539209215815684, "Depletion": 0.9604807903841923, "two-tailed": 0.07907841843163137}}