{"Q9BY41": {"Enrichment": 0.08971820563588728, "Depletion": 0.9103017939641207, "two-tailed": 0.17943641127177457}}