{"Q9BYW2": {"Enrichment": 0.07333853322933541, "Depletion": 0.9266814663706726, "two-tailed": 0.14667706645867082}}