{"Q9BZ95": {"Enrichment": 0.5211495770084599, "Depletion": 0.47887042259154816, "two-tailed": 0.9577408451830963}}