{"Q9GZT9": {"Enrichment": 0.39575208495830083, "Depletion": 0.6042679146417071, "two-tailed": 0.7915041699166017}}