{"Q9GZU7": {"Enrichment": 0.6527269454610908, "Depletion": 0.3472930541389172, "two-tailed": 0.6945861082778344}}