{"Q9GZZ9": {"Enrichment": 0.06095878082438351, "Depletion": 0.9390612187756245, "two-tailed": 0.12191756164876702}}