{"Q9GZT4": {"Enrichment": 0.0010999780004399913, "Depletion": 0.998920021599568, "two-tailed": 0.0021999560008799826}}