{"Q9GZZ9": {"Enrichment": 0.0626987460250795, "Depletion": 0.9373212535749285, "two-tailed": 0.125397492050159}}