{"Q9GZT4": {"Enrichment": 0.0024599508009839803, "Depletion": 0.997560048799024, "two-tailed": 0.004919901601967961}}