{"Q9GZU7": {"Enrichment": 0.3914721705565889, "Depletion": 0.6085478290434191, "two-tailed": 0.7829443411131778}}