{"Q9GZT9": {"Enrichment": 0.40797184056318875, "Depletion": 0.5920481590368193, "two-tailed": 0.8159436811263775}}