{"Q9H008": {"Enrichment": 0.6966860662786745, "Depletion": 0.30333393332133357, "two-tailed": 0.6066678666426671}}