{"Q9H082": {"Enrichment": 0.04873902521949561, "Depletion": 0.9512809743805124, "two-tailed": 0.09747805043899122}}