{"Q9H0U4": {"Enrichment": 0.14159716805663886, "Depletion": 0.8584228315433692, "two-tailed": 0.2831943361132777}}