{"Q9H0U4": {"Enrichment": 0.01365972680546389, "Depletion": 0.9863602727945441, "two-tailed": 0.02731945361092778}}