{"Q9H082": {"Enrichment": 0.04893902121957561, "Depletion": 0.9510809783804324, "two-tailed": 0.09787804243915121}}