{"Q9H008": {"Enrichment": 0.25267494650107, "Depletion": 0.7473450530989381, "two-tailed": 0.50534989300214}}