{"Q9H1Y0": {"Enrichment": 0.011419771604567908, "Depletion": 0.9886002279954401, "two-tailed": 0.022839543209135817}}