{"Q9H1Y0": {"Enrichment": 0.3383532329353413, "Depletion": 0.6616667666646667, "two-tailed": 0.6767064658706826}}