{"Q9H3M9": {"Enrichment": 0.12945741085178297, "Depletion": 0.870562588748225, "two-tailed": 0.25891482170356594}}