{"Q9H477": {"Enrichment": 0.622507549849003, "Depletion": 0.37751244975100495, "two-tailed": 0.7550248995020099}}