{"Q9H477": {"Enrichment": 0.6031679366412672, "Depletion": 0.3968520629587408, "two-tailed": 0.7937041259174816}}