{"Q9H611": {"Enrichment": 0.40645187096258073, "Depletion": 0.5935681286374273, "two-tailed": 0.8129037419251615}}