{"Q9H6X2": {"Enrichment": 0.7841443171136577, "Depletion": 0.21587568248635028, "two-tailed": 0.43175136497270056}}