{"Q9H6X2": {"Enrichment": 0.9841003179936402, "Depletion": 0.015919681606367874, "two-tailed": 0.03183936321273575}}