{"Q9H6W3": {"Enrichment": 0.26727465450690985, "Depletion": 0.7327453450930982, "two-tailed": 0.5345493090138197}}