{"Q9H6W3": {"Enrichment": 0.2628747425051499, "Depletion": 0.7371452570948581, "two-tailed": 0.5257494850102998}}