{"Q9H816": {"Enrichment": 0.20321593568128637, "Depletion": 0.7968040639187216, "two-tailed": 0.40643187136257275}}