{"Q9H816": {"Enrichment": 0.4909101817963641, "Depletion": 0.509109817803644, "two-tailed": 0.9818203635927282}}