{"Q9H9B1": {"Enrichment": 0.09873802523949521, "Depletion": 0.9012819743605128, "two-tailed": 0.19747605047899042}}