{"Q9H999": {"Enrichment": 0.7024859502809944, "Depletion": 0.2975340493190136, "two-tailed": 0.5950680986380272}}