{"Q9H981": {"Enrichment": 0.8174636507269855, "Depletion": 0.18255634887302255, "two-tailed": 0.3651126977460451}}