{"Q9H999": {"Enrichment": 0.9326413471730566, "Depletion": 0.06737865242695146, "two-tailed": 0.13475730485390292}}