{"Q9H9B1": {"Enrichment": 0.004239915201695966, "Depletion": 0.995780084398312, "two-tailed": 0.008479830403391932}}