{"Q9H9S5": {"Enrichment": 0.7145057098858023, "Depletion": 0.2855142897142057, "two-tailed": 0.5710285794284115}}