{"Q9HAU4": {"Enrichment": 0.7586848263034739, "Depletion": 0.24133517329653406, "two-tailed": 0.4826703465930681}}