{"Q9HCL0": {"Enrichment": 0.08187836243275134, "Depletion": 0.9181416371672566, "two-tailed": 0.1637567248655027}}