{"Q9HD67": {"Enrichment": 0.882342353152937, "Depletion": 0.11767764644707106, "two-tailed": 0.23535529289414212}}