{"Q9HD67": {"Enrichment": 0.5460690786184277, "Depletion": 0.45395092098158035, "two-tailed": 0.9079018419631607}}