{"Q9NNX6": {"Enrichment": 0.7845243095138097, "Depletion": 0.2154956900861983, "two-tailed": 0.4309913801723966}}