{"Q9NP72": {"Enrichment": 0.020479590408191837, "Depletion": 0.9795404091918162, "two-tailed": 0.040959180816383674}}