{"Q9NP90": {"Enrichment": 0.06875862482750345, "Depletion": 0.9312613747725046, "two-tailed": 0.1375172496550069}}