{"Q9NP72": {"Enrichment": 0.39289214215715684, "Depletion": 0.6071278574428511, "two-tailed": 0.7857842843143137}}