{"Q9NPB1": {"Enrichment": 0.3484930301393972, "Depletion": 0.6515269694606108, "two-tailed": 0.6969860602787944}}