{"Q9NPB1": {"Enrichment": 0.5730885382292354, "Depletion": 0.4269314613707726, "two-tailed": 0.8538629227415452}}