{"Q9NP90": {"Enrichment": 0.07029859402811944, "Depletion": 0.9297214055718885, "two-tailed": 0.1405971880562389}}