{"Q9NQV5": {"Enrichment": 0.5547489050218996, "Depletion": 0.44527109457810843, "two-tailed": 0.8905421891562169}}