{"Q9NQV7": {"Enrichment": 0.5714485710285794, "Depletion": 0.42857142857142855, "two-tailed": 0.8571428571428571}}