{"Q9NQH7": {"Enrichment": 0.0876582468350633, "Depletion": 0.9123617527649447, "two-tailed": 0.1753164936701266}}