{"Q9NQL2": {"Enrichment": 0.17819643607127858, "Depletion": 0.8218235635287294, "two-tailed": 0.35639287214255716}}