{"Q9NQW7": {"Enrichment": 0.22779544409111818, "Depletion": 0.7722245555088898, "two-tailed": 0.45559088818223636}}