{"Q9NQH7": {"Enrichment": 0.1760964780704386, "Depletion": 0.8239235215295694, "two-tailed": 0.3521929561408772}}