{"Q9NQV7": {"Enrichment": 0.7823443531129377, "Depletion": 0.21767564648707025, "two-tailed": 0.4353512929741405}}