{"Q9NRG1": {"Enrichment": 0.6860662786744265, "Depletion": 0.3139537209255815, "two-tailed": 0.627907441851163}}