{"Q9NRK6": {"Enrichment": 0.2851942961140777, "Depletion": 0.7148257034859303, "two-tailed": 0.5703885922281554}}