{"Q9NR30": {"Enrichment": 0.9258214835703286, "Depletion": 0.0741985160296794, "two-tailed": 0.1483970320593588}}