{"Q9NR48": {"Enrichment": 0.5179696406071879, "Depletion": 0.4820503589928201, "two-tailed": 0.9641007179856402}}