{"Q9NRK6": {"Enrichment": 0.37841243175136496, "Depletion": 0.621607567848643, "two-tailed": 0.7568248635027299}}