{"Q9NRF8": {"Enrichment": 0.7376852462950741, "Depletion": 0.2623347533049339, "two-tailed": 0.5246695066098678}}