{"Q9NR30": {"Enrichment": 0.8395832083358333, "Depletion": 0.1604367912641747, "two-tailed": 0.3208735825283494}}