{"Q9NRG1": {"Enrichment": 0.8238235235295294, "Depletion": 0.17619647607047859, "two-tailed": 0.35239295214095717}}