{"Q9NRF8": {"Enrichment": 0.4029719405611888, "Depletion": 0.5970480590388192, "two-tailed": 0.8059438811223776}}