{"Q9NVP1": {"Enrichment": 0.746685066298674, "Depletion": 0.253334933301334, "two-tailed": 0.506669866602668}}