{"Q9NWM8": {"Enrichment": 0.048019039619207615, "Depletion": 0.9520009599808004, "two-tailed": 0.09603807923841523}}