{"Q9NWM8": {"Enrichment": 0.5596488070238596, "Depletion": 0.4403711925761485, "two-tailed": 0.880742385152297}}