{"Q9NWT6": {"Enrichment": 0.36115277694446113, "Depletion": 0.6388672226555469, "two-tailed": 0.7223055538889223}}