{"Q9NWT6": {"Enrichment": 0.3356732865342693, "Depletion": 0.6643467130657387, "two-tailed": 0.6713465730685386}}