{"Q9NW64": {"Enrichment": 0.4121717565648687, "Depletion": 0.5878482430351393, "two-tailed": 0.8243435131297374}}