{"Q9NXA8": {"Enrichment": 0.02121957560848783, "Depletion": 0.9788004239915201, "two-tailed": 0.04243915121697566}}