{"Q9NX46": {"Enrichment": 0.0005799884002319954, "Depletion": 0.999440011199776, "two-tailed": 0.0011599768004639907}}