{"Q9NYG8": {"Enrichment": 0.6520269594608108, "Depletion": 0.34799304013919724, "two-tailed": 0.6959860802783945}}