{"Q9NY97": {"Enrichment": 0.7528249435011299, "Depletion": 0.247195056098878, "two-tailed": 0.494390112197756}}