{"Q9NY97": {"Enrichment": 0.39087218255634887, "Depletion": 0.6091478170436592, "two-tailed": 0.7817443651126977}}