{"Q9NZ08": {"Enrichment": 0.9743405131897362, "Depletion": 0.025679486410271794, "two-tailed": 0.05135897282054359}}