{"Q9NZ08": {"Enrichment": 0.9775204495910081, "Depletion": 0.02249955000899982, "two-tailed": 0.04499910001799964}}