{"Q9NZK5": {"Enrichment": 0.9274014519709606, "Depletion": 0.07261854762904742, "two-tailed": 0.14523709525809483}}