{"Q9P289": {"Enrichment": 0.4073718525629487, "Depletion": 0.5926481470370593, "two-tailed": 0.8147437051258974}}