{"Q9P289": {"Enrichment": 0.40453190936181277, "Depletion": 0.5954880902381953, "two-tailed": 0.8090638187236255}}