{"Q9P2E7": {"Enrichment": 0.4135717285654287, "Depletion": 0.5864482710345793, "two-tailed": 0.8271434571308574}}