{"Q9UBV7": {"Enrichment": 0.23315533689326212, "Depletion": 0.7668646627067459, "two-tailed": 0.46631067378652424}}