{"Q9UBV7": {"Enrichment": 0.9806003879922401, "Depletion": 0.019419611607767846, "two-tailed": 0.03883922321553569}}