{"Q9UGM1": {"Enrichment": 0.7903441931161377, "Depletion": 0.20967580648387033, "two-tailed": 0.41935161296774065}}