{"Q9UGP5": {"Enrichment": 0.2803343933121338, "Depletion": 0.7196856062878743, "two-tailed": 0.5606687866242676}}