{"Q9UGL1": {"Enrichment": 0.03979920401591968, "Depletion": 0.9602207955840883, "two-tailed": 0.07959840803183936}}