{"Q9UGP5": {"Enrichment": 0.623947521049579, "Depletion": 0.37607247855042897, "two-tailed": 0.7521449571008579}}