{"Q9UGM1": {"Enrichment": 0.7877242455150897, "Depletion": 0.2122957540849183, "two-tailed": 0.4245915081698366}}