{"Q9UGM6": {"Enrichment": 0.023279534409311815, "Depletion": 0.9767404651906962, "two-tailed": 0.04655906881862363}}