{"Q9UGL1": {"Enrichment": 0.026859462810743785, "Depletion": 0.9731605367892642, "two-tailed": 0.05371892562148757}}