{"Q9UHI8": {"Enrichment": 0.2882942341153177, "Depletion": 0.7117257654846904, "two-tailed": 0.5765884682306354}}