{"Q9UHD8": {"Enrichment": 0.08005839883202336, "Depletion": 0.9199616007679846, "two-tailed": 0.1601167976640467}}