{"Q9UHL0": {"Enrichment": 0.5590688186236276, "Depletion": 0.4409511809763805, "two-tailed": 0.881902361952761}}