{"Q9UHY7": {"Enrichment": 0.4521509569808604, "Depletion": 0.5478690426191476, "two-tailed": 0.9043019139617208}}