{"Q9UHD8": {"Enrichment": 0.07835843283134337, "Depletion": 0.9216615667686646, "two-tailed": 0.15671686566268675}}