{"Q9UHY7": {"Enrichment": 0.29791404171916563, "Depletion": 0.7021059578808424, "two-tailed": 0.5958280834383313}}