{"Q9UHW9": {"Enrichment": 0.377712445751085, "Depletion": 0.622307553848923, "two-tailed": 0.75542489150217}}