{"Q9UIQ6": {"Enrichment": 0.7919841603167936, "Depletion": 0.20803583928321434, "two-tailed": 0.4160716785664287}}