{"Q9UIJ7": {"Enrichment": 0.20549589008219835, "Depletion": 0.7945241095178096, "two-tailed": 0.4109917801643967}}