{"Q9UIQ6": {"Enrichment": 0.6717265654686906, "Depletion": 0.3282934341313174, "two-tailed": 0.6565868682626348}}