{"Q9UIJ7": {"Enrichment": 0.13001739965200695, "Depletion": 0.870002599948001, "two-tailed": 0.2600347993040139}}