{"Q9UJV9": {"Enrichment": 0.8980220395592088, "Depletion": 0.10199796004079918, "two-tailed": 0.20399592008159836}}