{"Q9UJV9": {"Enrichment": 0.8439631207375853, "Depletion": 0.15605687886242275, "two-tailed": 0.3121137577248455}}