{"Q9UKE5": {"Enrichment": 0.24193516129677406, "Depletion": 0.7580848383032339, "two-tailed": 0.4838703225935481}}