{"Q9UKF6": {"Enrichment": 0.03283934321313574, "Depletion": 0.9671806563868722, "two-tailed": 0.06567868642627148}}