{"Q9UKF6": {"Enrichment": 0.012139757204855902, "Depletion": 0.987880242395152, "two-tailed": 0.024279514409711805}}