{"Q9UKV8": {"Enrichment": 0.6450470990580188, "Depletion": 0.35497290054198916, "two-tailed": 0.7099458010839783}}