{"Q9UKE5": {"Enrichment": 0.10455790884182316, "Depletion": 0.8954620907581848, "two-tailed": 0.20911581768364632}}