{"Q9ULA0": {"Enrichment": 0.10815783684326313, "Depletion": 0.8918621627567449, "two-tailed": 0.21631567368652627}}