{"Q9UL25": {"Enrichment": 0.18353632927341454, "Depletion": 0.8164836703265934, "two-tailed": 0.3670726585468291}}