{"Q9UL25": {"Enrichment": 0.18197636047279053, "Depletion": 0.8180436391272174, "two-tailed": 0.36395272094558107}}