{"Q9ULA0": {"Enrichment": 0.04281914361712766, "Depletion": 0.9572008559828803, "two-tailed": 0.08563828723425532}}