{"Q9ULY5": {"Enrichment": 0.07233855322893543, "Depletion": 0.9276814463710725, "two-tailed": 0.14467710645787085}}