{"Q9ULY5": {"Enrichment": 0.06909861802763945, "Depletion": 0.9309213815723686, "two-tailed": 0.1381972360552789}}