{"Q9ULX7": {"Enrichment": 0.1967960640787184, "Depletion": 0.8032239355212896, "two-tailed": 0.3935921281574368}}