{"Q9UMS4": {"Enrichment": 0.13423731525369492, "Depletion": 0.8657826843463131, "two-tailed": 0.26847463050738984}}