{"Q9UMS4": {"Enrichment": 0.23259534809303814, "Depletion": 0.7674246515069698, "two-tailed": 0.4651906961860763}}