{"Q9UMN6": {"Enrichment": 0.25273494530109397, "Depletion": 0.747285054298914, "two-tailed": 0.5054698906021879}}