{"Q9UNA0": {"Enrichment": 0.31667366652666945, "Depletion": 0.6833463330733386, "two-tailed": 0.6333473330533389}}