{"Q9UNA0": {"Enrichment": 0.3663326733465331, "Depletion": 0.6336873262534749, "two-tailed": 0.7326653466930662}}