{"Q9UPP1": {"Enrichment": 0.15305693886122276, "Depletion": 0.8469630607387852, "two-tailed": 0.3061138777224455}}