{"Q9UPP1": {"Enrichment": 0.1502969940601188, "Depletion": 0.8497230055398892, "two-tailed": 0.3005939881202376}}