{"Q9UP95": {"Enrichment": 0.2761544769104618, "Depletion": 0.7238655226895462, "two-tailed": 0.5523089538209236}}