{"Q9UQ84": {"Enrichment": 0.5121497570048599, "Depletion": 0.4878702425951481, "two-tailed": 0.9757404851902962}}