{"Q9UQQ1": {"Enrichment": 0.46865062698746024, "Depletion": 0.5313693726125478, "two-tailed": 0.9373012539749205}}