{"Q9Y2R4": {"Enrichment": 0.6412471750564989, "Depletion": 0.3587728245435091, "two-tailed": 0.7175456490870182}}