{"Q9Y2J8": {"Enrichment": 0.0012399752004959902, "Depletion": 0.998780024399512, "two-tailed": 0.0024799504009919804}}