{"Q9Y2C4": {"Enrichment": 0.5126097478050439, "Depletion": 0.4874102517949641, "two-tailed": 0.9748205035899282}}