{"Q9Y219": {"Enrichment": 0.16671666566668666, "Depletion": 0.8333033339333213, "two-tailed": 0.33343333133337333}}