{"Q9Y2T3": {"Enrichment": 0.3557528849423012, "Depletion": 0.6442671146577068, "two-tailed": 0.7115057698846023}}