{"Q9Y2M5": {"Enrichment": 0.04553908921821564, "Depletion": 0.9544809103817924, "two-tailed": 0.09107817843643128}}