{"Q9Y2J8": {"Enrichment": 0.00869982600347993, "Depletion": 0.991320173596528, "two-tailed": 0.01739965200695986}}