{"Q9Y259": {"Enrichment": 0.2862142757144857, "Depletion": 0.7138057238855223, "two-tailed": 0.5724285514289714}}