{"Q9Y3B8": {"Enrichment": 0.007239855202895942, "Depletion": 0.992780144397112, "two-tailed": 0.014479710405791884}}