{"Q9Y3Q0": {"Enrichment": 0.09361812763744726, "Depletion": 0.9064018719625607, "two-tailed": 0.18723625527489451}}