{"Q9Y3Z3": {"Enrichment": 0.8110837783244335, "Depletion": 0.1889362212755745, "two-tailed": 0.377872442551149}}