{"Q9Y3B8": {"Enrichment": 0.008019839603207936, "Depletion": 0.9920001599968, "two-tailed": 0.01603967920641587}}