{"Q9Y3Z3": {"Enrichment": 0.8167636647267055, "Depletion": 0.18325633487330253, "two-tailed": 0.36651266974660507}}