{"Q9Y4W6": {"Enrichment": 0.5672486550268995, "Depletion": 0.43277134457310856, "two-tailed": 0.8655426891462171}}