{"Q9Y483": {"Enrichment": 0.867702645947081, "Depletion": 0.13231735365292693, "two-tailed": 0.26463470730585387}}