{"Q9Y483": {"Enrichment": 0.9857802843943121, "Depletion": 0.014239715205695886, "two-tailed": 0.02847943041139177}}