{"Q9Y5P8": {"Enrichment": 0.44467110657786846, "Depletion": 0.5553488930221395, "two-tailed": 0.8893422131557369}}