{"Q9Y666": {"Enrichment": 0.4554108917821644, "Depletion": 0.5446091078178437, "two-tailed": 0.9108217835643287}}