{"P07884": {"Enrichment": 0.4667906641867163, "Depletion": 0.5332293354132918, "two-tailed": 0.9335813283734326}}