{"P07884": {"Enrichment": 0.6077478450430991, "Depletion": 0.39227215455690884, "two-tailed": 0.7845443091138177}}