{"P08518": {"Enrichment": 0.43267134657306855, "Depletion": 0.5673486530269395, "two-tailed": 0.8653426931461371}}