{"P08518": {"Enrichment": 0.20557588848223035, "Depletion": 0.7944441111177777, "two-tailed": 0.4111517769644607}}