{"P19812": {"Enrichment": 0.9875002499950001, "Depletion": 0.0125197496050079, "two-tailed": 0.0250394992100158}}