{"P22138": {"Enrichment": 0.35319293614127717, "Depletion": 0.6468270634587309, "two-tailed": 0.7063858722825543}}