{"P25491": {"Enrichment": 0.29545409091818164, "Depletion": 0.7045659086818263, "two-tailed": 0.5909081818363633}}