{"P28519": {"Enrichment": 0.32051358972820543, "Depletion": 0.6795064098718026, "two-tailed": 0.6410271794564109}}