{"P30771": {"Enrichment": 0.7816243675126497, "Depletion": 0.21839563208735827, "two-tailed": 0.43679126417471653}}