{"P32914": {"Enrichment": 0.2682746345073099, "Depletion": 0.7317453650926982, "two-tailed": 0.5365492690146197}}