{"P38632": {"Enrichment": 0.5551488970220596, "Depletion": 0.44487110257794843, "two-tailed": 0.8897422051558969}}