{"P38682": {"Enrichment": 0.5716885662286755, "Depletion": 0.42833143337133256, "two-tailed": 0.8566628667426651}}