{"P38682": {"Enrichment": 0.5759884802303954, "Depletion": 0.4240315193696126, "two-tailed": 0.8480630387392252}}