{"P50102": {"Enrichment": 0.7082458350832983, "Depletion": 0.2917741645167097, "two-tailed": 0.5835483290334194}}