{"Q04195": {"Enrichment": 0.7786844263114737, "Depletion": 0.22133557328853423, "two-tailed": 0.44267114657706846}}