{"Q04195": {"Enrichment": 0.7375852482950341, "Depletion": 0.2624347513049739, "two-tailed": 0.5248695026099478}}