{"Q04673": {"Enrichment": 0.0989580208395832, "Depletion": 0.9010619787604248, "two-tailed": 0.1979160416791664}}