{"Q12046": {"Enrichment": 0.746145077098458, "Depletion": 0.25387492250154997, "two-tailed": 0.5077498450030999}}