{"Q12216": {"Enrichment": 0.8841023179536409, "Depletion": 0.11591768164636708, "two-tailed": 0.23183536329273416}}