{"P25491": {"Enrichment": 0.2939341213175736, "Depletion": 0.7060858782824343, "two-tailed": 0.5878682426351473}}