{"P28519": {"Enrichment": 0.32071358572828546, "Depletion": 0.6793064138717225, "two-tailed": 0.6414271714565709}}