{"P32914": {"Enrichment": 0.26887462250754984, "Depletion": 0.7311453770924582, "two-tailed": 0.5377492450150997}}