{"P38632": {"Enrichment": 0.5494090118197636, "Depletion": 0.4506109877802444, "two-tailed": 0.9012219755604888}}