{"P40343": {"Enrichment": 0.999780004399912, "Depletion": 0.00023999520009599807, "two-tailed": 0.00047999040019199615}}