{"P50102": {"Enrichment": 0.9171016579668406, "Depletion": 0.08291834163316733, "two-tailed": 0.16583668326633466}}