{"Q03290": {"Enrichment": 0.5206295874082518, "Depletion": 0.47939041219175615, "two-tailed": 0.9587808243835123}}