{"Q08649": {"Enrichment": 0.18525629487410253, "Depletion": 0.8147637047259055, "two-tailed": 0.37051258974820506}}