{"P00452": {"Enrichment": 0.39581208375832483, "Depletion": 0.6042079158416832, "two-tailed": 0.7916241675166497}}