{"P00448": {"Enrichment": 0.7619447611047779, "Depletion": 0.2380752384952301, "two-tailed": 0.4761504769904602}}