{"P00448": {"Enrichment": 0.5984880302393952, "Depletion": 0.4015319693606128, "two-tailed": 0.8030639387212256}}