{"P00452": {"Enrichment": 0.3483530329393412, "Depletion": 0.6516669666606668, "two-tailed": 0.6967060658786824}}