{"P00864": {"Enrichment": 0.1747965040699186, "Depletion": 0.8252234955300894, "two-tailed": 0.3495930081398372}}