{"P00968": {"Enrichment": 0.43009139817203657, "Depletion": 0.5699286014279714, "two-tailed": 0.8601827963440731}}