{"P00968": {"Enrichment": 0.35303293934121316, "Depletion": 0.6469870602587948, "two-tailed": 0.7060658786824263}}