{"P02943": {"Enrichment": 0.1979160416791664, "Depletion": 0.8021039579208415, "two-tailed": 0.3958320833583328}}