{"P02943": {"Enrichment": 0.19561608767824643, "Depletion": 0.8044039119217615, "two-tailed": 0.39123217535649285}}