{"P03018": {"Enrichment": 0.4623707525849483, "Depletion": 0.5376492470150597, "two-tailed": 0.9247415051698966}}