{"P04079": {"Enrichment": 0.1875962480750385, "Depletion": 0.8124237515249695, "two-tailed": 0.375192496150077}}