{"P04079": {"Enrichment": 0.25689486210275797, "Depletion": 0.7431251374972501, "two-tailed": 0.5137897242055159}}