{"P04825": {"Enrichment": 0.1527169456610868, "Depletion": 0.8473030539389212, "two-tailed": 0.3054338913221736}}