{"P04995": {"Enrichment": 0.876802463950721, "Depletion": 0.12321753564928702, "two-tailed": 0.24643507129857403}}