{"P04995": {"Enrichment": 0.876242475150497, "Depletion": 0.12377752444951101, "two-tailed": 0.24755504889902202}}