{"P04951": {"Enrichment": 0.19258074192580743, "Depletion": 0.8075192480751925, "two-tailed": 0.38516148385161486}}