{"P04951": {"Enrichment": 0.19011619767604648, "Depletion": 0.8099038019239615, "two-tailed": 0.38023239535209297}}