{"P05050": {"Enrichment": 0.0009599808003839923, "Depletion": 0.999060018799624, "two-tailed": 0.0019199616007679846}}