{"P05055": {"Enrichment": 0.12281754364912702, "Depletion": 0.877202455950881, "two-tailed": 0.24563508729825403}}