{"P05050": {"Enrichment": 0.08897822043559128, "Depletion": 0.9110417791644168, "two-tailed": 0.17795644087118256}}