{"P05852": {"Enrichment": 0.39716028397160286, "Depletion": 0.6029397060293971, "two-tailed": 0.7943205679432057}}