{"P05852": {"Enrichment": 0.6970460590788184, "Depletion": 0.3029739405211896, "two-tailed": 0.6059478810423792}}