{"P06129": {"Enrichment": 0.4205715885682286, "Depletion": 0.5794484110317794, "two-tailed": 0.8411431771364573}}