{"P06612": {"Enrichment": 0.22791544169116618, "Depletion": 0.7721045579088418, "two-tailed": 0.45583088338233235}}