{"P06612": {"Enrichment": 0.22611547769044618, "Depletion": 0.7739045219095618, "two-tailed": 0.45223095538089236}}