{"P06988": {"Enrichment": 0.09863802723945521, "Depletion": 0.9013819723605528, "two-tailed": 0.19727605447891042}}