{"P06971": {"Enrichment": 0.26543469130617386, "Depletion": 0.7345853082938342, "two-tailed": 0.5308693826123477}}