{"P06968": {"Enrichment": 0.7204455910881782, "Depletion": 0.27957440851182974, "two-tailed": 0.5591488170236595}}