{"P06999": {"Enrichment": 0.995440091198176, "Depletion": 0.004579908401831963, "two-tailed": 0.009159816803663927}}