{"P06988": {"Enrichment": 0.4657106857862843, "Depletion": 0.5343093138137237, "two-tailed": 0.9314213715725685}}