{"P06971": {"Enrichment": 0.5461290774184516, "Depletion": 0.45389092218155636, "two-tailed": 0.9077818443631127}}