{"P07003": {"Enrichment": 0.9047819043619127, "Depletion": 0.09523809523809523, "two-tailed": 0.19047619047619047}}