{"P07024": {"Enrichment": 0.9646807063858723, "Depletion": 0.03533929321413572, "two-tailed": 0.07067858642827143}}