{"P07003": {"Enrichment": 0.9116817663646727, "Depletion": 0.0883382332353353, "two-tailed": 0.1766764664706706}}