{"P07024": {"Enrichment": 0.9322813543729126, "Depletion": 0.06773864522709545, "two-tailed": 0.1354772904541909}}