{"P07862": {"Enrichment": 0.3147537049259015, "Depletion": 0.6852662946741065, "two-tailed": 0.629507409851803}}