{"P08200": {"Enrichment": 0.2793144137117258, "Depletion": 0.7207055858882823, "two-tailed": 0.5586288274234515}}