{"P08337": {"Enrichment": 0.6849463010739785, "Depletion": 0.31507369852602946, "two-tailed": 0.6301473970520589}}