{"P08337": {"Enrichment": 0.19869602607947842, "Depletion": 0.8013239735205296, "two-tailed": 0.39739205215895684}}