{"P08660": {"Enrichment": 0.8881822363552729, "Depletion": 0.1118377632447351, "two-tailed": 0.2236755264894702}}