{"P08660": {"Enrichment": 0.9058018839623208, "Depletion": 0.09421811563768724, "two-tailed": 0.18843623127537448}}