{"P09029": {"Enrichment": 0.0633387332253355, "Depletion": 0.9366812663746725, "two-tailed": 0.126677466450671}}