{"P09148": {"Enrichment": 0.4645707085858283, "Depletion": 0.5354492910141797, "two-tailed": 0.9291414171716565}}