{"P09148": {"Enrichment": 0.47105057898842023, "Depletion": 0.5289694206115878, "two-tailed": 0.9421011579768405}}