{"P09373": {"Enrichment": 0.5899882002359953, "Depletion": 0.41003179936401274, "two-tailed": 0.8200635987280255}}