{"P09373": {"Enrichment": 0.5752424757524247, "Depletion": 0.42485751424857515, "two-tailed": 0.8497150284971503}}