{"P0A6K3": {"Enrichment": 0.8457830843383133, "Depletion": 0.15423691526169478, "two-tailed": 0.30847383052338956}}