{"P0A6C8": {"Enrichment": 0.4264314713705726, "Depletion": 0.5735885282294354, "two-tailed": 0.8528629427411452}}