{"P0A6F1": {"Enrichment": 0.5357492850142997, "Depletion": 0.4642707145857083, "two-tailed": 0.9285414291714166}}