{"P0A6Y8": {"Enrichment": 0.2580348393032139, "Depletion": 0.7419851602967941, "two-tailed": 0.5160696786064278}}