{"P0A6Z3": {"Enrichment": 0.8803223935521289, "Depletion": 0.11969760604787905, "two-tailed": 0.2393952120957581}}