{"P0A6C8": {"Enrichment": 0.4234915301693966, "Depletion": 0.5765284694306114, "two-tailed": 0.8469830603387932}}