{"P0A6P9": {"Enrichment": 0.1128177436451271, "Depletion": 0.8872022559548809, "two-tailed": 0.2256354872902542}}