{"P0A6Z3": {"Enrichment": 0.9585608287834243, "Depletion": 0.041459170816583665, "two-tailed": 0.08291834163316733}}