{"P0A6P9": {"Enrichment": 0.06579868402631947, "Depletion": 0.9342213155736885, "two-tailed": 0.13159736805263894}}