{"P0A7I7": {"Enrichment": 0.005819883602327954, "Depletion": 0.9942001159976801, "two-tailed": 0.011639767204655907}}