{"P0A7F3": {"Enrichment": 0.9635036496350365, "Depletion": 0.0365963403659634, "two-tailed": 0.0731926807319268}}