{"P0A784": {"Enrichment": 0.01869962600747985, "Depletion": 0.9813203735925281, "two-tailed": 0.0373992520149597}}