{"P0A7E5": {"Enrichment": 0.11789764204715905, "Depletion": 0.882122357552849, "two-tailed": 0.2357952840943181}}