{"P0A784": {"Enrichment": 0.017259654806903862, "Depletion": 0.9827603447931041, "two-tailed": 0.034519309613807725}}