{"P0A725": {"Enrichment": 0.744965100697986, "Depletion": 0.255054898902022, "two-tailed": 0.510109797804044}}