{"P0A7B1": {"Enrichment": 0.11938806119388061, "Depletion": 0.8807119288071192, "two-tailed": 0.23877612238776122}}