{"P0A7B1": {"Enrichment": 0.02123957520849583, "Depletion": 0.9787804243915121, "two-tailed": 0.04247915041699166}}