{"P0A725": {"Enrichment": 0.8557228855422891, "Depletion": 0.14429711405771883, "two-tailed": 0.28859422811543767}}