{"P0A7J0": {"Enrichment": 0.3519129617407652, "Depletion": 0.6481070378592428, "two-tailed": 0.7038259234815304}}