{"P0A7E5": {"Enrichment": 0.11493770124597508, "Depletion": 0.885082298354033, "two-tailed": 0.22987540249195015}}