{"P0A7I7": {"Enrichment": 0.5250494990100198, "Depletion": 0.4749705005899882, "two-tailed": 0.9499410011799764}}