{"P0A817": {"Enrichment": 0.006979860402791944, "Depletion": 0.993040139197216, "two-tailed": 0.013959720805583888}}