{"P0A8T7": {"Enrichment": 0.5809683806323873, "Depletion": 0.41905161896762066, "two-tailed": 0.8381032379352413}}