{"P0A8Y5": {"Enrichment": 0.9965003499650035, "Depletion": 0.0035996400359964, "two-tailed": 0.0071992800719928}}