{"P0A8Y5": {"Enrichment": 0.8943621127577448, "Depletion": 0.10565788684226315, "two-tailed": 0.2113157736845263}}