{"P0A8T7": {"Enrichment": 0.7646047079058419, "Depletion": 0.2354152916941661, "two-tailed": 0.4708305833883322}}