{"P0A8N5": {"Enrichment": 0.12301753964920702, "Depletion": 0.877002459950801, "two-tailed": 0.24603507929841403}}