{"P0A9Q7": {"Enrichment": 0.9704805903881922, "Depletion": 0.029539409211815762, "two-tailed": 0.059078818423631524}}