{"P0A9M2": {"Enrichment": 0.6785464290714186, "Depletion": 0.32147357052858944, "two-tailed": 0.6429471410571789}}