{"P0A9Q7": {"Enrichment": 0.9553808923821524, "Depletion": 0.04463910721785564, "two-tailed": 0.08927821443571128}}