{"P0A993": {"Enrichment": 0.9401611967760645, "Depletion": 0.05985880282394352, "two-tailed": 0.11971760564788704}}