{"P0A9G6": {"Enrichment": 0.46811063778724427, "Depletion": 0.5319093618127637, "two-tailed": 0.9362212755744885}}