{"P0A9V1": {"Enrichment": 0.3387532249355013, "Depletion": 0.6612667746645067, "two-tailed": 0.6775064498710026}}