{"P0A9G6": {"Enrichment": 0.4100117997640047, "Depletion": 0.5900081998360033, "two-tailed": 0.8200235995280094}}