{"P0A993": {"Enrichment": 0.9656006879862403, "Depletion": 0.034419311613767725, "two-tailed": 0.06883862322753545}}