{"P0A9M2": {"Enrichment": 0.8189036219275615, "Depletion": 0.18111637767244654, "two-tailed": 0.3622327553448931}}