{"P0AA89": {"Enrichment": 0.9058618827623448, "Depletion": 0.09415811683766324, "two-tailed": 0.1883162336753265}}