{"P0AAB4": {"Enrichment": 0.07627847443051139, "Depletion": 0.9237415251694966, "two-tailed": 0.15255694886102278}}