{"P0AA89": {"Enrichment": 0.4224115517689646, "Depletion": 0.5776084478310434, "two-tailed": 0.8448231035379292}}