{"P0AAB4": {"Enrichment": 0.05179896402071959, "Depletion": 0.9482210355792884, "two-tailed": 0.10359792804143918}}