{"P0ABY7": {"Enrichment": 0.1983160336793264, "Depletion": 0.8017039659206816, "two-tailed": 0.3966320673586528}}