{"P0ABI4": {"Enrichment": 0.4259514809703806, "Depletion": 0.5740685186296274, "two-tailed": 0.8519029619407612}}