{"P0AB74": {"Enrichment": 0.8515829683406332, "Depletion": 0.14843703125937482, "two-tailed": 0.29687406251874965}}