{"P0ABY7": {"Enrichment": 0.1984560308793824, "Depletion": 0.8015639687206256, "two-tailed": 0.3969120617587648}}