{"P0ABI4": {"Enrichment": 0.4264914701705966, "Depletion": 0.5735285294294115, "two-tailed": 0.8529829403411932}}