{"P0ACI6": {"Enrichment": 0.8420631587368252, "Depletion": 0.15795684086318273, "two-tailed": 0.31591368172636547}}