{"P0AC84": {"Enrichment": 0.2598548029039419, "Depletion": 0.7401651966960661, "two-tailed": 0.5197096058078838}}