{"P0AC81": {"Enrichment": 0.5786084278314434, "Depletion": 0.42141157176856464, "two-tailed": 0.8428231435371293}}