{"P0ACB2": {"Enrichment": 0.6092478150436992, "Depletion": 0.39077218455630885, "two-tailed": 0.7815443691126177}}