{"P0AC81": {"Enrichment": 0.14409711805763883, "Depletion": 0.8559228815423692, "two-tailed": 0.28819423611527767}}