{"P0ACE0": {"Enrichment": 0.7172456550868983, "Depletion": 0.28277434451310973, "two-tailed": 0.5655486890262195}}