{"P0ACE0": {"Enrichment": 0.7949441011179776, "Depletion": 0.20507589848203037, "two-tailed": 0.41015179696406073}}