{"P0ACB2": {"Enrichment": 0.6091278174436511, "Depletion": 0.39089218215635685, "two-tailed": 0.7817843643127137}}