{"P0AC69": {"Enrichment": 0.004519909601807964, "Depletion": 0.9955000899982, "two-tailed": 0.009039819203615927}}