{"P0AC69": {"Enrichment": 0.3449331013379732, "Depletion": 0.6550868982620348, "two-tailed": 0.6898662026759464}}