{"P0ADI4": {"Enrichment": 0.6371272574548509, "Depletion": 0.3628927421451571, "two-tailed": 0.7257854842903142}}