{"P0ADI4": {"Enrichment": 0.5682286354272914, "Depletion": 0.4317913641727165, "two-tailed": 0.863582728345433}}