{"P0AEK2": {"Enrichment": 0.7557848843023139, "Depletion": 0.24423511529769404, "two-tailed": 0.4884702305953881}}