{"P0AEP7": {"Enrichment": 0.8271834563308734, "Depletion": 0.1728365432691346, "two-tailed": 0.3456730865382692}}