{"P0AE82": {"Enrichment": 0.0009199816003679927, "Depletion": 0.99910001799964, "two-tailed": 0.0018399632007359854}}