{"P0AEV9": {"Enrichment": 0.8106037879242415, "Depletion": 0.18941621167576647, "two-tailed": 0.37883242335153294}}