{"P0AEJ2": {"Enrichment": 0.6540669186616268, "Depletion": 0.34595308093838123, "two-tailed": 0.6919061618767625}}