{"P0AEP7": {"Enrichment": 0.8454830903381932, "Depletion": 0.15453690926181476, "two-tailed": 0.30907381852362953}}