{"P0AEL6": {"Enrichment": 0.9060018799624008, "Depletion": 0.09401811963760724, "two-tailed": 0.18803623927521448}}