{"P0AEZ3": {"Enrichment": 0.10113797724045519, "Depletion": 0.8988820223595528, "two-tailed": 0.20227595448091037}}