{"P0AE82": {"Enrichment": 0.04019919601607968, "Depletion": 0.9598208035839283, "two-tailed": 0.08039839203215936}}