{"P0AEV9": {"Enrichment": 0.42885142297154055, "Depletion": 0.5711685766284674, "two-tailed": 0.8577028459430811}}