{"P0AE22": {"Enrichment": 0.030479390412191755, "Depletion": 0.9695406091878163, "two-tailed": 0.06095878082438351}}