{"P0AEK0": {"Enrichment": 0.06915861682766344, "Depletion": 0.9308613827723445, "two-tailed": 0.1383172336553269}}