{"P0AEJ2": {"Enrichment": 0.14385712285754285, "Depletion": 0.8561628767424652, "two-tailed": 0.2877142457150857}}