{"P0AE22": {"Enrichment": 0.6111477770444591, "Depletion": 0.3888722225555489, "two-tailed": 0.7777444451110977}}