{"P0AE18": {"Enrichment": 0.15703685926281474, "Depletion": 0.8429831403371932, "two-tailed": 0.3140737185256295}}