{"P0AFI0": {"Enrichment": 0.8093038139237215, "Depletion": 0.19071618567628648, "two-tailed": 0.38143237135257296}}