{"P0AF24": {"Enrichment": 0.9632007359852803, "Depletion": 0.036819263614727704, "two-tailed": 0.07363852722945541}}