{"P0AFP6": {"Enrichment": 0.5221695566088678, "Depletion": 0.47785044299114016, "two-tailed": 0.9557008859822803}}