{"P0AFI0": {"Enrichment": 0.9074418511629767, "Depletion": 0.09257814843703126, "two-tailed": 0.18515629687406251}}