{"P0AF24": {"Enrichment": 0.9615807683846324, "Depletion": 0.038439231215375694, "two-tailed": 0.07687846243075139}}