{"P0AGD7": {"Enrichment": 0.2715945681086378, "Depletion": 0.7284254314913702, "two-tailed": 0.5431891362172756}}