{"P0AGD7": {"Enrichment": 0.248655026899462, "Depletion": 0.751364972700546, "two-tailed": 0.497310053798924}}