{"P0C0R7": {"Enrichment": 0.7161656766864662, "Depletion": 0.28385432291354173, "two-tailed": 0.5677086458270835}}