{"P0C0R7": {"Enrichment": 0.881742365152697, "Depletion": 0.11827763444731106, "two-tailed": 0.2365552688946221}}