{"P0CE48": {"Enrichment": 0.791920807919208, "Depletion": 0.2081791820817918, "two-tailed": 0.4163583641635836}}