{"P0CE47": {"Enrichment": 0.7666846663066739, "Depletion": 0.23333533329333414, "two-tailed": 0.4666706665866683}}