{"P10902": {"Enrichment": 0.2241755164896702, "Depletion": 0.7758444831103378, "two-tailed": 0.4483510329793404}}