{"P10902": {"Enrichment": 0.13413731725365494, "Depletion": 0.8658826823463531, "two-tailed": 0.2682746345073099}}