{"P12995": {"Enrichment": 0.22801543969120616, "Depletion": 0.7720045599088018, "two-tailed": 0.4560308793824123}}