{"P12995": {"Enrichment": 0.24431511369772604, "Depletion": 0.7557048859022819, "two-tailed": 0.4886302273954521}}