{"P15043": {"Enrichment": 0.5363463653634637, "Depletion": 0.4637536246375362, "two-tailed": 0.9275072492750724}}