{"P15034": {"Enrichment": 0.509209815803684, "Depletion": 0.4908101837963241, "two-tailed": 0.9816203675926481}}