{"P15034": {"Enrichment": 0.45177096458070837, "Depletion": 0.5482490350192997, "two-tailed": 0.9035419291614167}}