{"P15723": {"Enrichment": 0.75052498950021, "Depletion": 0.249495010099798, "two-tailed": 0.498990020199596}}