{"P15723": {"Enrichment": 0.37985240295194095, "Depletion": 0.6201675966480671, "two-tailed": 0.7597048059038819}}