{"P16384": {"Enrichment": 0.1728365432691346, "Depletion": 0.8271834563308734, "two-tailed": 0.3456730865382692}}