{"P16687": {"Enrichment": 0.9380812383752325, "Depletion": 0.061938761224775506, "two-tailed": 0.12387752244955101}}