{"P16692": {"Enrichment": 0.6027879442411151, "Depletion": 0.39723205535889283, "two-tailed": 0.7944641107177857}}