{"P16692": {"Enrichment": 0.19647607047859042, "Depletion": 0.8035439291214176, "two-tailed": 0.39295214095718084}}