{"P16687": {"Enrichment": 0.8094438111237775, "Depletion": 0.19057618847623048, "two-tailed": 0.38115237695246096}}