{"P17846": {"Enrichment": 0.11265774684506309, "Depletion": 0.8873622527549448, "two-tailed": 0.22531549369012618}}