{"P18843": {"Enrichment": 0.08023839523209536, "Depletion": 0.9197816043679127, "two-tailed": 0.16047679046419072}}