{"P18843": {"Enrichment": 0.37715245695086097, "Depletion": 0.622867542649147, "two-tailed": 0.7543049139017219}}