{"P20083": {"Enrichment": 0.05815883682326353, "Depletion": 0.9418611627767445, "two-tailed": 0.11631767364652706}}