{"P21189": {"Enrichment": 0.4768304633907322, "Depletion": 0.5231895362092758, "two-tailed": 0.9536609267814644}}