{"P21165": {"Enrichment": 0.7037659246815063, "Depletion": 0.29625407491850164, "two-tailed": 0.5925081498370033}}