{"P21189": {"Enrichment": 0.40317193656126876, "Depletion": 0.5968480630387393, "two-tailed": 0.8063438731225375}}