{"P21165": {"Enrichment": 0.8237235255294895, "Depletion": 0.1762964740705186, "two-tailed": 0.3525929481410372}}