{"P22259": {"Enrichment": 0.3261334773304534, "Depletion": 0.6738865222695546, "two-tailed": 0.6522669546609068}}