{"P22259": {"Enrichment": 0.40393192136157274, "Depletion": 0.5960880782384352, "two-tailed": 0.8078638427231455}}