{"P22939": {"Enrichment": 0.012098790120987902, "Depletion": 0.988001199880012, "two-tailed": 0.024197580241975804}}