{"P23367": {"Enrichment": 0.4622707545849083, "Depletion": 0.5377492450150997, "two-tailed": 0.9245415091698166}}