{"P23522": {"Enrichment": 0.9886002279954401, "Depletion": 0.011419771604567908, "two-tailed": 0.022839543209135817}}