{"P23522": {"Enrichment": 0.8270634587308254, "Depletion": 0.1729565408691826, "two-tailed": 0.3459130817383652}}