{"P23874": {"Enrichment": 0.8803423931521369, "Depletion": 0.11967760644787104, "two-tailed": 0.23935521289574208}}