{"P23909": {"Enrichment": 0.38465230695386093, "Depletion": 0.6153676926461471, "two-tailed": 0.7693046139077219}}