{"P24182": {"Enrichment": 0.052658946821063576, "Depletion": 0.9473610527789444, "two-tailed": 0.10531789364212715}}