{"P24182": {"Enrichment": 0.09293814123717525, "Depletion": 0.9070818583628327, "two-tailed": 0.1858762824743505}}