{"P24232": {"Enrichment": 0.32119357612847743, "Depletion": 0.6788264234715305, "two-tailed": 0.6423871522569549}}