{"P24215": {"Enrichment": 0.499070018599628, "Depletion": 0.50094998100038, "two-tailed": 0.998140037199256}}