{"P24232": {"Enrichment": 0.3208735825283494, "Depletion": 0.6791464170716586, "two-tailed": 0.6417471650566988}}