{"P24200": {"Enrichment": 0.92000799920008, "Depletion": 0.0800919908009199, "two-tailed": 0.1601839816018398}}