{"P24200": {"Enrichment": 0.8649027019459611, "Depletion": 0.13511729765404693, "two-tailed": 0.27023459530809385}}