{"P24203": {"Enrichment": 0.3504649535046495, "Depletion": 0.6496350364963503, "two-tailed": 0.700929907009299}}