{"P24215": {"Enrichment": 0.6781264374712506, "Depletion": 0.3218935621287574, "two-tailed": 0.6437871242575148}}