{"P25522": {"Enrichment": 0.23847615238476152, "Depletion": 0.7616238376162384, "two-tailed": 0.47695230476952305}}