{"P26281": {"Enrichment": 0.620547589048219, "Depletion": 0.379472410551789, "two-tailed": 0.758944821103578}}