{"P26281": {"Enrichment": 0.9691030896910309, "Depletion": 0.030996900309969003, "two-tailed": 0.061993800619938005}}