{"P28248": {"Enrichment": 0.3617927641447171, "Depletion": 0.6382272354552909, "two-tailed": 0.7235855282894342}}