{"P29208": {"Enrichment": 0.2845743085138297, "Depletion": 0.7154456910861783, "two-tailed": 0.5691486170276594}}