{"P29208": {"Enrichment": 0.2811943761124778, "Depletion": 0.7188256234875302, "two-tailed": 0.5623887522249555}}