{"P29745": {"Enrichment": 0.6774064518709626, "Depletion": 0.32261354772904544, "two-tailed": 0.6452270954580909}}