{"P29745": {"Enrichment": 0.9023819523609528, "Depletion": 0.09763804723905523, "two-tailed": 0.19527609447811045}}