{"P30871": {"Enrichment": 0.0022997700229977, "Depletion": 0.9978002199780022, "two-tailed": 0.0045995400459954}}