{"P31057": {"Enrichment": 0.4105917881642367, "Depletion": 0.5894282114357713, "two-tailed": 0.8211835763284734}}