{"P31057": {"Enrichment": 0.6091878162436751, "Depletion": 0.39083218335633285, "two-tailed": 0.7816643667126657}}