{"P31129": {"Enrichment": 0.0365963403659634, "Depletion": 0.9635036496350365, "two-tailed": 0.0731926807319268}}