{"P31129": {"Enrichment": 0.12191756164876702, "Depletion": 0.878102437951241, "two-tailed": 0.24383512329753404}}