{"P31827": {"Enrichment": 0.9193016139677207, "Depletion": 0.08071838563228735, "two-tailed": 0.1614367712645747}}