{"P31827": {"Enrichment": 0.7957640847183056, "Depletion": 0.20425591488170236, "two-tailed": 0.4085118297634047}}