{"P32099": {"Enrichment": 0.05171896562068758, "Depletion": 0.9483010339793204, "two-tailed": 0.10343793124137517}}