{"P32056": {"Enrichment": 0.23353532929341414, "Depletion": 0.7664846703065938, "two-tailed": 0.4670706585868283}}