{"P32169": {"Enrichment": 0.870302593948121, "Depletion": 0.12971740565188697, "two-tailed": 0.25943481130377394}}