{"P32173": {"Enrichment": 0.5252494950100998, "Depletion": 0.4747705045899082, "two-tailed": 0.9495410091798164}}