{"P32173": {"Enrichment": 0.14875702485950282, "Depletion": 0.8512629747405052, "two-tailed": 0.29751404971900564}}