{"P32169": {"Enrichment": 0.9808019198080192, "Depletion": 0.0192980701929807, "two-tailed": 0.0385961403859614}}