{"P32664": {"Enrichment": 0.865642687146257, "Depletion": 0.13437731245375092, "two-tailed": 0.26875462490750185}}