{"P32664": {"Enrichment": 0.14689706205875883, "Depletion": 0.8531229375412491, "two-tailed": 0.29379412411751765}}