{"P32719": {"Enrichment": 0.010279794404111918, "Depletion": 0.9897402051958961, "two-tailed": 0.020559588808223835}}