{"P32719": {"Enrichment": 0.1509969800603988, "Depletion": 0.8490230195396092, "two-tailed": 0.3019939601207976}}