{"P33022": {"Enrichment": 0.38101237975240493, "Depletion": 0.619007619847603, "two-tailed": 0.7620247595048099}}