{"P33025": {"Enrichment": 0.126437471250575, "Depletion": 0.8735825283494331, "two-tailed": 0.25287494250115}}