{"P33025": {"Enrichment": 0.07353852922941541, "Depletion": 0.9264814703705926, "two-tailed": 0.14707705845883082}}