{"P33022": {"Enrichment": 0.375812483750325, "Depletion": 0.624207515849683, "two-tailed": 0.75162496750065}}