{"P33221": {"Enrichment": 0.1007179856402872, "Depletion": 0.8993020139597208, "two-tailed": 0.2014359712805744}}