{"P33221": {"Enrichment": 0.1754164916701666, "Depletion": 0.8246035079298414, "two-tailed": 0.3508329833403332}}