{"P33590": {"Enrichment": 0.879282414351713, "Depletion": 0.12073758524829503, "two-tailed": 0.24147517049659006}}