{"P37095": {"Enrichment": 0.5578442155784421, "Depletion": 0.44225577442255776, "two-tailed": 0.8845115488451155}}