{"P37095": {"Enrichment": 0.17995640087198256, "Depletion": 0.8200635987280255, "two-tailed": 0.3599128017439651}}