{"P38051": {"Enrichment": 0.8569228615427692, "Depletion": 0.14309713805723887, "two-tailed": 0.28619427611447773}}