{"P38051": {"Enrichment": 0.877082458350833, "Depletion": 0.12293754124917501, "two-tailed": 0.24587508249835002}}