{"P39377": {"Enrichment": 0.8407231855362892, "Depletion": 0.15929681406371873, "two-tailed": 0.31859362812743747}}