{"P39304": {"Enrichment": 0.2866942661146777, "Depletion": 0.7133257334853303, "two-tailed": 0.5733885322293554}}