{"P39377": {"Enrichment": 0.8433031339373213, "Depletion": 0.15671686566268675, "two-tailed": 0.3134337313253735}}