{"P39346": {"Enrichment": 0.4567708645827083, "Depletion": 0.5432491350172997, "two-tailed": 0.9135417291654166}}