{"P39346": {"Enrichment": 0.11103777924441512, "Depletion": 0.8889822203555929, "two-tailed": 0.22207555848883023}}