{"P39451": {"Enrichment": 0.45383092338153236, "Depletion": 0.5461890762184757, "two-tailed": 0.9076618467630647}}