{"P41409": {"Enrichment": 0.6431356864313569, "Depletion": 0.35696430356964304, "two-tailed": 0.7139286071392861}}