{"P42592": {"Enrichment": 0.39619207615847685, "Depletion": 0.6038279234415311, "two-tailed": 0.7923841523169537}}