{"P42592": {"Enrichment": 0.40237195256094876, "Depletion": 0.5976480470390593, "two-tailed": 0.8047439051218975}}