{"P42641": {"Enrichment": 0.11513769724605508, "Depletion": 0.8848823023539529, "two-tailed": 0.23027539449211015}}