{"P45548": {"Enrichment": 0.07729845403091938, "Depletion": 0.9227215455690886, "two-tailed": 0.15459690806183876}}