{"P45548": {"Enrichment": 0.0746585068298634, "Depletion": 0.9253614927701446, "two-tailed": 0.1493170136597268}}