{"P46849": {"Enrichment": 0.8246235075298494, "Depletion": 0.1753964920701586, "two-tailed": 0.3507929841403172}}