{"P46849": {"Enrichment": 0.8975220495590088, "Depletion": 0.10249795004099918, "two-tailed": 0.20499590008199836}}