{"P46859": {"Enrichment": 0.03379932401351973, "Depletion": 0.9662206755864883, "two-tailed": 0.06759864802703947}}