{"P50456": {"Enrichment": 0.2007759844803104, "Depletion": 0.7992440151196976, "two-tailed": 0.4015519689606208}}