{"P60472": {"Enrichment": 0.6722065558688827, "Depletion": 0.32781344373112536, "two-tailed": 0.6556268874622507}}