{"P60472": {"Enrichment": 0.7803043939121218, "Depletion": 0.21971560568788623, "two-tailed": 0.43943121137577246}}