{"P61887": {"Enrichment": 0.372272554548909, "Depletion": 0.627747445051099, "two-tailed": 0.744545109097818}}