{"P61887": {"Enrichment": 0.5931681366372673, "Depletion": 0.40685186296274073, "two-tailed": 0.8137037259254815}}