{"P61949": {"Enrichment": 0.6503269934601308, "Depletion": 0.3496930061398772, "two-tailed": 0.6993860122797544}}