{"P61949": {"Enrichment": 0.6516069678606428, "Depletion": 0.3484130317393652, "two-tailed": 0.6968260634787304}}