{"P64488": {"Enrichment": 0.38579228415431693, "Depletion": 0.6142277154456911, "two-tailed": 0.7715845683086339}}