{"P64488": {"Enrichment": 0.001119977600447991, "Depletion": 0.99890002199956, "two-tailed": 0.002239955200895982}}