{"P65556": {"Enrichment": 0.2868542629147417, "Depletion": 0.7131657366852663, "two-tailed": 0.5737085258294834}}