{"P65556": {"Enrichment": 0.6656066878662427, "Depletion": 0.3344133117337653, "two-tailed": 0.6688266234675306}}