{"P69922": {"Enrichment": 0.04251914961700766, "Depletion": 0.9575008499830003, "two-tailed": 0.08503829923401532}}