{"P75804": {"Enrichment": 0.8122037559248815, "Depletion": 0.1878162436751265, "two-tailed": 0.375632487350253}}