{"P75906": {"Enrichment": 0.0249795004099918, "Depletion": 0.9750404991900162, "two-tailed": 0.0499590008199836}}