{"P75906": {"Enrichment": 0.11817763644727106, "Depletion": 0.8818423631527369, "two-tailed": 0.2363552728945421}}