{"P76458": {"Enrichment": 0.5108489151084892, "Depletion": 0.48925107489251074, "two-tailed": 0.9785021497850215}}