{"P76458": {"Enrichment": 0.34269314613707724, "Depletion": 0.6573268534629307, "two-tailed": 0.6853862922741545}}