{"P76524": {"Enrichment": 0.03153936921261575, "Depletion": 0.9684806303873923, "two-tailed": 0.0630787384252315}}