{"P77366": {"Enrichment": 0.22241555168896623, "Depletion": 0.7776044479110418, "two-tailed": 0.44483110337793247}}