{"P77366": {"Enrichment": 0.2257954840903182, "Depletion": 0.7742245155096898, "two-tailed": 0.4515909681806364}}