{"P77485": {"Enrichment": 0.7923841523169537, "Depletion": 0.20763584728305434, "two-tailed": 0.4152716945661087}}