{"P77493": {"Enrichment": 0.8918108189181082, "Depletion": 0.10828917108289171, "two-tailed": 0.21657834216578342}}