{"P77581": {"Enrichment": 0.1010179796404072, "Depletion": 0.8990020199596008, "two-tailed": 0.2020359592808144}}