{"P77581": {"Enrichment": 0.10669786604267914, "Depletion": 0.8933221335573288, "two-tailed": 0.21339573208535828}}