{"P77674": {"Enrichment": 0.3878922421551569, "Depletion": 0.6121277574448512, "two-tailed": 0.7757844843103138}}