{"P77674": {"Enrichment": 0.4046319073618528, "Depletion": 0.5953880922381553, "two-tailed": 0.8092638147237056}}