{"P78067": {"Enrichment": 0.6158676826463471, "Depletion": 0.3841523169536609, "two-tailed": 0.7683046339073218}}