{"Q46891": {"Enrichment": 0.24161516769664607, "Depletion": 0.7584048319033619, "two-tailed": 0.48323033539329213}}