{"Q46891": {"Enrichment": 0.24489510209795803, "Depletion": 0.7551248975020499, "two-tailed": 0.48979020419591607}}