{"Q46877": {"Enrichment": 0.15798420157984203, "Depletion": 0.8421157884211579, "two-tailed": 0.31596840315968405}}