{"Q46877": {"Enrichment": 0.16589668206635869, "Depletion": 0.8341233175336493, "two-tailed": 0.33179336413271737}}