{"Q46893": {"Enrichment": 0.4910901781964361, "Depletion": 0.5089298214035719, "two-tailed": 0.9821803563928722}}