{"Q46856": {"Enrichment": 0.49837003259934803, "Depletion": 0.50164996700066, "two-tailed": 0.9967400651986961}}