{"Q47155": {"Enrichment": 0.9620207595848083, "Depletion": 0.0379992400151997, "two-tailed": 0.0759984800303994}}