{"Q47152": {"Enrichment": 0.49499010019799605, "Depletion": 0.5050298994020119, "two-tailed": 0.9899802003959921}}