{"Q47155": {"Enrichment": 0.9608007839843203, "Depletion": 0.03921921561568768, "two-tailed": 0.07843843123137537}}