{"Q47152": {"Enrichment": 0.5898082038359233, "Depletion": 0.41021179576408473, "two-tailed": 0.8204235915281695}}