{"P00582": {"Enrichment": 0.1632167356652867, "Depletion": 0.8368032639347213, "two-tailed": 0.3264334713305734}}