{"P00582": {"Enrichment": 0.2696346073078538, "Depletion": 0.7303853922921542, "two-tailed": 0.5392692146157076}}