{"P03018": {"Enrichment": 0.4139317213655727, "Depletion": 0.5860882782344353, "two-tailed": 0.8278634427311454}}