{"P04995": {"Enrichment": 0.7914241715165696, "Depletion": 0.20859582808343832, "two-tailed": 0.41719165616687665}}