{"P04995": {"Enrichment": 0.8512829743405131, "Depletion": 0.1487370252594948, "two-tailed": 0.2974740505189896}}