{"P05050": {"Enrichment": 0.007739845203095938, "Depletion": 0.9922801543969121, "two-tailed": 0.015479690406191876}}