{"P05523": {"Enrichment": 0.74372512549749, "Depletion": 0.25629487410251794, "two-tailed": 0.5125897482050359}}