{"P05523": {"Enrichment": 0.7433251334973301, "Depletion": 0.25669486610267794, "two-tailed": 0.5133897322053559}}