{"P06612": {"Enrichment": 0.23343533129337413, "Depletion": 0.7665846683066339, "two-tailed": 0.46687066258674825}}