{"P06612": {"Enrichment": 0.23327533449331014, "Depletion": 0.7667446651066979, "two-tailed": 0.4665506689866203}}