{"P09980": {"Enrichment": 0.5052498950020999, "Depletion": 0.49477010459790804, "two-tailed": 0.9895402091958161}}