{"P09980": {"Enrichment": 0.49385012299754005, "Depletion": 0.5061698766024679, "two-tailed": 0.9877002459950801}}