{"P0A8V2": {"Enrichment": 0.8598228035439291, "Depletion": 0.1401971960560789, "two-tailed": 0.2803943921121578}}