{"P0A8V2": {"Enrichment": 0.7793244135117298, "Depletion": 0.22069558608827824, "two-tailed": 0.4413911721765565}}