{"P0A8T7": {"Enrichment": 0.6611267774644507, "Depletion": 0.3388932221355573, "two-tailed": 0.6777864442711146}}