{"P0ABS5": {"Enrichment": 0.5857082858342834, "Depletion": 0.4143117137657247, "two-tailed": 0.8286234275314494}}