{"P0ABS5": {"Enrichment": 0.5852482950340994, "Depletion": 0.41477170456590867, "two-tailed": 0.8295434091318173}}