{"P0ACP7": {"Enrichment": 0.46651066978660427, "Depletion": 0.5335093298134037, "two-tailed": 0.9330213395732085}}