{"P0ACI0": {"Enrichment": 0.8191636167276655, "Depletion": 0.18085638287234254, "two-tailed": 0.3617127657446851}}