{"P0ACI0": {"Enrichment": 0.7975240495190096, "Depletion": 0.20249595008099838, "two-tailed": 0.40499190016199677}}