{"P0ACP7": {"Enrichment": 0.6505469890602188, "Depletion": 0.3494730105397892, "two-tailed": 0.6989460210795784}}