{"P0AE70": {"Enrichment": 0.6437671246575069, "Depletion": 0.35625287494250113, "two-tailed": 0.7125057498850023}}