{"P0AEK0": {"Enrichment": 0.25545489090218193, "Depletion": 0.744565108697826, "two-tailed": 0.5109097818043639}}