{"P0AFY8": {"Enrichment": 0.25781484370312596, "Depletion": 0.7422051558968821, "two-tailed": 0.5156296874062519}}