{"P14294": {"Enrichment": 0.8265834683306333, "Depletion": 0.1734365312693746, "two-tailed": 0.3468730625387492}}