{"P14294": {"Enrichment": 0.740865182696346, "Depletion": 0.25915481690366193, "two-tailed": 0.5183096338073239}}