{"P15042": {"Enrichment": 0.6408871822563549, "Depletion": 0.35913281734365315, "two-tailed": 0.7182656346873063}}