{"P15005": {"Enrichment": 0.4747705045899082, "Depletion": 0.5252494950100998, "two-tailed": 0.9495410091798164}}