{"P15042": {"Enrichment": 0.5723885522289555, "Depletion": 0.4276314473710526, "two-tailed": 0.8552628947421052}}