{"P16525": {"Enrichment": 0.5055098898022039, "Depletion": 0.494510109797804, "two-tailed": 0.989020219595608}}