{"P21189": {"Enrichment": 0.6475270494590109, "Depletion": 0.3524929501409972, "two-tailed": 0.7049859002819944}}