{"P21189": {"Enrichment": 0.7081258374832503, "Depletion": 0.29189416211675767, "two-tailed": 0.5837883242335153}}