{"P23909": {"Enrichment": 0.6426071478570429, "Depletion": 0.35741285174296517, "two-tailed": 0.7148257034859303}}