{"P27296": {"Enrichment": 0.02751944961100778, "Depletion": 0.9725005499890003, "two-tailed": 0.05503889922201556}}