{"P27296": {"Enrichment": 0.09783804323913521, "Depletion": 0.9021819563608727, "two-tailed": 0.19567608647827042}}