{"P30014": {"Enrichment": 0.044199116017679646, "Depletion": 0.9558208835823283, "two-tailed": 0.08839823203535929}}