{"P30014": {"Enrichment": 0.0739585208295834, "Depletion": 0.9260614787704246, "two-tailed": 0.1479170416591668}}