{"P76116": {"Enrichment": 0.06383872322553549, "Depletion": 0.9361812763744725, "two-tailed": 0.12767744645107099}}