{"P76318": {"Enrichment": 0.35057298854022917, "Depletion": 0.6494470110597788, "two-tailed": 0.7011459770804583}}