{"P76318": {"Enrichment": 0.15397692046159075, "Depletion": 0.8460430791384173, "two-tailed": 0.3079538409231815}}