{"Q46898": {"Enrichment": 0.5749685006299874, "Depletion": 0.4250514989700206, "two-tailed": 0.8501029979400412}}