{"Q47152": {"Enrichment": 0.44575108497830046, "Depletion": 0.5542689146217076, "two-tailed": 0.8915021699566009}}