{"Q47155": {"Enrichment": 0.020619587608247836, "Depletion": 0.9794004119917602, "two-tailed": 0.04123917521649567}}