{"Q47152": {"Enrichment": 0.35879282414351715, "Depletion": 0.6412271754564909, "two-tailed": 0.7175856482870343}}