{"O14964": {"Enrichment": 0.498670026599468, "Depletion": 0.50134997300054, "two-tailed": 0.997340053198936}}