{"O14964": {"Enrichment": 0.4917101657966841, "Depletion": 0.508309833803324, "two-tailed": 0.9834203315933682}}