{"O43189": {"Enrichment": 0.6718465630687386, "Depletion": 0.32817343653126935, "two-tailed": 0.6563468730625387}}