{"O43189": {"Enrichment": 0.6680466390672186, "Depletion": 0.33197336053278936, "two-tailed": 0.6639467210655787}}