{"O75689": {"Enrichment": 0.613487730245395, "Depletion": 0.38653226935461293, "two-tailed": 0.7730645387092259}}