{"O75689": {"Enrichment": 0.5808083838323234, "Depletion": 0.4192116157676846, "two-tailed": 0.8384232315353692}}