{"O95267": {"Enrichment": 0.13539729205415893, "Depletion": 0.8646227075458491, "two-tailed": 0.27079458410831786}}