{"P04049": {"Enrichment": 0.8691026179476411, "Depletion": 0.13091738165236697, "two-tailed": 0.26183476330473393}}