{"P11473": {"Enrichment": 0.9298014039719206, "Depletion": 0.07021859562808744, "two-tailed": 0.14043719125617488}}