{"P11473": {"Enrichment": 0.9298414031719365, "Depletion": 0.07017859642807144, "two-tailed": 0.14035719285614287}}