{"P20393": {"Enrichment": 0.9673206535869283, "Depletion": 0.032699346013079736, "two-tailed": 0.06539869202615947}}