{"P20393": {"Enrichment": 0.9669006619867603, "Depletion": 0.033119337613247736, "two-tailed": 0.06623867522649547}}