{"P22681": {"Enrichment": 0.04029919401611968, "Depletion": 0.9597208055838883, "two-tailed": 0.08059838803223936}}