{"P22681": {"Enrichment": 0.039259214815703686, "Depletion": 0.9607607847843043, "two-tailed": 0.07851842963140737}}