{"P23025": {"Enrichment": 0.2715345693086138, "Depletion": 0.7284854302913941, "two-tailed": 0.5430691386172276}}