{"P23025": {"Enrichment": 0.2994740105197896, "Depletion": 0.7005459890802184, "two-tailed": 0.5989480210395792}}