{"P26358": {"Enrichment": 0.999320013599728, "Depletion": 0.0006999860002799944, "two-tailed": 0.0013999720005599889}}