{"P29375": {"Enrichment": 0.06121877562448751, "Depletion": 0.9388012239755205, "two-tailed": 0.12243755124897503}}