{"P36406": {"Enrichment": 0.9692406151876962, "Depletion": 0.030779384412311754, "two-tailed": 0.06155876882462351}}