{"P41235": {"Enrichment": 0.31785364292714147, "Depletion": 0.6821663566728665, "two-tailed": 0.6357072858542829}}