{"P41235": {"Enrichment": 0.3236335273294534, "Depletion": 0.6763864722705546, "two-tailed": 0.6472670546589068}}