{"P42677": {"Enrichment": 0.4132117357652847, "Depletion": 0.5868082638347233, "two-tailed": 0.8264234715305694}}