{"P52594": {"Enrichment": 0.7234255314893702, "Depletion": 0.2765944681106378, "two-tailed": 0.5531889362212756}}