{"P52594": {"Enrichment": 0.7231255374892502, "Depletion": 0.2768944621107578, "two-tailed": 0.5537889242215156}}