{"P55197": {"Enrichment": 0.9078018439631207, "Depletion": 0.09221815563688726, "two-tailed": 0.18443631127377452}}