{"P63272": {"Enrichment": 0.6862062758744825, "Depletion": 0.31381372372552546, "two-tailed": 0.6276274474510509}}