{"Q05823": {"Enrichment": 0.034219315613687726, "Depletion": 0.9658006839863202, "two-tailed": 0.06843863122737545}}