{"Q14149": {"Enrichment": 0.25725485490290195, "Depletion": 0.7427651446971061, "two-tailed": 0.5145097098058039}}