{"Q14149": {"Enrichment": 0.4872302553948921, "Depletion": 0.5127897442051159, "two-tailed": 0.9744605107897842}}