{"Q15075": {"Enrichment": 0.9792204155916882, "Depletion": 0.020799584008319834, "two-tailed": 0.04159916801663967}}