{"Q5VYS8": {"Enrichment": 0.9076218475630488, "Depletion": 0.09239815203695927, "two-tailed": 0.18479630407391853}}