{"Q5VYS8": {"Enrichment": 0.9080218395632087, "Depletion": 0.09199816003679927, "two-tailed": 0.18399632007359853}}