{"Q6ZMT4": {"Enrichment": 0.5834283314333714, "Depletion": 0.4165916681666367, "two-tailed": 0.8331833363332733}}