{"Q6ZMT4": {"Enrichment": 0.5584888302233956, "Depletion": 0.44153116937661246, "two-tailed": 0.8830623387532249}}