{"Q7Z2E3": {"Enrichment": 0.2751344973100538, "Depletion": 0.7248855022899542, "two-tailed": 0.5502689946201076}}