{"Q7Z2E3": {"Enrichment": 0.26999460010799786, "Depletion": 0.7300253994920102, "two-tailed": 0.5399892002159957}}