{"Q7Z3T8": {"Enrichment": 0.990720185596288, "Depletion": 0.009299814003719925, "two-tailed": 0.01859962800743985}}