{"Q86SE9": {"Enrichment": 0.9485210295794084, "Depletion": 0.05149897002059959, "two-tailed": 0.10299794004119918}}