{"Q86UW9": {"Enrichment": 0.15263694726105478, "Depletion": 0.8473830523389532, "two-tailed": 0.30527389452210957}}