{"Q8IWV7": {"Enrichment": 0.999960000799984, "Depletion": 5.999880002399952e-05, "two-tailed": 0.00011999760004799904}}