{"Q8N6H7": {"Enrichment": 0.5872282554348913, "Depletion": 0.4127917441651167, "two-tailed": 0.8255834883302334}}