{"Q8N6H7": {"Enrichment": 0.5917081658366833, "Depletion": 0.40831183376332475, "two-tailed": 0.8166236675266495}}