{"Q8N6T3": {"Enrichment": 0.6105677886442271, "Depletion": 0.38945221095578086, "two-tailed": 0.7789044219115617}}