{"Q8N6T3": {"Enrichment": 0.6142477150456991, "Depletion": 0.3857722845543089, "two-tailed": 0.7715445691086178}}