{"Q8TDY4": {"Enrichment": 0.2819343613127737, "Depletion": 0.7180856382872343, "two-tailed": 0.5638687226255474}}