{"Q8WU79": {"Enrichment": 0.6704865902681947, "Depletion": 0.32953340933181335, "two-tailed": 0.6590668186636267}}