{"Q8WU79": {"Enrichment": 0.6703465930681386, "Depletion": 0.3296734065318694, "two-tailed": 0.6593468130637388}}