{"Q92900": {"Enrichment": 0.5436891262174757, "Depletion": 0.45633087338253236, "two-tailed": 0.9126617467650647}}