{"Q92900": {"Enrichment": 0.5420091598168036, "Depletion": 0.45801083978320434, "two-tailed": 0.9160216795664087}}