{"Q96EP0": {"Enrichment": 0.34491310173796524, "Depletion": 0.6551068978620428, "two-tailed": 0.6898262034759305}}