{"Q96T51": {"Enrichment": 0.999980000399992, "Depletion": 3.999920001599968e-05, "two-tailed": 7.999840003199936e-05}}