{"Q96T51": {"Enrichment": 0.99990000199996, "Depletion": 0.00011999760004799904, "two-tailed": 0.00023999520009599807}}