{"Q9BRZ2": {"Enrichment": 0.990740185196296, "Depletion": 0.009279814403711926, "two-tailed": 0.01855962880742385}}