{"Q9BRZ2": {"Enrichment": 0.991080178396432, "Depletion": 0.00893982120357593, "two-tailed": 0.01787964240715186}}