{"Q9H7B4": {"Enrichment": 0.369292614147717, "Depletion": 0.6307273854522909, "two-tailed": 0.738585228295434}}