{"Q9NQV7": {"Enrichment": 0.8652026959460811, "Depletion": 0.1348173036539269, "two-tailed": 0.2696346073078538}}