{"Q9NRG4": {"Enrichment": 0.41823163536729263, "Depletion": 0.5817883642327153, "two-tailed": 0.8364632707345853}}