{"Q9NRG4": {"Enrichment": 0.5951880962380752, "Depletion": 0.40483190336193275, "two-tailed": 0.8096638067238655}}