{"Q9NS91": {"Enrichment": 0.875162496750065, "Depletion": 0.124857502849943, "two-tailed": 0.249715005699886}}