{"Q9NW08": {"Enrichment": 0.45727085458290834, "Depletion": 0.5427491450170997, "two-tailed": 0.9145417091658167}}