{"Q9NW08": {"Enrichment": 0.32861342773144536, "Depletion": 0.6714065718685627, "two-tailed": 0.6572268554628907}}