{"Q9NW64": {"Enrichment": 0.19057618847623048, "Depletion": 0.8094438111237775, "two-tailed": 0.38115237695246096}}