{"Q9UBL3": {"Enrichment": 0.994020119597608, "Depletion": 0.005999880002399952, "two-tailed": 0.011999760004799903}}