{"Q9UGL1": {"Enrichment": 0.16709665806683865, "Depletion": 0.8329233415331694, "two-tailed": 0.3341933161336773}}