{"Q9UGL1": {"Enrichment": 0.1907961840763185, "Depletion": 0.8092238155236895, "two-tailed": 0.381592368152637}}