{"Q9ULU4": {"Enrichment": 0.45565088698226036, "Depletion": 0.5443691126177477, "two-tailed": 0.9113017739645207}}