{"Q9ULU4": {"Enrichment": 0.45703085938281235, "Depletion": 0.5429891402171957, "two-tailed": 0.9140617187656247}}