{"Q9UPP1": {"Enrichment": 0.37675246495070097, "Depletion": 0.6232675346493071, "two-tailed": 0.7535049299014019}}