{"Q9UPP1": {"Enrichment": 0.42883142337153257, "Depletion": 0.5711885762284754, "two-tailed": 0.8576628467430651}}