{"Q9Y483": {"Enrichment": 0.9854802903941922, "Depletion": 0.014539709205815883, "two-tailed": 0.029079418411631766}}