{"Q9Y483": {"Enrichment": 0.9388812223755525, "Depletion": 0.06113877722445551, "two-tailed": 0.12227755444891102}}