{"Q9Y6K1": {"Enrichment": 0.3410531789364213, "Depletion": 0.6589668206635867, "two-tailed": 0.6821063578728426}}