{"Q9Y6K1": {"Enrichment": 0.3381532369352613, "Depletion": 0.6618667626647468, "two-tailed": 0.6763064738705226}}