{"Q9Y6X9": {"Enrichment": 0.75572488550229, "Depletion": 0.24429511409771804, "two-tailed": 0.48859022819543607}}