{"P00175": {"Enrichment": 0.2777144457110858, "Depletion": 0.7223055538889223, "two-tailed": 0.5554288914221716}}