{"P00163": {"Enrichment": 0.014139717205655888, "Depletion": 0.9858802823943521, "two-tailed": 0.028279434411311775}}