{"P00175": {"Enrichment": 0.27915441691166176, "Depletion": 0.7208655826883462, "two-tailed": 0.5583088338233235}}