{"P00330": {"Enrichment": 0.7784444311113777, "Depletion": 0.22157556848863022, "two-tailed": 0.44315113697726044}}