{"P00330": {"Enrichment": 0.6826463470730585, "Depletion": 0.31737365252694943, "two-tailed": 0.6347473050538989}}