{"P00410": {"Enrichment": 0.4492710145797084, "Depletion": 0.5507489850202996, "two-tailed": 0.8985420291594168}}