{"P00410": {"Enrichment": 0.02769944601107978, "Depletion": 0.9723205535889282, "two-tailed": 0.05539889202215956}}