{"P00431": {"Enrichment": 0.11005779884402311, "Depletion": 0.8899622007559849, "two-tailed": 0.22011559768804623}}