{"P00431": {"Enrichment": 0.39043219135617285, "Depletion": 0.6095878082438351, "two-tailed": 0.7808643827123457}}