{"P00549": {"Enrichment": 0.9781404371912562, "Depletion": 0.021879562408751826, "two-tailed": 0.04375912481750365}}