{"P00560": {"Enrichment": 0.11125777484450311, "Depletion": 0.8887622247555049, "two-tailed": 0.22251554968900622}}