{"P00572": {"Enrichment": 0.30209395812083756, "Depletion": 0.6979260414791704, "two-tailed": 0.6041879162416751}}