{"P00572": {"Enrichment": 0.10373792524149517, "Depletion": 0.8962820743585128, "two-tailed": 0.20747585048299033}}