{"P00549": {"Enrichment": 0.9138617227655447, "Depletion": 0.08615827683446331, "two-tailed": 0.17231655366892662}}