{"P00560": {"Enrichment": 0.2914341713165737, "Depletion": 0.7085858282834343, "two-tailed": 0.5828683426331474}}