{"P00729": {"Enrichment": 0.2771144577108458, "Depletion": 0.7229055418891622, "two-tailed": 0.5542289154216916}}