{"P00729": {"Enrichment": 0.11409771804563909, "Depletion": 0.8859222815543689, "two-tailed": 0.22819543609127818}}