{"P00830": {"Enrichment": 0.9536009279814404, "Depletion": 0.04641907161856763, "two-tailed": 0.09283814323713525}}