{"P00817": {"Enrichment": 0.052078958420831586, "Depletion": 0.9479410411791764, "two-tailed": 0.10415791684166317}}