{"P00950": {"Enrichment": 0.4383712325753485, "Depletion": 0.5616487670246595, "two-tailed": 0.876742465150697}}