{"P00924": {"Enrichment": 0.03543929121417572, "Depletion": 0.9645807083858323, "two-tailed": 0.07087858242835143}}