{"P00942": {"Enrichment": 0.8687826243475131, "Depletion": 0.13123737525249496, "two-tailed": 0.2624747505049899}}