{"P00942": {"Enrichment": 0.6486070278594428, "Depletion": 0.3514129717405652, "two-tailed": 0.7028259434811304}}