{"P01123": {"Enrichment": 0.21637567248655026, "Depletion": 0.7836443271134578, "two-tailed": 0.4327513449731005}}