{"P01123": {"Enrichment": 0.3530729385412292, "Depletion": 0.6469470610587789, "two-tailed": 0.7061458770824584}}