{"P02829": {"Enrichment": 0.9050818983620328, "Depletion": 0.09493810123797523, "two-tailed": 0.18987620247595047}}