{"P02829": {"Enrichment": 0.7929241415171696, "Depletion": 0.20709585808283834, "two-tailed": 0.4141917161656767}}