{"P02994": {"Enrichment": 0.501909961800764, "Depletion": 0.498110037799244, "two-tailed": 0.996220075598488}}