{"P03870": {"Enrichment": 0.5217495650086998, "Depletion": 0.4782704345913082, "two-tailed": 0.9565408691826164}}