{"P03870": {"Enrichment": 0.21367572648547029, "Depletion": 0.7863442731145377, "two-tailed": 0.42735145297094057}}