{"P03882": {"Enrichment": 0.12177756444871103, "Depletion": 0.878242435151297, "two-tailed": 0.24355512889742206}}