{"P03882": {"Enrichment": 0.25017499650007, "Depletion": 0.749845003099938, "two-tailed": 0.50034999300014}}