{"P03962": {"Enrichment": 0.6265874682506349, "Depletion": 0.373432531349373, "two-tailed": 0.746865062698746}}