{"P03962": {"Enrichment": 0.43599128017439653, "Depletion": 0.5640287194256115, "two-tailed": 0.8719825603487931}}