{"P04387": {"Enrichment": 0.2401351972960541, "Depletion": 0.7598848023039539, "two-tailed": 0.4802703945921082}}