{"P04397": {"Enrichment": 0.021719565608687826, "Depletion": 0.9783004339913202, "two-tailed": 0.04343913121737565}}