{"P04397": {"Enrichment": 0.01631967360652787, "Depletion": 0.9837003259934801, "two-tailed": 0.03263934721305574}}