{"P04807": {"Enrichment": 0.3124537509249815, "Depletion": 0.6875662486750265, "two-tailed": 0.624907501849963}}