{"P04806": {"Enrichment": 0.3412131757364853, "Depletion": 0.6588068238635227, "two-tailed": 0.6824263514729706}}