{"P04802": {"Enrichment": 0.6698066038679227, "Depletion": 0.33021339573208536, "two-tailed": 0.6604267914641707}}