{"P04802": {"Enrichment": 0.8890822183556328, "Depletion": 0.11093778124437512, "two-tailed": 0.22187556248875023}}