{"P04807": {"Enrichment": 0.18991620167596648, "Depletion": 0.8101037979240415, "two-tailed": 0.37983240335193297}}