{"P04806": {"Enrichment": 0.07933841323173536, "Depletion": 0.9206815863682727, "two-tailed": 0.15867682646347073}}