{"P05373": {"Enrichment": 0.18421631567368651, "Depletion": 0.8158036839263215, "two-tailed": 0.36843263134737303}}