{"P05373": {"Enrichment": 0.09611807763844724, "Depletion": 0.9039019219615607, "two-tailed": 0.19223615527689447}}