{"P05750": {"Enrichment": 0.015519689606207875, "Depletion": 0.9845003099938001, "two-tailed": 0.03103937921241575}}