{"P05750": {"Enrichment": 0.01627967440651187, "Depletion": 0.9837403251934961, "two-tailed": 0.03255934881302374}}