{"P06169": {"Enrichment": 0.6658866822663547, "Depletion": 0.3341333173336533, "two-tailed": 0.6682666346673066}}