{"P06103": {"Enrichment": 0.21937561248775025, "Depletion": 0.7806443871122578, "two-tailed": 0.4387512249755005}}