{"P06169": {"Enrichment": 0.9420011599768005, "Depletion": 0.05801883962320754, "two-tailed": 0.11603767924641507}}