{"P06244": {"Enrichment": 0.9659606807863843, "Depletion": 0.03405931881362373, "two-tailed": 0.06811863762724746}}