{"P06244": {"Enrichment": 0.879622407551849, "Depletion": 0.12039759204815903, "two-tailed": 0.24079518409631806}}