{"P06786": {"Enrichment": 0.29687406251874965, "Depletion": 0.7031459370812584, "two-tailed": 0.5937481250374993}}