{"P06701": {"Enrichment": 0.8560428791424172, "Depletion": 0.14397712045759084, "two-tailed": 0.2879542409151817}}