{"P06780": {"Enrichment": 0.3110337793244135, "Depletion": 0.6889862202755945, "two-tailed": 0.622067558648827}}