{"P06786": {"Enrichment": 0.31805363892722144, "Depletion": 0.6819663606727866, "two-tailed": 0.6361072778544429}}