{"P06780": {"Enrichment": 0.31783364332713343, "Depletion": 0.6821863562728745, "two-tailed": 0.6356672866542669}}