{"P06839": {"Enrichment": 0.371532569348613, "Depletion": 0.628487430251395, "two-tailed": 0.743065138697226}}