{"P06839": {"Enrichment": 0.5613887722245555, "Depletion": 0.4386312273754525, "two-tailed": 0.877262454750905}}