{"P07170": {"Enrichment": 0.24173516529669406, "Depletion": 0.758284834303314, "two-tailed": 0.4834703305933881}}