{"P07143": {"Enrichment": 0.9608807823843523, "Depletion": 0.039139217215655685, "two-tailed": 0.07827843443131137}}