{"P07260": {"Enrichment": 0.5460890782184357, "Depletion": 0.45393092138157237, "two-tailed": 0.9078618427631447}}