{"P07251": {"Enrichment": 0.9135817283654327, "Depletion": 0.08643827123457531, "two-tailed": 0.17287654246915063}}