{"P07213": {"Enrichment": 0.4441911161776764, "Depletion": 0.5558288834223315, "two-tailed": 0.8883822323553529}}