{"P07213": {"Enrichment": 0.44491110177796445, "Depletion": 0.5551088978220435, "two-tailed": 0.8898222035559289}}