{"P07285": {"Enrichment": 0.06017879642407152, "Depletion": 0.9398412031759364, "two-tailed": 0.12035759284814304}}