{"P07257": {"Enrichment": 0.25361492770144595, "Depletion": 0.746405071898562, "two-tailed": 0.5072298554028919}}