{"P07256": {"Enrichment": 0.7331053378932422, "Depletion": 0.26691466170676587, "two-tailed": 0.5338293234135317}}