{"P07256": {"Enrichment": 0.9001219975600488, "Depletion": 0.0998980020399592, "two-tailed": 0.1997960040799184}}