{"P07236": {"Enrichment": 0.5214295714085718, "Depletion": 0.47859042819143616, "two-tailed": 0.9571808563828723}}