{"P07271": {"Enrichment": 0.40547189056218874, "Depletion": 0.5945481090378193, "two-tailed": 0.8109437811243775}}