{"P07260": {"Enrichment": 0.8033639327213455, "Depletion": 0.19665606687866244, "two-tailed": 0.3933121337573249}}