{"P07342": {"Enrichment": 0.1524569508609828, "Depletion": 0.8475630487390252, "two-tailed": 0.3049139017219656}}