{"P07342": {"Enrichment": 0.1857362852742945, "Depletion": 0.8142837143257134, "two-tailed": 0.371472570548589}}