{"P07703": {"Enrichment": 0.01761964760704786, "Depletion": 0.9824003519929602, "two-tailed": 0.03523929521409572}}