{"P07884": {"Enrichment": 0.624267514649707, "Depletion": 0.375752484950301, "two-tailed": 0.751504969900602}}