{"P08417": {"Enrichment": 0.0029199416011679766, "Depletion": 0.99710005799884, "two-tailed": 0.005839883202335953}}