{"P08536": {"Enrichment": 0.8889422211555769, "Depletion": 0.1110777784444311, "two-tailed": 0.2221555568888622}}