{"P08536": {"Enrichment": 0.5773084538309233, "Depletion": 0.4227115457690846, "two-tailed": 0.8454230915381692}}