{"P09201": {"Enrichment": 0.9810003799924002, "Depletion": 0.019019619607607847, "two-tailed": 0.038039239215215695}}