{"P09201": {"Enrichment": 0.9869402611947761, "Depletion": 0.013079738405231895, "two-tailed": 0.02615947681046379}}