{"P09624": {"Enrichment": 0.05299894002119958, "Depletion": 0.9470210595788084, "two-tailed": 0.10599788004239916}}