{"P09620": {"Enrichment": 0.44487110257794843, "Depletion": 0.5551488970220596, "two-tailed": 0.8897422051558969}}