{"P09620": {"Enrichment": 0.16843663126737465, "Depletion": 0.8315833683326334, "two-tailed": 0.3368732625347493}}