{"P09624": {"Enrichment": 0.4620307593848123, "Depletion": 0.5379892402151957, "two-tailed": 0.9240615187696246}}