{"P09938": {"Enrichment": 0.018239635207295855, "Depletion": 0.9817803643927121, "two-tailed": 0.03647927041459171}}