{"P09950": {"Enrichment": 0.002579948401031979, "Depletion": 0.997440051198976, "two-tailed": 0.005159896802063958}}