{"P09938": {"Enrichment": 0.05705885882282354, "Depletion": 0.9429611407771844, "two-tailed": 0.11411771764564708}}