{"P09959": {"Enrichment": 0.9714405711885762, "Depletion": 0.02857942841143177, "two-tailed": 0.05715885682286354}}