{"P09950": {"Enrichment": 0.0020799584008319833, "Depletion": 0.997940041199176, "two-tailed": 0.004159916801663967}}