{"P09959": {"Enrichment": 0.9533209335813284, "Depletion": 0.046699066018679625, "two-tailed": 0.09339813203735925}}