{"P0CX29": {"Enrichment": 0.3885322293554129, "Depletion": 0.6114877702445951, "two-tailed": 0.7770644587108257}}