{"P0CX35": {"Enrichment": 0.8847823043539129, "Depletion": 0.11523769524609508, "two-tailed": 0.23047539049219015}}