{"P0CX37": {"Enrichment": 0.23551528969420613, "Depletion": 0.7645047099058019, "two-tailed": 0.47103057938841225}}