{"P0CX35": {"Enrichment": 0.9595008099838003, "Depletion": 0.04051918961620768, "two-tailed": 0.08103837923241536}}