{"P10081": {"Enrichment": 0.9618007639847203, "Depletion": 0.03821923561528769, "two-tailed": 0.07643847123057539}}