{"P10081": {"Enrichment": 0.9539009219815604, "Depletion": 0.04611907761844763, "two-tailed": 0.09223815523689526}}