{"P10363": {"Enrichment": 0.373812523749525, "Depletion": 0.626207475850483, "two-tailed": 0.74762504749905}}