{"P10363": {"Enrichment": 0.19371612567748644, "Depletion": 0.8063038739225216, "two-tailed": 0.3874322513549729}}