{"P10507": {"Enrichment": 0.28693426131477373, "Depletion": 0.7130857382852342, "two-tailed": 0.5738685226295475}}