{"P10614": {"Enrichment": 0.008339833203335933, "Depletion": 0.9916801663966721, "two-tailed": 0.016679666406671866}}