{"P11353": {"Enrichment": 0.32033359332813344, "Depletion": 0.6796864062718746, "two-tailed": 0.6406671866562669}}