{"P11353": {"Enrichment": 0.3186936261274774, "Depletion": 0.6813263734725306, "two-tailed": 0.6373872522549549}}