{"P11484": {"Enrichment": 0.003839923201535969, "Depletion": 0.9961800763984721, "two-tailed": 0.007679846403071938}}