{"P11978": {"Enrichment": 0.879482410351793, "Depletion": 0.12053758924821503, "two-tailed": 0.24107517849643006}}