{"P11914": {"Enrichment": 0.2757344853102938, "Depletion": 0.7242855142897142, "two-tailed": 0.5514689706205876}}