{"P11978": {"Enrichment": 0.8788424231515369, "Depletion": 0.12117757644847103, "two-tailed": 0.24235515289694207}}