{"P12689": {"Enrichment": 0.7267054658906822, "Depletion": 0.2733145337093258, "two-tailed": 0.5466290674186516}}