{"P12612": {"Enrichment": 0.8390432191356173, "Depletion": 0.1609767804643907, "two-tailed": 0.3219535609287814}}