{"P12612": {"Enrichment": 0.8392632147357053, "Depletion": 0.16075678486430273, "two-tailed": 0.32151356972860545}}