{"P12904": {"Enrichment": 0.31917361652766946, "Depletion": 0.6808463830723386, "two-tailed": 0.6383472330553389}}