{"P12904": {"Enrichment": 0.47005059898802026, "Depletion": 0.5299694006119877, "two-tailed": 0.9401011979760405}}