{"P13045": {"Enrichment": 0.03433931321373573, "Depletion": 0.9656806863862722, "two-tailed": 0.06867862642747145}}