{"P13045": {"Enrichment": 0.09811803763924722, "Depletion": 0.9019019619607608, "two-tailed": 0.19623607527849443}}