{"P13188": {"Enrichment": 0.9545409091818163, "Depletion": 0.045479090418191634, "two-tailed": 0.09095818083638327}}