{"P13134": {"Enrichment": 0.7598448031039379, "Depletion": 0.24017519649607008, "two-tailed": 0.48035039299214016}}