{"P13188": {"Enrichment": 0.9550008999820003, "Depletion": 0.04501909961800764, "two-tailed": 0.09003819923601528}}