{"P13298": {"Enrichment": 0.41859162816743667, "Depletion": 0.5814283714325713, "two-tailed": 0.8371832563348733}}