{"P13298": {"Enrichment": 0.4176716465670687, "Depletion": 0.5823483530329393, "two-tailed": 0.8353432931341374}}