{"P13382": {"Enrichment": 0.9574408511829764, "Depletion": 0.042579148417031656, "two-tailed": 0.08515829683406331}}