{"P14242": {"Enrichment": 0.6117877642447151, "Depletion": 0.3882322353552929, "two-tailed": 0.7764644707105858}}