{"P14736": {"Enrichment": 0.3011339773204536, "Depletion": 0.6988860222795544, "two-tailed": 0.6022679546409072}}