{"P14736": {"Enrichment": 0.29203415931681365, "Depletion": 0.7079858402831943, "two-tailed": 0.5840683186336273}}