{"P14832": {"Enrichment": 0.2786144277114458, "Depletion": 0.7214055718885622, "two-tailed": 0.5572288554228916}}