{"P14908": {"Enrichment": 0.06993860122797545, "Depletion": 0.9300813983720325, "two-tailed": 0.1398772024559509}}