{"P14908": {"Enrichment": 0.15635687286254274, "Depletion": 0.8436631267374652, "two-tailed": 0.3127137457250855}}