{"P14904": {"Enrichment": 0.42079158416831663, "Depletion": 0.5792284154316913, "two-tailed": 0.8415831683366333}}