{"P15303": {"Enrichment": 0.8406031879362412, "Depletion": 0.15941681166376673, "two-tailed": 0.31883362332753346}}