{"P15454": {"Enrichment": 0.13199736005279894, "Depletion": 0.868022639547209, "two-tailed": 0.2639947201055979}}