{"P15424": {"Enrichment": 0.998240035199296, "Depletion": 0.0017799644007119857, "two-tailed": 0.0035599288014239714}}