{"P15436": {"Enrichment": 0.16121677566448672, "Depletion": 0.8388032239355213, "two-tailed": 0.32243355132897344}}