{"P15790": {"Enrichment": 0.037539249215015696, "Depletion": 0.9624807503849923, "two-tailed": 0.07507849843003139}}