{"P15790": {"Enrichment": 0.006559868802623947, "Depletion": 0.993460130797384, "two-tailed": 0.013119737605247895}}