{"P15700": {"Enrichment": 0.3539729205415892, "Depletion": 0.6460470790584188, "two-tailed": 0.7079458410831784}}