{"P15807": {"Enrichment": 0.37991240175196495, "Depletion": 0.620107597848043, "two-tailed": 0.7598248035039299}}