{"P16370": {"Enrichment": 0.002379952400951981, "Depletion": 0.997640047199056, "two-tailed": 0.004759904801903962}}