{"P16370": {"Enrichment": 0.7074258514829703, "Depletion": 0.29259414811703766, "two-tailed": 0.5851882962340753}}