{"P16474": {"Enrichment": 0.3252734945301094, "Depletion": 0.6747465050698986, "two-tailed": 0.6505469890602188}}