{"P16474": {"Enrichment": 0.3223535529289414, "Depletion": 0.6776664466710666, "two-tailed": 0.6447071058578828}}