{"P16521": {"Enrichment": 0.14665706685866284, "Depletion": 0.8533629327413452, "two-tailed": 0.2933141337173257}}