{"P16521": {"Enrichment": 0.07045859082818344, "Depletion": 0.9295614087718246, "two-tailed": 0.14091718165636688}}