{"P16622": {"Enrichment": 0.7758044839103218, "Depletion": 0.2242155156896862, "two-tailed": 0.4484310313793724}}