{"P16603": {"Enrichment": 0.23309533809323812, "Depletion": 0.7669246615067699, "two-tailed": 0.46619067618647625}}