{"P16622": {"Enrichment": 0.7732645347093058, "Depletion": 0.2267554648907022, "two-tailed": 0.4535109297814044}}