{"P16603": {"Enrichment": 0.4206315873682526, "Depletion": 0.5793884122317554, "two-tailed": 0.8412631747365052}}