{"P16861": {"Enrichment": 0.29163416731665365, "Depletion": 0.7083858322833543, "two-tailed": 0.5832683346333073}}