{"P16892": {"Enrichment": 0.4934301313973721, "Depletion": 0.506589868202636, "two-tailed": 0.9868602627947441}}