{"P16892": {"Enrichment": 0.7093058138837224, "Depletion": 0.29071418571628566, "two-tailed": 0.5814283714325713}}