{"P16861": {"Enrichment": 0.251734965300694, "Depletion": 0.748285034299314, "two-tailed": 0.503469930601388}}