{"P16862": {"Enrichment": 0.02129957400851983, "Depletion": 0.9787204255914882, "two-tailed": 0.04259914801703966}}