{"P17157": {"Enrichment": 0.03895922081558369, "Depletion": 0.9610607787844243, "two-tailed": 0.07791844163116737}}