{"P17119": {"Enrichment": 0.9279214415711686, "Depletion": 0.07209855802883942, "two-tailed": 0.14419711605767885}}