{"P17157": {"Enrichment": 0.14415711685766286, "Depletion": 0.8558628827423451, "two-tailed": 0.2883142337153257}}