{"P17967": {"Enrichment": 0.6747065058698826, "Depletion": 0.3253134937301254, "two-tailed": 0.6506269874602508}}