{"P17967": {"Enrichment": 0.4815903681926361, "Depletion": 0.5184296314073719, "two-tailed": 0.9631807363852722}}