{"P18408": {"Enrichment": 0.004079918401631967, "Depletion": 0.9959400811983761, "two-tailed": 0.008159836803263935}}