{"P18480": {"Enrichment": 0.010139797204055919, "Depletion": 0.9898802023959521, "two-tailed": 0.020279594408111837}}