{"P19146": {"Enrichment": 0.3258334833303334, "Depletion": 0.6741865162696746, "two-tailed": 0.6516669666606668}}