{"P19146": {"Enrichment": 0.32873342533149336, "Depletion": 0.6712865742685147, "two-tailed": 0.6574668506629867}}