{"P20051": {"Enrichment": 0.16705665886682267, "Depletion": 0.8329633407331853, "two-tailed": 0.33411331773364533}}