{"P20051": {"Enrichment": 0.27909441811163777, "Depletion": 0.7209255814883703, "two-tailed": 0.5581888362232755}}