{"P20081": {"Enrichment": 0.5786884262314753, "Depletion": 0.4213315733685326, "two-tailed": 0.8426631467370652}}