{"P20449": {"Enrichment": 0.9663606727865443, "Depletion": 0.03365932681346373, "two-tailed": 0.06731865362692746}}