{"P20434": {"Enrichment": 0.28165436691266177, "Depletion": 0.7183656326873462, "two-tailed": 0.5633087338253235}}