{"P21242": {"Enrichment": 0.10581788364232715, "Depletion": 0.8942021159576808, "two-tailed": 0.2116357672846543}}