{"P21242": {"Enrichment": 0.10595788084238315, "Depletion": 0.8940621187576249, "two-tailed": 0.2119157616847663}}