{"P21243": {"Enrichment": 0.42209155816883664, "Depletion": 0.5779284414311714, "two-tailed": 0.8441831163376733}}