{"P21524": {"Enrichment": 0.8017039659206816, "Depletion": 0.1983160336793264, "two-tailed": 0.3966320673586528}}