{"P21691": {"Enrichment": 0.746005079898402, "Depletion": 0.25401491970160595, "two-tailed": 0.5080298394032119}}