{"P21691": {"Enrichment": 0.9930801383972321, "Depletion": 0.006939861202775945, "two-tailed": 0.01387972240555189}}