{"P21825": {"Enrichment": 0.2750744985100298, "Depletion": 0.7249455010899782, "two-tailed": 0.5501489970200596}}