{"P21825": {"Enrichment": 0.45685086298274036, "Depletion": 0.5431691366172676, "two-tailed": 0.9137017259654807}}