{"P21954": {"Enrichment": 0.33091338173236534, "Depletion": 0.6691066178676427, "two-tailed": 0.6618267634647307}}