{"P21951": {"Enrichment": 0.6904461910761784, "Depletion": 0.30957380852382954, "two-tailed": 0.6191476170476591}}