{"P21954": {"Enrichment": 0.28169436611267773, "Depletion": 0.7183256334873303, "two-tailed": 0.5633887322253555}}