{"P22138": {"Enrichment": 0.3334533309333813, "Depletion": 0.6665666686666266, "two-tailed": 0.6669066618667626}}