{"P22217": {"Enrichment": 0.33295334093318135, "Depletion": 0.6670666586668267, "two-tailed": 0.6659066818663627}}