{"P22217": {"Enrichment": 0.3841123177536449, "Depletion": 0.615907681846363, "two-tailed": 0.7682246355072898}}