{"P22434": {"Enrichment": 0.08227835443291134, "Depletion": 0.9177416451670967, "two-tailed": 0.1645567088658227}}