{"P22515": {"Enrichment": 0.02771944561108778, "Depletion": 0.9723005539889202, "two-tailed": 0.05543889122217556}}