{"P22515": {"Enrichment": 0.039359212815743685, "Depletion": 0.9606607867842644, "two-tailed": 0.07871842563148737}}