{"P22803": {"Enrichment": 0.3002739945201096, "Depletion": 0.6997460050798984, "two-tailed": 0.6005479890402192}}