{"P23291": {"Enrichment": 0.8567028659426812, "Depletion": 0.14331713365732685, "two-tailed": 0.2866342673146537}}