{"P23202": {"Enrichment": 0.5792884142317154, "Depletion": 0.42073158536829264, "two-tailed": 0.8414631707365853}}