{"P23202": {"Enrichment": 0.5735685286294274, "Depletion": 0.4264514709705806, "two-tailed": 0.8529029419411612}}