{"P23542": {"Enrichment": 0.4598708025839483, "Depletion": 0.5401491970160597, "two-tailed": 0.9197416051678966}}