{"P23542": {"Enrichment": 0.4613707725845483, "Depletion": 0.5386492270154597, "two-tailed": 0.9227415451690966}}