{"P23639": {"Enrichment": 0.23119537609247814, "Depletion": 0.7688246235075299, "two-tailed": 0.4623907521849563}}