{"P23639": {"Enrichment": 0.23055538889222216, "Depletion": 0.7694646107077858, "two-tailed": 0.4611107777844443}}