{"P23638": {"Enrichment": 0.2910341793164137, "Depletion": 0.7089858202835944, "two-tailed": 0.5820683586328274}}