{"P23638": {"Enrichment": 0.2899542009159817, "Depletion": 0.7100657986840263, "two-tailed": 0.5799084018319633}}