{"P23776": {"Enrichment": 0.47613047739045217, "Depletion": 0.5238895222095558, "two-tailed": 0.9522609547809043}}