{"P23776": {"Enrichment": 0.4737505249895002, "Depletion": 0.5262694746105078, "two-tailed": 0.9475010499790004}}