{"P25043": {"Enrichment": 0.7015659686806264, "Depletion": 0.2984540309193816, "two-tailed": 0.5969080618387632}}