{"P25043": {"Enrichment": 0.7040459190816184, "Depletion": 0.29597408051838964, "two-tailed": 0.5919481610367793}}