{"P25389": {"Enrichment": 0.5413291734165316, "Depletion": 0.45869082618347634, "two-tailed": 0.9173816523669527}}