{"P25372": {"Enrichment": 0.6707265854682907, "Depletion": 0.32929341413171737, "two-tailed": 0.6585868282634347}}