{"P25373": {"Enrichment": 0.2604747905041899, "Depletion": 0.7395452090958181, "two-tailed": 0.5209495810083798}}