{"P25389": {"Enrichment": 0.5420691586168277, "Depletion": 0.45795084098318034, "two-tailed": 0.9159016819663607}}