{"P25372": {"Enrichment": 0.4679306413871723, "Depletion": 0.5320893582128358, "two-tailed": 0.9358612827743445}}