{"P25443": {"Enrichment": 0.2255554888902222, "Depletion": 0.7744645107097858, "two-tailed": 0.4511109777804444}}