{"P25491": {"Enrichment": 0.2963940721185576, "Depletion": 0.7036259274814504, "two-tailed": 0.5927881442371152}}