{"P25443": {"Enrichment": 0.2276754464910702, "Depletion": 0.7723445531089378, "two-tailed": 0.4553508929821404}}