{"P25491": {"Enrichment": 0.29219415611687766, "Depletion": 0.7078258434831304, "two-tailed": 0.5843883122337553}}