{"P25586": {"Enrichment": 0.1735765284694306, "Depletion": 0.8264434711305774, "two-tailed": 0.3471530569388612}}