{"P25627": {"Enrichment": 0.6039279214415711, "Depletion": 0.39609207815843683, "two-tailed": 0.7921841563168737}}