{"P25656": {"Enrichment": 0.09241815163696726, "Depletion": 0.9076018479630408, "two-tailed": 0.18483630327393452}}