{"P25655": {"Enrichment": 0.6172276554468911, "Depletion": 0.3827923441531169, "two-tailed": 0.7655846883062338}}