{"P25627": {"Enrichment": 0.5620487590248195, "Depletion": 0.4379712405751885, "two-tailed": 0.875942481150377}}