{"P26449": {"Enrichment": 0.3521929561408772, "Depletion": 0.6478270434591308, "two-tailed": 0.7043859122817544}}