{"P27472": {"Enrichment": 0.4862902741945161, "Depletion": 0.5137297254054919, "two-tailed": 0.9725805483890322}}