{"P27472": {"Enrichment": 0.06135877282454351, "Depletion": 0.9386612267754645, "two-tailed": 0.12271754564908702}}