{"P27796": {"Enrichment": 0.7396852062958741, "Depletion": 0.2603347933041339, "two-tailed": 0.5206695866082678}}