{"P27809": {"Enrichment": 0.3110937781244375, "Depletion": 0.6889262214755705, "two-tailed": 0.622187556248875}}