{"P27809": {"Enrichment": 0.6004079918401632, "Depletion": 0.3996120077598448, "two-tailed": 0.7992240155196896}}