{"P28007": {"Enrichment": 0.998260034799304, "Depletion": 0.001759964800703986, "two-tailed": 0.003519929601407972}}