{"P28005": {"Enrichment": 0.11859762804743905, "Depletion": 0.881422371552569, "two-tailed": 0.2371952560948781}}