{"P28007": {"Enrichment": 0.0015599688006239876, "Depletion": 0.9984600307993841, "two-tailed": 0.003119937601247975}}