{"P28005": {"Enrichment": 0.060218795624087516, "Depletion": 0.9398012039759205, "two-tailed": 0.12043759124817503}}