{"P28241": {"Enrichment": 0.3017939641207176, "Depletion": 0.6982260354792904, "two-tailed": 0.6035879282414351}}