{"P28241": {"Enrichment": 0.2995940081198376, "Depletion": 0.7004259914801704, "two-tailed": 0.5991880162396752}}