{"P28240": {"Enrichment": 0.04103917921641567, "Depletion": 0.9589808203835923, "two-tailed": 0.08207835843283134}}