{"P28321": {"Enrichment": 0.14681706365872682, "Depletion": 0.8532029359412812, "two-tailed": 0.29363412731745364}}