{"P28321": {"Enrichment": 0.3463730725385492, "Depletion": 0.6536469270614588, "two-tailed": 0.6927461450770984}}