{"P28519": {"Enrichment": 0.4787904241915162, "Depletion": 0.5212295754084918, "two-tailed": 0.9575808483830324}}