{"P28834": {"Enrichment": 0.39515209695806086, "Depletion": 0.6048679026419471, "two-tailed": 0.7903041939161217}}