{"P28834": {"Enrichment": 0.626647467050659, "Depletion": 0.373372532549349, "two-tailed": 0.746745065098698}}