{"P29029": {"Enrichment": 0.24607507849843002, "Depletion": 0.753944921101578, "two-tailed": 0.49215015699686004}}