{"P29029": {"Enrichment": 0.30653386932261356, "Depletion": 0.6934861302773945, "two-tailed": 0.6130677386452271}}