{"P29468": {"Enrichment": 0.3623327533449331, "Depletion": 0.6376872462550749, "two-tailed": 0.7246655066898662}}