{"P29509": {"Enrichment": 0.6736665266694666, "Depletion": 0.3263534729305414, "two-tailed": 0.6527069458610828}}