{"P29509": {"Enrichment": 0.6409471810563788, "Depletion": 0.3590728185436291, "two-tailed": 0.7181456370872582}}