{"P30656": {"Enrichment": 0.41839163216735664, "Depletion": 0.5816283674326513, "two-tailed": 0.8367832643347133}}