{"P30771": {"Enrichment": 0.5392692146157076, "Depletion": 0.46075078498430033, "two-tailed": 0.9215015699686007}}