{"P30771": {"Enrichment": 0.6044879102417952, "Depletion": 0.3955320893582128, "two-tailed": 0.7910641787164256}}