{"P31373": {"Enrichment": 0.22095558088838224, "Depletion": 0.7790644187116258, "two-tailed": 0.4419111617767645}}