{"P31386": {"Enrichment": 0.998820023599528, "Depletion": 0.0011999760004799903, "two-tailed": 0.0023999520009599807}}