{"P31373": {"Enrichment": 0.6042279154416912, "Depletion": 0.39579208415831685, "two-tailed": 0.7915841683166337}}