{"P31412": {"Enrichment": 0.010979780404391912, "Depletion": 0.9890402191956161, "two-tailed": 0.021959560808783824}}