{"P31412": {"Enrichment": 0.4230915381692366, "Depletion": 0.5769284614307714, "two-tailed": 0.8461830763384732}}