{"P32178": {"Enrichment": 0.5776684466310674, "Depletion": 0.4223515529689406, "two-tailed": 0.8447031059378812}}