{"P32178": {"Enrichment": 0.5790484190316194, "Depletion": 0.4209715805683886, "two-tailed": 0.8419431611367773}}