{"P32179": {"Enrichment": 0.2103757924841503, "Depletion": 0.7896442071158577, "two-tailed": 0.4207515849683006}}