{"P32179": {"Enrichment": 0.2751144977100458, "Depletion": 0.7249055018899622, "two-tailed": 0.5502289954200916}}