{"P32288": {"Enrichment": 0.15289694206115878, "Depletion": 0.8471230575388492, "two-tailed": 0.30579388412231756}}