{"P32288": {"Enrichment": 0.15659686806263876, "Depletion": 0.8434231315373693, "two-tailed": 0.3131937361252775}}