{"P32356": {"Enrichment": 0.45805083898322035, "Depletion": 0.5419691606167877, "two-tailed": 0.9161016779664407}}