{"P32340": {"Enrichment": 0.0014599708005839883, "Depletion": 0.998560028799424, "two-tailed": 0.0029199416011679766}}