{"P32379": {"Enrichment": 0.12983740325193496, "Depletion": 0.870182596348073, "two-tailed": 0.2596748065038699}}