{"P32318": {"Enrichment": 0.36751264974700504, "Depletion": 0.6325073498530029, "two-tailed": 0.7350252994940101}}