{"P32379": {"Enrichment": 0.5213295734085318, "Depletion": 0.47869042619147617, "two-tailed": 0.9573808523829523}}