{"P32340": {"Enrichment": 0.6118677626447471, "Depletion": 0.3881522369552609, "two-tailed": 0.7763044739105218}}