{"P32356": {"Enrichment": 0.4602707945841083, "Depletion": 0.5397492050158997, "two-tailed": 0.9205415891682166}}