{"P32318": {"Enrichment": 0.029699406011879762, "Depletion": 0.9703205935881283, "two-tailed": 0.059398812023759524}}