{"P32449": {"Enrichment": 0.7681446371072579, "Depletion": 0.23187536249275015, "two-tailed": 0.4637507249855003}}