{"P32471": {"Enrichment": 0.021519569608607826, "Depletion": 0.9785004299914002, "two-tailed": 0.04303913921721565}}