{"P32449": {"Enrichment": 0.748165036699266, "Depletion": 0.251854962900742, "two-tailed": 0.503709925801484}}