{"P32419": {"Enrichment": 0.20959580808383832, "Depletion": 0.7904241915161697, "two-tailed": 0.41919161616767664}}