{"P32419": {"Enrichment": 0.34255314893702127, "Depletion": 0.6574668506629867, "two-tailed": 0.6851062978740425}}