{"P32477": {"Enrichment": 0.013399732005359892, "Depletion": 0.9866202675946482, "two-tailed": 0.026799464010719785}}