{"P32589": {"Enrichment": 0.5883482330353393, "Depletion": 0.4116717665646687, "two-tailed": 0.8233435331293374}}