{"P32589": {"Enrichment": 0.1746965060698786, "Depletion": 0.8253234935301293, "two-tailed": 0.3493930121397572}}