{"P32582": {"Enrichment": 0.635467290654187, "Depletion": 0.3645527089458211, "two-tailed": 0.7291054178916422}}