{"P32582": {"Enrichment": 0.9821203575928481, "Depletion": 0.017899642007159856, "two-tailed": 0.03579928401431971}}