{"P32588": {"Enrichment": 0.34393312133757326, "Depletion": 0.6560868782624347, "two-tailed": 0.6878662426751465}}