{"P32643": {"Enrichment": 0.3613327733445331, "Depletion": 0.6386872262554749, "two-tailed": 0.7226655466890662}}