{"P32656": {"Enrichment": 0.18989620207595848, "Depletion": 0.8101237975240495, "two-tailed": 0.37979240415191695}}