{"P32797": {"Enrichment": 0.44451110977780445, "Depletion": 0.5555088898222036, "two-tailed": 0.8890222195556089}}