{"P32797": {"Enrichment": 0.4500909981800364, "Depletion": 0.5499290014199716, "two-tailed": 0.9001819963600728}}