{"P32835": {"Enrichment": 0.7908841823163537, "Depletion": 0.20913581728365432, "two-tailed": 0.41827163456730865}}