{"P32807": {"Enrichment": 0.16479670406591868, "Depletion": 0.8352232955340894, "two-tailed": 0.32959340813183735}}