{"P32833": {"Enrichment": 0.6031079378412432, "Depletion": 0.3969120617587648, "two-tailed": 0.7938241235175296}}