{"P32939": {"Enrichment": 0.19373612527749445, "Depletion": 0.8062838743225136, "two-tailed": 0.3874722505549889}}