{"P32905": {"Enrichment": 0.9248015039699206, "Depletion": 0.0752184956300874, "two-tailed": 0.1504369912601748}}