{"P32906": {"Enrichment": 0.46657066858662827, "Depletion": 0.5334493310133798, "two-tailed": 0.9331413371732565}}