{"P32939": {"Enrichment": 0.2856942861142777, "Depletion": 0.7143257134857303, "two-tailed": 0.5713885722285554}}