{"P32914": {"Enrichment": 0.27961440771184576, "Depletion": 0.7204055918881622, "two-tailed": 0.5592288154236915}}