{"P32905": {"Enrichment": 0.6884462310753785, "Depletion": 0.3115737685246295, "two-tailed": 0.623147537049259}}