{"P33317": {"Enrichment": 0.3143137137257255, "Depletion": 0.6857062858742825, "two-tailed": 0.628627427451451}}