{"P33322": {"Enrichment": 0.2118957620847583, "Depletion": 0.7881242375152497, "two-tailed": 0.4237915241695166}}