{"P33317": {"Enrichment": 0.021839563208735827, "Depletion": 0.9781804363912722, "two-tailed": 0.04367912641747165}}