{"P33442": {"Enrichment": 0.5836283274334513, "Depletion": 0.41639167216655665, "two-tailed": 0.8327833443331133}}