{"P33442": {"Enrichment": 0.5802083958320834, "Depletion": 0.41981160376792465, "two-tailed": 0.8396232075358493}}