{"P33734": {"Enrichment": 0.15015699686006279, "Depletion": 0.8498630027399452, "two-tailed": 0.30031399372012557}}