{"P33755": {"Enrichment": 0.26389472210555787, "Depletion": 0.7361252774944501, "two-tailed": 0.5277894442111157}}