{"P33755": {"Enrichment": 0.25949481010379793, "Depletion": 0.74052518949621, "two-tailed": 0.5189896202075959}}