{"P33893": {"Enrichment": 0.5034299314013719, "Depletion": 0.49659006819863605, "two-tailed": 0.9931801363972721}}