{"P33893": {"Enrichment": 0.4355112897742045, "Depletion": 0.5645087098258035, "two-tailed": 0.871022579548409}}