{"P34087": {"Enrichment": 0.2950740985180296, "Depletion": 0.7049459010819784, "two-tailed": 0.5901481970360593}}