{"P34162": {"Enrichment": 0.19393612127757445, "Depletion": 0.8060838783224336, "two-tailed": 0.3878722425551489}}