{"P34162": {"Enrichment": 0.4430511389772205, "Depletion": 0.5569688606227875, "two-tailed": 0.886102277954441}}