{"P34227": {"Enrichment": 0.08535829283414331, "Depletion": 0.9146617067658647, "two-tailed": 0.17071658566828662}}