{"P34227": {"Enrichment": 0.25459490810183794, "Depletion": 0.74542509149817, "two-tailed": 0.5091898162036759}}