{"P34760": {"Enrichment": 0.746045079098418, "Depletion": 0.25397492050159, "two-tailed": 0.50794984100318}}