{"P34760": {"Enrichment": 0.9319613607727846, "Depletion": 0.06805863882722346, "two-tailed": 0.13611727765444692}}