{"P35184": {"Enrichment": 0.380392392152157, "Depletion": 0.6196276074478511, "two-tailed": 0.760784784304314}}