{"P35184": {"Enrichment": 0.041759164816703664, "Depletion": 0.9582608347833044, "two-tailed": 0.08351832963340733}}