{"P35195": {"Enrichment": 0.09747805043899122, "Depletion": 0.9025419491610168, "two-tailed": 0.19495610087798243}}