{"P35201": {"Enrichment": 0.4258114837703246, "Depletion": 0.5742085158296834, "two-tailed": 0.8516229675406491}}