{"P35202": {"Enrichment": 0.377752444951101, "Depletion": 0.622267554648907, "two-tailed": 0.755504889902202}}