{"P35202": {"Enrichment": 0.74592508149837, "Depletion": 0.254094918101638, "two-tailed": 0.508189836203276}}