{"P36040": {"Enrichment": 0.44103117937641245, "Depletion": 0.5589888202235955, "two-tailed": 0.8820623587528249}}