{"P36006": {"Enrichment": 0.742465150696986, "Depletion": 0.25755484890302194, "two-tailed": 0.5151096978060439}}