{"P36040": {"Enrichment": 0.4431711365772685, "Depletion": 0.5568488630227395, "two-tailed": 0.886342273154537}}