{"P36151": {"Enrichment": 0.48465030699386014, "Depletion": 0.5153696926061478, "two-tailed": 0.9693006139877203}}