{"P36151": {"Enrichment": 0.36589268214635706, "Depletion": 0.6341273174536509, "two-tailed": 0.7317853642927141}}