{"P36144": {"Enrichment": 0.6298074038519229, "Depletion": 0.370212595748085, "two-tailed": 0.74042519149617}}