{"P36136": {"Enrichment": 0.9937801243975121, "Depletion": 0.00623987520249595, "two-tailed": 0.0124797504049919}}