{"P36156": {"Enrichment": 0.253914921701566, "Depletion": 0.746105077898442, "two-tailed": 0.507829843403132}}