{"P36136": {"Enrichment": 0.9691606167876643, "Depletion": 0.030859382812343752, "two-tailed": 0.061718765624687505}}