{"P36421": {"Enrichment": 0.0005599888002239956, "Depletion": 0.999460010799784, "two-tailed": 0.001119977600447991}}