{"P38013": {"Enrichment": 0.5561488770224595, "Depletion": 0.44387112257754846, "two-tailed": 0.8877422451550969}}