{"P38013": {"Enrichment": 0.7203455930881383, "Depletion": 0.27967440651186976, "two-tailed": 0.5593488130237395}}