{"P38075": {"Enrichment": 0.5352292954140917, "Depletion": 0.4647907041859163, "two-tailed": 0.9295814083718326}}