{"P38077": {"Enrichment": 0.6571068578628427, "Depletion": 0.34291314173716525, "two-tailed": 0.6858262834743305}}