{"P38011": {"Enrichment": 0.8568228635427292, "Depletion": 0.14319713605727885, "two-tailed": 0.2863942721145577}}