{"P38075": {"Enrichment": 0.6677066458670826, "Depletion": 0.33231335373292537, "two-tailed": 0.6646267074658507}}