{"P38011": {"Enrichment": 0.8522029559408811, "Depletion": 0.14781704365912682, "two-tailed": 0.29563408731825364}}