{"P38077": {"Enrichment": 0.6566868662626747, "Depletion": 0.34333313333733323, "two-tailed": 0.6866662666746665}}