{"P38074": {"Enrichment": 0.5523489530209396, "Depletion": 0.4476710465790684, "two-tailed": 0.8953420931581368}}