{"P38074": {"Enrichment": 0.5531889362212756, "Depletion": 0.4468310633787324, "two-tailed": 0.8936621267574648}}