{"P38169": {"Enrichment": 0.0380792384152317, "Depletion": 0.9619407611847763, "two-tailed": 0.0761584768304634}}