{"P38115": {"Enrichment": 0.033099338013239735, "Depletion": 0.9669206615867683, "two-tailed": 0.06619867602647947}}