{"P38115": {"Enrichment": 0.21039579208415832, "Depletion": 0.7896242075158497, "two-tailed": 0.42079158416831663}}