{"P38121": {"Enrichment": 0.748265034699306, "Depletion": 0.251754964900702, "two-tailed": 0.503509929801404}}