{"P38111": {"Enrichment": 0.5317693646127077, "Depletion": 0.46825063498730024, "two-tailed": 0.9365012699746005}}