{"P38111": {"Enrichment": 0.8048239035219296, "Depletion": 0.19519609607807845, "two-tailed": 0.3903921921561569}}