{"P38131": {"Enrichment": 0.8299034019319613, "Depletion": 0.17011659766804663, "two-tailed": 0.34023319533609325}}