{"P38131": {"Enrichment": 0.8281834363312733, "Depletion": 0.17183656326873462, "two-tailed": 0.34367312653746923}}