{"P38121": {"Enrichment": 0.39871202575948483, "Depletion": 0.6013079738405231, "two-tailed": 0.7974240515189697}}