{"P38230": {"Enrichment": 0.7897242055158897, "Depletion": 0.2102957940841183, "two-tailed": 0.4205915881682366}}