{"P38276": {"Enrichment": 0.5873682526349473, "Depletion": 0.4126517469650607, "two-tailed": 0.8253034939301214}}