{"P38208": {"Enrichment": 0.8816823663526729, "Depletion": 0.11833763324733505, "two-tailed": 0.2366752664946701}}