{"P38230": {"Enrichment": 0.7945441091178177, "Depletion": 0.20547589048219037, "two-tailed": 0.41095178096438073}}