{"P38265": {"Enrichment": 0.6425471490570188, "Depletion": 0.35747285054298916, "two-tailed": 0.7149457010859783}}