{"P38276": {"Enrichment": 0.9898002039959201, "Depletion": 0.010219795604087919, "two-tailed": 0.020439591208175838}}