{"P38265": {"Enrichment": 0.7611447771044579, "Depletion": 0.2388752224955501, "two-tailed": 0.4777504449911002}}