{"P38208": {"Enrichment": 0.8683226335473291, "Depletion": 0.13169736605267895, "two-tailed": 0.2633947321053579}}