{"P38291": {"Enrichment": 0.11031779364412712, "Depletion": 0.8897022059558809, "two-tailed": 0.22063558728825425}}