{"P38291": {"Enrichment": 0.12039759204815903, "Depletion": 0.879622407551849, "two-tailed": 0.24079518409631806}}