{"P38682": {"Enrichment": 0.5795884082318353, "Depletion": 0.42043159136817265, "two-tailed": 0.8408631827363453}}