{"P38629": {"Enrichment": 0.627947441051179, "Depletion": 0.37207255854882904, "two-tailed": 0.7441451170976581}}