{"P38636": {"Enrichment": 0.4280714385712286, "Depletion": 0.5719485610287794, "two-tailed": 0.8561428771424572}}