{"P38630": {"Enrichment": 0.620087598248035, "Depletion": 0.379932401351973, "two-tailed": 0.759864802703946}}