{"P38682": {"Enrichment": 0.5753484930301394, "Depletion": 0.42467150656986863, "two-tailed": 0.8493430131397373}}