{"P38629": {"Enrichment": 0.5383692326153477, "Depletion": 0.4616507669846603, "two-tailed": 0.9233015339693206}}