{"P38624": {"Enrichment": 0.4511109777804444, "Depletion": 0.5489090218195636, "two-tailed": 0.9022219555608888}}