{"P38624": {"Enrichment": 0.4515109697806044, "Depletion": 0.5485090298194036, "two-tailed": 0.9030219395612088}}