{"P38632": {"Enrichment": 0.5693886122277555, "Depletion": 0.43063138737225254, "two-tailed": 0.8612627747445051}}