{"P38698": {"Enrichment": 0.9832003359932802, "Depletion": 0.016819663606727864, "two-tailed": 0.03363932721345573}}