{"P38630": {"Enrichment": 0.617927641447171, "Depletion": 0.38209235815283693, "two-tailed": 0.7641847163056739}}