{"P38636": {"Enrichment": 0.4248115037699246, "Depletion": 0.5752084958300834, "two-tailed": 0.8496230075398492}}