{"P38698": {"Enrichment": 0.9707805843883123, "Depletion": 0.029239415211695766, "two-tailed": 0.05847883042339153}}