{"P38777": {"Enrichment": 0.6713065738685227, "Depletion": 0.3287134257314854, "two-tailed": 0.6574268514629708}}