{"P38760": {"Enrichment": 0.8583228335433292, "Depletion": 0.14169716605667887, "two-tailed": 0.28339433211335774}}