{"P38720": {"Enrichment": 0.3989120217595648, "Depletion": 0.6011079778404432, "two-tailed": 0.7978240435191296}}