{"P38777": {"Enrichment": 0.6711865762684747, "Depletion": 0.32883342333153337, "two-tailed": 0.6576668466630667}}