{"P38765": {"Enrichment": 0.5921281574368512, "Depletion": 0.4078918421631567, "two-tailed": 0.8157836843263134}}