{"P38800": {"Enrichment": 0.27177456450870985, "Depletion": 0.7282454350912981, "two-tailed": 0.5435491290174197}}