{"P38850": {"Enrichment": 0.2969140617187656, "Depletion": 0.7031059378812424, "two-tailed": 0.5938281234375312}}