{"P38830": {"Enrichment": 0.03627927441451171, "Depletion": 0.9637407251854962, "two-tailed": 0.07255854882902342}}