{"P38874": {"Enrichment": 0.08429831403371933, "Depletion": 0.9157216855662886, "two-tailed": 0.16859662806743866}}