{"P38862": {"Enrichment": 0.9444411111777764, "Depletion": 0.055578888422231555, "two-tailed": 0.11115777684446311}}