{"P38825": {"Enrichment": 0.6068878622427551, "Depletion": 0.39313213735725283, "two-tailed": 0.7862642747145057}}