{"P38825": {"Enrichment": 0.6070878582428352, "Depletion": 0.39293214135717286, "two-tailed": 0.7858642827143457}}