{"P38894": {"Enrichment": 0.9505209895802084, "Depletion": 0.0494990100197996, "two-tailed": 0.0989980200395992}}