{"P38800": {"Enrichment": 0.3878722425551489, "Depletion": 0.6121477570448591, "two-tailed": 0.7757444851102978}}