{"P38862": {"Enrichment": 0.9956000879982401, "Depletion": 0.004419911601767965, "two-tailed": 0.00883982320353593}}