{"P38920": {"Enrichment": 0.4595108097838043, "Depletion": 0.5405091898162037, "two-tailed": 0.9190216195676086}}