{"P38993": {"Enrichment": 0.8896222075558489, "Depletion": 0.11039779204415912, "two-tailed": 0.22079558408831823}}