{"P38998": {"Enrichment": 0.744865102697946, "Depletion": 0.25515489690206195, "two-tailed": 0.5103097938041239}}