{"P38999": {"Enrichment": 0.006019879602407952, "Depletion": 0.9940001199976001, "two-tailed": 0.012039759204815904}}