{"P38999": {"Enrichment": 0.031799364012719745, "Depletion": 0.9682206355872882, "two-tailed": 0.06359872802543949}}