{"P38989": {"Enrichment": 0.0873382532349353, "Depletion": 0.9126817463650727, "two-tailed": 0.1746765064698706}}