{"P38920": {"Enrichment": 0.6114077718445631, "Depletion": 0.3886122277554449, "two-tailed": 0.7772244555108898}}