{"P38989": {"Enrichment": 0.0866782664346713, "Depletion": 0.9133417331653367, "two-tailed": 0.1733565328693426}}