{"P39078": {"Enrichment": 0.9094018119637607, "Depletion": 0.09061818763624728, "two-tailed": 0.18123637527249456}}