{"P39077": {"Enrichment": 0.6386472270554588, "Depletion": 0.3613727725445491, "two-tailed": 0.7227455450890982}}