{"P39079": {"Enrichment": 0.9380212395752084, "Depletion": 0.0619987600247995, "two-tailed": 0.123997520049599}}