{"P39076": {"Enrichment": 0.8576028479430411, "Depletion": 0.14241715165696686, "two-tailed": 0.2848343033139337}}