{"P39079": {"Enrichment": 0.9384012319753605, "Depletion": 0.061618767624647505, "two-tailed": 0.12323753524929501}}