{"P39077": {"Enrichment": 0.6393872122557549, "Depletion": 0.36063278734425314, "two-tailed": 0.7212655746885063}}