{"P39107": {"Enrichment": 0.5439891202175956, "Depletion": 0.4560308793824123, "two-tailed": 0.9120617587648246}}