{"P39107": {"Enrichment": 0.3231535369292614, "Depletion": 0.6768664626707466, "two-tailed": 0.6463070738585228}}