{"P39524": {"Enrichment": 0.75242495150097, "Depletion": 0.247595048099038, "two-tailed": 0.495190096198076}}