{"P39683": {"Enrichment": 0.10791784164316713, "Depletion": 0.8921021579568409, "two-tailed": 0.21583568328633426}}