{"P39683": {"Enrichment": 0.031479370412591745, "Depletion": 0.9685406291874162, "two-tailed": 0.06295874082518349}}