{"P39940": {"Enrichment": 0.4743905121897562, "Depletion": 0.5256294874102518, "two-tailed": 0.9487810243795124}}