{"P40087": {"Enrichment": 0.03383932321353573, "Depletion": 0.9661806763864723, "two-tailed": 0.06767864642707146}}