{"P40011": {"Enrichment": 0.6311673766524669, "Depletion": 0.36885262294754106, "two-tailed": 0.7377052458950821}}