{"P40087": {"Enrichment": 0.10261794764104717, "Depletion": 0.8974020519589608, "two-tailed": 0.20523589528209435}}