{"P40089": {"Enrichment": 0.9738605227895442, "Depletion": 0.02615947681046379, "two-tailed": 0.05231895362092758}}