{"P40029": {"Enrichment": 0.6986660266794664, "Depletion": 0.3013539729205416, "two-tailed": 0.6027079458410832}}