{"P40029": {"Enrichment": 0.6376872462550749, "Depletion": 0.3623327533449331, "two-tailed": 0.7246655066898662}}