{"P40011": {"Enrichment": 0.4122517549649007, "Depletion": 0.5877682446351074, "two-tailed": 0.8245035099298014}}