{"P40037": {"Enrichment": 0.015219695606087878, "Depletion": 0.9848003039939202, "two-tailed": 0.030439391212175756}}