{"P40165": {"Enrichment": 0.8044839103217936, "Depletion": 0.19553608927821445, "two-tailed": 0.3910721785564289}}