{"P40165": {"Enrichment": 0.9044019119617608, "Depletion": 0.09561808763824724, "two-tailed": 0.19123617527649447}}