{"P40202": {"Enrichment": 0.887942241155177, "Depletion": 0.1120777584448311, "two-tailed": 0.2241555168896622}}