{"P40202": {"Enrichment": 0.9479010419791604, "Depletion": 0.05211895762084758, "two-tailed": 0.10423791524169516}}