{"P40303": {"Enrichment": 0.12805743885122298, "Depletion": 0.871962560748785, "two-tailed": 0.25611487770244595}}