{"P40339": {"Enrichment": 0.6030679386412272, "Depletion": 0.39695206095878083, "two-tailed": 0.7939041219175617}}