{"P40363": {"Enrichment": 0.3907321853562929, "Depletion": 0.6092878142437151, "two-tailed": 0.7814643707125858}}