{"P40347": {"Enrichment": 0.014039719205615888, "Depletion": 0.9859802803943921, "two-tailed": 0.028079438411231776}}