{"P40302": {"Enrichment": 0.22245555088898222, "Depletion": 0.7775644487110258, "two-tailed": 0.44491110177796445}}