{"P40339": {"Enrichment": 0.5533889322213555, "Depletion": 0.44663106737865244, "two-tailed": 0.8932621347573049}}