{"P40363": {"Enrichment": 0.5091698166036679, "Depletion": 0.4908501829963401, "two-tailed": 0.9817003659926802}}