{"P40343": {"Enrichment": 0.999720005599888, "Depletion": 0.0002999940001199976, "two-tailed": 0.0005999880002399952}}