{"P40347": {"Enrichment": 0.028099438011239774, "Depletion": 0.9719205615887683, "two-tailed": 0.05619887602247955}}