{"P40348": {"Enrichment": 0.4871702565948681, "Depletion": 0.5128497430051399, "two-tailed": 0.9743405131897362}}