{"P40460": {"Enrichment": 0.18013639727205455, "Depletion": 0.8198836023279534, "two-tailed": 0.3602727945441091}}