{"P40479": {"Enrichment": 0.6448871022579549, "Depletion": 0.35513289734205317, "two-tailed": 0.7102657946841063}}