{"P40413": {"Enrichment": 0.8043039139217215, "Depletion": 0.19571608567828644, "two-tailed": 0.3914321713565729}}