{"P40477": {"Enrichment": 0.02119957600847983, "Depletion": 0.9788204235915282, "two-tailed": 0.04239915201695966}}