{"P40477": {"Enrichment": 0.021879562408751826, "Depletion": 0.9781404371912562, "two-tailed": 0.04375912481750365}}