{"P40413": {"Enrichment": 0.8669626607467851, "Depletion": 0.13305733885322293, "two-tailed": 0.26611467770644587}}