{"P40460": {"Enrichment": 0.24233515329693406, "Depletion": 0.757684846303074, "two-tailed": 0.4846703065938681}}