{"P40553": {"Enrichment": 0.30849383012339754, "Depletion": 0.6915261694766105, "two-tailed": 0.6169876602467951}}