{"P40579": {"Enrichment": 0.1772764544709106, "Depletion": 0.8227435451290974, "two-tailed": 0.3545529089418212}}