{"P40506": {"Enrichment": 0.5063098738025239, "Depletion": 0.493710125797484, "two-tailed": 0.987420251594968}}