{"P40506": {"Enrichment": 0.8483630327393452, "Depletion": 0.1516569668606628, "two-tailed": 0.3033139337213256}}