{"P40554": {"Enrichment": 0.44549109017819644, "Depletion": 0.5545289094218115, "two-tailed": 0.8909821803563929}}