{"P40579": {"Enrichment": 0.1768964620707586, "Depletion": 0.8231235375292494, "two-tailed": 0.3537929241415172}}