{"P40893": {"Enrichment": 0.9948001039979201, "Depletion": 0.005219895602087958, "two-tailed": 0.010439791204175916}}