{"P40893": {"Enrichment": 0.9946601067978641, "Depletion": 0.005359892802143957, "two-tailed": 0.010719785604287914}}