{"P41277": {"Enrichment": 0.995880082398352, "Depletion": 0.004139917201655967, "two-tailed": 0.008279834403311934}}