{"P41338": {"Enrichment": 0.0880782384352313, "Depletion": 0.9119417611647767, "two-tailed": 0.1761564768704626}}