{"P41734": {"Enrichment": 0.47893042139157216, "Depletion": 0.5210895782084358, "two-tailed": 0.9578608427831443}}