{"P41812": {"Enrichment": 0.02745945081098378, "Depletion": 0.9725605487890242, "two-tailed": 0.05491890162196756}}