{"P41816": {"Enrichment": 0.22889542209155816, "Depletion": 0.7711245775084499, "two-tailed": 0.45779084418311633}}