{"P41920": {"Enrichment": 0.020519589608207836, "Depletion": 0.9795004099918002, "two-tailed": 0.04103917921641567}}