{"P41921": {"Enrichment": 0.993480130397392, "Depletion": 0.006539869202615948, "two-tailed": 0.013079738405231895}}