{"P41921": {"Enrichment": 0.9880202395952081, "Depletion": 0.011999760004799903, "two-tailed": 0.023999520009599807}}