{"P42838": {"Enrichment": 0.5143497130057398, "Depletion": 0.48567028659426814, "two-tailed": 0.9713405731885363}}