{"P42938": {"Enrichment": 0.29201415971680567, "Depletion": 0.7080058398832023, "two-tailed": 0.5840283194336113}}