{"P42943": {"Enrichment": 0.8646227075458491, "Depletion": 0.13539729205415893, "two-tailed": 0.27079458410831786}}