{"P42943": {"Enrichment": 0.8213835723285534, "Depletion": 0.17863642727145457, "two-tailed": 0.35727285454290914}}