{"P43567": {"Enrichment": 0.751664966700666, "Depletion": 0.24835503289934202, "two-tailed": 0.49671006579868404}}