{"P43572": {"Enrichment": 0.24115517689646207, "Depletion": 0.7588648227035459, "two-tailed": 0.48231035379292414}}