{"P43567": {"Enrichment": 0.7455050898982021, "Depletion": 0.25451490970180596, "two-tailed": 0.5090298194036119}}