{"P43572": {"Enrichment": 0.249235015299694, "Depletion": 0.750784984300314, "two-tailed": 0.498470030599388}}