{"P43616": {"Enrichment": 0.23181536369272615, "Depletion": 0.7682046359072818, "two-tailed": 0.4636307273854523}}