{"P43616": {"Enrichment": 0.08865822683546329, "Depletion": 0.9113617727645447, "two-tailed": 0.17731645367092658}}