{"P46948": {"Enrichment": 0.9462010759784805, "Depletion": 0.05381892362152757, "two-tailed": 0.10763784724305514}}