{"P46962": {"Enrichment": 0.4222315553688926, "Depletion": 0.5777884442311154, "two-tailed": 0.8444631107377852}}