{"P46962": {"Enrichment": 0.2383752324953501, "Depletion": 0.7616447671046579, "two-tailed": 0.4767504649907002}}