{"P46948": {"Enrichment": 0.9446811063778724, "Depletion": 0.05533889322213556, "two-tailed": 0.11067778644427112}}