{"P47016": {"Enrichment": 0.10897782044359113, "Depletion": 0.8910421791564169, "two-tailed": 0.21795564088718225}}