{"P47079": {"Enrichment": 0.46611067778644427, "Depletion": 0.5339093218135638, "two-tailed": 0.9322213555728885}}