{"P47017": {"Enrichment": 0.23335533289334212, "Depletion": 0.7666646667066659, "two-tailed": 0.46671066578668424}}