{"P47039": {"Enrichment": 0.7724645507089858, "Depletion": 0.22755544889102217, "two-tailed": 0.45511089778204433}}