{"P47079": {"Enrichment": 0.4605507889842203, "Depletion": 0.5394692106157877, "two-tailed": 0.9211015779684406}}