{"P47016": {"Enrichment": 0.1131377372452551, "Depletion": 0.8868822623547529, "two-tailed": 0.2262754744905102}}