{"P47039": {"Enrichment": 0.3898922021559569, "Depletion": 0.6101277974440511, "two-tailed": 0.7797844043119138}}