{"P47096": {"Enrichment": 0.5644887102257955, "Depletion": 0.43553128937421254, "two-tailed": 0.8710625787484251}}