{"P47017": {"Enrichment": 0.3484130317393652, "Depletion": 0.6516069678606428, "two-tailed": 0.6968260634787304}}