{"P47047": {"Enrichment": 0.999380012399752, "Depletion": 0.0006399872002559949, "two-tailed": 0.0012799744005119898}}