{"P47075": {"Enrichment": 0.0759584808303834, "Depletion": 0.9240615187696246, "two-tailed": 0.1519169616607668}}