{"P48589": {"Enrichment": 0.3940521189576208, "Depletion": 0.6059678806423872, "two-tailed": 0.7881042379152416}}