{"P49017": {"Enrichment": 0.7244655106897862, "Depletion": 0.2755544889102218, "two-tailed": 0.5511089778204435}}