{"P49435": {"Enrichment": 0.0624987500249995, "Depletion": 0.9375212495750085, "two-tailed": 0.124997500049999}}