{"P49435": {"Enrichment": 0.374372512549749, "Depletion": 0.625647487050259, "two-tailed": 0.748745025099498}}