{"P49960": {"Enrichment": 0.03969920601587968, "Depletion": 0.9603207935841284, "two-tailed": 0.07939841203175936}}