{"P49954": {"Enrichment": 0.6051678966420672, "Depletion": 0.3948521029579408, "two-tailed": 0.7897042059158816}}