{"P50861": {"Enrichment": 0.5068498630027399, "Depletion": 0.49317013659726805, "two-tailed": 0.9863402731945361}}