{"P50861": {"Enrichment": 0.6831063378732425, "Depletion": 0.31691366172676544, "two-tailed": 0.6338273234535309}}