{"P50874": {"Enrichment": 0.24279514409711805, "Depletion": 0.75722485550289, "two-tailed": 0.4855902881942361}}