{"P50874": {"Enrichment": 0.18053638927221455, "Depletion": 0.8194836103277935, "two-tailed": 0.3610727785444291}}