{"P51996": {"Enrichment": 0.5881482370352593, "Depletion": 0.4118717625647487, "two-tailed": 0.8237435251294974}}