{"P51996": {"Enrichment": 0.6403271934561309, "Depletion": 0.3596928061438771, "two-tailed": 0.7193856122877542}}