{"P53008": {"Enrichment": 0.8555628887422252, "Depletion": 0.14445711085778284, "two-tailed": 0.2889142217155657}}