{"P53068": {"Enrichment": 0.4143317133657327, "Depletion": 0.5856882862342753, "two-tailed": 0.8286634267314654}}