{"P53051": {"Enrichment": 0.4456710865782684, "Depletion": 0.5543489130217396, "two-tailed": 0.8913421731565369}}