{"P53008": {"Enrichment": 0.8584028319433611, "Depletion": 0.14161716765664686, "two-tailed": 0.28323433531329373}}