{"P53043": {"Enrichment": 0.7715645687086258, "Depletion": 0.22845543089138218, "two-tailed": 0.45691086178276435}}