{"P53090": {"Enrichment": 0.33205335893282134, "Depletion": 0.6679666406671867, "two-tailed": 0.6641067178656427}}