{"P53051": {"Enrichment": 0.3997320053598928, "Depletion": 0.6002879942401153, "two-tailed": 0.7994640107197856}}