{"P53068": {"Enrichment": 0.0011799764004719905, "Depletion": 0.998840023199536, "two-tailed": 0.002359952800943981}}