{"P53090": {"Enrichment": 0.3512729745405092, "Depletion": 0.6487470250594988, "two-tailed": 0.7025459490810184}}