{"P53043": {"Enrichment": 0.29613407731845365, "Depletion": 0.7038859222815543, "two-tailed": 0.5922681546369073}}