{"P53124": {"Enrichment": 0.7976240475190496, "Depletion": 0.20239595208095837, "two-tailed": 0.40479190416191674}}