{"P53152": {"Enrichment": 0.8276834463310734, "Depletion": 0.17233655326893463, "two-tailed": 0.34467310653786926}}