{"P53184": {"Enrichment": 0.6509869802603948, "Depletion": 0.3490330193396132, "two-tailed": 0.6980660386792265}}