{"P53124": {"Enrichment": 0.9277614447711046, "Depletion": 0.07225855482890342, "two-tailed": 0.14451710965780684}}