{"P53131": {"Enrichment": 0.5665886682266355, "Depletion": 0.43343133137337253, "two-tailed": 0.8668626627467451}}