{"P53131": {"Enrichment": 0.5917881642367153, "Depletion": 0.4082318353632927, "two-tailed": 0.8164636707265854}}