{"P53184": {"Enrichment": 0.18549629007419852, "Depletion": 0.8145237095258094, "two-tailed": 0.37099258014839703}}