{"P53197": {"Enrichment": 0.8894422111557769, "Depletion": 0.11057778844423112, "two-tailed": 0.22115557688846224}}