{"P53152": {"Enrichment": 0.8259634807303854, "Depletion": 0.17405651886962262, "two-tailed": 0.34811303773924523}}