{"P53254": {"Enrichment": 0.29447411051778966, "Depletion": 0.7055458890822184, "two-tailed": 0.5889482210355793}}