{"P53215": {"Enrichment": 0.49197016059678805, "Depletion": 0.50804983900322, "two-tailed": 0.9839403211935761}}