{"P53254": {"Enrichment": 0.6710865782684347, "Depletion": 0.3289334213315734, "two-tailed": 0.6578668426631468}}