{"P53218": {"Enrichment": 0.9079018419631607, "Depletion": 0.09211815763684726, "two-tailed": 0.18423631527369452}}