{"P53256": {"Enrichment": 0.6786864262714746, "Depletion": 0.3213335733285334, "two-tailed": 0.6426671466570668}}