{"P53256": {"Enrichment": 0.6764864702705946, "Depletion": 0.3235335293294134, "two-tailed": 0.6470670586588269}}