{"P53218": {"Enrichment": 0.8076238475230495, "Depletion": 0.19239615207695845, "two-tailed": 0.3847923041539169}}