{"P53378": {"Enrichment": 0.2347353052938941, "Depletion": 0.7652846943061139, "two-tailed": 0.4694706105877882}}