{"P53686": {"Enrichment": 0.5448691026179476, "Depletion": 0.45515089698206035, "two-tailed": 0.9103017939641207}}