{"P53686": {"Enrichment": 0.5394292114157717, "Depletion": 0.4605907881842363, "two-tailed": 0.9211815763684726}}