{"P53738": {"Enrichment": 0.20537589248215035, "Depletion": 0.7946441071178576, "two-tailed": 0.4107517849643007}}