{"P53757": {"Enrichment": 0.043979120417591645, "Depletion": 0.9560408791824163, "two-tailed": 0.08795824083518329}}