{"P53757": {"Enrichment": 0.03445931081378372, "Depletion": 0.9655606887862243, "two-tailed": 0.06891862162756744}}