{"P53965": {"Enrichment": 0.4512909741805164, "Depletion": 0.5487290254194916, "two-tailed": 0.9025819483610328}}