{"P53934": {"Enrichment": 0.3608327833443331, "Depletion": 0.6391872162556749, "two-tailed": 0.7216655666886662}}