{"P53927": {"Enrichment": 0.628387432251355, "Depletion": 0.371632567348653, "two-tailed": 0.743265134697306}}