{"P53927": {"Enrichment": 0.6312673746525069, "Depletion": 0.36875262494750105, "two-tailed": 0.7375052498950021}}