{"P53965": {"Enrichment": 0.45617087658246835, "Depletion": 0.5438491230175396, "two-tailed": 0.9123417531649367}}