{"P53929": {"Enrichment": 0.15599688006239876, "Depletion": 0.8440231195376092, "two-tailed": 0.3119937601247975}}