{"P54790": {"Enrichment": 0.8050038999220016, "Depletion": 0.19501609967800643, "two-tailed": 0.39003219935601285}}