{"P54784": {"Enrichment": 0.20337593248135039, "Depletion": 0.7966440671186577, "two-tailed": 0.40675186496270077}}