{"P54784": {"Enrichment": 0.10591788164236715, "Depletion": 0.8941021179576408, "two-tailed": 0.2118357632847343}}