{"P54790": {"Enrichment": 0.8044039119217615, "Depletion": 0.19561608767824643, "two-tailed": 0.39123217535649285}}