{"P54860": {"Enrichment": 0.33501329973400534, "Depletion": 0.6650066998660027, "two-tailed": 0.6700265994680107}}