{"P54860": {"Enrichment": 0.33237335253294936, "Depletion": 0.6676466470670587, "two-tailed": 0.6647467050658987}}