{"P57743": {"Enrichment": 0.10515789684206316, "Depletion": 0.8948621027579449, "two-tailed": 0.2103157936841263}}