{"P60010": {"Enrichment": 0.2870542589148217, "Depletion": 0.7129657406851863, "two-tailed": 0.5741085178296434}}