{"P60010": {"Enrichment": 0.2873942521149577, "Depletion": 0.7126257474850503, "two-tailed": 0.5747885042299155}}