{"P80428": {"Enrichment": 0.08905821883562329, "Depletion": 0.9109617807643847, "two-tailed": 0.17811643767124657}}