{"P80667": {"Enrichment": 0.39733205335893285, "Depletion": 0.6026879462410751, "two-tailed": 0.7946641067178657}}