{"Q00055": {"Enrichment": 0.08031839363212735, "Depletion": 0.9197016059678806, "two-tailed": 0.1606367872642547}}