{"Q00684": {"Enrichment": 0.9762004759904802, "Depletion": 0.02381952360952781, "two-tailed": 0.04763904721905562}}