{"Q01080": {"Enrichment": 0.08297834043319134, "Depletion": 0.9170416591668167, "two-tailed": 0.16595668086638268}}