{"Q01159": {"Enrichment": 0.22205555888882222, "Depletion": 0.7779644407111858, "two-tailed": 0.44411111777764445}}