{"Q01159": {"Enrichment": 0.21699566008679827, "Depletion": 0.7830243395132097, "two-tailed": 0.43399132017359654}}