{"Q01217": {"Enrichment": 0.4560308793824123, "Depletion": 0.5439891202175956, "two-tailed": 0.9120617587648246}}