{"Q01217": {"Enrichment": 0.4604907901841963, "Depletion": 0.5395292094158117, "two-tailed": 0.9209815803683926}}