{"Q01532": {"Enrichment": 0.29573408531829365, "Depletion": 0.7042859142817144, "two-tailed": 0.5914681706365873}}