{"Q01574": {"Enrichment": 0.8479430411391772, "Depletion": 0.15207695846083077, "two-tailed": 0.30415391692166155}}