{"Q01574": {"Enrichment": 0.7352652946941061, "Depletion": 0.26475470490590186, "two-tailed": 0.5295094098118037}}