{"Q01532": {"Enrichment": 0.2741945161096778, "Depletion": 0.7258254834903302, "two-tailed": 0.5483890322193556}}