{"Q01926": {"Enrichment": 0.24405511889762205, "Depletion": 0.755964880702386, "two-tailed": 0.4881102377952441}}