{"Q02046": {"Enrichment": 0.5432291354172917, "Depletion": 0.45679086418271636, "two-tailed": 0.9135817283654327}}