{"Q02046": {"Enrichment": 0.4312713745725085, "Depletion": 0.5687486250274995, "two-tailed": 0.862542749145017}}