{"Q02197": {"Enrichment": 0.4749505009899802, "Depletion": 0.5250694986100278, "two-tailed": 0.9499010019799604}}