{"Q02197": {"Enrichment": 0.4865502689946201, "Depletion": 0.5134697306053879, "two-tailed": 0.9731005379892402}}