{"Q02206": {"Enrichment": 0.5562888742225155, "Depletion": 0.44373112537749243, "two-tailed": 0.8874622507549849}}