{"Q02555": {"Enrichment": 0.6770264594708106, "Depletion": 0.3229935401291974, "two-tailed": 0.6459870802583948}}