{"Q02555": {"Enrichment": 0.4379912401751965, "Depletion": 0.5620287594248115, "two-tailed": 0.875982480350393}}