{"Q02724": {"Enrichment": 0.9677006459870803, "Depletion": 0.03231935361292774, "two-tailed": 0.06463870722585548}}