{"Q02724": {"Enrichment": 0.9683206335873282, "Depletion": 0.031699366012679746, "two-tailed": 0.06339873202535949}}