{"Q02784": {"Enrichment": 0.3615927681446371, "Depletion": 0.638427231455371, "two-tailed": 0.7231855362892742}}