{"Q02890": {"Enrichment": 0.2896542069158617, "Depletion": 0.7103657926841463, "two-tailed": 0.5793084138317234}}