{"Q02890": {"Enrichment": 0.29635407291854166, "Depletion": 0.7036659266814663, "two-tailed": 0.5927081458370833}}