{"Q03018": {"Enrichment": 0.08425831483370333, "Depletion": 0.9157616847663047, "two-tailed": 0.16851662966740666}}