{"Q03034": {"Enrichment": 0.18397632047359053, "Depletion": 0.8160436791264175, "two-tailed": 0.36795264094718105}}