{"Q03036": {"Enrichment": 0.4878302433951321, "Depletion": 0.512189756204876, "two-tailed": 0.9756604867902642}}