{"Q03034": {"Enrichment": 0.30833383332333353, "Depletion": 0.6916861662766745, "two-tailed": 0.6166676666466671}}