{"Q03195": {"Enrichment": 0.4753504929901402, "Depletion": 0.5246695066098678, "two-tailed": 0.9507009859802804}}