{"Q03148": {"Enrichment": 0.8701625967480651, "Depletion": 0.12985740285194297, "two-tailed": 0.25971480570388594}}