{"Q03161": {"Enrichment": 0.009359812803743926, "Depletion": 0.9906601867962641, "two-tailed": 0.018719625607487852}}