{"Q03161": {"Enrichment": 0.15463690726185475, "Depletion": 0.8453830923381532, "two-tailed": 0.3092738145237095}}