{"Q03148": {"Enrichment": 0.7030059398812024, "Depletion": 0.2970140597188056, "two-tailed": 0.5940281194376112}}