{"Q03290": {"Enrichment": 0.5204895902081959, "Depletion": 0.4795304093918122, "two-tailed": 0.9590608187836244}}