{"Q03338": {"Enrichment": 0.9702805943881122, "Depletion": 0.02973940521189576, "two-tailed": 0.05947881042379152}}