{"Q03330": {"Enrichment": 0.2935941281174376, "Depletion": 0.7064258714825703, "two-tailed": 0.5871882562348752}}