{"Q03557": {"Enrichment": 0.994180116397672, "Depletion": 0.005839883202335953, "two-tailed": 0.011679766404671907}}