{"Q03557": {"Enrichment": 0.9897602047959041, "Depletion": 0.010259794804103918, "two-tailed": 0.020519589608207836}}