{"Q03629": {"Enrichment": 0.5134297314053718, "Depletion": 0.48659026819463613, "two-tailed": 0.9731805363892723}}