{"Q03629": {"Enrichment": 0.5603487930241395, "Depletion": 0.4396712065758685, "two-tailed": 0.879342413151737}}