{"Q03723": {"Enrichment": 0.9289614207715846, "Depletion": 0.07105857882842344, "two-tailed": 0.14211715765684688}}