{"Q03705": {"Enrichment": 0.012579748405031899, "Depletion": 0.9874402511949761, "two-tailed": 0.025159496810063797}}