{"Q03723": {"Enrichment": 0.8926421471570568, "Depletion": 0.10737785244295114, "two-tailed": 0.2147557048859023}}