{"Q03835": {"Enrichment": 0.5181696366072679, "Depletion": 0.48185036299274014, "two-tailed": 0.9637007259854803}}