{"Q03835": {"Enrichment": 0.5207295854082918, "Depletion": 0.47929041419171614, "two-tailed": 0.9585808283834323}}