{"Q03957": {"Enrichment": 0.99680006399872, "Depletion": 0.0032199356012879744, "two-tailed": 0.006439871202575949}}