{"Q04081": {"Enrichment": 0.003479930401391972, "Depletion": 0.996540069198616, "two-tailed": 0.006959860802783944}}