{"Q04049": {"Enrichment": 0.4850102997940041, "Depletion": 0.5150096998060039, "two-tailed": 0.9700205995880082}}