{"Q04089": {"Enrichment": 0.4848903021939561, "Depletion": 0.5151296974060519, "two-tailed": 0.9697806043879122}}