{"Q04049": {"Enrichment": 0.48269034619307616, "Depletion": 0.5173296534069318, "two-tailed": 0.9653806923861523}}