{"Q04081": {"Enrichment": 0.003239935201295974, "Depletion": 0.996780064398712, "two-tailed": 0.006479870402591948}}