{"Q04066": {"Enrichment": 0.8995020099598008, "Depletion": 0.1005179896402072, "two-tailed": 0.2010359792804144}}