{"Q04089": {"Enrichment": 0.19115617687646247, "Depletion": 0.8088638227235455, "two-tailed": 0.38231235375292494}}