{"Q04066": {"Enrichment": 0.5281294374112517, "Depletion": 0.47189056218875625, "two-tailed": 0.9437811243775125}}