{"Q04195": {"Enrichment": 0.7829643407131858, "Depletion": 0.21705565888682227, "two-tailed": 0.43411131777364453}}