{"Q04120": {"Enrichment": 0.8054438911221775, "Depletion": 0.19457610847783044, "two-tailed": 0.3891522169556609}}