{"Q04195": {"Enrichment": 0.7368452630947381, "Depletion": 0.2631747365052699, "two-tailed": 0.5263494730105398}}