{"Q04120": {"Enrichment": 0.6158276834463311, "Depletion": 0.38419231615367694, "two-tailed": 0.7683846323073539}}