{"Q04178": {"Enrichment": 0.02615947681046379, "Depletion": 0.9738605227895442, "two-tailed": 0.05231895362092758}}