{"Q04264": {"Enrichment": 0.18359632807343854, "Depletion": 0.8164236715265695, "two-tailed": 0.36719265614687707}}