{"Q04264": {"Enrichment": 0.18239635207295854, "Depletion": 0.8176236475270494, "two-tailed": 0.3647927041459171}}