{"Q04371": {"Enrichment": 0.24807503849923002, "Depletion": 0.751944961100778, "two-tailed": 0.49615007699846003}}