{"Q04437": {"Enrichment": 0.9787004259914802, "Depletion": 0.02131957360852783, "two-tailed": 0.04263914721705566}}