{"Q04673": {"Enrichment": 0.31203375932481353, "Depletion": 0.6879862402751945, "two-tailed": 0.6240675186496271}}