{"Q04673": {"Enrichment": 0.044599108017839645, "Depletion": 0.9554208915821684, "two-tailed": 0.08919821603567929}}