{"Q04868": {"Enrichment": 0.2101157976840463, "Depletion": 0.7899042019159617, "two-tailed": 0.4202315953680926}}