{"Q04894": {"Enrichment": 0.7440051198976021, "Depletion": 0.25601487970240594, "two-tailed": 0.5120297594048119}}