{"Q04894": {"Enrichment": 0.8017239655206896, "Depletion": 0.19829603407931842, "two-tailed": 0.39659206815863685}}