{"Q04868": {"Enrichment": 0.20769584608307834, "Depletion": 0.7923241535169296, "two-tailed": 0.4153916921661567}}