{"Q05016": {"Enrichment": 0.03021939561208776, "Depletion": 0.9698006039879202, "two-tailed": 0.06043879122417552}}