{"Q05506": {"Enrichment": 0.05991880162396752, "Depletion": 0.9401011979760405, "two-tailed": 0.11983760324793503}}