{"Q05506": {"Enrichment": 0.46961060778784425, "Depletion": 0.5304093918121637, "two-tailed": 0.9392212155756885}}