{"Q05636": {"Enrichment": 0.7458450830983381, "Depletion": 0.25417491650166996, "two-tailed": 0.5083498330033399}}