{"Q05636": {"Enrichment": 0.747545049099018, "Depletion": 0.25247495050099, "two-tailed": 0.50494990100198}}