{"Q06078": {"Enrichment": 0.08981820363592728, "Depletion": 0.9102017959640807, "two-tailed": 0.17963640727185456}}