{"Q06287": {"Enrichment": 0.05639887202255955, "Depletion": 0.9436211275774484, "two-tailed": 0.1127977440451191}}