{"Q06224": {"Enrichment": 0.00125997480050399, "Depletion": 0.998760024799504, "two-tailed": 0.00251994960100798}}