{"Q06390": {"Enrichment": 0.8236635267294654, "Depletion": 0.1763564728705426, "two-tailed": 0.3527129457410852}}