{"Q06385": {"Enrichment": 0.7968640627187457, "Depletion": 0.20315593688126238, "two-tailed": 0.40631187376252476}}