{"Q06321": {"Enrichment": 0.07745845083098338, "Depletion": 0.9225615487690246, "two-tailed": 0.15491690166196675}}