{"Q06390": {"Enrichment": 0.8295834083318334, "Depletion": 0.17043659126817465, "two-tailed": 0.3408731825363493}}