{"Q06406": {"Enrichment": 0.9601807963840723, "Depletion": 0.03983920321593568, "two-tailed": 0.07967840643187137}}