{"Q06488": {"Enrichment": 0.9031819363612728, "Depletion": 0.09683806323873523, "two-tailed": 0.19367612647747046}}