{"Q06488": {"Enrichment": 0.9370812583748325, "Depletion": 0.0629387412251755, "two-tailed": 0.125877482450351}}