{"Q06623": {"Enrichment": 0.4767704645907082, "Depletion": 0.5232495350092998, "two-tailed": 0.9535409291814164}}