{"Q06696": {"Enrichment": 0.6365672686546269, "Depletion": 0.3634527309453811, "two-tailed": 0.7269054618907622}}