{"Q06623": {"Enrichment": 0.4789504209915802, "Depletion": 0.5210695786084278, "two-tailed": 0.9579008419831604}}