{"Q07381": {"Enrichment": 0.24221515569688606, "Depletion": 0.757804843903122, "two-tailed": 0.48443031139377213}}