{"Q07478": {"Enrichment": 0.998860022799544, "Depletion": 0.0011599768004639907, "two-tailed": 0.0023199536009279815}}