{"Q07478": {"Enrichment": 0.999880002399952, "Depletion": 0.0001399972000559989, "two-tailed": 0.0002799944001119978}}