{"Q07688": {"Enrichment": 0.9360612787744245, "Depletion": 0.06395872082558349, "two-tailed": 0.12791744165116697}}