{"Q07729": {"Enrichment": 0.7609847803043939, "Depletion": 0.23903521929561408, "two-tailed": 0.47807043859122816}}