{"Q07794": {"Enrichment": 0.8380232395352093, "Depletion": 0.1619967600647987, "two-tailed": 0.3239935201295974}}