{"Q07729": {"Enrichment": 0.7682646347073059, "Depletion": 0.23175536489270215, "two-tailed": 0.4635107297854043}}