{"Q08162": {"Enrichment": 0.10511789764204715, "Depletion": 0.8949021019579608, "two-tailed": 0.2102357952840943}}