{"Q08179": {"Enrichment": 0.7203855922881542, "Depletion": 0.27963440731185374, "two-tailed": 0.5592688146237075}}