{"Q08179": {"Enrichment": 0.7230255394892102, "Depletion": 0.27699446011079776, "two-tailed": 0.5539889202215955}}