{"Q08282": {"Enrichment": 0.06067878642427151, "Depletion": 0.9393412131757365, "two-tailed": 0.12135757284854302}}