{"Q08224": {"Enrichment": 0.758044839103218, "Depletion": 0.24197516049679008, "two-tailed": 0.48395032099358015}}