{"Q08220": {"Enrichment": 0.08085838283234335, "Depletion": 0.9191616167676646, "two-tailed": 0.1617167656646867}}