{"Q08224": {"Enrichment": 0.6080078398432032, "Depletion": 0.39201215975680487, "two-tailed": 0.7840243195136097}}