{"Q08285": {"Enrichment": 0.3596328073438531, "Depletion": 0.6403871922561549, "two-tailed": 0.7192656146877062}}