{"Q08225": {"Enrichment": 0.8863822723545529, "Depletion": 0.1136377272454551, "two-tailed": 0.2272754544909102}}