{"Q08285": {"Enrichment": 0.3616527669446611, "Depletion": 0.6383672326553469, "two-tailed": 0.7233055338893222}}