{"Q08225": {"Enrichment": 0.6479870402591948, "Depletion": 0.3520329593408132, "two-tailed": 0.7040659186816264}}