{"Q08491": {"Enrichment": 0.8197036059278815, "Depletion": 0.18031639367212657, "two-tailed": 0.36063278734425314}}