{"Q08491": {"Enrichment": 0.4382312353752925, "Depletion": 0.5617887642247155, "two-tailed": 0.876462470750585}}