{"Q08685": {"Enrichment": 0.9770204595908082, "Depletion": 0.022999540009199817, "two-tailed": 0.045999080018399634}}