{"Q08686": {"Enrichment": 0.9658206835863282, "Depletion": 0.034199316013679724, "two-tailed": 0.06839863202735945}}