{"Q08686": {"Enrichment": 0.9755604887902242, "Depletion": 0.024459510809783803, "two-tailed": 0.048919021619567606}}