{"Q08649": {"Enrichment": 0.2646547069058619, "Depletion": 0.7353652926941461, "two-tailed": 0.5293094138117238}}