{"Q08742": {"Enrichment": 0.11827763444731106, "Depletion": 0.881742365152697, "two-tailed": 0.2365552688946221}}