{"Q08742": {"Enrichment": 0.16465670686586267, "Depletion": 0.8353632927341453, "two-tailed": 0.32931341373172535}}