{"Q08924": {"Enrichment": 0.6989060218795624, "Depletion": 0.30111397772044557, "two-tailed": 0.6022279554408911}}