{"Q08924": {"Enrichment": 0.7011859762804744, "Depletion": 0.2988340233195336, "two-tailed": 0.5976680466390673}}