{"Q08914": {"Enrichment": 0.8302433951320973, "Depletion": 0.16977660446791065, "two-tailed": 0.3395532089358213}}