{"Q10740": {"Enrichment": 0.1360972780544389, "Depletion": 0.863922721545569, "two-tailed": 0.2721945561088778}}