{"Q12068": {"Enrichment": 0.025159496810063797, "Depletion": 0.9748605027899442, "two-tailed": 0.050318993620127594}}