{"Q12068": {"Enrichment": 0.00883982320353593, "Depletion": 0.991180176396472, "two-tailed": 0.01767964640707186}}