{"Q12046": {"Enrichment": 0.748565028699426, "Depletion": 0.251454970900582, "two-tailed": 0.502909941801164}}