{"Q12051": {"Enrichment": 0.29649407011859763, "Depletion": 0.7035259294814104, "two-tailed": 0.5929881402371953}}