{"Q12009": {"Enrichment": 0.621267574648507, "Depletion": 0.37875242495150097, "two-tailed": 0.7575048499030019}}