{"Q12178": {"Enrichment": 0.24495510089798203, "Depletion": 0.755064898702026, "two-tailed": 0.48991020179596406}}