{"Q12154": {"Enrichment": 0.8041439171216576, "Depletion": 0.19587608247835042, "two-tailed": 0.39175216495670084}}