{"Q12109": {"Enrichment": 0.021579568408631827, "Depletion": 0.9784404311913761, "two-tailed": 0.04315913681726365}}