{"Q12154": {"Enrichment": 0.11341773164536709, "Depletion": 0.8866022679546409, "two-tailed": 0.22683546329073417}}