{"Q12216": {"Enrichment": 0.8856822863542729, "Depletion": 0.11433771324573508, "two-tailed": 0.22867542649147016}}