{"Q12267": {"Enrichment": 0.06453870922581548, "Depletion": 0.9354812903741925, "two-tailed": 0.12907741845163095}}