{"Q12277": {"Enrichment": 0.9365212695746085, "Depletion": 0.06349873002539949, "two-tailed": 0.12699746005079898}}