{"Q12216": {"Enrichment": 0.8832223355532889, "Depletion": 0.11679766404671907, "two-tailed": 0.23359532809343814}}