{"Q12267": {"Enrichment": 0.3616927661446771, "Depletion": 0.6383272334553309, "two-tailed": 0.7233855322893542}}