{"Q12277": {"Enrichment": 0.7558248835023299, "Depletion": 0.24419511609767805, "two-tailed": 0.4883902321953561}}