{"Q12306": {"Enrichment": 0.750804983900322, "Depletion": 0.24921501569968602, "two-tailed": 0.49843003139937203}}