{"Q12396": {"Enrichment": 0.35743285134297315, "Depletion": 0.6425871482570349, "two-tailed": 0.7148657026859463}}