{"Q12386": {"Enrichment": 0.9705605887882243, "Depletion": 0.029459410811783764, "two-tailed": 0.05891882162356753}}