{"Q12386": {"Enrichment": 0.35487290254194914, "Depletion": 0.6451470970580588, "two-tailed": 0.7097458050838983}}