{"Q12339": {"Enrichment": 0.5851682966340673, "Depletion": 0.4148517029659407, "two-tailed": 0.8297034059318814}}