{"Q12396": {"Enrichment": 0.4488510229795404, "Depletion": 0.5511689766204676, "two-tailed": 0.8977020459590808}}