{"Q12438": {"Enrichment": 0.8204035919281615, "Depletion": 0.17961640767184656, "two-tailed": 0.3592328153436931}}