{"Q12404": {"Enrichment": 0.6961660766784664, "Depletion": 0.30385392292154156, "two-tailed": 0.6077078458430831}}