{"Q12404": {"Enrichment": 0.36897262054758906, "Depletion": 0.6310473790524189, "two-tailed": 0.7379452410951781}}