{"Q12438": {"Enrichment": 0.8202035959280815, "Depletion": 0.17981640367192656, "two-tailed": 0.3596328073438531}}