{"Q12400": {"Enrichment": 0.06439871202575949, "Depletion": 0.9356212875742486, "two-tailed": 0.12879742405151898}}