{"Q3E833": {"Enrichment": 0.7239655206895862, "Depletion": 0.2760544789104218, "two-tailed": 0.5521089578208436}}