{"Q3E833": {"Enrichment": 0.7221655566888662, "Depletion": 0.27785444291114175, "two-tailed": 0.5557088858222835}}