{"Q99385": {"Enrichment": 0.5389292214155716, "Depletion": 0.46109077818443633, "two-tailed": 0.9221815563688727}}