{"Q99321": {"Enrichment": 0.47889042219155614, "Depletion": 0.5211295774084518, "two-tailed": 0.9577808443831123}}