{"Q99321": {"Enrichment": 0.5316893662126757, "Depletion": 0.4683306333873323, "two-tailed": 0.9366612667746645}}