{"P00363": {"Enrichment": 0.0038996100389961006, "Depletion": 0.9962003799620038, "two-tailed": 0.007799220077992201}}