{"P00350": {"Enrichment": 0.5662686746265074, "Depletion": 0.43375132497350055, "two-tailed": 0.8675026499470011}}