{"P00350": {"Enrichment": 0.5701485970280594, "Depletion": 0.42987140257194856, "two-tailed": 0.8597428051438971}}