{"P00363": {"Enrichment": 0.0046599068018639625, "Depletion": 0.9953600927981441, "two-tailed": 0.009319813603727925}}