{"P00370": {"Enrichment": 0.17967640647187055, "Depletion": 0.8203435931281374, "two-tailed": 0.3593528129437411}}