{"P00452": {"Enrichment": 0.7702445951080978, "Depletion": 0.22977540449191017, "two-tailed": 0.45955080898382034}}