{"P00452": {"Enrichment": 0.7931441371172576, "Depletion": 0.20687586248275033, "two-tailed": 0.41375172496550067}}