{"P00550": {"Enrichment": 0.8343833123337533, "Depletion": 0.16563668726625466, "two-tailed": 0.3312733745325093}}