{"P00634": {"Enrichment": 0.1875362492750145, "Depletion": 0.8124837503249935, "two-tailed": 0.375072498550029}}