{"P00722": {"Enrichment": 0.9201815963680726, "Depletion": 0.07983840323193536, "two-tailed": 0.15967680646387072}}