{"P00722": {"Enrichment": 0.8968220635587288, "Depletion": 0.10319793604127918, "two-tailed": 0.20639587208255836}}