{"P00803": {"Enrichment": 0.7170056598868023, "Depletion": 0.2830143397132057, "two-tailed": 0.5660286794264114}}