{"P00861": {"Enrichment": 0.47037059258814823, "Depletion": 0.5296494070118598, "two-tailed": 0.9407411851762965}}