{"P00864": {"Enrichment": 0.20223595528089439, "Depletion": 0.7977840443191136, "two-tailed": 0.40447191056178877}}