{"P00805": {"Enrichment": 0.20929581408371833, "Depletion": 0.7907241855162896, "two-tailed": 0.41859162816743667}}