{"P00811": {"Enrichment": 0.002859942801143977, "Depletion": 0.997160056798864, "two-tailed": 0.005719885602287954}}