{"P00803": {"Enrichment": 0.7329853402931942, "Depletion": 0.26703465930681386, "two-tailed": 0.5340693186136277}}