{"P00805": {"Enrichment": 0.3154536909261815, "Depletion": 0.6845663086738265, "two-tailed": 0.630907381852363}}