{"P00864": {"Enrichment": 0.08643827123457531, "Depletion": 0.9135817283654327, "two-tailed": 0.17287654246915063}}