{"P00811": {"Enrichment": 0.008439831203375932, "Depletion": 0.9915801683966321, "two-tailed": 0.016879662406751865}}