{"P00861": {"Enrichment": 0.6153476930461391, "Depletion": 0.3846723065538689, "two-tailed": 0.7693446131077378}}