{"P02919": {"Enrichment": 0.6735265294694106, "Depletion": 0.3264934701305974, "two-tailed": 0.6529869402611947}}