{"P03960": {"Enrichment": 0.07537849243015139, "Depletion": 0.9246415071698566, "two-tailed": 0.15075698486030278}}