{"P04036": {"Enrichment": 0.5750284994300114, "Depletion": 0.4249915001699966, "two-tailed": 0.8499830003399932}}