{"P04036": {"Enrichment": 0.632027359452811, "Depletion": 0.36799264014719707, "two-tailed": 0.7359852802943941}}