{"P04079": {"Enrichment": 0.5297694046119078, "Depletion": 0.47025059498810023, "two-tailed": 0.9405011899762005}}