{"P04395": {"Enrichment": 0.7731445371092578, "Depletion": 0.2268754624907502, "two-tailed": 0.4537509249815004}}