{"P04395": {"Enrichment": 0.7801243975120498, "Depletion": 0.21989560208795825, "two-tailed": 0.4397912041759165}}