{"P04825": {"Enrichment": 0.6620867582648347, "Depletion": 0.3379332413351733, "two-tailed": 0.6758664826703465}}