{"P04825": {"Enrichment": 0.1386572268554629, "Depletion": 0.8613627727445451, "two-tailed": 0.2773144537109258}}