{"P05041": {"Enrichment": 0.8413631727365453, "Depletion": 0.15865682686346272, "two-tailed": 0.31731365372692544}}