{"P05042": {"Enrichment": 0.003599928001439971, "Depletion": 0.996420071598568, "two-tailed": 0.007199856002879942}}