{"P05041": {"Enrichment": 0.9302813943721125, "Depletion": 0.06973860522789545, "two-tailed": 0.1394772104557909}}