{"P05020": {"Enrichment": 0.16545669086618267, "Depletion": 0.8345633087338253, "two-tailed": 0.33091338173236534}}