{"P05458": {"Enrichment": 0.3650526989460211, "Depletion": 0.6349673006539869, "two-tailed": 0.7301053978920422}}