{"P05458": {"Enrichment": 0.1881162376752465, "Depletion": 0.8119037619247615, "two-tailed": 0.376232475350493}}