{"P05523": {"Enrichment": 0.8086638267234655, "Depletion": 0.19135617287654247, "two-tailed": 0.38271234575308494}}