{"P05523": {"Enrichment": 0.8073638527229455, "Depletion": 0.19265614687706245, "two-tailed": 0.3853122937541249}}