{"P05804": {"Enrichment": 0.9740605187896242, "Depletion": 0.02595948081038379, "two-tailed": 0.05191896162076758}}