{"P05804": {"Enrichment": 0.991780164396712, "Depletion": 0.008239835203295935, "two-tailed": 0.01647967040659187}}