{"P06134": {"Enrichment": 0.9930601387972241, "Depletion": 0.006959860802783944, "two-tailed": 0.013919721605567889}}