{"P06612": {"Enrichment": 0.6771664566708666, "Depletion": 0.3228535429291414, "two-tailed": 0.6457070858582828}}