{"P06715": {"Enrichment": 0.5596288074238516, "Depletion": 0.44039119217615647, "two-tailed": 0.8807823843523129}}