{"P06715": {"Enrichment": 0.49231015379692405, "Depletion": 0.507709845803084, "two-tailed": 0.9846203075938481}}