{"P06999": {"Enrichment": 0.9014619707605848, "Depletion": 0.09855802883942322, "two-tailed": 0.19711605767884643}}