{"P06988": {"Enrichment": 0.4129117417651647, "Depletion": 0.5871082578348433, "two-tailed": 0.8258234835303294}}