{"P06988": {"Enrichment": 0.16951660966780666, "Depletion": 0.8305033899322014, "two-tailed": 0.3390332193356133}}