{"P07102": {"Enrichment": 0.05871882562348753, "Depletion": 0.9413011739765205, "two-tailed": 0.11743765124697506}}