{"P07102": {"Enrichment": 0.027679446411071777, "Depletion": 0.9723405531889362, "two-tailed": 0.055358892822143554}}