{"P07464": {"Enrichment": 0.0017199656006879863, "Depletion": 0.99830003399932, "two-tailed": 0.0034399312013759726}}