{"P07623": {"Enrichment": 0.4378712425751485, "Depletion": 0.5621487570248596, "two-tailed": 0.875742485150297}}