{"P07623": {"Enrichment": 0.4371912561748765, "Depletion": 0.5628287434251315, "two-tailed": 0.874382512349753}}