{"P07649": {"Enrichment": 0.11139777204455911, "Depletion": 0.8886222275554488, "two-tailed": 0.22279554408911822}}