{"P07649": {"Enrichment": 0.02019959600807984, "Depletion": 0.9798204035919281, "two-tailed": 0.04039919201615968}}