{"P07658": {"Enrichment": 0.017999640007199856, "Depletion": 0.9820203595928081, "two-tailed": 0.03599928001439971}}