{"P07762": {"Enrichment": 0.5515489690206196, "Depletion": 0.4484710305793884, "two-tailed": 0.8969420611587768}}