{"P07762": {"Enrichment": 0.6697066058678827, "Depletion": 0.33031339373212537, "two-tailed": 0.6606267874642507}}