{"P07862": {"Enrichment": 0.5597288054238915, "Depletion": 0.44029119417611645, "two-tailed": 0.8805823883522329}}