{"P08203": {"Enrichment": 0.15585688286234275, "Depletion": 0.8441631167376652, "two-tailed": 0.3117137657246855}}