{"P08203": {"Enrichment": 0.15371692566148676, "Depletion": 0.8463030739385212, "two-tailed": 0.3074338513229735}}