{"P08244": {"Enrichment": 0.7757044859102818, "Depletion": 0.22431551368972621, "two-tailed": 0.44863102737945243}}