{"P08395": {"Enrichment": 0.6904861902761945, "Depletion": 0.3095338093238135, "two-tailed": 0.619067618647627}}