{"P08395": {"Enrichment": 0.6915461690766185, "Depletion": 0.30847383052338956, "two-tailed": 0.6169476610467791}}