{"P08373": {"Enrichment": 0.4362912741745165, "Depletion": 0.5637287254254915, "two-tailed": 0.872582548349033}}