{"P08506": {"Enrichment": 0.08483830323393532, "Depletion": 0.9151816963660727, "two-tailed": 0.16967660646787064}}