{"P08506": {"Enrichment": 0.1383172336553269, "Depletion": 0.8617027659446811, "two-tailed": 0.2766344673106538}}