{"P08839": {"Enrichment": 0.15741685166296673, "Depletion": 0.8426031479370413, "two-tailed": 0.31483370332593347}}