{"P08839": {"Enrichment": 0.15591688166236675, "Depletion": 0.8441031179376413, "two-tailed": 0.3118337633247335}}