{"P08997": {"Enrichment": 0.015198480151984802, "Depletion": 0.9849015098490151, "two-tailed": 0.030396960303969604}}