{"P09099": {"Enrichment": 0.9340213195736086, "Depletion": 0.06599868002639947, "two-tailed": 0.13199736005279894}}