{"P09030": {"Enrichment": 0.37915241695166096, "Depletion": 0.6208675826483471, "two-tailed": 0.7583048339033219}}