{"P09099": {"Enrichment": 0.8541229175416492, "Depletion": 0.14589708205835883, "two-tailed": 0.29179416411671766}}