{"P09147": {"Enrichment": 0.25565488690226196, "Depletion": 0.7443651126977461, "two-tailed": 0.5113097738045239}}