{"P09169": {"Enrichment": 0.13929721405571888, "Depletion": 0.8607227855442892, "two-tailed": 0.27859442811143775}}