{"P09148": {"Enrichment": 0.5793284134317314, "Depletion": 0.4206915861682766, "two-tailed": 0.8413831723365532}}