{"P09148": {"Enrichment": 0.5836683266334673, "Depletion": 0.4163516729665407, "two-tailed": 0.8327033459330814}}