{"P09169": {"Enrichment": 0.26429471410571787, "Depletion": 0.7357252854942901, "two-tailed": 0.5285894282114357}}