{"P0A6D3": {"Enrichment": 0.7788244235115298, "Depletion": 0.22119557608847823, "two-tailed": 0.44239115217695646}}