{"P0A6L2": {"Enrichment": 0.42889142217155657, "Depletion": 0.5711285774284515, "two-tailed": 0.8577828443431131}}