{"P0A6V5": {"Enrichment": 0.42633147337053257, "Depletion": 0.5736885262294754, "two-tailed": 0.8526629467410651}}