{"P0A6F1": {"Enrichment": 0.8242435151296974, "Depletion": 0.1757764844703106, "two-tailed": 0.3515529689406212}}