{"P0A6B4": {"Enrichment": 0.19335613287734246, "Depletion": 0.8066638667226655, "two-tailed": 0.3867122657546849}}