{"P0A6F1": {"Enrichment": 0.627767444651107, "Depletion": 0.372252554948901, "two-tailed": 0.744505109897802}}