{"P0A6L0": {"Enrichment": 0.24743505129897403, "Depletion": 0.752584948301034, "two-tailed": 0.49487010259794806}}