{"P0A6K3": {"Enrichment": 0.7001659966800664, "Depletion": 0.2998540029199416, "two-tailed": 0.5997080058398832}}