{"P0A6B4": {"Enrichment": 0.18005639887202257, "Depletion": 0.8199636007279855, "two-tailed": 0.36011279774404514}}