{"P0A6V5": {"Enrichment": 0.7300253994920102, "Depletion": 0.26999460010799786, "two-tailed": 0.5399892002159957}}