{"P0A6R0": {"Enrichment": 0.36063278734425314, "Depletion": 0.6393872122557549, "two-tailed": 0.7212655746885063}}