{"P0A6T1": {"Enrichment": 0.20633587328253436, "Depletion": 0.7936841263174736, "two-tailed": 0.4126717465650687}}