{"P0A6R0": {"Enrichment": 0.6906261874762505, "Depletion": 0.30939381212375755, "two-tailed": 0.6187876242475151}}