{"P0A6L2": {"Enrichment": 0.375432491350173, "Depletion": 0.624587508249835, "two-tailed": 0.750864982700346}}