{"P0A6L4": {"Enrichment": 0.08585828283434331, "Depletion": 0.9141617167656647, "two-tailed": 0.17171656566868662}}