{"P0A6D3": {"Enrichment": 0.6911861762764745, "Depletion": 0.30883382332353354, "two-tailed": 0.6176676466470671}}