{"P0A6L4": {"Enrichment": 0.22657546849063018, "Depletion": 0.7734445311093778, "two-tailed": 0.45315093698126035}}