{"P0A717": {"Enrichment": 0.1362772744545109, "Depletion": 0.8637427251454971, "two-tailed": 0.2725545489090218}}