{"P0A725": {"Enrichment": 0.7833243335133298, "Depletion": 0.21669566608667826, "two-tailed": 0.4333913321733565}}