{"P0A7B1": {"Enrichment": 0.6411071778564429, "Depletion": 0.35891282174356515, "two-tailed": 0.7178256434871303}}