{"P0A790": {"Enrichment": 0.05843883122337553, "Depletion": 0.9415811683766324, "two-tailed": 0.11687766244675106}}