{"P0A7E1": {"Enrichment": 0.49871002579948404, "Depletion": 0.501309973800524, "two-tailed": 0.9974200515989681}}