{"P0A794": {"Enrichment": 0.5239695206095878, "Depletion": 0.4760504789904202, "two-tailed": 0.9521009579808404}}