{"P0A7Z0": {"Enrichment": 0.40615187696246075, "Depletion": 0.5938681226375473, "two-tailed": 0.8123037539249215}}