{"P0A796": {"Enrichment": 0.3890322193556129, "Depletion": 0.6109877802443952, "two-tailed": 0.7780644387112258}}