{"P0A746": {"Enrichment": 0.16707665846683067, "Depletion": 0.8329433411331774, "two-tailed": 0.33415331693366135}}