{"P0A717": {"Enrichment": 0.1401971960560789, "Depletion": 0.8598228035439291, "two-tailed": 0.2803943921121578}}