{"P0A731": {"Enrichment": 0.29563408731825364, "Depletion": 0.7043859122817544, "two-tailed": 0.5912681746365073}}