{"P0A725": {"Enrichment": 0.4638507229855403, "Depletion": 0.5361692766144677, "two-tailed": 0.9277014459710806}}