{"P0A763": {"Enrichment": 0.005879882402351953, "Depletion": 0.994140117197656, "two-tailed": 0.011759764804703907}}