{"P0A746": {"Enrichment": 0.7758244835103298, "Depletion": 0.2241955160896782, "two-tailed": 0.4483910321793564}}