{"P0A7E5": {"Enrichment": 0.7982240355192897, "Depletion": 0.2017959640807184, "two-tailed": 0.4035919281614368}}