{"P0A7I7": {"Enrichment": 0.002719945601087978, "Depletion": 0.99730005399892, "two-tailed": 0.005439891202175956}}