{"P0A749": {"Enrichment": 0.377532449351013, "Depletion": 0.622487550248995, "two-tailed": 0.755064898702026}}