{"P0A744": {"Enrichment": 0.14353712925741485, "Depletion": 0.8564828703425932, "two-tailed": 0.2870742585148297}}