{"P0A7C2": {"Enrichment": 0.35881282374352513, "Depletion": 0.6412071758564829, "two-tailed": 0.7176256474870503}}