{"P0A7B1": {"Enrichment": 0.13923721525569488, "Depletion": 0.8607827843443131, "two-tailed": 0.27847443051138976}}