{"P0A759": {"Enrichment": 0.5512689746205076, "Depletion": 0.4487510249795004, "two-tailed": 0.8975020499590008}}