{"P0A7E5": {"Enrichment": 0.8411231775364493, "Depletion": 0.15889682206355873, "two-tailed": 0.31779364412711747}}