{"P0A759": {"Enrichment": 0.3115537689246215, "Depletion": 0.6884662306753865, "two-tailed": 0.623107537849243}}