{"P0A744": {"Enrichment": 0.07689846203075938, "Depletion": 0.9231215375692486, "two-tailed": 0.15379692406151876}}