{"P0A7C2": {"Enrichment": 0.3542129157416852, "Depletion": 0.6458070838583229, "two-tailed": 0.7084258314833703}}