{"P0A794": {"Enrichment": 0.5260494790104198, "Depletion": 0.4739705205895882, "two-tailed": 0.9479410411791764}}