{"P0A738": {"Enrichment": 0.99970000599988, "Depletion": 0.00031999360012799745, "two-tailed": 0.0006399872002559949}}