{"P0A784": {"Enrichment": 0.866422671546569, "Depletion": 0.13359732805343894, "two-tailed": 0.26719465610687787}}