{"P0A7B8": {"Enrichment": 0.41689166216675666, "Depletion": 0.5831283374332513, "two-tailed": 0.8337833243335133}}