{"P0A7D4": {"Enrichment": 0.05595888082238355, "Depletion": 0.9440611187776244, "two-tailed": 0.1119177616447671}}