{"P0A7I7": {"Enrichment": 0.7779844403111937, "Depletion": 0.22203555928881422, "two-tailed": 0.44407111857762843}}