{"P0A784": {"Enrichment": 0.871602567948641, "Depletion": 0.12841743165136696, "two-tailed": 0.2568348633027339}}