{"P0A7B8": {"Enrichment": 0.42273154536909263, "Depletion": 0.5772884542309153, "two-tailed": 0.8454630907381853}}