{"P0A738": {"Enrichment": 0.999260014799704, "Depletion": 0.0007599848003039939, "two-tailed": 0.0015199696006079877}}