{"P0A749": {"Enrichment": 0.372732545349093, "Depletion": 0.627287454250915, "two-tailed": 0.745465090698186}}