{"P0A7Z0": {"Enrichment": 0.6135077298454031, "Depletion": 0.3865122697546049, "two-tailed": 0.7730245395092098}}