{"P0A790": {"Enrichment": 0.061618767624647505, "Depletion": 0.9384012319753605, "two-tailed": 0.12323753524929501}}