{"P0A8D6": {"Enrichment": 0.11563768724625507, "Depletion": 0.884382312353753, "two-tailed": 0.23127537449251015}}