{"P0A870": {"Enrichment": 0.6884062318753625, "Depletion": 0.3116137677246455, "two-tailed": 0.623227535449291}}