{"P0A870": {"Enrichment": 0.5042499150016999, "Depletion": 0.495770084598308, "two-tailed": 0.991540169196616}}