{"P0A8I5": {"Enrichment": 0.5211695766084679, "Depletion": 0.4788504229915402, "two-tailed": 0.9577008459830804}}