{"P0A8I5": {"Enrichment": 0.5203695926081479, "Depletion": 0.4796504069918602, "two-tailed": 0.9593008139837204}}