{"P0A862": {"Enrichment": 0.40981180376392473, "Depletion": 0.5902081958360833, "two-tailed": 0.8196236075278495}}