{"P0A862": {"Enrichment": 0.6587668246635068, "Depletion": 0.34125317493650126, "two-tailed": 0.6825063498730025}}