{"P0A879": {"Enrichment": 0.6902461950760985, "Depletion": 0.3097738045239095, "two-tailed": 0.619547609047819}}