{"P0A858": {"Enrichment": 0.44555108897822043, "Depletion": 0.5544689106217876, "two-tailed": 0.8911021779564409}}