{"P0A8D6": {"Enrichment": 0.3354932901341973, "Depletion": 0.6645267094658107, "two-tailed": 0.6709865802683946}}