{"P0A858": {"Enrichment": 0.6941661166776665, "Depletion": 0.30585388292234156, "two-tailed": 0.6117077658446831}}