{"P0A879": {"Enrichment": 0.6854262914741706, "Depletion": 0.3145937081258375, "two-tailed": 0.629187416251675}}