{"P0A8V0": {"Enrichment": 0.10157796844063119, "Depletion": 0.8984420311593768, "two-tailed": 0.20315593688126238}}