{"P0A8Y5": {"Enrichment": 0.748805023899522, "Depletion": 0.251214975700486, "two-tailed": 0.502429951400972}}