{"P0A8Y5": {"Enrichment": 0.9159016819663607, "Depletion": 0.08411831763364733, "two-tailed": 0.16823663526729465}}