{"P0A9P0": {"Enrichment": 0.9184216315673687, "Depletion": 0.08159836803263935, "two-tailed": 0.1631967360652787}}