{"P0A9T4": {"Enrichment": 0.17709645807083857, "Depletion": 0.8229235415291695, "two-tailed": 0.35419291614167714}}