{"P0A9T4": {"Enrichment": 0.18455630887382252, "Depletion": 0.8154636907261855, "two-tailed": 0.36911261774764503}}