{"P0A9G6": {"Enrichment": 0.8667426651466971, "Depletion": 0.13327733445331094, "two-tailed": 0.2665546689066219}}