{"P0A9M2": {"Enrichment": 0.8933421331573369, "Depletion": 0.10667786644267115, "two-tailed": 0.2133557328853423}}