{"P0A955": {"Enrichment": 0.38029239415211696, "Depletion": 0.6197276054478911, "two-tailed": 0.7605847883042339}}