{"P0A9Q9": {"Enrichment": 0.3340133197336053, "Depletion": 0.6660066798664027, "two-tailed": 0.6680266394672106}}