{"P0A9Q9": {"Enrichment": 0.3353932921341573, "Depletion": 0.6646267074658507, "two-tailed": 0.6707865842683146}}