{"P0A9G6": {"Enrichment": 0.7188056238875222, "Depletion": 0.28121437571248575, "two-tailed": 0.5624287514249715}}