{"P0A9T0": {"Enrichment": 0.7761444771104578, "Depletion": 0.2238755224895502, "two-tailed": 0.4477510449791004}}