{"P0A9T0": {"Enrichment": 0.8240835183296334, "Depletion": 0.1759364812703746, "two-tailed": 0.3518729625407492}}