{"P0A962": {"Enrichment": 0.04727905441891162, "Depletion": 0.9527409451810964, "two-tailed": 0.09455810883782324}}