{"P0A9M2": {"Enrichment": 0.7652046959060819, "Depletion": 0.23481530369392611, "two-tailed": 0.46963060738785223}}