{"P0A9P0": {"Enrichment": 0.9364612707745845, "Depletion": 0.06355872882542349, "two-tailed": 0.12711745765084698}}