{"P0A9J6": {"Enrichment": 0.4130317393652127, "Depletion": 0.5869882602347953, "two-tailed": 0.8260634787304254}}