{"P0A955": {"Enrichment": 0.6360872782544349, "Depletion": 0.3639327213455731, "two-tailed": 0.7278654426911462}}