{"P0AA25": {"Enrichment": 0.14583708325833483, "Depletion": 0.8541829163416732, "two-tailed": 0.29167416651666966}}