{"P0AA43": {"Enrichment": 0.25405491890162196, "Depletion": 0.7459650806983861, "two-tailed": 0.5081098378032439}}