{"P0AAI5": {"Enrichment": 0.8379632407351852, "Depletion": 0.1620567588648227, "two-tailed": 0.3241135177296454}}