{"P0AA39": {"Enrichment": 0.3320133597328053, "Depletion": 0.6680066398672027, "two-tailed": 0.6640267194656106}}