{"P0AA37": {"Enrichment": 0.8116237675246495, "Depletion": 0.1883962320753585, "two-tailed": 0.376792464150717}}