{"P0AAI5": {"Enrichment": 0.40689186216275675, "Depletion": 0.5931281374372512, "two-tailed": 0.8137837243255135}}