{"P0AA39": {"Enrichment": 0.6856862862742745, "Depletion": 0.3143337133257335, "two-tailed": 0.628667426651467}}