{"P0AA25": {"Enrichment": 0.3465930681386372, "Depletion": 0.6534269314613708, "two-tailed": 0.6931861362772744}}