{"P0AA43": {"Enrichment": 0.08051838963220735, "Depletion": 0.9195016099678006, "two-tailed": 0.1610367792644147}}