{"P0AA89": {"Enrichment": 0.8663626727465451, "Depletion": 0.13365732685346293, "two-tailed": 0.26731465370692586}}