{"P0AAB4": {"Enrichment": 0.0015199696006079877, "Depletion": 0.9985000299994, "two-tailed": 0.0030399392012159755}}