{"P0AA89": {"Enrichment": 0.21727565448691027, "Depletion": 0.7827443451130978, "two-tailed": 0.43455130897382055}}