{"P0AB71": {"Enrichment": 0.30407391852162957, "Depletion": 0.6959460810783784, "two-tailed": 0.6081478370432591}}