{"P0AB74": {"Enrichment": 0.6166476670466591, "Depletion": 0.38337233255334896, "two-tailed": 0.7667446651066979}}