{"P0ABP8": {"Enrichment": 0.2126757464850703, "Depletion": 0.7873442531149377, "two-tailed": 0.4253514929701406}}