{"P0ABP8": {"Enrichment": 0.5919881602367952, "Depletion": 0.40803183936321274, "two-tailed": 0.8160636787264255}}