{"P0AB71": {"Enrichment": 0.3084138317233655, "Depletion": 0.6916061678766424, "two-tailed": 0.616827663446731}}