{"P0AB89": {"Enrichment": 0.0750184996300074, "Depletion": 0.9250014999700006, "two-tailed": 0.1500369992600148}}