{"P0AB74": {"Enrichment": 0.6194876102477951, "Depletion": 0.38053238935221295, "two-tailed": 0.7610647787044259}}