{"P0AB87": {"Enrichment": 0.9969600607987841, "Depletion": 0.0030599388012239755, "two-tailed": 0.006119877602447951}}