{"P0ACB2": {"Enrichment": 0.1742965140697186, "Depletion": 0.8257234855302894, "two-tailed": 0.3485930281394372}}