{"P0AC81": {"Enrichment": 0.8206035879282414, "Depletion": 0.17941641167176656, "two-tailed": 0.3588328233435331}}