{"P0AC41": {"Enrichment": 0.10753784924301514, "Depletion": 0.8924821503569929, "two-tailed": 0.21507569848603028}}