{"P0AC81": {"Enrichment": 0.8003839923201536, "Depletion": 0.1996360072798544, "two-tailed": 0.3992720145597088}}