{"P0AC41": {"Enrichment": 0.19677606447871043, "Depletion": 0.8032439351212975, "two-tailed": 0.39355212895742087}}