{"P0ADR6": {"Enrichment": 0.7799644007119858, "Depletion": 0.22005559888802223, "two-tailed": 0.44011119777604446}}