{"P0AD65": {"Enrichment": 0.4899902001959961, "Depletion": 0.5100297994040119, "two-tailed": 0.9799804003919922}}