{"P0ADR6": {"Enrichment": 0.7581048379032419, "Depletion": 0.24191516169676605, "two-tailed": 0.4838303233935321}}