{"P0AD65": {"Enrichment": 0.878522429551409, "Depletion": 0.12149757004859903, "two-tailed": 0.24299514009719805}}