{"P0AES2": {"Enrichment": 0.07629237076292371, "Depletion": 0.9238076192380762, "two-tailed": 0.15258474152584742}}