{"P0AES0": {"Enrichment": 0.9889402211955761, "Depletion": 0.011079778404431912, "two-tailed": 0.022159556808863824}}