{"P0AEB2": {"Enrichment": 0.35343293134137316, "Depletion": 0.6465870682586349, "two-tailed": 0.7068658626827463}}