{"P0AE22": {"Enrichment": 0.03001939961200776, "Depletion": 0.9700005999880003, "two-tailed": 0.06003879922401552}}