{"P0AEN8": {"Enrichment": 0.3281334373312534, "Depletion": 0.6718865622687547, "two-tailed": 0.6562668746625068}}