{"P0AEE3": {"Enrichment": 0.5017099658006839, "Depletion": 0.49831003379932404, "two-tailed": 0.9966200675986481}}