{"P0AE08": {"Enrichment": 0.3065738685226295, "Depletion": 0.6934461310773784, "two-tailed": 0.613147737045259}}