{"P0AE22": {"Enrichment": 0.5314693706125877, "Depletion": 0.4685506289874202, "two-tailed": 0.9371012579748405}}