{"P0AES4": {"Enrichment": 0.4014719705605888, "Depletion": 0.5985480290394192, "two-tailed": 0.8029439411211776}}