{"P0AE82": {"Enrichment": 0.025779484410311793, "Depletion": 0.9742405151896962, "two-tailed": 0.05155896882062359}}