{"P0AE08": {"Enrichment": 0.36745265094698104, "Depletion": 0.6325673486530269, "two-tailed": 0.7349053018939621}}