{"P0AEB2": {"Enrichment": 0.3525929481410372, "Depletion": 0.6474270514589708, "two-tailed": 0.7051858962820744}}