{"P0AEJ2": {"Enrichment": 0.5771484570308594, "Depletion": 0.4228715425691486, "two-tailed": 0.8457430851382972}}