{"P0AES0": {"Enrichment": 0.9879202415951681, "Depletion": 0.012099758004839903, "two-tailed": 0.024199516009679806}}