{"P0AEK2": {"Enrichment": 0.8219835603287934, "Depletion": 0.17803643927121457, "two-tailed": 0.35607287854242914}}