{"P0AES2": {"Enrichment": 0.10573788524229516, "Depletion": 0.8942821143577129, "two-tailed": 0.21147577048459032}}