{"P0AET8": {"Enrichment": 0.28237435251294973, "Depletion": 0.7176456470870582, "two-tailed": 0.5647487050258995}}