{"P0AEK2": {"Enrichment": 0.8219235615287694, "Depletion": 0.17809643807123857, "two-tailed": 0.35619287614247713}}