{"P0AEE3": {"Enrichment": 0.2611147777044459, "Depletion": 0.7389052218955621, "two-tailed": 0.5222295554088918}}