{"P0AFI2": {"Enrichment": 0.44207115857682844, "Depletion": 0.5579488410231795, "two-tailed": 0.8841423171536569}}