{"P0AFI2": {"Enrichment": 0.7056258874822503, "Depletion": 0.2943941121177576, "two-tailed": 0.5887882242355152}}