{"P0AF24": {"Enrichment": 0.9626807463850723, "Depletion": 0.037339253214935704, "two-tailed": 0.07467850642987141}}