{"P0AF18": {"Enrichment": 0.8860222795544089, "Depletion": 0.11399772004559909, "two-tailed": 0.22799544009119818}}