{"P0AFG6": {"Enrichment": 0.5461090778184436, "Depletion": 0.4539109217815644, "two-tailed": 0.9078218435631288}}