{"P0AF24": {"Enrichment": 0.9627607447851043, "Depletion": 0.0372592548149037, "two-tailed": 0.0745185096298074}}