{"P0AF18": {"Enrichment": 0.20475590488190237, "Depletion": 0.7952640947181057, "two-tailed": 0.40951180976380475}}