{"P0AF12": {"Enrichment": 0.09371812563748726, "Depletion": 0.9063018739625207, "two-tailed": 0.1874362512749745}}