{"P0AGE9": {"Enrichment": 0.9420411591768164, "Depletion": 0.057978840423191534, "two-tailed": 0.11595768084638307}}