{"P0AG11": {"Enrichment": 0.30381392372152555, "Depletion": 0.6962060758784824, "two-tailed": 0.6076278474430511}}