{"P0AG11": {"Enrichment": 0.09123817523649527, "Depletion": 0.9087818243635127, "two-tailed": 0.18247635047299055}}