{"P0AGG2": {"Enrichment": 0.4132317353652927, "Depletion": 0.5867882642347153, "two-tailed": 0.8264634707305853}}