{"P0AG16": {"Enrichment": 0.30077398452030957, "Depletion": 0.6992460150796984, "two-tailed": 0.6015479690406191}}