{"P0C0K3": {"Enrichment": 0.2821543569128617, "Depletion": 0.7178656426871463, "two-tailed": 0.5643087138257235}}