{"P0C0R7": {"Enrichment": 0.5522889542209156, "Depletion": 0.4477310453790924, "two-tailed": 0.8954620907581848}}