{"P0C0K3": {"Enrichment": 0.2799944001119978, "Depletion": 0.7200255994880103, "two-tailed": 0.5599888002239956}}