{"P0C0R7": {"Enrichment": 0.18357632847343053, "Depletion": 0.8164436711265775, "two-tailed": 0.36715265694686106}}