{"P10902": {"Enrichment": 0.20167983201679832, "Depletion": 0.7984201579842016, "two-tailed": 0.40335966403359663}}