{"P10902": {"Enrichment": 0.374452510949781, "Depletion": 0.625567488650227, "two-tailed": 0.748905021899562}}