{"P11071": {"Enrichment": 0.14143717125657487, "Depletion": 0.8585828283434331, "two-tailed": 0.28287434251314975}}