{"P11071": {"Enrichment": 0.15523689526209475, "Depletion": 0.8447831043379133, "two-tailed": 0.3104737905241895}}