{"P12295": {"Enrichment": 0.10557788844223115, "Depletion": 0.8944421111577768, "two-tailed": 0.2111557768844623}}