{"P12295": {"Enrichment": 0.3499930001399972, "Depletion": 0.6500269994600107, "two-tailed": 0.6999860002799944}}