{"P13001": {"Enrichment": 0.04083918321633567, "Depletion": 0.9591808163836724, "two-tailed": 0.08167836643267135}}