{"P13000": {"Enrichment": 0.05373892522149557, "Depletion": 0.9462810743785124, "two-tailed": 0.10747785044299114}}