{"P13001": {"Enrichment": 0.8645627087458251, "Depletion": 0.13545729085418293, "two-tailed": 0.27091458170836585}}