{"P14294": {"Enrichment": 0.6948061038779224, "Depletion": 0.30521389572208557, "two-tailed": 0.6104277914441711}}