{"P15067": {"Enrichment": 0.7693446131077378, "Depletion": 0.23067538649227015, "two-tailed": 0.4613507729845403}}