{"P15067": {"Enrichment": 0.6609467810643788, "Depletion": 0.3390732185356293, "two-tailed": 0.6781464370712585}}