{"P15042": {"Enrichment": 0.007559848803023939, "Depletion": 0.992460150796984, "two-tailed": 0.015119697606047878}}