{"P16456": {"Enrichment": 0.8421631567368653, "Depletion": 0.15785684286314275, "two-tailed": 0.3157136857262855}}