{"P16456": {"Enrichment": 0.871682566348673, "Depletion": 0.12833743325133498, "two-tailed": 0.25667486650266996}}