{"P17169": {"Enrichment": 0.38383232335353296, "Depletion": 0.6161876762464751, "two-tailed": 0.7676646467070659}}