{"P17169": {"Enrichment": 0.5274094518109638, "Depletion": 0.4726105477890442, "two-tailed": 0.9452210955780884}}