{"P17802": {"Enrichment": 0.6913861722765545, "Depletion": 0.3086338273234535, "two-tailed": 0.617267654646907}}