{"P19926": {"Enrichment": 0.013839723205535889, "Depletion": 0.9861802763944721, "two-tailed": 0.027679446411071777}}