{"P19926": {"Enrichment": 0.036019279614407713, "Depletion": 0.9640007199856003, "two-tailed": 0.07203855922881543}}