{"P21367": {"Enrichment": 0.3487930241395172, "Depletion": 0.6512269754604908, "two-tailed": 0.6975860482790344}}