{"P21338": {"Enrichment": 0.8439431211375773, "Depletion": 0.15607687846243076, "two-tailed": 0.3121537569248615}}