{"P21367": {"Enrichment": 0.6620467590648187, "Depletion": 0.3379732405351893, "two-tailed": 0.6759464810703786}}