{"P21645": {"Enrichment": 0.99730005399892, "Depletion": 0.002719945601087978, "two-tailed": 0.005439891202175956}}