{"P22106": {"Enrichment": 0.09065818683626327, "Depletion": 0.9093618127637447, "two-tailed": 0.18131637367252654}}