{"P23522": {"Enrichment": 0.13903721925561488, "Depletion": 0.8609827803443931, "two-tailed": 0.27807443851122976}}