{"P23872": {"Enrichment": 0.8034039319213616, "Depletion": 0.19661606767864642, "two-tailed": 0.39323213535729284}}