{"P23872": {"Enrichment": 0.6844663106737865, "Depletion": 0.3155536889262215, "two-tailed": 0.631107377852443}}