{"P23865": {"Enrichment": 0.9466410671786565, "Depletion": 0.053378932421351576, "two-tailed": 0.10675786484270315}}