{"P23874": {"Enrichment": 0.372332553348933, "Depletion": 0.627687446251075, "two-tailed": 0.744665106697866}}