{"P23865": {"Enrichment": 0.9335813283734326, "Depletion": 0.06643867122657547, "two-tailed": 0.13287734245315094}}