{"P23930": {"Enrichment": 0.3456330873382532, "Depletion": 0.6543869122617547, "two-tailed": 0.6912661746765064}}