{"P24182": {"Enrichment": 0.7843043139137217, "Depletion": 0.21571568568628627, "two-tailed": 0.43143137137257254}}