{"P24228": {"Enrichment": 0.8063838723225536, "Depletion": 0.19363612727745444, "two-tailed": 0.3872722545549089}}