{"P24232": {"Enrichment": 0.2592348153036939, "Depletion": 0.7407851842963141, "two-tailed": 0.5184696306073878}}