{"P25539": {"Enrichment": 0.7992840143197136, "Depletion": 0.2007359852802944, "two-tailed": 0.4014719705605888}}