{"P25526": {"Enrichment": 0.0874782504349913, "Depletion": 0.9125417491650167, "two-tailed": 0.1749565008699826}}