{"P25553": {"Enrichment": 0.0624787504249915, "Depletion": 0.9375412491750165, "two-tailed": 0.124957500849983}}