{"P25524": {"Enrichment": 0.6924661506769865, "Depletion": 0.30755384892302157, "two-tailed": 0.6151076978460431}}