{"P25524": {"Enrichment": 0.44253114937701243, "Depletion": 0.5574888502229955, "two-tailed": 0.8850622987540249}}