{"P26616": {"Enrichment": 0.5526289474210516, "Depletion": 0.4473910521789564, "two-tailed": 0.8947821043579128}}