{"P26616": {"Enrichment": 0.5313293734125317, "Depletion": 0.46869062618747626, "two-tailed": 0.9373812523749525}}