{"P28248": {"Enrichment": 0.7276054478910422, "Depletion": 0.27241455170896584, "two-tailed": 0.5448291034179317}}