{"P28248": {"Enrichment": 0.45355092898142035, "Depletion": 0.5464690706185876, "two-tailed": 0.9071018579628407}}