{"P29208": {"Enrichment": 0.07775844483110338, "Depletion": 0.9222615547689046, "two-tailed": 0.15551688966220675}}