{"P29208": {"Enrichment": 0.07577848443031139, "Depletion": 0.9242415151696967, "two-tailed": 0.15155696886062278}}