{"P29745": {"Enrichment": 0.7123457530849383, "Depletion": 0.2876742465150697, "two-tailed": 0.5753484930301394}}