{"P29745": {"Enrichment": 0.5826283474330514, "Depletion": 0.4173916521669567, "two-tailed": 0.8347833043339133}}