{"P30138": {"Enrichment": 0.16701665966680668, "Depletion": 0.8330033399332013, "two-tailed": 0.33403331933361335}}