{"P31057": {"Enrichment": 0.23649527009459811, "Depletion": 0.7635247295054098, "two-tailed": 0.47299054018919623}}