{"P31057": {"Enrichment": 0.3163536729265415, "Depletion": 0.6836663266734665, "two-tailed": 0.632707345853083}}