{"P31142": {"Enrichment": 0.8090238195236096, "Depletion": 0.19099618007639846, "two-tailed": 0.3819923601527969}}