{"P31142": {"Enrichment": 0.6587268254634907, "Depletion": 0.3412931741365173, "two-tailed": 0.6825863482730345}}