{"P31129": {"Enrichment": 0.35721285574288514, "Depletion": 0.6428071438571229, "two-tailed": 0.7144257114857703}}