{"P31434": {"Enrichment": 0.16593668126637467, "Depletion": 0.8340833183336334, "two-tailed": 0.33187336253274935}}