{"P31434": {"Enrichment": 0.4386112277754445, "Depletion": 0.5614087718245635, "two-tailed": 0.877222455550889}}