{"P31572": {"Enrichment": 0.5147097058058839, "Depletion": 0.4853102937941241, "two-tailed": 0.9706205875882482}}