{"P31572": {"Enrichment": 0.501889962200756, "Depletion": 0.498130037399252, "two-tailed": 0.996260074798504}}