{"P31663": {"Enrichment": 0.30391392172156556, "Depletion": 0.6961060778784425, "two-tailed": 0.6078278434431311}}