{"P31658": {"Enrichment": 0.7319653606927862, "Depletion": 0.26805463890722186, "two-tailed": 0.5361092778144437}}