{"P31663": {"Enrichment": 0.3504729905401892, "Depletion": 0.6495470090598188, "two-tailed": 0.7009459810803784}}