{"P31658": {"Enrichment": 0.8252234955300894, "Depletion": 0.1747965040699186, "two-tailed": 0.3495930081398372}}