{"P31808": {"Enrichment": 0.7046259074818504, "Depletion": 0.29539409211815765, "two-tailed": 0.5907881842363153}}