{"P31808": {"Enrichment": 0.20625587488250235, "Depletion": 0.7937641247175057, "two-tailed": 0.4125117497650047}}