{"P31828": {"Enrichment": 0.6984260314793704, "Depletion": 0.3015939681206376, "two-tailed": 0.6031879362412752}}