{"P31828": {"Enrichment": 0.7482251774822518, "Depletion": 0.2518748125187481, "two-tailed": 0.5037496250374962}}