{"P32055": {"Enrichment": 0.5356492870142597, "Depletion": 0.4643707125857483, "two-tailed": 0.9287414251714966}}