{"P32055": {"Enrichment": 0.6852262954740905, "Depletion": 0.3147937041259175, "two-tailed": 0.629587408251835}}