{"P32171": {"Enrichment": 0.41765164696706064, "Depletion": 0.5823683526329474, "two-tailed": 0.8353032939341213}}