{"P32171": {"Enrichment": 0.3622127557448851, "Depletion": 0.6378072438551229, "two-tailed": 0.7244255114897702}}