{"P32169": {"Enrichment": 0.9106217875642487, "Depletion": 0.08939821203575929, "two-tailed": 0.17879642407151858}}