{"P32138": {"Enrichment": 0.8050238995220096, "Depletion": 0.19499610007799845, "two-tailed": 0.3899922001559969}}