{"P32156": {"Enrichment": 0.6475070498590029, "Depletion": 0.35251294974100517, "two-tailed": 0.7050258994820103}}