{"P32684": {"Enrichment": 0.5404691906161877, "Depletion": 0.45955080898382034, "two-tailed": 0.9191016179676407}}