{"P32719": {"Enrichment": 0.04593908121837563, "Depletion": 0.9540809183816323, "two-tailed": 0.09187816243675126}}