{"P33022": {"Enrichment": 0.5303293934121318, "Depletion": 0.4696906061878762, "two-tailed": 0.9393812123757525}}