{"P33025": {"Enrichment": 0.43365132697346054, "Depletion": 0.5663686726265474, "two-tailed": 0.8673026539469211}}