{"P33025": {"Enrichment": 0.08275834483310333, "Depletion": 0.9172616547669047, "two-tailed": 0.16551668966620667}}