{"P33371": {"Enrichment": 0.5703485930281395, "Depletion": 0.4296714065718686, "two-tailed": 0.8593428131437372}}