{"P33643": {"Enrichment": 0.2121157576848463, "Depletion": 0.7879042419151617, "two-tailed": 0.4242315153696926}}