{"P33643": {"Enrichment": 0.6810863782724346, "Depletion": 0.31893362132757347, "two-tailed": 0.6378672426551469}}