{"P36979": {"Enrichment": 0.1356772864542709, "Depletion": 0.8643427131457371, "two-tailed": 0.2713545729085418}}