{"P36929": {"Enrichment": 0.3647727045459091, "Depletion": 0.6352472950540989, "two-tailed": 0.7295454090918182}}