{"P36979": {"Enrichment": 0.0751584968300634, "Depletion": 0.9248615027699446, "two-tailed": 0.1503169936601268}}