{"P36929": {"Enrichment": 0.3217935641287174, "Depletion": 0.6782264354712906, "two-tailed": 0.6435871282574348}}