{"P37001": {"Enrichment": 0.4120317593648127, "Depletion": 0.5879882402351952, "two-tailed": 0.8240635187296254}}