{"P37095": {"Enrichment": 0.12783744325113497, "Depletion": 0.872182556348873, "two-tailed": 0.25567488650226994}}