{"P37146": {"Enrichment": 0.124637507249855, "Depletion": 0.875382492350153, "two-tailed": 0.24927501449971}}