{"P37330": {"Enrichment": 0.10921781564368713, "Depletion": 0.8908021839563208, "two-tailed": 0.21843563128737425}}