{"P37330": {"Enrichment": 0.44737105257894844, "Depletion": 0.5526489470210596, "two-tailed": 0.8947421051578969}}