{"P37351": {"Enrichment": 0.4229115417691646, "Depletion": 0.5771084578308434, "two-tailed": 0.8458230835383292}}