{"P37672": {"Enrichment": 0.49539009219815605, "Depletion": 0.504629907401852, "two-tailed": 0.9907801843963121}}