{"P37672": {"Enrichment": 0.4620707585848283, "Depletion": 0.5379492410151797, "two-tailed": 0.9241415171696566}}