{"P37634": {"Enrichment": 0.05399892002159957, "Depletion": 0.9460210795784084, "two-tailed": 0.10799784004319914}}