{"P37765": {"Enrichment": 0.1740965180696386, "Depletion": 0.8259234815303694, "two-tailed": 0.3481930361392772}}