{"P37765": {"Enrichment": 0.4523309533809324, "Depletion": 0.5476890462190757, "two-tailed": 0.9046619067618648}}