{"P38051": {"Enrichment": 0.873942521149577, "Depletion": 0.126077478450431, "two-tailed": 0.252154956900862}}