{"P38051": {"Enrichment": 0.8709129087091291, "Depletion": 0.12918708129187081, "two-tailed": 0.25837416258374163}}