{"P39371": {"Enrichment": 0.3304733905321894, "Depletion": 0.6695466090678186, "two-tailed": 0.6609467810643788}}