{"P39333": {"Enrichment": 0.9320213595728085, "Depletion": 0.06799864002719945, "two-tailed": 0.1359972800543989}}