{"P39333": {"Enrichment": 0.8336833263334733, "Depletion": 0.16633667326653467, "two-tailed": 0.33267334653306935}}