{"P39377": {"Enrichment": 0.7952040959180816, "Depletion": 0.20481590368192637, "two-tailed": 0.40963180736385274}}