{"P41052": {"Enrichment": 0.43507129857402854, "Depletion": 0.5649487010259795, "two-tailed": 0.8701425971480571}}