{"P41409": {"Enrichment": 0.1496770064598708, "Depletion": 0.8503429931401372, "two-tailed": 0.2993540129197416}}