{"P41409": {"Enrichment": 0.46677066458670824, "Depletion": 0.5332493350132997, "two-tailed": 0.9335413291734165}}