{"P42593": {"Enrichment": 0.7547649047019059, "Depletion": 0.24525509489810204, "two-tailed": 0.4905101897962041}}