{"P42592": {"Enrichment": 0.6438071238575228, "Depletion": 0.35621287574248517, "two-tailed": 0.7124257514849703}}