{"P42593": {"Enrichment": 0.4863702725945481, "Depletion": 0.5136497270054599, "two-tailed": 0.9727405451890963}}