{"P42592": {"Enrichment": 0.6428271434571309, "Depletion": 0.35719285614287716, "two-tailed": 0.7143857122857543}}