{"P42620": {"Enrichment": 0.35627287454250917, "Depletion": 0.6437471250574989, "two-tailed": 0.7125457490850183}}