{"P45470": {"Enrichment": 0.875082498350033, "Depletion": 0.124937501249975, "two-tailed": 0.24987500249995}}