{"P45470": {"Enrichment": 0.880242395152097, "Depletion": 0.11977760444791104, "two-tailed": 0.23955520889582207}}