{"P45532": {"Enrichment": 0.6593268134637307, "Depletion": 0.34069318613627725, "two-tailed": 0.6813863722725545}}