{"P45532": {"Enrichment": 0.6604067918641627, "Depletion": 0.3396132077358453, "two-tailed": 0.6792264154716906}}