{"P46130": {"Enrichment": 0.8360832783344333, "Depletion": 0.16393672126557468, "two-tailed": 0.32787344253114936}}