{"P46130": {"Enrichment": 0.5550488990220196, "Depletion": 0.44497110057798844, "two-tailed": 0.8899422011559769}}