{"P46849": {"Enrichment": 0.6553868922621547, "Depletion": 0.34463310733785324, "two-tailed": 0.6892662146757065}}