{"P46883": {"Enrichment": 0.13357732845343093, "Depletion": 0.866442671146577, "two-tailed": 0.26715465690686185}}