{"P46849": {"Enrichment": 0.8490230195396092, "Depletion": 0.1509969800603988, "two-tailed": 0.3019939601207976}}