{"P50465": {"Enrichment": 0.27825443491130175, "Depletion": 0.7217655646887062, "two-tailed": 0.5565088698226035}}