{"P50465": {"Enrichment": 0.3024539509209816, "Depletion": 0.6975660486790264, "two-tailed": 0.6049079018419632}}