{"P51981": {"Enrichment": 0.047039059218815626, "Depletion": 0.9529809403811924, "two-tailed": 0.09407811843763125}}