{"P51981": {"Enrichment": 0.0880182396352073, "Depletion": 0.9120017599648007, "two-tailed": 0.1760364792704146}}