{"P52086": {"Enrichment": 0.2975540489190216, "Depletion": 0.7024659506809864, "two-tailed": 0.5951080978380432}}