{"P52086": {"Enrichment": 0.31627367452650945, "Depletion": 0.6837463250734985, "two-tailed": 0.6325473490530189}}