{"P52643": {"Enrichment": 0.3259534809303814, "Depletion": 0.6740665186696266, "two-tailed": 0.6519069618607628}}