{"P55135": {"Enrichment": 0.0752984940301194, "Depletion": 0.9247215055698886, "two-tailed": 0.1505969880602388}}