{"P55135": {"Enrichment": 0.17659646807063858, "Depletion": 0.8234235315293694, "two-tailed": 0.35319293614127717}}