{"P60340": {"Enrichment": 0.3183536329273415, "Depletion": 0.6816663666726666, "two-tailed": 0.636707265854683}}