{"P60472": {"Enrichment": 0.8361032779344413, "Depletion": 0.1639167216655667, "two-tailed": 0.3278334433311334}}