{"P60472": {"Enrichment": 0.6680666386672267, "Depletion": 0.3319533609327813, "two-tailed": 0.6639067218655627}}