{"P61889": {"Enrichment": 0.0014799704005919881, "Depletion": 0.998540029199416, "two-tailed": 0.0029599408011839762}}