{"P61889": {"Enrichment": 0.0873182536349273, "Depletion": 0.9127017459650807, "two-tailed": 0.1746365072698546}}