{"P62615": {"Enrichment": 0.007299854002919942, "Depletion": 0.9927201455970881, "two-tailed": 0.014599708005839884}}