{"P62623": {"Enrichment": 0.47699046019079616, "Depletion": 0.5230295394092118, "two-tailed": 0.9539809203815923}}