{"P62623": {"Enrichment": 0.7247255054898902, "Depletion": 0.2752944941101178, "two-tailed": 0.5505889882202356}}