{"P62707": {"Enrichment": 0.29151416971660565, "Depletion": 0.7085058298834024, "two-tailed": 0.5830283394332113}}