{"P62707": {"Enrichment": 0.19515609687806243, "Depletion": 0.8048639027219455, "two-tailed": 0.39031219375612486}}