{"P66899": {"Enrichment": 0.9265214695706085, "Depletion": 0.0734985300293994, "two-tailed": 0.1469970600587988}}