{"P66899": {"Enrichment": 0.9068618627627447, "Depletion": 0.09315813683726326, "two-tailed": 0.18631627367452652}}