{"P66948": {"Enrichment": 0.28269434611307775, "Depletion": 0.7173256534869302, "two-tailed": 0.5653886922261555}}