{"P67910": {"Enrichment": 0.3986720265594688, "Depletion": 0.6013479730405392, "two-tailed": 0.7973440531189376}}