{"P67910": {"Enrichment": 0.40855182896342074, "Depletion": 0.5914681706365873, "two-tailed": 0.8171036579268415}}