{"P68767": {"Enrichment": 0.9669806603867923, "Depletion": 0.03303933921321574, "two-tailed": 0.06607867842643148}}