{"P68767": {"Enrichment": 0.8018839623207535, "Depletion": 0.1981360372792544, "two-tailed": 0.3962720745585088}}