{"P69783": {"Enrichment": 0.11793764124717505, "Depletion": 0.882082358352833, "two-tailed": 0.2358752824943501}}