{"P69783": {"Enrichment": 0.11825763484730305, "Depletion": 0.881762364752705, "two-tailed": 0.2365152696946061}}