{"P69829": {"Enrichment": 0.8238835223295534, "Depletion": 0.1761364772704546, "two-tailed": 0.3522729545409092}}