{"P69922": {"Enrichment": 0.037919241615167694, "Depletion": 0.9621007579848403, "two-tailed": 0.07583848323033539}}