{"P69924": {"Enrichment": 0.13091738165236697, "Depletion": 0.8691026179476411, "two-tailed": 0.26183476330473393}}