{"P69902": {"Enrichment": 0.4298514029719406, "Depletion": 0.5701685966280674, "two-tailed": 0.8597028059438812}}