{"P69902": {"Enrichment": 0.5979480410391792, "Depletion": 0.4020719585608288, "two-tailed": 0.8041439171216576}}