{"P75682": {"Enrichment": 0.5236295274094518, "Depletion": 0.4763904721905562, "two-tailed": 0.9527809443811124}}