{"P75682": {"Enrichment": 0.21119577608447831, "Depletion": 0.7888242235155297, "two-tailed": 0.42239155216895663}}