{"P75792": {"Enrichment": 0.9718405631887362, "Depletion": 0.028179436411271776, "two-tailed": 0.05635887282254355}}