{"P75736": {"Enrichment": 0.8267634647307054, "Depletion": 0.17325653486930262, "two-tailed": 0.34651306973860524}}