{"P75736": {"Enrichment": 0.7954840903181937, "Depletion": 0.20453590928181437, "two-tailed": 0.40907181856362873}}