{"P75792": {"Enrichment": 0.9722805543889123, "Depletion": 0.027739445211095778, "two-tailed": 0.055478890422191555}}