{"P75820": {"Enrichment": 0.6074478510429792, "Depletion": 0.3925721485570289, "two-tailed": 0.7851442971140578}}