{"P75820": {"Enrichment": 0.5974680506389872, "Depletion": 0.40255194896102076, "two-tailed": 0.8051038979220415}}