{"P75966": {"Enrichment": 0.5254094918101638, "Depletion": 0.4746105077898442, "two-tailed": 0.9492210155796884}}