{"P75966": {"Enrichment": 0.7568248635027299, "Depletion": 0.24319513609727805, "two-tailed": 0.4863902721945561}}