{"P75960": {"Enrichment": 0.31793364132717344, "Depletion": 0.6820863582728346, "two-tailed": 0.6358672826543469}}