{"P75913": {"Enrichment": 0.39463210735785287, "Depletion": 0.6053878922421552, "two-tailed": 0.7892642147157057}}