{"P75913": {"Enrichment": 0.4093118137637247, "Depletion": 0.5907081858362833, "two-tailed": 0.8186236275274494}}