{"P75960": {"Enrichment": 0.3151936961260775, "Depletion": 0.6848263034739305, "two-tailed": 0.630387392252155}}