{"P76038": {"Enrichment": 0.5358692826143477, "Depletion": 0.4641507169856603, "two-tailed": 0.9283014339713206}}