{"P76038": {"Enrichment": 0.5335093298134037, "Depletion": 0.46651066978660427, "two-tailed": 0.9330213395732085}}