{"P76008": {"Enrichment": 0.30605387892242153, "Depletion": 0.6939661206775865, "two-tailed": 0.6121077578448431}}