{"P76008": {"Enrichment": 0.30311393772124556, "Depletion": 0.6969060618787625, "two-tailed": 0.6062278754424911}}