{"P76015": {"Enrichment": 0.043059138817223654, "Depletion": 0.9569608607827843, "two-tailed": 0.08611827763444731}}