{"P76015": {"Enrichment": 0.18971620567588648, "Depletion": 0.8103037939241216, "two-tailed": 0.37943241135177297}}