{"P76044": {"Enrichment": 0.6003479930401392, "Depletion": 0.3996720065598688, "two-tailed": 0.7993440131197376}}