{"P76044": {"Enrichment": 0.6007679846403072, "Depletion": 0.3992520149597008, "two-tailed": 0.7985040299194016}}