{"P76143": {"Enrichment": 0.2817543649127017, "Depletion": 0.7182656346873063, "two-tailed": 0.5635087298254035}}