{"P76143": {"Enrichment": 0.41009179816403674, "Depletion": 0.5899282014359712, "two-tailed": 0.8201835963280735}}