{"P76273": {"Enrichment": 0.7148657026859463, "Depletion": 0.28515429691406174, "two-tailed": 0.5703085938281235}}