{"P76273": {"Enrichment": 0.8501229975400492, "Depletion": 0.1498970020599588, "two-tailed": 0.2997940041199176}}