{"P76318": {"Enrichment": 0.4872902541949161, "Depletion": 0.5127297454050919, "two-tailed": 0.9745805083898322}}