{"P76329": {"Enrichment": 0.7134057318853623, "Depletion": 0.2866142677146457, "two-tailed": 0.5732285354292914}}