{"P76407": {"Enrichment": 0.9648407031859363, "Depletion": 0.03517929641407172, "two-tailed": 0.07035859282814344}}