{"P76461": {"Enrichment": 0.4615107697846043, "Depletion": 0.5385092298154037, "two-tailed": 0.9230215395692086}}