{"P76459": {"Enrichment": 0.372792544149117, "Depletion": 0.627227455450891, "two-tailed": 0.745585088298234}}