{"P76469": {"Enrichment": 0.44641107177856443, "Depletion": 0.5536089278214436, "two-tailed": 0.8928221435571289}}