{"P76459": {"Enrichment": 0.18225635487290254, "Depletion": 0.8177636447271055, "two-tailed": 0.3645127097458051}}