{"P76407": {"Enrichment": 0.9008219835603288, "Depletion": 0.0991980160396792, "two-tailed": 0.1983960320793584}}