{"P76518": {"Enrichment": 0.8207235855282894, "Depletion": 0.17929641407171856, "two-tailed": 0.3585928281434371}}