{"P77044": {"Enrichment": 0.9534809303813924, "Depletion": 0.04653906921861563, "two-tailed": 0.09307813843723126}}