{"P77044": {"Enrichment": 0.22699546009079818, "Depletion": 0.7730245395092098, "two-tailed": 0.45399092018159637}}