{"P77212": {"Enrichment": 0.8182836343273134, "Depletion": 0.18173636527269454, "two-tailed": 0.3634727305453891}}