{"P77215": {"Enrichment": 0.0017799644007119857, "Depletion": 0.998240035199296, "two-tailed": 0.0035599288014239714}}