{"P77212": {"Enrichment": 0.8405231895362093, "Depletion": 0.15949681006379873, "two-tailed": 0.31899362012759747}}