{"P77215": {"Enrichment": 0.003019939601207976, "Depletion": 0.9970000599988, "two-tailed": 0.006039879202415952}}