{"P77398": {"Enrichment": 0.025819483610327792, "Depletion": 0.9742005159896802, "two-tailed": 0.051638967220655585}}