{"P77366": {"Enrichment": 0.31889362212755745, "Depletion": 0.6811263774724505, "two-tailed": 0.6377872442551149}}