{"P77366": {"Enrichment": 0.3243535129297414, "Depletion": 0.6756664866702666, "two-tailed": 0.6487070258594828}}