{"P77455": {"Enrichment": 0.05897882042359153, "Depletion": 0.9410411791764165, "two-tailed": 0.11795764084718306}}