{"P77489": {"Enrichment": 0.24837516248375163, "Depletion": 0.7517248275172482, "two-tailed": 0.49675032496750327}}