{"P77455": {"Enrichment": 0.0036599268014639707, "Depletion": 0.996360072798544, "two-tailed": 0.007319853602927941}}