{"P77444": {"Enrichment": 0.5713685726285475, "Depletion": 0.4286514269714606, "two-tailed": 0.8573028539429212}}