{"P77489": {"Enrichment": 0.12825743485130298, "Depletion": 0.8717625647487051, "two-tailed": 0.25651486970260595}}