{"P77555": {"Enrichment": 0.40461190776184475, "Depletion": 0.5954080918381632, "two-tailed": 0.8092238155236895}}