{"P77555": {"Enrichment": 0.44931101377972443, "Depletion": 0.5507089858202836, "two-tailed": 0.8986220275594489}}