{"P77649": {"Enrichment": 0.1753164936701266, "Depletion": 0.8247035059298814, "two-tailed": 0.3506329873402532}}