{"P77649": {"Enrichment": 0.23165536689266214, "Depletion": 0.7683646327073459, "two-tailed": 0.4633107337853243}}