{"P77674": {"Enrichment": 0.04399912001759965, "Depletion": 0.9560208795824083, "two-tailed": 0.0879982400351993}}