{"P77674": {"Enrichment": 0.04861902761944761, "Depletion": 0.9514009719805604, "two-tailed": 0.09723805523889523}}