{"P78055": {"Enrichment": 0.7446051078978421, "Depletion": 0.25541489170216597, "two-tailed": 0.5108297834043319}}