{"Q46822": {"Enrichment": 0.09827803443931121, "Depletion": 0.9017419651606968, "two-tailed": 0.19655606887862243}}