{"Q46822": {"Enrichment": 0.09495810083798324, "Depletion": 0.9050618987620248, "two-tailed": 0.18991620167596648}}