{"Q46857": {"Enrichment": 0.38945221095578086, "Depletion": 0.6105677886442271, "two-tailed": 0.7789044219115617}}