{"Q46890": {"Enrichment": 0.009199816003679926, "Depletion": 0.9908201835963281, "two-tailed": 0.01839963200735985}}