{"Q46857": {"Enrichment": 0.38189236215275696, "Depletion": 0.6181276374472511, "two-tailed": 0.7637847243055139}}