{"Q46890": {"Enrichment": 0.4078918421631567, "Depletion": 0.5921281574368512, "two-tailed": 0.8157836843263134}}