{"Q46915": {"Enrichment": 0.22077792220777923, "Depletion": 0.7793220677932207, "two-tailed": 0.44155584441555845}}