{"Q46915": {"Enrichment": 0.1501169976600468, "Depletion": 0.8499030019399612, "two-tailed": 0.3002339953200936}}