{"Q46948": {"Enrichment": 0.753544929101418, "Depletion": 0.24647507049859002, "two-tailed": 0.49295014099718004}}