{"Q47155": {"Enrichment": 0.9772404551908962, "Depletion": 0.022779544409111816, "two-tailed": 0.04555908881822363}}