{"Q47155": {"Enrichment": 0.9775604487910242, "Depletion": 0.02245955080898382, "two-tailed": 0.04491910161796764}}