{"Q57261": {"Enrichment": 0.15689686206275874, "Depletion": 0.8431231375372492, "two-tailed": 0.3137937241255175}}