{"Q57261": {"Enrichment": 0.4092518149637007, "Depletion": 0.5907681846363073, "two-tailed": 0.8185036299274014}}