{"Q6BF16": {"Enrichment": 0.4113317733645327, "Depletion": 0.5886882262354753, "two-tailed": 0.8226635467290654}}