{"Q6BF16": {"Enrichment": 0.511729765404692, "Depletion": 0.4882902341953161, "two-tailed": 0.9765804683906322}}