{"P04802": {"Enrichment": 0.4244915101697966, "Depletion": 0.5755284894302114, "two-tailed": 0.8489830203395932}}