{"P0CX29": {"Enrichment": 0.3906121877562449, "Depletion": 0.6094078118437631, "two-tailed": 0.7812243755124898}}