{"P26783": {"Enrichment": 0.498810023799524, "Depletion": 0.501209975800484, "two-tailed": 0.997620047599048}}