{"P32807": {"Enrichment": 0.1372172556548869, "Depletion": 0.8628027439451211, "two-tailed": 0.2744345113097738}}