{"P32905": {"Enrichment": 0.20379592408151836, "Depletion": 0.7962240755184896, "two-tailed": 0.40759184816303673}}