{"P41812": {"Enrichment": 0.0125397492050159, "Depletion": 0.9874802503949921, "two-tailed": 0.0250794984100318}}