{"P53218": {"Enrichment": 0.9055818883622327, "Depletion": 0.09443811123777525, "two-tailed": 0.1888762224755505}}