{"Q08162": {"Enrichment": 0.08987820243595128, "Depletion": 0.9101417971640567, "two-tailed": 0.17975640487190256}}