{"P03882": {"Enrichment": 0.25423491530169395, "Depletion": 0.745785084298314, "two-tailed": 0.5084698306033879}}