{"P06701": {"Enrichment": 0.8591140885911409, "Depletion": 0.140985901409859, "two-tailed": 0.281971802819718}}