{"P07271": {"Enrichment": 0.13497730045399092, "Depletion": 0.8650426991460171, "two-tailed": 0.26995460090798185}}