{"P28519": {"Enrichment": 0.2029759404811904, "Depletion": 0.7970440591188176, "two-tailed": 0.4059518809623808}}