{"P38830": {"Enrichment": 0.038259234815303696, "Depletion": 0.9617607647847043, "two-tailed": 0.07651846963060739}}