{"P50874": {"Enrichment": 0.18313633727325454, "Depletion": 0.8168836623267535, "two-tailed": 0.3662726745465091}}