{"P54790": {"Enrichment": 0.8987820243595128, "Depletion": 0.10123797524049519, "two-tailed": 0.20247595048099037}}