{"P00350": {"Enrichment": 0.29431411371772565, "Depletion": 0.7057058858822823, "two-tailed": 0.5886282274354513}}