{"P00370": {"Enrichment": 0.44587108257834845, "Depletion": 0.5541489170216596, "two-tailed": 0.8917421651566969}}