{"P00363": {"Enrichment": 0.0628187436251275, "Depletion": 0.9372012559748805, "two-tailed": 0.125637487250255}}