{"P00350": {"Enrichment": 0.2949741005179896, "Depletion": 0.7050458990820183, "two-tailed": 0.5899482010359792}}