{"P00370": {"Enrichment": 0.07001859962800744, "Depletion": 0.9300013999720006, "two-tailed": 0.14003719925601488}}