{"P00448": {"Enrichment": 0.9595608087838243, "Depletion": 0.040459190816183675, "two-tailed": 0.08091838163236735}}