{"P00452": {"Enrichment": 0.9663406731865363, "Depletion": 0.03367932641347173, "two-tailed": 0.06735865282694346}}