{"P00490": {"Enrichment": 0.0372992540149197, "Depletion": 0.9627207455850882, "two-tailed": 0.0745985080298394}}