{"P00448": {"Enrichment": 0.8901421971560569, "Depletion": 0.10987780244395112, "two-tailed": 0.21975560488790225}}