{"P00490": {"Enrichment": 0.08523829523409532, "Depletion": 0.9147817043659127, "two-tailed": 0.17047659046819064}}