{"P00452": {"Enrichment": 0.9721605567888643, "Depletion": 0.02785944281114378, "two-tailed": 0.05571888562228756}}