{"P00550": {"Enrichment": 0.48093038139237215, "Depletion": 0.5190896182076359, "two-tailed": 0.9618607627847443}}