{"P00561": {"Enrichment": 0.3658126837463251, "Depletion": 0.634207315853683, "two-tailed": 0.7316253674926502}}