{"P00561": {"Enrichment": 0.24935501289974202, "Depletion": 0.750664986700266, "two-tailed": 0.49871002579948404}}