{"P00582": {"Enrichment": 0.4265514689706206, "Depletion": 0.5734685306293874, "two-tailed": 0.8531029379412411}}