{"P00582": {"Enrichment": 0.7474450510989781, "Depletion": 0.25257494850102996, "two-tailed": 0.5051498970020599}}