{"P00634": {"Enrichment": 0.000879982400351993, "Depletion": 0.9991400171996561, "two-tailed": 0.001759964800703986}}