{"P00722": {"Enrichment": 0.3472730545389092, "Depletion": 0.6527469450610988, "two-tailed": 0.6945461090778184}}