{"P00722": {"Enrichment": 0.38607227855442894, "Depletion": 0.613947721045579, "two-tailed": 0.7721445571088579}}