{"P00894": {"Enrichment": 0.0247995040099198, "Depletion": 0.9752204955900882, "two-tailed": 0.0495990080198396}}