{"P00864": {"Enrichment": 0.125017499650007, "Depletion": 0.875002499950001, "two-tailed": 0.250034999300014}}