{"P00888": {"Enrichment": 0.33145337093258137, "Depletion": 0.6685666286674267, "two-tailed": 0.6629067418651627}}