{"P00805": {"Enrichment": 0.8177236455270894, "Depletion": 0.18229635407291855, "two-tailed": 0.3645927081458371}}