{"P00803": {"Enrichment": 0.7156656866862663, "Depletion": 0.28435431291374175, "two-tailed": 0.5687086258274835}}