{"P00864": {"Enrichment": 0.03555928881422372, "Depletion": 0.9644607107857843, "two-tailed": 0.07111857762844744}}