{"P00803": {"Enrichment": 0.7308653826923461, "Depletion": 0.26915461690766185, "two-tailed": 0.5383092338153237}}