{"P00811": {"Enrichment": 0.0055598888022239555, "Depletion": 0.9944601107977841, "two-tailed": 0.011119777604447911}}