{"P00805": {"Enrichment": 0.8914621707565848, "Depletion": 0.10855782884342313, "two-tailed": 0.21711565768684626}}