{"P00811": {"Enrichment": 0.007399852002959941, "Depletion": 0.9926201475970481, "two-tailed": 0.014799704005919881}}