{"P00861": {"Enrichment": 0.4492310153796924, "Depletion": 0.5507889842203156, "two-tailed": 0.8984620307593848}}