{"P00861": {"Enrichment": 0.23051538969220617, "Depletion": 0.7695046099078019, "two-tailed": 0.46103077938441234}}