{"P00959": {"Enrichment": 0.46845063098738027, "Depletion": 0.5315693686126277, "two-tailed": 0.9369012619747605}}