{"P00962": {"Enrichment": 0.9573008539829203, "Depletion": 0.04271914561708766, "two-tailed": 0.08543829123417532}}