{"P00914": {"Enrichment": 0.6595868082638348, "Depletion": 0.3404331913361733, "two-tailed": 0.6808663826723466}}