{"P00935": {"Enrichment": 0.29157416851662965, "Depletion": 0.7084458310833783, "two-tailed": 0.5831483370332593}}