{"P00935": {"Enrichment": 0.4835303293934121, "Depletion": 0.5164896702065959, "two-tailed": 0.9670606587868242}}