{"P00934": {"Enrichment": 0.032399352012959744, "Depletion": 0.9676206475870482, "two-tailed": 0.06479870402591949}}