{"P00968": {"Enrichment": 0.0630787384252315, "Depletion": 0.9369412611747765, "two-tailed": 0.126157476850463}}