{"P00968": {"Enrichment": 0.062018759624807504, "Depletion": 0.9380012399752005, "two-tailed": 0.12403751924961501}}