{"P02943": {"Enrichment": 0.6481270374592508, "Depletion": 0.35189296214075716, "two-tailed": 0.7037859242815143}}