{"P02924": {"Enrichment": 0.9408211835763285, "Depletion": 0.059198816023679525, "two-tailed": 0.11839763204735905}}