{"P02919": {"Enrichment": 0.6593068138637227, "Depletion": 0.3407131857362853, "two-tailed": 0.6814263714725706}}