{"P02943": {"Enrichment": 0.6453070938581228, "Depletion": 0.3547129057418852, "two-tailed": 0.7094258114837704}}