{"P02930": {"Enrichment": 0.6565468690626187, "Depletion": 0.34347313053738926, "two-tailed": 0.6869462610747785}}