{"P02930": {"Enrichment": 0.617587648247035, "Depletion": 0.38243235135297293, "two-tailed": 0.7648647027059459}}