{"P02931": {"Enrichment": 0.016599668006639867, "Depletion": 0.9834203315933682, "two-tailed": 0.033199336013279734}}