{"P02916": {"Enrichment": 0.378432431351373, "Depletion": 0.621587568248635, "two-tailed": 0.756864862702746}}