{"P02916": {"Enrichment": 0.7641447171056579, "Depletion": 0.2358752824943501, "two-tailed": 0.4717505649887002}}