{"P03018": {"Enrichment": 0.5244095118097638, "Depletion": 0.4756104877902442, "two-tailed": 0.9512209755804883}}