{"P03023": {"Enrichment": 0.30465390692186156, "Depletion": 0.6953660926781464, "two-tailed": 0.6093078138437231}}