{"P03018": {"Enrichment": 0.5616687666246675, "Depletion": 0.4383512329753405, "two-tailed": 0.876702465950681}}