{"P03023": {"Enrichment": 0.5734285314293714, "Depletion": 0.4265914681706366, "two-tailed": 0.8531829363412732}}