{"P03959": {"Enrichment": 0.020439591208175838, "Depletion": 0.9795804083918321, "two-tailed": 0.040879182416351675}}