{"P03960": {"Enrichment": 0.8453030939381212, "Depletion": 0.15471690566188676, "two-tailed": 0.3094338113237735}}