{"P03960": {"Enrichment": 0.8586228275434491, "Depletion": 0.14139717205655886, "two-tailed": 0.2827943441131177}}