{"P04079": {"Enrichment": 0.7672046559068819, "Depletion": 0.23281534369312615, "two-tailed": 0.4656306873862523}}