{"P04079": {"Enrichment": 0.5559288814223715, "Depletion": 0.44409111817763647, "two-tailed": 0.8881822363552729}}