{"P04036": {"Enrichment": 0.3041139177216456, "Depletion": 0.6959060818783624, "two-tailed": 0.6082278354432912}}