{"P04395": {"Enrichment": 0.7794644107117857, "Depletion": 0.22055558888822224, "two-tailed": 0.4411111777764445}}