{"P04395": {"Enrichment": 0.7721245575088498, "Depletion": 0.22789544209115817, "two-tailed": 0.45579088418231634}}