{"P04391": {"Enrichment": 0.500689986200276, "Depletion": 0.499330013399732, "two-tailed": 0.998660026799464}}