{"P04391": {"Enrichment": 0.5524689506209876, "Depletion": 0.4475510489790204, "two-tailed": 0.8951020979580409}}