{"P04425": {"Enrichment": 0.02391952160956781, "Depletion": 0.9761004779904402, "two-tailed": 0.04783904321913562}}