{"P04693": {"Enrichment": 0.5076898462030759, "Depletion": 0.49233015339693204, "two-tailed": 0.9846603067938641}}