{"P04693": {"Enrichment": 0.5062898742025159, "Depletion": 0.49373012539749206, "two-tailed": 0.9874602507949841}}