{"P04825": {"Enrichment": 0.1624367512649747, "Depletion": 0.8375832483350333, "two-tailed": 0.3248735025299494}}