{"P04825": {"Enrichment": 0.14477710445791084, "Depletion": 0.8552428951420972, "two-tailed": 0.2895542089158217}}