{"P04995": {"Enrichment": 0.7214055718885622, "Depletion": 0.2786144277114458, "two-tailed": 0.5572288554228916}}