{"P04995": {"Enrichment": 0.8150636987260255, "Depletion": 0.18495630087398252, "two-tailed": 0.36991260174796503}}