{"P04951": {"Enrichment": 0.05391892162156757, "Depletion": 0.9461010779784405, "two-tailed": 0.10783784324313514}}