{"P05041": {"Enrichment": 0.7236455270894582, "Depletion": 0.2763744725105498, "two-tailed": 0.5527489450210996}}