{"P05042": {"Enrichment": 0.16939661206775863, "Depletion": 0.8306233875322494, "two-tailed": 0.33879322413551727}}