{"P05055": {"Enrichment": 0.7767244655106897, "Depletion": 0.2232955340893182, "two-tailed": 0.4465910681786364}}