{"P05042": {"Enrichment": 0.16747665046699067, "Depletion": 0.8325433491330173, "two-tailed": 0.33495330093398135}}