{"P05055": {"Enrichment": 0.8052838943221136, "Depletion": 0.19473610527789445, "two-tailed": 0.3894722105557889}}