{"P05050": {"Enrichment": 0.008219835603287933, "Depletion": 0.9918001639967201, "two-tailed": 0.016439671206575867}}