{"P05020": {"Enrichment": 0.1354172916541669, "Depletion": 0.864602707945841, "two-tailed": 0.2708345833083338}}