{"P05458": {"Enrichment": 0.36663266734665306, "Depletion": 0.633387332253355, "two-tailed": 0.7332653346933061}}