{"P05458": {"Enrichment": 0.1890562188756225, "Depletion": 0.8109637807243855, "two-tailed": 0.378112437751245}}