{"P05523": {"Enrichment": 0.7655246895062099, "Depletion": 0.23449531009379812, "two-tailed": 0.46899062018759624}}