{"P05523": {"Enrichment": 0.7670046599068019, "Depletion": 0.23301533969320615, "two-tailed": 0.4660306793864123}}