{"P05793": {"Enrichment": 0.5783684326313474, "Depletion": 0.42165156696866063, "two-tailed": 0.8433031339373213}}