{"P05852": {"Enrichment": 0.2829543409131817, "Depletion": 0.7170656586868263, "two-tailed": 0.5659086818263634}}