{"P05804": {"Enrichment": 0.04111917761644767, "Depletion": 0.9589008219835603, "two-tailed": 0.08223835523289534}}