{"P05804": {"Enrichment": 0.022879542409151816, "Depletion": 0.9771404571908562, "two-tailed": 0.04575908481830363}}