{"P06129": {"Enrichment": 0.9394812103757925, "Depletion": 0.06053878922421552, "two-tailed": 0.12107757844843103}}