{"P06134": {"Enrichment": 0.992580148397032, "Depletion": 0.007439851202975941, "two-tailed": 0.014879702405951881}}