{"P06129": {"Enrichment": 0.9413411731765364, "Depletion": 0.05867882642347153, "two-tailed": 0.11735765284694306}}