{"P06134": {"Enrichment": 0.9935601287974241, "Depletion": 0.0064598708025839485, "two-tailed": 0.012919741605167897}}