{"P06612": {"Enrichment": 0.6818263634727305, "Depletion": 0.31819363612727747, "two-tailed": 0.6363872722545549}}