{"P06609": {"Enrichment": 0.995540089198216, "Depletion": 0.004479910401791964, "two-tailed": 0.008959820803583929}}