{"P06611": {"Enrichment": 0.7975640487190256, "Depletion": 0.2024559508809824, "two-tailed": 0.4049119017619648}}