{"P06609": {"Enrichment": 0.7716645667086658, "Depletion": 0.22835543289134216, "two-tailed": 0.4567108657826843}}