{"P06611": {"Enrichment": 0.7971240575188496, "Depletion": 0.20289594208115838, "two-tailed": 0.40579188416231676}}