{"P06616": {"Enrichment": 0.7364652706945861, "Depletion": 0.26355472890542186, "two-tailed": 0.5271094578108437}}