{"P06612": {"Enrichment": 0.6839263214735706, "Depletion": 0.31609367812643746, "two-tailed": 0.6321873562528749}}