{"P06710": {"Enrichment": 0.6307273854522909, "Depletion": 0.369292614147717, "two-tailed": 0.738585228295434}}