{"P06710": {"Enrichment": 0.7370652586948261, "Depletion": 0.2629547409051819, "two-tailed": 0.5259094818103638}}