{"P06715": {"Enrichment": 0.9897802043959121, "Depletion": 0.010239795204095918, "two-tailed": 0.020479590408191837}}