{"P06721": {"Enrichment": 0.3606727865442691, "Depletion": 0.6393472130557389, "two-tailed": 0.7213455730885382}}