{"P06709": {"Enrichment": 0.5163496730065399, "Depletion": 0.48367032659346815, "two-tailed": 0.9673406531869363}}