{"P06721": {"Enrichment": 0.1980560388792224, "Depletion": 0.8019639607207856, "two-tailed": 0.3961120777584448}}