{"P06709": {"Enrichment": 0.033299334013319734, "Depletion": 0.9667206655866882, "two-tailed": 0.06659866802663947}}