{"P06999": {"Enrichment": 0.5118897622047559, "Depletion": 0.4881302373952521, "two-tailed": 0.9762604747905042}}