{"P06996": {"Enrichment": 0.017699646007079857, "Depletion": 0.9823203535929281, "two-tailed": 0.035399292014159714}}