{"P06968": {"Enrichment": 0.6600667986640267, "Depletion": 0.3399532009359813, "two-tailed": 0.6799064018719626}}