{"P06988": {"Enrichment": 0.9702205955880883, "Depletion": 0.029799404011919762, "two-tailed": 0.059598808023839524}}