{"P06968": {"Enrichment": 0.04477910441791164, "Depletion": 0.9552408951820963, "two-tailed": 0.08955820883582329}}