{"P06971": {"Enrichment": 0.4153716925661487, "Depletion": 0.5846483070338593, "two-tailed": 0.8307433851322974}}