{"P07003": {"Enrichment": 0.29383412331753367, "Depletion": 0.7061858762824743, "two-tailed": 0.5876682466350673}}