{"P07026": {"Enrichment": 0.28235435291294175, "Depletion": 0.7176656466870662, "two-tailed": 0.5647087058258835}}