{"P07024": {"Enrichment": 0.30867382652346953, "Depletion": 0.6913461730765385, "two-tailed": 0.6173476530469391}}