{"P07024": {"Enrichment": 0.44389112217755644, "Depletion": 0.5561288774224515, "two-tailed": 0.8877822443551129}}