{"P07003": {"Enrichment": 0.41935161296774065, "Depletion": 0.5806683866322674, "two-tailed": 0.8387032259354813}}