{"P07102": {"Enrichment": 0.05989880202395952, "Depletion": 0.9401211975760485, "two-tailed": 0.11979760404791905}}