{"P07102": {"Enrichment": 0.028419431611367774, "Depletion": 0.9716005679886403, "two-tailed": 0.05683886322273555}}