{"P07464": {"Enrichment": 0.08277834443311134, "Depletion": 0.9172416551668967, "two-tailed": 0.16555668886622268}}