{"P07623": {"Enrichment": 0.6956660866782665, "Depletion": 0.3043539129217416, "two-tailed": 0.6087078258434832}}