{"P07623": {"Enrichment": 0.6943461130777384, "Depletion": 0.30567388652226957, "two-tailed": 0.6113477730445391}}