{"P07649": {"Enrichment": 0.04749905001899962, "Depletion": 0.9525209495810084, "two-tailed": 0.09499810003799924}}