{"P07649": {"Enrichment": 0.12685746285074298, "Depletion": 0.873162536749265, "two-tailed": 0.25371492570148596}}