{"P07650": {"Enrichment": 0.023459530809383813, "Depletion": 0.9765604687906242, "two-tailed": 0.046919061618767625}}