{"P07658": {"Enrichment": 0.3901721965560689, "Depletion": 0.6098478030439392, "two-tailed": 0.7803443931121378}}