{"P07658": {"Enrichment": 0.45787084258314836, "Depletion": 0.5421491570168596, "two-tailed": 0.9157416851662967}}