{"P07762": {"Enrichment": 0.9120417591648167, "Depletion": 0.0879782404351913, "two-tailed": 0.1759564808703826}}