{"P07762": {"Enrichment": 0.7746045079098418, "Depletion": 0.2254154916901662, "two-tailed": 0.4508309833803324}}