{"P07822": {"Enrichment": 0.5576088478230435, "Depletion": 0.44241115177696444, "two-tailed": 0.8848223035539289}}