{"P07813": {"Enrichment": 0.020579588408231837, "Depletion": 0.9794404111917762, "two-tailed": 0.04115917681646367}}