{"P07862": {"Enrichment": 0.03881922361552769, "Depletion": 0.9612007759844803, "two-tailed": 0.07763844723105538}}