{"P08189": {"Enrichment": 0.8969620607587848, "Depletion": 0.10305793884122318, "two-tailed": 0.20611587768244635}}