{"P08178": {"Enrichment": 0.8310033799324014, "Depletion": 0.16901661966760664, "two-tailed": 0.3380332393352133}}