{"P08191": {"Enrichment": 0.2978340433191336, "Depletion": 0.7021859562808744, "two-tailed": 0.5956680866382672}}