{"P08178": {"Enrichment": 0.9635407291854163, "Depletion": 0.03647927041459171, "two-tailed": 0.07295854082918342}}