{"P08191": {"Enrichment": 0.625847483050339, "Depletion": 0.374172516549669, "two-tailed": 0.748345033099338}}