{"P08202": {"Enrichment": 0.4720505589888202, "Depletion": 0.5279694406111878, "two-tailed": 0.9441011179776404}}