{"P08200": {"Enrichment": 0.19671606567868644, "Depletion": 0.8033039339213216, "two-tailed": 0.39343213135737287}}