{"P08203": {"Enrichment": 0.1517969640607188, "Depletion": 0.8482230355392892, "two-tailed": 0.3035939281214376}}