{"P08203": {"Enrichment": 0.15337693246135078, "Depletion": 0.8466430671386572, "two-tailed": 0.30675386492270157}}