{"P08200": {"Enrichment": 0.28859422811543767, "Depletion": 0.7114257714845703, "two-tailed": 0.5771884562308753}}