{"P08395": {"Enrichment": 0.7178856422871542, "Depletion": 0.28213435731285375, "two-tailed": 0.5642687146257075}}