{"P08373": {"Enrichment": 0.004199916001679967, "Depletion": 0.9958200835983281, "two-tailed": 0.008399832003359933}}