{"P08395": {"Enrichment": 0.7191456170876582, "Depletion": 0.28087438251234975, "two-tailed": 0.5617487650246995}}