{"P08337": {"Enrichment": 0.48151036979260414, "Depletion": 0.5185096298074039, "two-tailed": 0.9630207395852083}}