{"P08506": {"Enrichment": 0.09833803323933521, "Depletion": 0.9016819663606728, "two-tailed": 0.19667606647867042}}