{"P08660": {"Enrichment": 0.8988820223595528, "Depletion": 0.10113797724045519, "two-tailed": 0.20227595448091037}}