{"P08660": {"Enrichment": 0.8814623707525849, "Depletion": 0.11855762884742305, "two-tailed": 0.2371152576948461}}