{"P08839": {"Enrichment": 0.8162836743265135, "Depletion": 0.18373632527349454, "two-tailed": 0.3674726505469891}}