{"P08997": {"Enrichment": 0.01621967560648787, "Depletion": 0.9838003239935201, "two-tailed": 0.03243935121297574}}