{"P08997": {"Enrichment": 0.26737465250694986, "Depletion": 0.7326453470930582, "two-tailed": 0.5347493050138997}}