{"P09030": {"Enrichment": 0.1613567728645427, "Depletion": 0.8386632267354653, "two-tailed": 0.3227135457290854}}