{"P09099": {"Enrichment": 0.11893762124757505, "Depletion": 0.881082378352433, "two-tailed": 0.2378752424951501}}