{"P09099": {"Enrichment": 0.01501969960600788, "Depletion": 0.9850002999940001, "two-tailed": 0.03003939921201576}}