{"P09030": {"Enrichment": 0.379992400151997, "Depletion": 0.620027599448011, "two-tailed": 0.759984800303994}}