{"P09169": {"Enrichment": 0.5038899222015559, "Depletion": 0.49613007739845205, "two-tailed": 0.9922601547969041}}