{"P09155": {"Enrichment": 0.34559308813823725, "Depletion": 0.6544269114617708, "two-tailed": 0.6911861762764745}}