{"P09148": {"Enrichment": 0.5939681206375872, "Depletion": 0.40605187896242073, "two-tailed": 0.8121037579248415}}