{"P09169": {"Enrichment": 0.3621327573448531, "Depletion": 0.6378872422551549, "two-tailed": 0.7242655146897062}}