{"P09148": {"Enrichment": 0.5976080478390432, "Depletion": 0.4024119517609648, "two-tailed": 0.8048239035219296}}