{"P09158": {"Enrichment": 0.9035419291614167, "Depletion": 0.09647807043859123, "two-tailed": 0.19295614087718246}}