{"P09155": {"Enrichment": 0.3408131837363253, "Depletion": 0.6592068158636827, "two-tailed": 0.6816263674726506}}