{"P09373": {"Enrichment": 0.3841523169536609, "Depletion": 0.6158676826463471, "two-tailed": 0.7683046339073218}}