{"P09394": {"Enrichment": 0.5222895542089159, "Depletion": 0.47773044539109216, "two-tailed": 0.9554608907821843}}