{"P09373": {"Enrichment": 0.4243115137697246, "Depletion": 0.5757084858302834, "two-tailed": 0.8486230275394492}}