{"P09394": {"Enrichment": 0.4376112477750445, "Depletion": 0.5624087518249635, "two-tailed": 0.875222495550089}}