{"P09546": {"Enrichment": 0.23007539849203015, "Depletion": 0.7699446011079778, "two-tailed": 0.4601507969840603}}