{"P09980": {"Enrichment": 0.5234095318093638, "Depletion": 0.4766104677906442, "two-tailed": 0.9532209355812884}}