{"P09980": {"Enrichment": 0.5259494810103797, "Depletion": 0.47407051858962823, "two-tailed": 0.9481410371792565}}