{"P0A6U8": {"Enrichment": 0.1001979960400792, "Depletion": 0.8998220035599288, "two-tailed": 0.2003959920801584}}