{"P0A6I3": {"Enrichment": 0.07003859922801543, "Depletion": 0.9299814003719925, "two-tailed": 0.14007719845603087}}