{"P0A6B4": {"Enrichment": 0.14037719245615088, "Depletion": 0.8596428071438571, "two-tailed": 0.28075438491230176}}