{"P0A6B7": {"Enrichment": 0.5279494410111798, "Depletion": 0.47207055858882824, "two-tailed": 0.9441411171776565}}