{"P0A6R0": {"Enrichment": 0.5511689766204676, "Depletion": 0.4488510229795404, "two-tailed": 0.8977020459590808}}