{"P0A6C8": {"Enrichment": 0.07927841443171137, "Depletion": 0.9207415851682966, "two-tailed": 0.15855682886342273}}