{"P0A6I0": {"Enrichment": 0.18803623927521448, "Depletion": 0.8119837603247935, "two-tailed": 0.37607247855042897}}