{"P0A6E4": {"Enrichment": 0.20739585208295835, "Depletion": 0.7926241475170497, "two-tailed": 0.4147917041659167}}