{"P0A6F3": {"Enrichment": 0.4101917961640767, "Depletion": 0.5898282034359312, "two-tailed": 0.8203835923281534}}