{"P0A6D3": {"Enrichment": 0.7958840823183536, "Depletion": 0.20413591728165437, "two-tailed": 0.40827183456330873}}