{"P0A6D3": {"Enrichment": 0.8127637447251055, "Depletion": 0.1872562548749025, "two-tailed": 0.374512509749805}}