{"P0A6L4": {"Enrichment": 0.4377312453750925, "Depletion": 0.5622887542249155, "two-tailed": 0.875462490750185}}