{"P0A6P9": {"Enrichment": 0.011559768804623907, "Depletion": 0.9884602307953841, "two-tailed": 0.023119537609247814}}