{"P0A6F1": {"Enrichment": 0.870402591948161, "Depletion": 0.12961740765184696, "two-tailed": 0.2592348153036939}}