{"P0A6L2": {"Enrichment": 0.36903261934761306, "Depletion": 0.630987380252395, "two-tailed": 0.7380652386952261}}