{"P0A6I9": {"Enrichment": 0.21775564488710225, "Depletion": 0.7822643547129058, "two-tailed": 0.4355112897742045}}