{"P0A6T1": {"Enrichment": 0.2145757084858303, "Depletion": 0.7854442911141777, "two-tailed": 0.4291514169716606}}