{"P0A6W9": {"Enrichment": 0.2844343113137737, "Depletion": 0.7155856882862343, "two-tailed": 0.5688686226275474}}