{"P0A6V5": {"Enrichment": 0.8144437111257775, "Depletion": 0.18557628847423052, "two-tailed": 0.37115257694846104}}