{"P0A6R0": {"Enrichment": 0.8286434271314573, "Depletion": 0.17137657246855062, "two-tailed": 0.34275314493710124}}