{"P0A6Y8": {"Enrichment": 0.07583848323033539, "Depletion": 0.9241815163696726, "two-tailed": 0.15167696646067078}}