{"P0A6I0": {"Enrichment": 0.24129517409651807, "Depletion": 0.75872482550349, "two-tailed": 0.48259034819303614}}