{"P0A6K3": {"Enrichment": 0.9842003159936801, "Depletion": 0.015819683606327874, "two-tailed": 0.03163936721265575}}