{"P0A6L4": {"Enrichment": 0.24057518849623008, "Depletion": 0.7594448111037779, "two-tailed": 0.48115037699246016}}