{"P0A6L0": {"Enrichment": 0.24629507409851803, "Depletion": 0.75372492550149, "two-tailed": 0.49259014819703606}}