{"P0A6V1": {"Enrichment": 0.624607507849843, "Depletion": 0.375412491750165, "two-tailed": 0.75082498350033}}