{"P0A6T1": {"Enrichment": 0.10933781324373512, "Depletion": 0.8906821863562728, "two-tailed": 0.21867562648747024}}