{"P0A6B4": {"Enrichment": 0.05987880242395152, "Depletion": 0.9401411971760565, "two-tailed": 0.11975760484790304}}