{"P0A6F3": {"Enrichment": 0.4156116877662447, "Depletion": 0.5844083118337633, "two-tailed": 0.8312233755324894}}