{"P0A6F5": {"Enrichment": 0.7753644927101458, "Depletion": 0.22465550688986222, "two-tailed": 0.44931101377972443}}