{"P0A6L2": {"Enrichment": 0.4254114917701646, "Depletion": 0.5746085078298434, "two-tailed": 0.8508229835403291}}