{"P0A6Y8": {"Enrichment": 0.10463790724185516, "Depletion": 0.8953820923581528, "two-tailed": 0.20927581448371033}}