{"P0A6I3": {"Enrichment": 0.11595768084638307, "Depletion": 0.884062318753625, "two-tailed": 0.23191536169276614}}