{"P0A6Z3": {"Enrichment": 0.21519569608607828, "Depletion": 0.7848243035139297, "two-tailed": 0.43039139217215655}}