{"P0A698": {"Enrichment": 0.3524729505409892, "Depletion": 0.6475470490590188, "two-tailed": 0.7049459010819784}}