{"P0A6Z6": {"Enrichment": 0.00031999360012799745, "Depletion": 0.99970000599988, "two-tailed": 0.0006399872002559949}}