{"P0A6U8": {"Enrichment": 0.15453690926181476, "Depletion": 0.8454830903381932, "two-tailed": 0.30907381852362953}}