{"P0A6F5": {"Enrichment": 0.7737245255094898, "Depletion": 0.2262954740905182, "two-tailed": 0.4525909481810364}}