{"P0A6E4": {"Enrichment": 0.3019939601207976, "Depletion": 0.6980260394792104, "two-tailed": 0.6039879202415952}}