{"P0A6L0": {"Enrichment": 0.25731485370292595, "Depletion": 0.742705145897082, "two-tailed": 0.5146297074058519}}