{"P0A6D5": {"Enrichment": 0.23299534009319814, "Depletion": 0.7670246595068099, "two-tailed": 0.4659906801863963}}