{"P0A6V5": {"Enrichment": 0.6090478190436192, "Depletion": 0.3909721805563889, "two-tailed": 0.7819443611127778}}