{"P0A6I9": {"Enrichment": 0.09143817123657527, "Depletion": 0.9085818283634327, "two-tailed": 0.18287634247315054}}