{"P0A796": {"Enrichment": 0.7277654446911062, "Depletion": 0.2722545549089018, "two-tailed": 0.5445091098178036}}