{"P0A725": {"Enrichment": 0.02721945561088778, "Depletion": 0.9728005439891202, "two-tailed": 0.05443891122177556}}