{"P0A744": {"Enrichment": 0.12271754564908702, "Depletion": 0.877302453950921, "two-tailed": 0.24543509129817404}}