{"P0A7I7": {"Enrichment": 0.22757544849103017, "Depletion": 0.7724445511089778, "two-tailed": 0.45515089698206035}}