{"P0A7E1": {"Enrichment": 0.1597768044639107, "Depletion": 0.8402431951360972, "two-tailed": 0.3195536089278214}}