{"P0A7B1": {"Enrichment": 0.49615007699846003, "Depletion": 0.503869922601548, "two-tailed": 0.9923001539969201}}