{"P0A746": {"Enrichment": 0.7796244075118498, "Depletion": 0.22039559208815823, "two-tailed": 0.44079118417631646}}