{"P0A790": {"Enrichment": 0.27115457690846184, "Depletion": 0.7288654226915462, "two-tailed": 0.5423091538169237}}