{"P0A752": {"Enrichment": 0.5649487010259795, "Depletion": 0.43507129857402854, "two-tailed": 0.8701425971480571}}