{"P0A7E9": {"Enrichment": 0.2943941121177576, "Depletion": 0.7056258874822503, "two-tailed": 0.5887882242355152}}