{"P0A7I7": {"Enrichment": 0.014119717605647886, "Depletion": 0.9859002819943601, "two-tailed": 0.028239435211295773}}