{"P0A752": {"Enrichment": 0.47321053578928424, "Depletion": 0.5268094638107238, "two-tailed": 0.9464210715785685}}