{"P0A7D4": {"Enrichment": 0.5834483310333793, "Depletion": 0.4165716685666287, "two-tailed": 0.8331433371332574}}