{"P0A7E5": {"Enrichment": 0.12965740685186297, "Depletion": 0.8703625927481451, "two-tailed": 0.25931481370372594}}