{"P0A7J3": {"Enrichment": 0.061838763224735506, "Depletion": 0.9381812363752725, "two-tailed": 0.12367752644947101}}