{"P0A715": {"Enrichment": 0.7554448911021779, "Depletion": 0.24457510849783004, "two-tailed": 0.4891502169956601}}