{"P0A784": {"Enrichment": 0.04685906281874363, "Depletion": 0.9531609367812643, "two-tailed": 0.09371812563748726}}