{"P0A7Z4": {"Enrichment": 0.7744845103097938, "Depletion": 0.2255354892902142, "two-tailed": 0.4510709785804284}}