{"P0A738": {"Enrichment": 0.999480010399792, "Depletion": 0.0005399892002159956, "two-tailed": 0.0010799784004319913}}