{"P0A7B5": {"Enrichment": 0.504989900201996, "Depletion": 0.495030099398012, "two-tailed": 0.990060198796024}}