{"P0A731": {"Enrichment": 0.7938241235175296, "Depletion": 0.20619587608247836, "two-tailed": 0.4123917521649567}}