{"P0A7D4": {"Enrichment": 0.3892722145557089, "Depletion": 0.6107477850442992, "two-tailed": 0.7785444291114177}}