{"P0A720": {"Enrichment": 0.6900061998760025, "Depletion": 0.3100137997240055, "two-tailed": 0.620027599448011}}