{"P0A749": {"Enrichment": 0.24855502889942202, "Depletion": 0.751464970700586, "two-tailed": 0.49711005779884404}}