{"P0A7B8": {"Enrichment": 0.42965140697186055, "Depletion": 0.5703685926281474, "two-tailed": 0.8593028139437211}}