{"P0A7K6": {"Enrichment": 0.7173256534869302, "Depletion": 0.28269434611307775, "two-tailed": 0.5653886922261555}}