{"P0A7E1": {"Enrichment": 0.20459590808183836, "Depletion": 0.7954240915181696, "two-tailed": 0.4091918161636767}}