{"P0A7A5": {"Enrichment": 0.10287794244115117, "Depletion": 0.8971420571588569, "two-tailed": 0.20575588488230234}}