{"P0A794": {"Enrichment": 0.6037079258414831, "Depletion": 0.39631207375852484, "two-tailed": 0.7926241475170497}}