{"P0A731": {"Enrichment": 0.8104037919241616, "Depletion": 0.18961620767584647, "two-tailed": 0.37923241535169294}}