{"P0A738": {"Enrichment": 0.999520009599808, "Depletion": 0.000499990000199996, "two-tailed": 0.000999980000399992}}