{"P0A744": {"Enrichment": 0.1509369812603748, "Depletion": 0.8490830183396332, "two-tailed": 0.3018739625207496}}