{"P0A7J0": {"Enrichment": 0.008959820803583929, "Depletion": 0.991060178796424, "two-tailed": 0.017919641607167858}}