{"P0A720": {"Enrichment": 0.8971020579588408, "Depletion": 0.10291794164116717, "two-tailed": 0.20583588328233435}}