{"P0A7Z4": {"Enrichment": 0.5184496310073798, "Depletion": 0.48157036859262814, "two-tailed": 0.9631407371852563}}