{"P0A763": {"Enrichment": 0.50554988900222, "Depletion": 0.49447011059778806, "two-tailed": 0.9889402211955761}}