{"P0A7Z0": {"Enrichment": 0.24689506209875803, "Depletion": 0.75312493750125, "two-tailed": 0.49379012419751606}}