{"P0A790": {"Enrichment": 0.2718745625087498, "Depletion": 0.7281454370912582, "two-tailed": 0.5437491250174996}}