{"P0A7E9": {"Enrichment": 0.2992740145197096, "Depletion": 0.7007459850802984, "two-tailed": 0.5985480290394192}}