{"P0A759": {"Enrichment": 0.7294454110917782, "Depletion": 0.27057458850822985, "two-tailed": 0.5411491770164597}}