{"P0A794": {"Enrichment": 0.6037279254414911, "Depletion": 0.3962920741585168, "two-tailed": 0.7925841483170336}}