{"P0A715": {"Enrichment": 0.28047439051218975, "Depletion": 0.7195456090878183, "two-tailed": 0.5609487810243795}}