{"P0A7H3": {"Enrichment": 0.19151616967660648, "Depletion": 0.8085038299234015, "two-tailed": 0.38303233935321296}}