{"P0A7C2": {"Enrichment": 0.32919341613167735, "Depletion": 0.6708265834683307, "two-tailed": 0.6583868322633547}}