{"P0A725": {"Enrichment": 0.05611887762244755, "Depletion": 0.9439011219775605, "two-tailed": 0.1122377552448951}}