{"P0A7E5": {"Enrichment": 0.13211735765284693, "Depletion": 0.867902641947161, "two-tailed": 0.26423471530569387}}