{"P0A7B8": {"Enrichment": 0.43277134457310856, "Depletion": 0.5672486550268995, "two-tailed": 0.8655426891462171}}