{"P0A717": {"Enrichment": 0.13381732365352694, "Depletion": 0.866202675946481, "two-tailed": 0.2676346473070539}}