{"P0A749": {"Enrichment": 0.24937501249975, "Depletion": 0.750644987100258, "two-tailed": 0.4987500249995}}