{"P0A776": {"Enrichment": 0.4366712665746685, "Depletion": 0.5633487330253395, "two-tailed": 0.873342533149337}}