{"P0A717": {"Enrichment": 0.13817723645527089, "Depletion": 0.8618427631447371, "two-tailed": 0.27635447291054177}}