{"P0A7C2": {"Enrichment": 0.32993340133197335, "Depletion": 0.6700865982680346, "two-tailed": 0.6598668026639467}}