{"P0A746": {"Enrichment": 0.1625967480650387, "Depletion": 0.8374232515349693, "two-tailed": 0.3251934961300774}}