{"P0A7B1": {"Enrichment": 0.4265914681706366, "Depletion": 0.5734285314293714, "two-tailed": 0.8531829363412732}}