{"P0A7E3": {"Enrichment": 0.23289534209315813, "Depletion": 0.7671246575068499, "two-tailed": 0.46579068418631625}}