{"P0A776": {"Enrichment": 0.3238535229295414, "Depletion": 0.6761664766704666, "two-tailed": 0.6477070458590828}}