{"P0A759": {"Enrichment": 0.44571108577828444, "Depletion": 0.5543089138217235, "two-tailed": 0.8914221715565689}}