{"P0A862": {"Enrichment": 0.6509469810603787, "Depletion": 0.3490730185396292, "two-tailed": 0.6981460370792584}}