{"P0A8N5": {"Enrichment": 0.024139517209655806, "Depletion": 0.9758804823903522, "two-tailed": 0.04827903441931161}}