{"P0A8D6": {"Enrichment": 0.24225515489690205, "Depletion": 0.7577648447031059, "two-tailed": 0.4845103097938041}}