{"P0A8R0": {"Enrichment": 0.45591088178236433, "Depletion": 0.5441091178176436, "two-tailed": 0.9118217635647287}}