{"P0A8I3": {"Enrichment": 0.12141757164856704, "Depletion": 0.878602427951441, "two-tailed": 0.24283514329713407}}