{"P0A8N5": {"Enrichment": 0.3338333233335333, "Depletion": 0.6661866762664747, "two-tailed": 0.6676666466670667}}