{"P0A8I8": {"Enrichment": 0.011319773604527909, "Depletion": 0.9887002259954801, "two-tailed": 0.022639547209055817}}