{"P0A853": {"Enrichment": 0.26629467410651786, "Depletion": 0.7337253254934901, "two-tailed": 0.5325893482130357}}