{"P0A858": {"Enrichment": 0.877102457950841, "Depletion": 0.12291754164916702, "two-tailed": 0.24583508329833403}}