{"P0A894": {"Enrichment": 0.7385452290954181, "Depletion": 0.2614747705045899, "two-tailed": 0.5229495410091798}}