{"P0A870": {"Enrichment": 0.6896662066758665, "Depletion": 0.3103537929241415, "two-tailed": 0.620707585848283}}