{"P0A8I5": {"Enrichment": 0.5191496170076598, "Depletion": 0.48087038259234816, "two-tailed": 0.9617407651846963}}