{"P0A817": {"Enrichment": 0.00037999240015199694, "Depletion": 0.999640007199856, "two-tailed": 0.0007599848003039939}}