{"P0A8V0": {"Enrichment": 0.10239795204095918, "Depletion": 0.8976220475590488, "two-tailed": 0.20479590408191836}}