{"P0A853": {"Enrichment": 0.12813743725125498, "Depletion": 0.871882562348753, "two-tailed": 0.25627487450250996}}