{"P0A855": {"Enrichment": 0.8115837683246335, "Depletion": 0.18843623127537448, "two-tailed": 0.37687246255074897}}