{"P0A8I3": {"Enrichment": 0.12317753644927101, "Depletion": 0.876842463150737, "two-tailed": 0.24635507289854203}}