{"P0A8M3": {"Enrichment": 0.5173296534069318, "Depletion": 0.48269034619307616, "two-tailed": 0.9653806923861523}}