{"P0A8Y5": {"Enrichment": 0.9034219315613687, "Depletion": 0.09659806803863923, "two-tailed": 0.19319613607727845}}