{"P0A8T7": {"Enrichment": 0.4656906861862763, "Depletion": 0.5343293134137317, "two-tailed": 0.9313813723725526}}