{"P0A8V2": {"Enrichment": 0.3520129597408052, "Depletion": 0.6480070398592028, "two-tailed": 0.7040259194816104}}