{"P0A8N7": {"Enrichment": 0.000999980000399992, "Depletion": 0.999020019599608, "two-tailed": 0.001999960000799984}}