{"P0A8T7": {"Enrichment": 0.6350872982540349, "Depletion": 0.36493270134597305, "two-tailed": 0.7298654026919461}}