{"P0A814": {"Enrichment": 0.7616847663046739, "Depletion": 0.2383352332953341, "two-tailed": 0.4766704665906682}}