{"P0A862": {"Enrichment": 0.6045879082418352, "Depletion": 0.3954320913581728, "two-tailed": 0.7908641827163456}}