{"P0A870": {"Enrichment": 0.499910001799964, "Depletion": 0.500109997800044, "two-tailed": 0.999820003599928}}