{"P0A8Q6": {"Enrichment": 0.9974200515989681, "Depletion": 0.0025999480010399792, "two-tailed": 0.0051998960020799585}}