{"P0A8N3": {"Enrichment": 0.10527789444211116, "Depletion": 0.8947421051578969, "two-tailed": 0.21055578888422233}}