{"P0A855": {"Enrichment": 0.8494430111397772, "Depletion": 0.1505769884602308, "two-tailed": 0.3011539769204616}}