{"P0A873": {"Enrichment": 0.0023399532009359815, "Depletion": 0.997680046399072, "two-tailed": 0.004679906401871963}}