{"P0A8N3": {"Enrichment": 0.007779844403111938, "Depletion": 0.992240155196896, "two-tailed": 0.015559688806223876}}