{"P0A8I5": {"Enrichment": 0.5161696766064678, "Depletion": 0.48385032299354014, "two-tailed": 0.9677006459870803}}