{"P0A8R0": {"Enrichment": 0.4523909521809564, "Depletion": 0.5476290474190516, "two-tailed": 0.9047819043619127}}