{"P0A836": {"Enrichment": 0.5591688166236676, "Depletion": 0.44085118297634046, "two-tailed": 0.8817023659526809}}