{"P0A8V2": {"Enrichment": 0.24847503049939001, "Depletion": 0.751544969100618, "two-tailed": 0.49695006099878003}}