{"P0A836": {"Enrichment": 0.09211815763684726, "Depletion": 0.9079018419631607, "two-tailed": 0.18423631527369452}}