{"P0A8M3": {"Enrichment": 0.19263614727705447, "Depletion": 0.8073838523229535, "two-tailed": 0.38527229455410894}}