{"P0A879": {"Enrichment": 0.8163436731265374, "Depletion": 0.18367632647347054, "two-tailed": 0.3673526529469411}}