{"P0A8F0": {"Enrichment": 0.5584688306233875, "Depletion": 0.44155116897662045, "two-tailed": 0.8831023379532409}}