{"P0A9Q9": {"Enrichment": 0.5909681806363872, "Depletion": 0.40905181896362075, "two-tailed": 0.8181036379272415}}