{"P0A9H1": {"Enrichment": 0.40567188656226877, "Depletion": 0.5943481130377393, "two-tailed": 0.8113437731245375}}