{"P0A959": {"Enrichment": 0.4002919941601168, "Depletion": 0.5997280054398912, "two-tailed": 0.8005839883202336}}