{"P0A9S3": {"Enrichment": 0.6572268554628907, "Depletion": 0.34279314413711726, "two-tailed": 0.6855862882742345}}