{"P0A9A6": {"Enrichment": 0.5631087378252435, "Depletion": 0.4369112617747645, "two-tailed": 0.873822523549529}}