{"P0A912": {"Enrichment": 0.38431231375372493, "Depletion": 0.6157076858462831, "two-tailed": 0.7686246275074499}}