{"P0A9Q7": {"Enrichment": 0.3866922661546769, "Depletion": 0.6133277334453311, "two-tailed": 0.7733845323093538}}