{"P0A940": {"Enrichment": 0.9033219335613287, "Depletion": 0.09669806603867923, "two-tailed": 0.19339613207735845}}