{"P0A953": {"Enrichment": 0.1863362732745345, "Depletion": 0.8136837263254735, "two-tailed": 0.372672546549069}}