{"P0A9G6": {"Enrichment": 0.14829703405931882, "Depletion": 0.8517229655406892, "two-tailed": 0.29659406811863764}}