{"P0A9P6": {"Enrichment": 0.20793584128317433, "Depletion": 0.7920841583168337, "two-tailed": 0.41587168256634865}}