{"P0A9S5": {"Enrichment": 0.33839323213535727, "Depletion": 0.6616267674646507, "two-tailed": 0.6767864642707145}}