{"P0A9P6": {"Enrichment": 0.2371952560948781, "Depletion": 0.7628247435051299, "two-tailed": 0.4743905121897562}}