{"P0A9Q7": {"Enrichment": 0.18071638567228657, "Depletion": 0.8193036139277214, "two-tailed": 0.36143277134457313}}