{"P0A9S3": {"Enrichment": 0.6618667626647468, "Depletion": 0.3381532369352613, "two-tailed": 0.6763064738705226}}