{"P0A993": {"Enrichment": 0.5059298814023719, "Depletion": 0.49409011819763604, "two-tailed": 0.9881802363952721}}