{"P0A955": {"Enrichment": 0.8099838003239935, "Depletion": 0.19003619927601448, "two-tailed": 0.38007239855202896}}