{"P0A9T4": {"Enrichment": 0.004559908801823964, "Depletion": 0.995460090798184, "two-tailed": 0.009119817603647927}}