{"P0A9H3": {"Enrichment": 0.6502669946601068, "Depletion": 0.3497530049399012, "two-tailed": 0.6995060098798024}}