{"P0A9P4": {"Enrichment": 0.28209435811283773, "Depletion": 0.7179256414871703, "two-tailed": 0.5641887162256755}}