{"P0A9N4": {"Enrichment": 0.2005959880802384, "Depletion": 0.7994240115197696, "two-tailed": 0.4011919761604768}}