{"P0A9W3": {"Enrichment": 0.9291814163716726, "Depletion": 0.07083858322833543, "two-tailed": 0.14167716645667086}}