{"P0A901": {"Enrichment": 0.08047839043219136, "Depletion": 0.9195416091678167, "two-tailed": 0.16095678086438273}}