{"P0A9M2": {"Enrichment": 0.4724505509889802, "Depletion": 0.5275694486110277, "two-tailed": 0.9449011019779604}}