{"P0A9T4": {"Enrichment": 0.002139957200855983, "Depletion": 0.9978800423991521, "two-tailed": 0.004279914401711966}}