{"P0A9C9": {"Enrichment": 0.9741805163896722, "Depletion": 0.025839483210335794, "two-tailed": 0.05167896642067159}}