{"P0A951": {"Enrichment": 0.3864522709545809, "Depletion": 0.6135677286454271, "two-tailed": 0.7729045419091618}}