{"P0A9E0": {"Enrichment": 0.8259034819303613, "Depletion": 0.17411651766964661, "two-tailed": 0.34823303533929323}}