{"P0A9M5": {"Enrichment": 0.5824683506329873, "Depletion": 0.4175516489670207, "two-tailed": 0.8351032979340414}}