{"P0A9T0": {"Enrichment": 0.3333333333333333, "Depletion": 0.6666866662666747, "two-tailed": 0.6666666666666666}}