{"P0A9J6": {"Enrichment": 0.5286494270114598, "Depletion": 0.47137057258854825, "two-tailed": 0.9427411451770965}}