{"P0A998": {"Enrichment": 0.5521689566208676, "Depletion": 0.4478510429791404, "two-tailed": 0.8957020859582808}}