{"P0A9W3": {"Enrichment": 0.8548829023419532, "Depletion": 0.14513709725805485, "two-tailed": 0.2902741945161097}}