{"P0A9C9": {"Enrichment": 0.9788604227915442, "Depletion": 0.02115957680846383, "two-tailed": 0.04231915361692766}}