{"P0A901": {"Enrichment": 0.08011839763204735, "Depletion": 0.9199016019679607, "two-tailed": 0.1602367952640947}}