{"P0A9T0": {"Enrichment": 0.3496130077398452, "Depletion": 0.6504069918601628, "two-tailed": 0.6992260154796904}}