{"P0A9A6": {"Enrichment": 0.4719905601887962, "Depletion": 0.5280294394112117, "two-tailed": 0.9439811203775924}}