{"P0A9H3": {"Enrichment": 0.6319673606527869, "Depletion": 0.36805263894722107, "two-tailed": 0.7361052778944421}}