{"P0A953": {"Enrichment": 0.11149777004459911, "Depletion": 0.8885222295554089, "two-tailed": 0.22299554008919822}}