{"P0A9P4": {"Enrichment": 0.6515669686606268, "Depletion": 0.34845303093938124, "two-tailed": 0.6969060618787625}}