{"P0A9Q9": {"Enrichment": 0.5913081738365232, "Depletion": 0.40871182576348475, "two-tailed": 0.8174236515269695}}