{"P0A912": {"Enrichment": 0.3895522089558209, "Depletion": 0.6104677906441871, "two-tailed": 0.7791044179116418}}