{"P0A935": {"Enrichment": 0.2746945061098778, "Depletion": 0.7253254934901302, "two-tailed": 0.5493890122197556}}