{"P0A959": {"Enrichment": 0.6597068058638828, "Depletion": 0.3403131937361253, "two-tailed": 0.6806263874722506}}