{"P0A9E0": {"Enrichment": 0.8205835883282334, "Depletion": 0.17943641127177457, "two-tailed": 0.35887282254354913}}