{"P0A9J6": {"Enrichment": 0.3633127337453251, "Depletion": 0.636707265854683, "two-tailed": 0.7266254674906502}}