{"P0A9V1": {"Enrichment": 0.6581268374632507, "Depletion": 0.34189316213675724, "two-tailed": 0.6837863242735145}}