{"P0A9J4": {"Enrichment": 0.4522709545809084, "Depletion": 0.5477490450190996, "two-tailed": 0.9045419091618168}}