{"P0A935": {"Enrichment": 0.5192696146077078, "Depletion": 0.48075038499230016, "two-tailed": 0.9615007699846003}}