{"P0A962": {"Enrichment": 0.8499630007399852, "Depletion": 0.1500569988600228, "two-tailed": 0.3001139977200456}}