{"P0A9M5": {"Enrichment": 0.5790284194316113, "Depletion": 0.4209915801683966, "two-tailed": 0.8419831603367932}}