{"P0A9J4": {"Enrichment": 0.4516709665806684, "Depletion": 0.5483490330193396, "two-tailed": 0.9033419331613368}}