{"P0A998": {"Enrichment": 0.5577688446231075, "Depletion": 0.4422511549769005, "two-tailed": 0.884502309953801}}