{"P0A955": {"Enrichment": 0.9314413711725765, "Depletion": 0.06857862842743145, "two-tailed": 0.1371572568548629}}