{"P0AA89": {"Enrichment": 0.3480730385392292, "Depletion": 0.6519469610607788, "two-tailed": 0.6961460770784584}}