{"P0AA10": {"Enrichment": 0.01787964240715186, "Depletion": 0.9821403571928562, "two-tailed": 0.03575928481430372}}