{"P0AAZ4": {"Enrichment": 0.7674846503069939, "Depletion": 0.23253534929301414, "two-tailed": 0.4650706985860283}}