{"P0AAC8": {"Enrichment": 0.5509289814203716, "Depletion": 0.4490910181796364, "two-tailed": 0.8981820363592729}}