{"P0AA39": {"Enrichment": 0.21841563168736625, "Depletion": 0.7816043679126418, "two-tailed": 0.4368312633747325}}