{"P0AA89": {"Enrichment": 0.4505509889802204, "Depletion": 0.5494690106197876, "two-tailed": 0.9011019779604408}}