{"P0AAI9": {"Enrichment": 0.34021319573608527, "Depletion": 0.6598068038639228, "two-tailed": 0.6804263914721705}}