{"P0AA37": {"Enrichment": 0.8223835523289534, "Depletion": 0.17763644727105457, "two-tailed": 0.35527289454210914}}