{"P0AAI5": {"Enrichment": 0.8681026379472411, "Depletion": 0.13191736165276693, "two-tailed": 0.26383472330553387}}