{"P0AA43": {"Enrichment": 0.5642487150256995, "Depletion": 0.4357712845743085, "two-tailed": 0.871542569148617}}