{"P0AAZ4": {"Enrichment": 0.6094078118437631, "Depletion": 0.3906121877562449, "two-tailed": 0.7812243755124898}}