{"P0AAI5": {"Enrichment": 0.48613027739445214, "Depletion": 0.5138897222055558, "two-tailed": 0.9722605547889043}}