{"P0AA43": {"Enrichment": 0.20895582088358233, "Depletion": 0.7910641787164256, "two-tailed": 0.41791164176716467}}