{"P0AAR3": {"Enrichment": 0.2126957460850783, "Depletion": 0.7873242535149297, "two-tailed": 0.4253914921701566}}