{"P0AA39": {"Enrichment": 0.003259934801303974, "Depletion": 0.996760064798704, "two-tailed": 0.006519869602607948}}