{"P0AA25": {"Enrichment": 0.29647407051858965, "Depletion": 0.7035459290814183, "two-tailed": 0.5929481410371793}}