{"P0AAV8": {"Enrichment": 0.876582468350633, "Depletion": 0.12343753124937501, "two-tailed": 0.24687506249875002}}