{"P0AAJ3": {"Enrichment": 0.22177556448871022, "Depletion": 0.7782444351112978, "two-tailed": 0.44355112897742044}}