{"P0AA37": {"Enrichment": 0.2144357112857743, "Depletion": 0.7855842883142338, "two-tailed": 0.4288714225715486}}