{"P0AAI9": {"Enrichment": 0.6932261354772905, "Depletion": 0.30679386412271753, "two-tailed": 0.6135877282454351}}