{"P0AA25": {"Enrichment": 0.5629687406251875, "Depletion": 0.4370512589748205, "two-tailed": 0.874102517949641}}