{"P0AB91": {"Enrichment": 0.250934981300374, "Depletion": 0.749085018299634, "two-tailed": 0.501869962600748}}