{"P0ABQ4": {"Enrichment": 0.5607087858242835, "Depletion": 0.43931121377572446, "two-tailed": 0.8786224275514489}}