{"P0ABD3": {"Enrichment": 0.5294894102117957, "Depletion": 0.47053058938821224, "two-tailed": 0.9410611787764245}}