{"P0ABK5": {"Enrichment": 0.9058418831623367, "Depletion": 0.09417811643767125, "two-tailed": 0.1883562328753425}}