{"P0ABB8": {"Enrichment": 0.50544989100218, "Depletion": 0.494570108597828, "two-tailed": 0.989140217195656}}