{"P0ABH7": {"Enrichment": 0.7301853962920741, "Depletion": 0.26983460330793385, "two-tailed": 0.5396692066158677}}