{"P0ABA6": {"Enrichment": 0.8337633247335053, "Depletion": 0.16625667486650267, "two-tailed": 0.33251334973300534}}