{"P0ABK5": {"Enrichment": 0.9192416151676966, "Depletion": 0.08077838443231135, "two-tailed": 0.1615567688646227}}