{"P0ABK2": {"Enrichment": 0.039459210815783685, "Depletion": 0.9605607887842244, "two-tailed": 0.07891842163156737}}