{"P0AB91": {"Enrichment": 0.18427631447371054, "Depletion": 0.8157436851262975, "two-tailed": 0.3685526289474211}}