{"P0ABB8": {"Enrichment": 0.50884982300354, "Depletion": 0.49117017659646806, "two-tailed": 0.9823403531929361}}