{"P0ABK9": {"Enrichment": 0.2006359872802544, "Depletion": 0.7993840123197536, "two-tailed": 0.4012719745605088}}