{"P0ABK9": {"Enrichment": 0.2745545089098218, "Depletion": 0.7254654906901862, "two-tailed": 0.5491090178196436}}