{"P0ABD3": {"Enrichment": 0.2600947981040379, "Depletion": 0.7399252014959701, "two-tailed": 0.5201895962080758}}