{"P0AB80": {"Enrichment": 0.1370572588548229, "Depletion": 0.8629627407451851, "two-tailed": 0.2741145177096458}}