{"P0ABP8": {"Enrichment": 0.5873082538349234, "Depletion": 0.4127117457650847, "two-tailed": 0.8254234915301694}}