{"P0AB80": {"Enrichment": 0.2901741965160697, "Depletion": 0.7098458030839383, "two-tailed": 0.5803483930321394}}