{"P0ABQ0": {"Enrichment": 0.7330653386932261, "Depletion": 0.2669546609067819, "two-tailed": 0.5339093218135638}}