{"P0AB71": {"Enrichment": 0.747465050698986, "Depletion": 0.252554948901022, "two-tailed": 0.505109897802044}}