{"P0ABH7": {"Enrichment": 0.3022139557208856, "Depletion": 0.6978060438791224, "two-tailed": 0.6044279114417712}}