{"P0AB74": {"Enrichment": 0.010619787604247914, "Depletion": 0.9894002119957601, "two-tailed": 0.02123957520849583}}