{"P0ABT2": {"Enrichment": 0.24423511529769404, "Depletion": 0.7557848843023139, "two-tailed": 0.4884702305953881}}