{"P0AB85": {"Enrichment": 0.37355252894942104, "Depletion": 0.6264674706505869, "two-tailed": 0.7471050578988421}}