{"P0ABS5": {"Enrichment": 0.5811883762324753, "Depletion": 0.41883162336753266, "two-tailed": 0.8376632467350653}}