{"P0ABY7": {"Enrichment": 0.9464210715785685, "Depletion": 0.05359892802143957, "two-tailed": 0.10719785604287914}}