{"P0AB83": {"Enrichment": 0.12947741045179095, "Depletion": 0.870542589148217, "two-tailed": 0.2589548209035819}}