{"P0ABH9": {"Enrichment": 0.7166456670866582, "Depletion": 0.28337433251334976, "two-tailed": 0.5667486650266995}}