{"P0ABS5": {"Enrichment": 0.5823083538329233, "Depletion": 0.41771164576708464, "two-tailed": 0.8354232915341693}}