{"P0AB83": {"Enrichment": 0.11113777724445512, "Depletion": 0.8888822223555529, "two-tailed": 0.22227555448891023}}