{"P0ABI4": {"Enrichment": 0.49423011539769207, "Depletion": 0.505789884202316, "two-tailed": 0.9884602307953841}}