{"P0ABY7": {"Enrichment": 0.9460410791784164, "Depletion": 0.05397892042159157, "two-tailed": 0.10795784084318313}}