{"P0AB77": {"Enrichment": 0.21019579608407832, "Depletion": 0.7898242035159296, "two-tailed": 0.42039159216815664}}