{"P0AB89": {"Enrichment": 0.4651106977860443, "Depletion": 0.5349093018139637, "two-tailed": 0.9302213955720886}}