{"P0ABT2": {"Enrichment": 0.24113517729645406, "Depletion": 0.7588848223035539, "two-tailed": 0.4822703545929081}}