{"P0ACP7": {"Enrichment": 0.7888842223155537, "Depletion": 0.21113577728445432, "two-tailed": 0.42227155456890864}}