{"P0ACC7": {"Enrichment": 0.015279694406111878, "Depletion": 0.9847403051938961, "two-tailed": 0.030559388812223757}}