{"P0AC41": {"Enrichment": 0.006579868402631948, "Depletion": 0.9934401311973761, "two-tailed": 0.013159736805263895}}