{"P0ACX3": {"Enrichment": 0.34175316493670127, "Depletion": 0.6582668346633067, "two-tailed": 0.6835063298734025}}