{"P0ACI0": {"Enrichment": 0.8172436551268975, "Depletion": 0.18277634447311053, "two-tailed": 0.36555268894622106}}