{"P0ACJ8": {"Enrichment": 0.024099518009639807, "Depletion": 0.9759204815903681, "two-tailed": 0.04819903601927961}}