{"P0ACX3": {"Enrichment": 0.34245315093698125, "Depletion": 0.6575668486630267, "two-tailed": 0.6849063018739625}}