{"P0ACI0": {"Enrichment": 0.8022239555208895, "Depletion": 0.1977960440791184, "two-tailed": 0.3955920881582368}}