{"P0ACB2": {"Enrichment": 0.1770764584708306, "Depletion": 0.8229435411291774, "two-tailed": 0.3541529169416612}}