{"P0ACP7": {"Enrichment": 0.618527629447411, "Depletion": 0.38149237015259696, "two-tailed": 0.7629847403051939}}