{"P0AC19": {"Enrichment": 0.23389532209355812, "Depletion": 0.7661246775064499, "two-tailed": 0.46779064418711624}}