{"P0ACI3": {"Enrichment": 0.497610047799044, "Depletion": 0.5024099518009639, "two-tailed": 0.995220095598088}}