{"P0ACI3": {"Enrichment": 0.49243015139697205, "Depletion": 0.507589848203036, "two-tailed": 0.9848603027939441}}