{"P0ACE0": {"Enrichment": 0.9686606267874642, "Depletion": 0.03135937281254375, "two-tailed": 0.0627187456250875}}