{"P0AC13": {"Enrichment": 0.3890722185556289, "Depletion": 0.6109477810443791, "two-tailed": 0.7781444371112578}}