{"P0AC81": {"Enrichment": 0.010539789204215916, "Depletion": 0.989480210395792, "two-tailed": 0.02107957840843183}}