{"P0ACY1": {"Enrichment": 0.008979820403591928, "Depletion": 0.9910401791964161, "two-tailed": 0.017959640807183857}}