{"P0ACP1": {"Enrichment": 0.49323013539729205, "Depletion": 0.506789864202716, "two-tailed": 0.9864602707945841}}