{"P0AC84": {"Enrichment": 0.4742305153896922, "Depletion": 0.5257894842103158, "two-tailed": 0.9484610307793844}}