{"P0ACD8": {"Enrichment": 0.8609427811443772, "Depletion": 0.1390772184556309, "two-tailed": 0.2781544369112618}}