{"P0AC38": {"Enrichment": 0.09245815083698326, "Depletion": 0.9075618487630247, "two-tailed": 0.18491630167396653}}