{"P0ACD8": {"Enrichment": 0.8908421831563369, "Depletion": 0.10917781644367112, "two-tailed": 0.21835563288734225}}