{"P0ACE0": {"Enrichment": 0.8124237515249695, "Depletion": 0.1875962480750385, "two-tailed": 0.375192496150077}}