{"P0AC38": {"Enrichment": 0.09287814243715126, "Depletion": 0.9071418571628568, "two-tailed": 0.1857562848743025}}