{"P0ACJ8": {"Enrichment": 0.5187896242075158, "Depletion": 0.48123037539249214, "two-tailed": 0.9624607507849843}}