{"P0ACP1": {"Enrichment": 0.49135017299654005, "Depletion": 0.5086698266034679, "two-tailed": 0.9827003459930801}}