{"P0AC55": {"Enrichment": 0.21015579688406233, "Depletion": 0.7898642027159457, "two-tailed": 0.42031159376812466}}