{"P0ADI4": {"Enrichment": 0.5507689846203075, "Depletion": 0.4492510149797004, "two-tailed": 0.8985020299594008}}