{"P0ADX9": {"Enrichment": 0.6843663126737465, "Depletion": 0.3156536869262615, "two-tailed": 0.631307373852523}}