{"P0ADY7": {"Enrichment": 0.4257114857702846, "Depletion": 0.5743085138297234, "two-tailed": 0.8514229715405692}}