{"P0ADF8": {"Enrichment": 0.44239115217695646, "Depletion": 0.5576288474230515, "two-tailed": 0.8847823043539129}}