{"P0ADR8": {"Enrichment": 0.6794264114717705, "Depletion": 0.32059358812823746, "two-tailed": 0.6411871762564749}}