{"P0ADR8": {"Enrichment": 0.6853062938741226, "Depletion": 0.3147137057258855, "two-tailed": 0.629427411451771}}