{"P0AD27": {"Enrichment": 0.20169596608067838, "Depletion": 0.7983240335193296, "two-tailed": 0.40339193216135677}}