{"P0ADI4": {"Enrichment": 0.5415891682166357, "Depletion": 0.4584308313833723, "two-tailed": 0.9168616627667446}}