{"P0AD61": {"Enrichment": 0.4354512909741805, "Depletion": 0.5645687086258275, "two-tailed": 0.870902581948361}}