{"P0ADY3": {"Enrichment": 0.8535029299414012, "Depletion": 0.14651706965860684, "two-tailed": 0.29303413931721367}}