{"P0AD61": {"Enrichment": 0.4702105957880842, "Depletion": 0.5298094038119238, "two-tailed": 0.9404211915761684}}