{"P0ADC3": {"Enrichment": 0.45851082978340435, "Depletion": 0.5415091698166037, "two-tailed": 0.9170216595668087}}