{"P0ADR6": {"Enrichment": 0.2955340893182136, "Depletion": 0.7044859102817944, "two-tailed": 0.5910681786364272}}