{"P0ADE8": {"Enrichment": 0.32369352612947744, "Depletion": 0.6763264734705305, "two-tailed": 0.6473870522589549}}