{"P0ADR6": {"Enrichment": 0.45521089578208435, "Depletion": 0.5448091038179237, "two-tailed": 0.9104217915641687}}