{"P0ADV7": {"Enrichment": 0.014739705205895882, "Depletion": 0.9852802943941121, "two-tailed": 0.029479410411791765}}