{"P0ADC3": {"Enrichment": 0.8086038279234415, "Depletion": 0.19141617167656647, "two-tailed": 0.38283234335313293}}