{"P0ADI7": {"Enrichment": 0.5427091458170836, "Depletion": 0.45731085378292435, "two-tailed": 0.9146217075658487}}