{"P0ADP7": {"Enrichment": 0.8419831603367932, "Depletion": 0.15803683926321474, "two-tailed": 0.3160736785264295}}