{"P0ADY7": {"Enrichment": 0.8015839683206336, "Depletion": 0.19843603127937443, "two-tailed": 0.39687206255874885}}