{"P0AD65": {"Enrichment": 0.878222435551289, "Depletion": 0.12179756404871903, "two-tailed": 0.24359512809743805}}