{"P0AD27": {"Enrichment": 0.11429771404571909, "Depletion": 0.8857222855542889, "two-tailed": 0.22859542809143818}}