{"P0ADE4": {"Enrichment": 0.5212895742085158, "Depletion": 0.4787304253914922, "two-tailed": 0.9574608507829844}}