{"P0ADY3": {"Enrichment": 0.8550828983420331, "Depletion": 0.14493710125797485, "two-tailed": 0.2898742025159497}}