{"P0AE18": {"Enrichment": 0.10545789084218316, "Depletion": 0.8945621087578248, "two-tailed": 0.2109157816843663}}