{"P0AEL6": {"Enrichment": 0.2995740085198296, "Depletion": 0.7004459910801784, "two-tailed": 0.5991480170396593}}