{"P0AEJ8": {"Enrichment": 0.7950040999180017, "Depletion": 0.20501589968200637, "two-tailed": 0.41003179936401274}}