{"P0AEQ3": {"Enrichment": 0.10421791564168717, "Depletion": 0.8958020839583208, "two-tailed": 0.20843583128337434}}