{"P0AER0": {"Enrichment": 0.3586128277434451, "Depletion": 0.6414071718565628, "two-tailed": 0.7172256554868902}}