{"P0AEG6": {"Enrichment": 0.869282614347713, "Depletion": 0.13073738525229495, "two-tailed": 0.2614747705045899}}