{"P0AEU0": {"Enrichment": 0.1635167296654067, "Depletion": 0.8365032699346013, "two-tailed": 0.3270334593308134}}