{"P0AEE5": {"Enrichment": 0.5304293914121717, "Depletion": 0.46959060818783627, "two-tailed": 0.9391812163756725}}