{"P0AEK2": {"Enrichment": 0.996420071598568, "Depletion": 0.003599928001439971, "two-tailed": 0.007199856002879942}}