{"P0AE22": {"Enrichment": 0.06791864162716746, "Depletion": 0.9321013579728405, "two-tailed": 0.13583728325433492}}