{"P0AET8": {"Enrichment": 0.1388172236555269, "Depletion": 0.8612027759444811, "two-tailed": 0.2776344473110538}}