{"P0AEZ3": {"Enrichment": 0.3552328953420932, "Depletion": 0.6447871042579149, "two-tailed": 0.7104657906841864}}