{"P0AE70": {"Enrichment": 0.37969240615187694, "Depletion": 0.620327593448131, "two-tailed": 0.7593848123037539}}