{"P0AE12": {"Enrichment": 0.6536469270614588, "Depletion": 0.3463730725385492, "two-tailed": 0.6927461450770984}}