{"P0AE22": {"Enrichment": 0.9429811403771925, "Depletion": 0.05703885922281554, "two-tailed": 0.11407771844563108}}