{"P0AE82": {"Enrichment": 0.038159236815263696, "Depletion": 0.9618607627847443, "two-tailed": 0.07631847363052739}}