{"P0AEJ6": {"Enrichment": 0.7901241975160497, "Depletion": 0.20989580208395833, "two-tailed": 0.41979160416791667}}