{"P0AEJ2": {"Enrichment": 0.4851902961940761, "Depletion": 0.5148297034059319, "two-tailed": 0.9703805923881522}}