{"P0AE82": {"Enrichment": 0.038459230815383695, "Depletion": 0.9615607687846243, "two-tailed": 0.07691846163076739}}