{"P0AES0": {"Enrichment": 0.0621787564248715, "Depletion": 0.9378412431751365, "two-tailed": 0.124357512849743}}