{"P0AEE3": {"Enrichment": 0.25915481690366193, "Depletion": 0.740865182696346, "two-tailed": 0.5183096338073239}}