{"P0AEZ9": {"Enrichment": 0.3214935701285974, "Depletion": 0.6785264294714106, "two-tailed": 0.6429871402571948}}