{"P0AEY8": {"Enrichment": 0.2110357792844143, "Depletion": 0.7889842203155937, "two-tailed": 0.4220715585688286}}