{"P0AES2": {"Enrichment": 0.02623947521049579, "Depletion": 0.9737805243895122, "two-tailed": 0.05247895042099158}}