{"P0AEG6": {"Enrichment": 0.9454810903781924, "Depletion": 0.05453890922181556, "two-tailed": 0.10907781844363112}}