{"P0AEL6": {"Enrichment": 0.8069238615227695, "Depletion": 0.19309613807723847, "two-tailed": 0.38619227615447693}}