{"P0AE12": {"Enrichment": 0.5697086058278834, "Depletion": 0.4303113937721246, "two-tailed": 0.8606227875442491}}