{"P0AEC8": {"Enrichment": 0.6871662566748665, "Depletion": 0.3128537429251415, "two-tailed": 0.625707485850283}}