{"P0AES0": {"Enrichment": 0.0757984840303194, "Depletion": 0.9242215155696886, "two-tailed": 0.1515969680606388}}