{"P0AEA2": {"Enrichment": 0.2755144897102058, "Depletion": 0.7245055098898022, "two-tailed": 0.5510289794204116}}