{"P0AEZ9": {"Enrichment": 0.3238935221295574, "Depletion": 0.6761264774704506, "two-tailed": 0.6477870442591148}}