{"P0AE08": {"Enrichment": 0.9484810303793925, "Depletion": 0.051538969220615585, "two-tailed": 0.10307793844123117}}