{"P0AEA2": {"Enrichment": 0.37903241935161297, "Depletion": 0.6209875802483951, "two-tailed": 0.7580648387032259}}