{"P0AEN8": {"Enrichment": 0.3640527189456211, "Depletion": 0.6359672806543869, "two-tailed": 0.7281054378912422}}