{"P0AEP7": {"Enrichment": 0.06531869362612748, "Depletion": 0.9347013059738806, "two-tailed": 0.13063738725225496}}