{"P0AEJ8": {"Enrichment": 0.7985640287194256, "Depletion": 0.2014559708805824, "two-tailed": 0.4029119417611648}}