{"P0AEB2": {"Enrichment": 0.35297294054118916, "Depletion": 0.6470470590588189, "two-tailed": 0.7059458810823783}}