{"P0AE78": {"Enrichment": 0.09697806043879123, "Depletion": 0.9030419391612168, "two-tailed": 0.19395612087758246}}