{"P0AEE3": {"Enrichment": 0.502229955400892, "Depletion": 0.49779004419911604, "two-tailed": 0.9955800883982321}}