{"P0AES4": {"Enrichment": 0.4244115117697646, "Depletion": 0.5756084878302434, "two-tailed": 0.8488230235395292}}