{"P0AEP3": {"Enrichment": 0.9555408891822164, "Depletion": 0.044479110417791644, "two-tailed": 0.08895822083558329}}