{"P0AEJ6": {"Enrichment": 0.7614047719045619, "Depletion": 0.2386152276954461, "two-tailed": 0.4772304553908922}}