{"P0AE70": {"Enrichment": 0.9034819303613928, "Depletion": 0.09653806923861523, "two-tailed": 0.19307613847723046}}