{"P0AEE5": {"Enrichment": 0.9425011499770004, "Depletion": 0.05751884962300754, "two-tailed": 0.11503769924601508}}