{"P0AE08": {"Enrichment": 0.5752084958300834, "Depletion": 0.4248115037699246, "two-tailed": 0.8496230075398492}}