{"P0AES6": {"Enrichment": 0.029799404011919762, "Depletion": 0.9702205955880883, "two-tailed": 0.059598808023839524}}