{"P0AEJ2": {"Enrichment": 0.16507669846603068, "Depletion": 0.8349433011339773, "two-tailed": 0.33015339693206136}}