{"P0AEU0": {"Enrichment": 0.17351652966940662, "Depletion": 0.8265034699306014, "two-tailed": 0.34703305933881323}}