{"P0AE18": {"Enrichment": 0.10709785804283914, "Depletion": 0.8929221415571689, "two-tailed": 0.21419571608567828}}