{"P0AEX9": {"Enrichment": 0.050318993620127594, "Depletion": 0.9497010059798804, "two-tailed": 0.10063798724025519}}