{"P0AEP3": {"Enrichment": 0.9488810223795524, "Depletion": 0.05113897722045559, "two-tailed": 0.10227795444091119}}