{"P0AES4": {"Enrichment": 0.047319053618927624, "Depletion": 0.9527009459810803, "two-tailed": 0.09463810723785525}}