{"P0AEQ3": {"Enrichment": 0.14357712845743084, "Depletion": 0.8564428711425771, "two-tailed": 0.2871542569148617}}