{"P0AEK0": {"Enrichment": 0.25439491210175796, "Depletion": 0.7456250874982501, "two-tailed": 0.5087898242035159}}