{"P0AEZ3": {"Enrichment": 0.5426691466170677, "Depletion": 0.4573508529829403, "two-tailed": 0.9147017059658806}}