{"P0AEK4": {"Enrichment": 0.15515689686206277, "Depletion": 0.8448631027379453, "two-tailed": 0.31031379372412554}}