{"P0AEV9": {"Enrichment": 0.4278314433711326, "Depletion": 0.5721885562288754, "two-tailed": 0.8556628867422652}}