{"P0AES2": {"Enrichment": 0.04273914521709566, "Depletion": 0.9572808543829123, "two-tailed": 0.08547829043419132}}