{"P0AER0": {"Enrichment": 0.35681286374272514, "Depletion": 0.6432071358572828, "two-tailed": 0.7136257274854503}}