{"P0AET8": {"Enrichment": 0.1864962700745985, "Depletion": 0.8135237295254095, "two-tailed": 0.372992540149197}}