{"P0AEY8": {"Enrichment": 0.08969820603587929, "Depletion": 0.9103217935641287, "two-tailed": 0.17939641207175858}}