{"P0AFI0": {"Enrichment": 0.9021819563608727, "Depletion": 0.09783804323913521, "two-tailed": 0.19567608647827042}}