{"P0AF24": {"Enrichment": 0.9773804523909522, "Depletion": 0.022639547209055817, "two-tailed": 0.045279094418111634}}