{"P0AFL6": {"Enrichment": 0.6062878742425152, "Depletion": 0.39373212535749286, "two-tailed": 0.7874642507149857}}