{"P0AFK9": {"Enrichment": 0.3620927581448371, "Depletion": 0.6379272414551709, "two-tailed": 0.7241855162896742}}