{"P0AFR4": {"Enrichment": 0.1750564988700226, "Depletion": 0.8249635007299854, "two-tailed": 0.3501129977400452}}