{"P0AF18": {"Enrichment": 0.885542289154217, "Depletion": 0.11447771044579108, "two-tailed": 0.22895542089158216}}