{"P0AFR4": {"Enrichment": 0.2722145557088858, "Depletion": 0.7278054438911222, "two-tailed": 0.5444291114177716}}