{"P0AFC0": {"Enrichment": 0.15517689646207075, "Depletion": 0.8448431031379372, "two-tailed": 0.3103537929241415}}