{"P0AFK0": {"Enrichment": 0.18515629687406251, "Depletion": 0.8148637027259454, "two-tailed": 0.37031259374812503}}