{"P0AFI2": {"Enrichment": 0.44257114857702845, "Depletion": 0.5574488510229796, "two-tailed": 0.8851422971540569}}