{"P0AFP6": {"Enrichment": 0.08555828883422331, "Depletion": 0.9144617107657846, "two-tailed": 0.17111657766844662}}