{"P0AFI7": {"Enrichment": 0.8190236195276095, "Depletion": 0.18099638007239854, "two-tailed": 0.3619927601447971}}