{"P0AFF6": {"Enrichment": 0.9192216155676887, "Depletion": 0.08079838403231936, "two-tailed": 0.1615967680646387}}