{"P0AFI2": {"Enrichment": 0.7019059618807624, "Depletion": 0.2981140377192456, "two-tailed": 0.5962280754384912}}