{"P0AFB1": {"Enrichment": 0.9045619087618247, "Depletion": 0.09545809083818324, "two-tailed": 0.19091618167636648}}