{"P0AFG3": {"Enrichment": 0.7411651766964661, "Depletion": 0.25885482290354195, "two-tailed": 0.5177096458070839}}