{"P0AFW4": {"Enrichment": 0.08861822763544729, "Depletion": 0.9114017719645607, "two-tailed": 0.17723645527089457}}