{"P0AF24": {"Enrichment": 0.9777204455910882, "Depletion": 0.022299554008919822, "two-tailed": 0.044599108017839645}}