{"P0AFG3": {"Enrichment": 0.6772664546709066, "Depletion": 0.3227535449291014, "two-tailed": 0.6455070898582028}}