{"P0AFX9": {"Enrichment": 0.21273574528509429, "Depletion": 0.7872842543149137, "two-tailed": 0.42547149057018857}}