{"P0AF18": {"Enrichment": 0.20827583448331033, "Depletion": 0.7917441651166977, "two-tailed": 0.41655166896662066}}