{"P0AFB1": {"Enrichment": 0.9063018739625207, "Depletion": 0.09371812563748726, "two-tailed": 0.1874362512749745}}