{"P0AFY8": {"Enrichment": 0.25995480090398193, "Depletion": 0.740065198696026, "two-tailed": 0.5199096018079639}}