{"P0AFK9": {"Enrichment": 0.34561308773824523, "Depletion": 0.6544069118617628, "two-tailed": 0.6912261754764905}}