{"P0AFI0": {"Enrichment": 0.8065438691226176, "Depletion": 0.19347613047739046, "two-tailed": 0.3869522609547809}}