{"P0AFP6": {"Enrichment": 0.1374572508549829, "Depletion": 0.8625627487450251, "two-tailed": 0.2749145017099658}}