{"P0AFU8": {"Enrichment": 0.014539709205815883, "Depletion": 0.9854802903941922, "two-tailed": 0.029079418411631766}}