{"P0AFC0": {"Enrichment": 0.5047499050019, "Depletion": 0.49527009459810806, "two-tailed": 0.9905401891962161}}