{"P0AFM2": {"Enrichment": 0.2785744285114298, "Depletion": 0.7214455710885782, "two-tailed": 0.5571488570228595}}