{"P0AGE9": {"Enrichment": 0.8155236895262095, "Depletion": 0.18449631007379852, "two-tailed": 0.36899262014759704}}