{"P0AGE0": {"Enrichment": 0.13915721685566287, "Depletion": 0.8608627827443451, "two-tailed": 0.27831443371132575}}