{"P0AGD3": {"Enrichment": 0.9379612407751845, "Depletion": 0.06205875882482351, "two-tailed": 0.12411751764964701}}