{"P0AGF4": {"Enrichment": 0.9498410031799364, "Depletion": 0.0501789964200716, "two-tailed": 0.1003579928401432}}