{"P0AGF4": {"Enrichment": 0.3408731825363493, "Depletion": 0.6591468170636587, "two-tailed": 0.6817463650726986}}