{"P0AG44": {"Enrichment": 0.15627687446251076, "Depletion": 0.8437431251374973, "two-tailed": 0.3125537489250215}}