{"P0AGD7": {"Enrichment": 0.7466650666986661, "Depletion": 0.253354932901342, "two-tailed": 0.506709865802684}}