{"P0AGJ9": {"Enrichment": 0.01743965120697586, "Depletion": 0.9825803483930321, "two-tailed": 0.03487930241395172}}