{"P0AG11": {"Enrichment": 0.018619627607447852, "Depletion": 0.9814003719925601, "two-tailed": 0.037239255214895704}}