{"P0AGD3": {"Enrichment": 0.9776404471910561, "Depletion": 0.02237955240895182, "two-tailed": 0.04475910481790364}}