{"P0AGJ9": {"Enrichment": 0.018379632407351854, "Depletion": 0.9816403671926561, "two-tailed": 0.03675926481470371}}