{"P0AG11": {"Enrichment": 0.16649667006659866, "Depletion": 0.8335233295334094, "two-tailed": 0.3329933401331973}}