{"P0AG30": {"Enrichment": 0.2635147297054059, "Depletion": 0.7365052698946021, "two-tailed": 0.5270294594108118}}