{"P0AGG2": {"Enrichment": 0.022899542009159817, "Depletion": 0.9771204575908482, "two-tailed": 0.045799084018319634}}