{"P0AG55": {"Enrichment": 0.9741205175896482, "Depletion": 0.025899482010359794, "two-tailed": 0.05179896402071959}}