{"P0AG16": {"Enrichment": 0.4616107677846443, "Depletion": 0.5384092318153637, "two-tailed": 0.9232215355692887}}