{"P0AG16": {"Enrichment": 0.28351432971340573, "Depletion": 0.7165056698866022, "two-tailed": 0.5670286594268115}}