{"P0AGL2": {"Enrichment": 0.01379972400551989, "Depletion": 0.9862202755944881, "two-tailed": 0.02759944801103978}}