{"P0C0K3": {"Enrichment": 0.28151436971260574, "Depletion": 0.7185056298874023, "two-tailed": 0.5630287394252115}}