{"P0C0S1": {"Enrichment": 0.10989780204395912, "Depletion": 0.8901221975560489, "two-tailed": 0.21979560408791823}}