{"P0C0R7": {"Enrichment": 0.48015039699206014, "Depletion": 0.5198696026079478, "two-tailed": 0.9603007939841203}}