{"P0C0K3": {"Enrichment": 0.28257434851302976, "Depletion": 0.7174456510869782, "two-tailed": 0.5651486970260595}}