{"P0C0R7": {"Enrichment": 0.6704265914681706, "Depletion": 0.32959340813183735, "two-tailed": 0.6591868162636747}}