{"P0C0S1": {"Enrichment": 0.9627807443851123, "Depletion": 0.037239255214895704, "two-tailed": 0.07447851042979141}}