{"P0CE48": {"Enrichment": 0.500669986600268, "Depletion": 0.49935001299974, "two-tailed": 0.99870002599948}}