{"P0CE47": {"Enrichment": 0.7286654266914662, "Depletion": 0.2713545729085418, "two-tailed": 0.5427091458170836}}