{"P0CE48": {"Enrichment": 0.8381232375352493, "Depletion": 0.1618967620647587, "two-tailed": 0.3237935241295174}}