{"P10121": {"Enrichment": 0.2974140517189656, "Depletion": 0.7026059478810424, "two-tailed": 0.5948281034379312}}