{"P10121": {"Enrichment": 0.3994520109597808, "Depletion": 0.6005679886402272, "two-tailed": 0.7989040219195616}}