{"P10151": {"Enrichment": 0.4238315233695326, "Depletion": 0.5761884762304754, "two-tailed": 0.8476630467390652}}