{"P10378": {"Enrichment": 0.874282514349713, "Depletion": 0.125737485250295, "two-tailed": 0.25147497050059}}