{"P10378": {"Enrichment": 0.9589608207835844, "Depletion": 0.04105917881642367, "two-tailed": 0.08211835763284735}}