{"P10408": {"Enrichment": 0.052938941221175574, "Depletion": 0.9470810583788324, "two-tailed": 0.10587788244235115}}