{"P10408": {"Enrichment": 0.16213675726485471, "Depletion": 0.8378832423351533, "two-tailed": 0.32427351452970943}}