{"P10443": {"Enrichment": 0.07427851442971141, "Depletion": 0.9257414851702966, "two-tailed": 0.14855702885942282}}