{"P10903": {"Enrichment": 0.8583828323433531, "Depletion": 0.14163716725665487, "two-tailed": 0.28327433451330974}}