{"P10903": {"Enrichment": 0.9047619047619048, "Depletion": 0.09525809483810324, "two-tailed": 0.19051618967620648}}