{"P11071": {"Enrichment": 0.11439771204575909, "Depletion": 0.8856222875542489, "two-tailed": 0.22879542409151818}}