{"P11349": {"Enrichment": 0.39403211935761284, "Depletion": 0.6059878802423951, "two-tailed": 0.7880642387152257}}