{"P11350": {"Enrichment": 0.0756184876302474, "Depletion": 0.9244015119697606, "two-tailed": 0.1512369752604948}}