{"P11447": {"Enrichment": 0.8452630947381052, "Depletion": 0.15475690486190277, "two-tailed": 0.30951380972380554}}