{"P11875": {"Enrichment": 0.3140137197256055, "Depletion": 0.6860062798744025, "two-tailed": 0.628027439451211}}