{"P11875": {"Enrichment": 0.31919361612767744, "Depletion": 0.6808263834723306, "two-tailed": 0.6383872322553549}}