{"P12281": {"Enrichment": 0.1363372732545349, "Depletion": 0.863682726345473, "two-tailed": 0.2726745465090698}}