{"P12295": {"Enrichment": 0.12565748685026298, "Depletion": 0.874362512749745, "two-tailed": 0.25131497370052597}}