{"P12282": {"Enrichment": 0.7951040979180416, "Depletion": 0.20491590168196636, "two-tailed": 0.4098318033639327}}