{"P12281": {"Enrichment": 0.08157836843263135, "Depletion": 0.9184416311673766, "two-tailed": 0.1631567368652627}}