{"P12282": {"Enrichment": 0.39615207695846083, "Depletion": 0.6038679226415472, "two-tailed": 0.7923041539169217}}