{"P12758": {"Enrichment": 0.5493890122197556, "Depletion": 0.45063098738025237, "two-tailed": 0.9012619747605047}}