{"P12758": {"Enrichment": 0.4859702805943881, "Depletion": 0.5140497190056199, "two-tailed": 0.9719405611887763}}