{"P12995": {"Enrichment": 0.30545389092218156, "Depletion": 0.6945661086778264, "two-tailed": 0.6109077818443631}}