{"P12994": {"Enrichment": 0.868962620747585, "Depletion": 0.13105737885242294, "two-tailed": 0.2621147577048459}}