{"P12994": {"Enrichment": 0.6560468790624188, "Depletion": 0.34397312053758927, "two-tailed": 0.6879462410751785}}