{"P12995": {"Enrichment": 0.26875462490750185, "Depletion": 0.7312653746925062, "two-tailed": 0.5375092498150037}}