{"P13000": {"Enrichment": 0.053478930421391575, "Depletion": 0.9465410691786165, "two-tailed": 0.10695786084278315}}