{"P13001": {"Enrichment": 0.042679146417071656, "Depletion": 0.9573408531829364, "two-tailed": 0.08535829283414331}}