{"P13036": {"Enrichment": 0.49009019819603605, "Depletion": 0.5099298014039719, "two-tailed": 0.9801803963920721}}