{"P13009": {"Enrichment": 0.06711865762684746, "Depletion": 0.9329013419731605, "two-tailed": 0.13423731525369492}}