{"P13036": {"Enrichment": 0.49275014499710007, "Depletion": 0.507269854602908, "two-tailed": 0.9855002899942001}}