{"P13009": {"Enrichment": 0.03869922601547969, "Depletion": 0.9613207735845283, "two-tailed": 0.07739845203095938}}