{"P13482": {"Enrichment": 0.11395772084558309, "Depletion": 0.8860622787544249, "two-tailed": 0.22791544169116618}}