{"P14294": {"Enrichment": 0.7320653586928262, "Depletion": 0.26795464090718185, "two-tailed": 0.5359092818143637}}