{"P14294": {"Enrichment": 0.8231835363292734, "Depletion": 0.17683646327073457, "two-tailed": 0.35367292654146915}}