{"P14900": {"Enrichment": 0.7920641587168257, "Depletion": 0.20795584088318234, "two-tailed": 0.41591168176636467}}