{"P14900": {"Enrichment": 0.4731905361892762, "Depletion": 0.5268294634107318, "two-tailed": 0.9463810723785524}}