{"P15043": {"Enrichment": 0.29767404651906965, "Depletion": 0.7023459530809384, "two-tailed": 0.5953480930381393}}