{"P15034": {"Enrichment": 0.1854162916741665, "Depletion": 0.8146037079258415, "two-tailed": 0.370832583348333}}