{"P15005": {"Enrichment": 0.4726705465890682, "Depletion": 0.5273494530109398, "two-tailed": 0.9453410931781364}}