{"P15067": {"Enrichment": 0.9347813043739125, "Depletion": 0.06523869522609547, "two-tailed": 0.13047739045219095}}