{"P15067": {"Enrichment": 0.8930821383572328, "Depletion": 0.10693786124277514, "two-tailed": 0.21387572248555028}}