{"P15042": {"Enrichment": 0.3945121097578048, "Depletion": 0.6055078898422032, "two-tailed": 0.7890242195156096}}