{"P15770": {"Enrichment": 0.5924481510369792, "Depletion": 0.40757184856302875, "two-tailed": 0.8151436971260575}}