{"P15723": {"Enrichment": 0.018039639207215855, "Depletion": 0.9819803603927921, "two-tailed": 0.03607927841443171}}