{"P15723": {"Enrichment": 0.10313793724125518, "Depletion": 0.8968820623587528, "two-tailed": 0.20627587448251036}}