{"P16384": {"Enrichment": 0.509669806603868, "Depletion": 0.4903501929961401, "two-tailed": 0.9807003859922802}}