{"P16384": {"Enrichment": 0.18439631207375853, "Depletion": 0.8156236875262495, "two-tailed": 0.36879262414751707}}