{"P16456": {"Enrichment": 0.9970000599988, "Depletion": 0.003019939601207976, "two-tailed": 0.006039879202415952}}