{"P16456": {"Enrichment": 0.995660086798264, "Depletion": 0.004359912801743965, "two-tailed": 0.00871982560348793}}