{"P16525": {"Enrichment": 0.7030259394812104, "Depletion": 0.29699406011879764, "two-tailed": 0.5939881202375953}}