{"P16525": {"Enrichment": 0.9059418811623767, "Depletion": 0.09407811843763125, "two-tailed": 0.1881562368752625}}