{"P16685": {"Enrichment": 0.761584768304634, "Depletion": 0.23843523129537408, "two-tailed": 0.47687046259074817}}