{"P16692": {"Enrichment": 0.5909281814363713, "Depletion": 0.4090918181636367, "two-tailed": 0.8181836363272734}}