{"P16692": {"Enrichment": 0.2579748405031899, "Depletion": 0.7420451590968181, "two-tailed": 0.5159496810063798}}