{"P16686": {"Enrichment": 0.997240055198896, "Depletion": 0.0027799444011119777, "two-tailed": 0.0055598888022239555}}