{"P16686": {"Enrichment": 0.997560048799024, "Depletion": 0.0024599508009839803, "two-tailed": 0.004919901601967961}}