{"P16688": {"Enrichment": 0.877762444751105, "Depletion": 0.12225755484890302, "two-tailed": 0.24451510969780604}}