{"P16685": {"Enrichment": 0.7628847423051539, "Depletion": 0.2371352572948541, "two-tailed": 0.4742705145897082}}