{"P16703": {"Enrichment": 0.044279114417711644, "Depletion": 0.9557408851822964, "two-tailed": 0.08855822883542329}}