{"P16869": {"Enrichment": 0.6579068418631627, "Depletion": 0.34211315773684525, "two-tailed": 0.6842263154736905}}