{"P16869": {"Enrichment": 0.9667406651866962, "Depletion": 0.03327933441331173, "two-tailed": 0.06655866882662347}}