{"P17109": {"Enrichment": 0.5676686466270675, "Depletion": 0.43235135297294053, "two-tailed": 0.8647027059458811}}