{"P17109": {"Enrichment": 0.5240295194096118, "Depletion": 0.4759904801903962, "two-tailed": 0.9519809603807924}}