{"P17169": {"Enrichment": 0.08141837163256735, "Depletion": 0.9186016279674406, "two-tailed": 0.1628367432651347}}