{"P17169": {"Enrichment": 0.06991860162796744, "Depletion": 0.9301013979720406, "two-tailed": 0.13983720325593488}}