{"P17443": {"Enrichment": 0.07977840443191136, "Depletion": 0.9202415951680967, "two-tailed": 0.15955680886382273}}