{"P17443": {"Enrichment": 0.004879902401951961, "Depletion": 0.9951400971980561, "two-tailed": 0.009759804803903921}}