{"P17802": {"Enrichment": 0.09339813203735925, "Depletion": 0.9066218675626487, "two-tailed": 0.1867962640747185}}