{"P17846": {"Enrichment": 0.47149057018859625, "Depletion": 0.5285294294114118, "two-tailed": 0.9429811403771925}}