{"P17888": {"Enrichment": 0.30409391812163755, "Depletion": 0.6959260814783704, "two-tailed": 0.6081878362432751}}