{"P17846": {"Enrichment": 0.5118497630047399, "Depletion": 0.4881702365952681, "two-tailed": 0.9763404731905362}}