{"P17802": {"Enrichment": 0.125477490450191, "Depletion": 0.874542509149817, "two-tailed": 0.250954980900382}}