{"P17888": {"Enrichment": 0.3015939681206376, "Depletion": 0.6984260314793704, "two-tailed": 0.6031879362412752}}