{"P17952": {"Enrichment": 0.21465570688586227, "Depletion": 0.7853642927141458, "two-tailed": 0.42931141377172455}}