{"P17952": {"Enrichment": 0.1748965020699586, "Depletion": 0.8251234975300494, "two-tailed": 0.3497930041399172}}