{"P18393": {"Enrichment": 0.9093618127637447, "Depletion": 0.09065818683626327, "two-tailed": 0.18131637367252654}}