{"P18393": {"Enrichment": 0.8677226455470891, "Depletion": 0.13229735405291895, "two-tailed": 0.2645947081058379}}