{"P18843": {"Enrichment": 0.045399092018159636, "Depletion": 0.9546209075818484, "two-tailed": 0.09079818403631927}}