{"P19624": {"Enrichment": 0.49087018259634807, "Depletion": 0.5091498170036599, "two-tailed": 0.9817403651926961}}