{"P19636": {"Enrichment": 0.617627647447051, "Depletion": 0.3823923521529569, "two-tailed": 0.7647847043059138}}