{"P19636": {"Enrichment": 0.34627307453850925, "Depletion": 0.6537469250614988, "two-tailed": 0.6925461490770185}}