{"P20083": {"Enrichment": 0.001359972800543989, "Depletion": 0.998660026799464, "two-tailed": 0.002719945601087978}}