{"P20083": {"Enrichment": 0.034199316013679724, "Depletion": 0.9658206835863282, "two-tailed": 0.06839863202735945}}