{"P21177": {"Enrichment": 0.9463410731785364, "Depletion": 0.05367892642147157, "two-tailed": 0.10735785284294314}}