{"P21165": {"Enrichment": 0.19285614287714245, "Depletion": 0.8071638567228655, "two-tailed": 0.3857122857542849}}