{"P21189": {"Enrichment": 0.7038859222815543, "Depletion": 0.29613407731845365, "two-tailed": 0.5922681546369073}}