{"P21189": {"Enrichment": 0.6792864142717145, "Depletion": 0.32073358532829344, "two-tailed": 0.6414671706565869}}