{"P21338": {"Enrichment": 0.75302493950121, "Depletion": 0.246995060098798, "two-tailed": 0.493990120197596}}