{"P21338": {"Enrichment": 0.8773624527509449, "Depletion": 0.12265754684906302, "two-tailed": 0.24531509369812604}}