{"P21367": {"Enrichment": 0.8956220875582488, "Depletion": 0.10439791204175916, "two-tailed": 0.20879582408351832}}