{"P21367": {"Enrichment": 0.5850482990340193, "Depletion": 0.4149717005659887, "two-tailed": 0.8299434011319774}}