{"P21514": {"Enrichment": 0.1136377272454551, "Depletion": 0.8863822723545529, "two-tailed": 0.2272754544909102}}