{"P21513": {"Enrichment": 0.7885442291154177, "Depletion": 0.21147577048459032, "two-tailed": 0.42295154096918064}}