{"P21507": {"Enrichment": 0.8164236715265695, "Depletion": 0.18359632807343854, "two-tailed": 0.36719265614687707}}