{"P21599": {"Enrichment": 0.7825843483130337, "Depletion": 0.21743565128697426, "two-tailed": 0.4348713025739485}}