{"P21599": {"Enrichment": 0.737785244295114, "Depletion": 0.26223475530489393, "two-tailed": 0.5244695106097879}}