{"P21513": {"Enrichment": 0.7885042299154017, "Depletion": 0.2115157696846063, "two-tailed": 0.4230315393692126}}