{"P21645": {"Enrichment": 0.9181416371672566, "Depletion": 0.08187836243275134, "two-tailed": 0.1637567248655027}}