{"P21888": {"Enrichment": 0.06167876642467151, "Depletion": 0.9383412331753365, "two-tailed": 0.12335753284934302}}