{"P22188": {"Enrichment": 0.4484910301793964, "Depletion": 0.5515289694206116, "two-tailed": 0.8969820603587928}}