{"P22106": {"Enrichment": 0.13273734525309494, "Depletion": 0.8672826543469131, "two-tailed": 0.2654746905061899}}