{"P22188": {"Enrichment": 0.4493910121797564, "Depletion": 0.5506289874202516, "two-tailed": 0.8987820243595128}}