{"P22259": {"Enrichment": 0.4269914601707966, "Depletion": 0.5730285394292114, "two-tailed": 0.8539829203415932}}