{"P22256": {"Enrichment": 0.5436091278174436, "Depletion": 0.45641087178256434, "two-tailed": 0.9128217435651287}}