{"P22259": {"Enrichment": 0.3920521589568209, "Depletion": 0.6079678406431871, "two-tailed": 0.7841043179136418}}