{"P22256": {"Enrichment": 0.6220075598488031, "Depletion": 0.37801243975120496, "two-tailed": 0.7560248795024099}}