{"P22523": {"Enrichment": 0.9677806443871123, "Depletion": 0.03223935521289574, "two-tailed": 0.06447871042579148}}