{"P23003": {"Enrichment": 0.9812403751924962, "Depletion": 0.01877962440751185, "two-tailed": 0.0375592488150237}}