{"P23256": {"Enrichment": 0.04471910561788764, "Depletion": 0.9553008939821204, "two-tailed": 0.08943821123577528}}