{"P23256": {"Enrichment": 0.124537509249815, "Depletion": 0.875482490350193, "two-tailed": 0.24907501849963}}