{"P23367": {"Enrichment": 0.21511569768604627, "Depletion": 0.7849043019139618, "two-tailed": 0.43023139537209254}}