{"P23367": {"Enrichment": 0.5739885202295955, "Depletion": 0.4260314793704126, "two-tailed": 0.8520629587408252}}