{"P23522": {"Enrichment": 0.24185516289674205, "Depletion": 0.758164836703266, "two-tailed": 0.4837103257934841}}