{"P23522": {"Enrichment": 0.0756584868302634, "Depletion": 0.9243615127697447, "two-tailed": 0.1513169736605268}}