{"P23721": {"Enrichment": 0.08655826883462331, "Depletion": 0.9134617307653847, "two-tailed": 0.17311653766924662}}