{"P23721": {"Enrichment": 0.1499370012599748, "Depletion": 0.8500829983400332, "two-tailed": 0.2998740025199496}}