{"P23827": {"Enrichment": 0.9778404431911362, "Depletion": 0.02217955640887182, "two-tailed": 0.04435911281774364}}