{"P23865": {"Enrichment": 0.9398212035759285, "Depletion": 0.060198796024079515, "two-tailed": 0.12039759204815903}}