{"P23827": {"Enrichment": 0.7939641207175856, "Depletion": 0.20605587888242236, "two-tailed": 0.4121117577648447}}