{"P23882": {"Enrichment": 0.44469110617787644, "Depletion": 0.5553288934221315, "two-tailed": 0.8893822123557529}}