{"P23869": {"Enrichment": 0.1483770324593508, "Depletion": 0.8516429671406572, "two-tailed": 0.2967540649187016}}