{"P23872": {"Enrichment": 0.5949281014379713, "Depletion": 0.4050918981620368, "two-tailed": 0.8101837963240736}}