{"P23874": {"Enrichment": 0.7167056658866823, "Depletion": 0.28331433371332576, "two-tailed": 0.5666286674266515}}