{"P23882": {"Enrichment": 0.44771104577908444, "Depletion": 0.5523089538209236, "two-tailed": 0.8954220915581689}}