{"P23865": {"Enrichment": 0.9506409871802564, "Depletion": 0.04937901241975161, "two-tailed": 0.09875802483950322}}