{"P23909": {"Enrichment": 0.4141317173656527, "Depletion": 0.5858882822343553, "two-tailed": 0.8282634347313054}}