{"P23909": {"Enrichment": 0.3888922221555569, "Depletion": 0.6111277774444511, "two-tailed": 0.7777844443111138}}