{"P23930": {"Enrichment": 0.9394212115757685, "Depletion": 0.060598788024239514, "two-tailed": 0.12119757604847903}}