{"P23930": {"Enrichment": 0.9392812143757124, "Depletion": 0.060738785224295516, "two-tailed": 0.12147757044859103}}