{"P24193": {"Enrichment": 0.4685506289874202, "Depletion": 0.5314693706125877, "two-tailed": 0.9371012579748405}}