{"P24173": {"Enrichment": 0.5039899202015959, "Depletion": 0.49603007939841204, "two-tailed": 0.9920601587968241}}