{"P24173": {"Enrichment": 0.24729505409891803, "Depletion": 0.7527249455010899, "two-tailed": 0.49459010819783605}}