{"P24193": {"Enrichment": 0.19429611407771843, "Depletion": 0.8057238855222896, "two-tailed": 0.38859222815543687}}