{"P24182": {"Enrichment": 0.030519389612207754, "Depletion": 0.9695006099878003, "two-tailed": 0.06103877922441551}}