{"P24215": {"Enrichment": 0.7181256374872502, "Depletion": 0.28189436211275776, "two-tailed": 0.5637887242255155}}