{"P24215": {"Enrichment": 0.6054678906421872, "Depletion": 0.39455210895782084, "two-tailed": 0.7891042179156417}}