{"P24203": {"Enrichment": 0.6769664606707866, "Depletion": 0.3230535389292214, "two-tailed": 0.6461070778584428}}