{"P24228": {"Enrichment": 0.8207435851282975, "Depletion": 0.17927641447171055, "two-tailed": 0.3585528289434211}}