{"P24232": {"Enrichment": 0.6461270774584509, "Depletion": 0.35389292214155715, "two-tailed": 0.7077858442831143}}