{"P24203": {"Enrichment": 0.6457070858582828, "Depletion": 0.3543129137417252, "two-tailed": 0.7086258274834504}}