{"P24242": {"Enrichment": 0.874942501149977, "Depletion": 0.125077498450031, "two-tailed": 0.250154996900062}}