{"P24200": {"Enrichment": 0.865162696746065, "Depletion": 0.13485730285394293, "two-tailed": 0.26971460570788586}}