{"P24232": {"Enrichment": 0.6478470430591389, "Depletion": 0.35217295654086916, "two-tailed": 0.7043459130817383}}