{"P24228": {"Enrichment": 0.8075838483230335, "Depletion": 0.19243615127697447, "two-tailed": 0.38487230255394894}}