{"P24200": {"Enrichment": 0.9023419531609368, "Depletion": 0.09767804643907121, "two-tailed": 0.19535609287814243}}