{"P24242": {"Enrichment": 0.872422551548969, "Depletion": 0.12759744805103898, "two-tailed": 0.25519489610207796}}