{"P25397": {"Enrichment": 0.5252694946101077, "Depletion": 0.4747505049899002, "two-tailed": 0.9495010099798004}}