{"P25397": {"Enrichment": 0.47241055178896424, "Depletion": 0.5276094478110438, "two-tailed": 0.9448211035779285}}