{"P25539": {"Enrichment": 0.8016839663206736, "Depletion": 0.1983360332793344, "two-tailed": 0.3966720665586688}}