{"P25535": {"Enrichment": 0.08831823363532729, "Depletion": 0.9117017659646807, "two-tailed": 0.17663646727065457}}