{"P25552": {"Enrichment": 0.40323193536129276, "Depletion": 0.5967880642387152, "two-tailed": 0.8064638707225855}}