{"P25526": {"Enrichment": 0.881542369152617, "Depletion": 0.11847763044739106, "two-tailed": 0.2369552608947821}}