{"P25522": {"Enrichment": 0.28077438451230974, "Depletion": 0.7192456150876982, "two-tailed": 0.5615487690246195}}