{"P25553": {"Enrichment": 0.6550468990620187, "Depletion": 0.34497310053798924, "two-tailed": 0.6899462010759785}}