{"P25524": {"Enrichment": 0.44531109377812444, "Depletion": 0.5547089058218836, "two-tailed": 0.8906221875562489}}