{"P25553": {"Enrichment": 0.6093278134437311, "Depletion": 0.3906921861562769, "two-tailed": 0.7813843723125538}}