{"P25526": {"Enrichment": 0.8836823263534729, "Depletion": 0.11633767324653507, "two-tailed": 0.23267534649307015}}