{"P25539": {"Enrichment": 0.7296054078918421, "Depletion": 0.27041459170816584, "two-tailed": 0.5408291834163317}}