{"P25535": {"Enrichment": 0.18181636367272655, "Depletion": 0.8182036359272814, "two-tailed": 0.3636327273454531}}