{"P25552": {"Enrichment": 0.40485190296194074, "Depletion": 0.5951680966380672, "two-tailed": 0.8097038059238815}}