{"P25524": {"Enrichment": 0.6904061918761625, "Depletion": 0.3096138077238455, "two-tailed": 0.619227615447691}}