{"P25746": {"Enrichment": 0.7785244295114098, "Depletion": 0.22149557008859821, "two-tailed": 0.44299114017719643}}