{"P25746": {"Enrichment": 0.6696666066678666, "Depletion": 0.33035339293214133, "two-tailed": 0.6607067858642827}}