{"P25714": {"Enrichment": 0.1122777544449111, "Depletion": 0.8877422451550969, "two-tailed": 0.2245555088898222}}