{"P25740": {"Enrichment": 0.2874142517149657, "Depletion": 0.7126057478850423, "two-tailed": 0.5748285034299314}}