{"P25714": {"Enrichment": 0.07057858842823143, "Depletion": 0.9294414111717766, "two-tailed": 0.14115717685646287}}