{"P25740": {"Enrichment": 0.28659426811463773, "Depletion": 0.7134257314853703, "two-tailed": 0.5731885362292755}}