{"P26281": {"Enrichment": 0.16763664726705466, "Depletion": 0.8323833523329534, "two-tailed": 0.3352732945341093}}