{"P26281": {"Enrichment": 0.6438671226575469, "Depletion": 0.35615287694246117, "two-tailed": 0.7123057538849223}}