{"P26602": {"Enrichment": 0.0165983401659834, "Depletion": 0.9835016498350165, "two-tailed": 0.0331966803319668}}