{"P26616": {"Enrichment": 0.5549689006219876, "Depletion": 0.4450510989780204, "two-tailed": 0.8901021979560408}}