{"P26616": {"Enrichment": 0.5278894422111557, "Depletion": 0.47213055738885223, "two-tailed": 0.9442611147777045}}