{"P26646": {"Enrichment": 0.8527029459410812, "Depletion": 0.14731705365892683, "two-tailed": 0.29463410731785367}}