{"P27111": {"Enrichment": 0.7632647347053059, "Depletion": 0.2367552648947021, "two-tailed": 0.4735105297894042}}