{"P27111": {"Enrichment": 0.7932641347173056, "Depletion": 0.20675586488270234, "two-tailed": 0.4135117297654047}}