{"P27296": {"Enrichment": 0.038559228815423695, "Depletion": 0.9614607707845844, "two-tailed": 0.07711845763084739}}