{"P27250": {"Enrichment": 0.4788504229915402, "Depletion": 0.5211695766084679, "two-tailed": 0.9577008459830804}}