{"P27248": {"Enrichment": 0.44381112377752446, "Depletion": 0.5562088758224836, "two-tailed": 0.8876222475550489}}