{"P27248": {"Enrichment": 0.7172256554868902, "Depletion": 0.2827943441131177, "two-tailed": 0.5655886882262354}}