{"P27305": {"Enrichment": 0.8110237795244095, "Depletion": 0.1889962200755985, "two-tailed": 0.377992440151197}}