{"P27431": {"Enrichment": 0.3010339793204136, "Depletion": 0.6989860202795944, "two-tailed": 0.6020679586408272}}