{"P27431": {"Enrichment": 0.44481110377792443, "Depletion": 0.5552088958220835, "two-tailed": 0.8896222075558489}}