{"P27828": {"Enrichment": 0.9445811083778325, "Depletion": 0.05543889122217556, "two-tailed": 0.11087778244435112}}