{"P27833": {"Enrichment": 0.25067498650027, "Depletion": 0.749345013099738, "two-tailed": 0.50134997300054}}