{"P27833": {"Enrichment": 0.2848543029139417, "Depletion": 0.7151656966860663, "two-tailed": 0.5697086058278834}}