{"P27828": {"Enrichment": 0.8191436171276575, "Depletion": 0.18087638247235055, "two-tailed": 0.3617527649447011}}