{"P28248": {"Enrichment": 0.9878402431951361, "Depletion": 0.012179756404871903, "two-tailed": 0.024359512809743807}}