{"P28306": {"Enrichment": 0.7542049159016819, "Depletion": 0.24581508369832603, "two-tailed": 0.49163016739665205}}