{"P28304": {"Enrichment": 0.4620507589848203, "Depletion": 0.5379692406151877, "two-tailed": 0.9241015179696406}}