{"P28632": {"Enrichment": 0.7286454270914582, "Depletion": 0.27137457250854985, "two-tailed": 0.5427491450170997}}