{"P28630": {"Enrichment": 0.8207635847283055, "Depletion": 0.17925641487170257, "two-tailed": 0.35851282974340515}}