{"P28635": {"Enrichment": 0.2627747445051099, "Depletion": 0.7372452550948981, "two-tailed": 0.5255494890102198}}