{"P28631": {"Enrichment": 0.1522569548609028, "Depletion": 0.8477630447391052, "two-tailed": 0.3045139097218056}}