{"P28630": {"Enrichment": 0.9533809323813524, "Depletion": 0.04663906721865563, "two-tailed": 0.09327813443731126}}