{"P28629": {"Enrichment": 0.7035059298814024, "Depletion": 0.2965140697186056, "two-tailed": 0.5930281394372112}}