{"P28631": {"Enrichment": 0.2270154596908062, "Depletion": 0.7730045399092018, "two-tailed": 0.4540309193816124}}