{"P28632": {"Enrichment": 0.7291454170916581, "Depletion": 0.27087458250834984, "two-tailed": 0.5417491650166997}}