{"P28635": {"Enrichment": 0.07023859522809543, "Depletion": 0.9297814043719126, "two-tailed": 0.14047719045619086}}