{"P28861": {"Enrichment": 0.6957260854782904, "Depletion": 0.3042939141217176, "two-tailed": 0.6085878282434352}}