{"P28861": {"Enrichment": 0.5822683546329074, "Depletion": 0.41775164496710065, "two-tailed": 0.8355032899342013}}