{"P28905": {"Enrichment": 0.7700045999080019, "Depletion": 0.23001539969200616, "two-tailed": 0.4600307993840123}}