{"P29208": {"Enrichment": 0.12117757644847103, "Depletion": 0.8788424231515369, "two-tailed": 0.24235515289694207}}