{"P29208": {"Enrichment": 0.12151756964860702, "Depletion": 0.8785024299514009, "two-tailed": 0.24303513929721404}}