{"P29745": {"Enrichment": 0.7884842303153937, "Depletion": 0.21153576928461432, "two-tailed": 0.42307153856922863}}