{"P29745": {"Enrichment": 0.7914441711165777, "Depletion": 0.20857582848343034, "two-tailed": 0.4171516569668607}}