{"P30014": {"Enrichment": 0.05571888562228756, "Depletion": 0.9443011139777204, "two-tailed": 0.11143777124457512}}