{"P30014": {"Enrichment": 0.15509689806203875, "Depletion": 0.8449231015379692, "two-tailed": 0.3101937961240775}}