{"P30178": {"Enrichment": 0.10309793804123918, "Depletion": 0.8969220615587689, "two-tailed": 0.20619587608247836}}