{"P30138": {"Enrichment": 0.6902261954760904, "Depletion": 0.30979380412391755, "two-tailed": 0.6195876082478351}}