{"P30125": {"Enrichment": 0.10931781364372713, "Depletion": 0.8907021859562809, "two-tailed": 0.21863562728745425}}