{"P30131": {"Enrichment": 0.6381072378552429, "Depletion": 0.3619127617447651, "two-tailed": 0.7238255234895302}}