{"P30178": {"Enrichment": 0.10451790964180717, "Depletion": 0.8955020899582008, "two-tailed": 0.20903581928361434}}