{"P30131": {"Enrichment": 0.753804923901522, "Depletion": 0.24621507569848602, "two-tailed": 0.49243015139697205}}