{"P30177": {"Enrichment": 0.33331333373332533, "Depletion": 0.6667066658666827, "two-tailed": 0.6666266674666507}}