{"P30125": {"Enrichment": 0.5258694826103478, "Depletion": 0.4741505169896602, "two-tailed": 0.9483010339793204}}