{"P30138": {"Enrichment": 0.8376432471350573, "Depletion": 0.1623767524649507, "two-tailed": 0.3247535049299014}}