{"P30130": {"Enrichment": 0.08249835003299934, "Depletion": 0.9175216495670087, "two-tailed": 0.16499670006599867}}