{"P30177": {"Enrichment": 0.4601507969840603, "Depletion": 0.5398692026159477, "two-tailed": 0.9203015939681206}}