{"P30750": {"Enrichment": 0.2766144677106458, "Depletion": 0.7234055318893622, "two-tailed": 0.5532289354212916}}