{"P30750": {"Enrichment": 0.3617327653446931, "Depletion": 0.6382872342553149, "two-tailed": 0.7234655306893862}}