{"P30870": {"Enrichment": 0.502189956200876, "Depletion": 0.497830043399132, "two-tailed": 0.995660086798264}}