{"P31057": {"Enrichment": 0.8913821723565528, "Depletion": 0.10863782724345514, "two-tailed": 0.21727565448691027}}