{"P31057": {"Enrichment": 0.10431791364172717, "Depletion": 0.8957020859582808, "two-tailed": 0.20863582728345434}}