{"P31133": {"Enrichment": 0.05357892842143157, "Depletion": 0.9464410711785765, "two-tailed": 0.10715785684286314}}