{"P31133": {"Enrichment": 0.05701885962280755, "Depletion": 0.9430011399772005, "two-tailed": 0.1140377192456151}}