{"P31122": {"Enrichment": 0.3083938321233575, "Depletion": 0.6916261674766505, "two-tailed": 0.616787664246715}}