{"P31129": {"Enrichment": 0.20481590368192637, "Depletion": 0.7952040959180816, "two-tailed": 0.40963180736385274}}