{"P31129": {"Enrichment": 0.3527729445411092, "Depletion": 0.6472470550588988, "two-tailed": 0.7055458890822184}}