{"P31142": {"Enrichment": 0.8153036939261215, "Depletion": 0.18471630567388653, "two-tailed": 0.36943261134777305}}