{"P31142": {"Enrichment": 0.6556668866622668, "Depletion": 0.34435311293774123, "two-tailed": 0.6887062258754825}}