{"P31122": {"Enrichment": 0.30453390932181357, "Depletion": 0.6954860902781944, "two-tailed": 0.6090678186436271}}