{"P31434": {"Enrichment": 0.7169456610867783, "Depletion": 0.2830743385132297, "two-tailed": 0.5661486770264594}}