{"P31434": {"Enrichment": 0.8809023819523609, "Depletion": 0.11911761764764704, "two-tailed": 0.23823523529529408}}