{"P31473": {"Enrichment": 0.5262894742105158, "Depletion": 0.47373052538949223, "two-tailed": 0.9474610507789845}}