{"P31572": {"Enrichment": 0.6051478970420592, "Depletion": 0.39487210255794886, "two-tailed": 0.7897442051158977}}