{"P31550": {"Enrichment": 0.030699386012279756, "Depletion": 0.9693206135877283, "two-tailed": 0.06139877202455951}}