{"P31572": {"Enrichment": 0.41559168816623665, "Depletion": 0.5844283114337713, "two-tailed": 0.8311833763324733}}