{"P31550": {"Enrichment": 0.026779464410711787, "Depletion": 0.9732405351892962, "two-tailed": 0.053558928821423574}}