{"P31663": {"Enrichment": 0.5720285594288115, "Depletion": 0.42799144017119656, "two-tailed": 0.8559828803423931}}