{"P31658": {"Enrichment": 0.7335853282934341, "Depletion": 0.2664346713065739, "two-tailed": 0.5328693426131478}}