{"P31677": {"Enrichment": 0.01975960480790384, "Depletion": 0.9802603947921041, "two-tailed": 0.03951920961580768}}