{"P31677": {"Enrichment": 0.0007999840003199936, "Depletion": 0.999220015599688, "two-tailed": 0.0015999680006399872}}