{"P31697": {"Enrichment": 0.019339613207735844, "Depletion": 0.9806803863922722, "two-tailed": 0.03867922641547169}}