{"P31663": {"Enrichment": 0.6496470070598588, "Depletion": 0.3503729925401492, "two-tailed": 0.7007459850802984}}