{"P31827": {"Enrichment": 0.9137617247655047, "Depletion": 0.08625827483450331, "two-tailed": 0.17251654966900662}}