{"P31828": {"Enrichment": 0.7375652486950262, "Depletion": 0.2624547509049819, "two-tailed": 0.5249095018099638}}