{"P31808": {"Enrichment": 0.35735285294294117, "Depletion": 0.6426671466570668, "two-tailed": 0.7147057058858823}}