{"P31828": {"Enrichment": 0.7331453370932581, "Depletion": 0.26687466250674985, "two-tailed": 0.5337493250134997}}