{"P31808": {"Enrichment": 0.5785084298314034, "Depletion": 0.42151156976860465, "two-tailed": 0.8430231395372093}}