{"P32055": {"Enrichment": 0.7531649367012659, "Depletion": 0.246855062898742, "two-tailed": 0.493710125797484}}