{"P32055": {"Enrichment": 0.622667546649067, "Depletion": 0.377352452950941, "two-tailed": 0.754704905901882}}