{"P32099": {"Enrichment": 0.005619887602247955, "Depletion": 0.99440011199776, "two-tailed": 0.01123977520449591}}