{"P32171": {"Enrichment": 0.2133157336853263, "Depletion": 0.7867042659146817, "two-tailed": 0.4266314673706526}}