{"P32125": {"Enrichment": 0.31369372612547747, "Depletion": 0.6863262734745305, "two-tailed": 0.6273874522509549}}