{"P32156": {"Enrichment": 0.6349673006539869, "Depletion": 0.3650526989460211, "two-tailed": 0.7301053978920422}}