{"P32171": {"Enrichment": 0.26989460210795785, "Depletion": 0.7301253974920502, "two-tailed": 0.5397892042159157}}