{"P32169": {"Enrichment": 0.20643587128257435, "Depletion": 0.7935841283174336, "two-tailed": 0.4128717425651487}}