{"P32131": {"Enrichment": 0.042379152416951664, "Depletion": 0.9576408471830563, "two-tailed": 0.08475830483390333}}