{"P32170": {"Enrichment": 0.42765144697106056, "Depletion": 0.5723685526289474, "two-tailed": 0.8553028939421211}}