{"P32140": {"Enrichment": 0.374232515349693, "Depletion": 0.6257874842503149, "two-tailed": 0.748465030699386}}