{"P32138": {"Enrichment": 0.7416251674966501, "Depletion": 0.25839483210335795, "two-tailed": 0.5167896642067159}}