{"P32170": {"Enrichment": 0.370032599348013, "Depletion": 0.629987400251995, "two-tailed": 0.740065198696026}}