{"P32173": {"Enrichment": 0.17793644127117458, "Depletion": 0.8220835583288334, "two-tailed": 0.35587288254234917}}