{"P32138": {"Enrichment": 0.6894862102757945, "Depletion": 0.3105337893242135, "two-tailed": 0.621067578648427}}