{"P32684": {"Enrichment": 0.625607487850243, "Depletion": 0.37441251174976503, "two-tailed": 0.7488250234995301}}