{"P32684": {"Enrichment": 0.4722705545889082, "Depletion": 0.5277494450110998, "two-tailed": 0.9445411091778164}}