{"P32717": {"Enrichment": 0.14661706765864682, "Depletion": 0.8534029319413612, "two-tailed": 0.29323413531729364}}