{"P32717": {"Enrichment": 0.18603627927441452, "Depletion": 0.8139837203255935, "two-tailed": 0.37207255854882904}}