{"P32719": {"Enrichment": 0.029659406811863763, "Depletion": 0.9703605927881442, "two-tailed": 0.059318813623727526}}