{"P32719": {"Enrichment": 0.1344773104537909, "Depletion": 0.8655426891462171, "two-tailed": 0.2689546209075818}}