{"P33022": {"Enrichment": 0.25501489970200597, "Depletion": 0.745005099898002, "two-tailed": 0.5100297994040119}}