{"P33025": {"Enrichment": 0.007939841203175936, "Depletion": 0.9920801583968321, "two-tailed": 0.01587968240635187}}