{"P33025": {"Enrichment": 0.06581868362632748, "Depletion": 0.9342013159736805, "two-tailed": 0.13163736725265496}}