{"P33022": {"Enrichment": 0.25429491410171795, "Depletion": 0.7457250854982901, "two-tailed": 0.5085898282034359}}