{"P33221": {"Enrichment": 0.21559568808623827, "Depletion": 0.7844243115137697, "two-tailed": 0.43119137617247655}}