{"P33221": {"Enrichment": 0.23321533569328615, "Depletion": 0.7668046639067219, "two-tailed": 0.4664306713865723}}