{"P33371": {"Enrichment": 0.248595028099438, "Depletion": 0.75142497150057, "two-tailed": 0.497190056198876}}