{"P33371": {"Enrichment": 0.34177316453670925, "Depletion": 0.6582468350632987, "two-tailed": 0.6835463290734185}}