{"P33590": {"Enrichment": 0.2631747365052699, "Depletion": 0.7368452630947381, "two-tailed": 0.5263494730105398}}