{"P33643": {"Enrichment": 0.8484430311393772, "Depletion": 0.1515769684606308, "two-tailed": 0.3031539369212616}}