{"P33644": {"Enrichment": 0.09595808083838324, "Depletion": 0.9040619187616248, "two-tailed": 0.19191616167676648}}