{"P33643": {"Enrichment": 0.10631787364252715, "Depletion": 0.8937021259574809, "two-tailed": 0.2126357472850543}}