{"P33644": {"Enrichment": 0.09835803283934322, "Depletion": 0.9016619667606648, "two-tailed": 0.19671606567868644}}