{"P34209": {"Enrichment": 0.5815083698326033, "Depletion": 0.41851162976740464, "two-tailed": 0.8370232595348093}}