{"P34209": {"Enrichment": 0.41757164856702866, "Depletion": 0.5824483510329793, "two-tailed": 0.8351432971340573}}