{"P35340": {"Enrichment": 0.5823683526329474, "Depletion": 0.41765164696706064, "two-tailed": 0.8353032939341213}}