{"P35340": {"Enrichment": 0.5378892422151557, "Depletion": 0.4621307573848523, "two-tailed": 0.9242615147697046}}