{"P36649": {"Enrichment": 0.9788004239915201, "Depletion": 0.02121957560848783, "two-tailed": 0.04243915121697566}}