{"P36673": {"Enrichment": 0.6740065198696026, "Depletion": 0.3260134797304054, "two-tailed": 0.6520269594608108}}