{"P36673": {"Enrichment": 0.8143837123257535, "Depletion": 0.18563628727425452, "two-tailed": 0.37127257454850904}}