{"P36649": {"Enrichment": 0.5961680766384673, "Depletion": 0.40385192296154077, "two-tailed": 0.8077038459230815}}