{"P36683": {"Enrichment": 0.09555808883822324, "Depletion": 0.9044619107617847, "two-tailed": 0.19111617767644648}}