{"P36767": {"Enrichment": 0.9604607907841843, "Depletion": 0.039559208815823685, "two-tailed": 0.07911841763164737}}