{"P36767": {"Enrichment": 0.7059258814823703, "Depletion": 0.29409411811763764, "two-tailed": 0.5881882362352753}}