{"P36979": {"Enrichment": 0.028359432811343774, "Depletion": 0.9716605667886642, "two-tailed": 0.05671886562268755}}