{"P36999": {"Enrichment": 0.01491970160596788, "Depletion": 0.9851002979940401, "two-tailed": 0.02983940321193576}}