{"P36999": {"Enrichment": 0.002219955600887982, "Depletion": 0.99780004399912, "two-tailed": 0.004439911201775964}}