{"P36929": {"Enrichment": 0.6019479610407792, "Depletion": 0.3980720385592288, "two-tailed": 0.7961440771184576}}