{"P36979": {"Enrichment": 0.12683746325073497, "Depletion": 0.873182536349273, "two-tailed": 0.25367492650146994}}