{"P37001": {"Enrichment": 0.44165116697666046, "Depletion": 0.5583688326233476, "two-tailed": 0.8833023339533209}}