{"P37019": {"Enrichment": 0.8890622187556249, "Depletion": 0.11095778084438311, "two-tailed": 0.22191556168876622}}