{"P37024": {"Enrichment": 0.0369792604147917, "Depletion": 0.9630407391852163, "two-tailed": 0.0739585208295834}}