{"P37024": {"Enrichment": 0.0248995020099598, "Depletion": 0.9751204975900482, "two-tailed": 0.0497990040199196}}