{"P37095": {"Enrichment": 0.23937521249575008, "Depletion": 0.7606447871042579, "two-tailed": 0.47875042499150017}}