{"P37028": {"Enrichment": 0.23603527929441412, "Depletion": 0.7639847203055938, "two-tailed": 0.47207055858882824}}