{"P37095": {"Enrichment": 0.743165136697266, "Depletion": 0.25685486290274195, "two-tailed": 0.5137097258054839}}