{"P37146": {"Enrichment": 0.24907501849963, "Depletion": 0.750944981100378, "two-tailed": 0.49815003699926}}