{"P37146": {"Enrichment": 0.124937501249975, "Depletion": 0.875082498350033, "two-tailed": 0.24987500249995}}