{"P37387": {"Enrichment": 0.8996020079598408, "Depletion": 0.1004179916401672, "two-tailed": 0.2008359832803344}}