{"P37330": {"Enrichment": 0.3507729845403092, "Depletion": 0.6492470150596988, "two-tailed": 0.7015459690806184}}