{"P37353": {"Enrichment": 0.8915221695566089, "Depletion": 0.10849783004339913, "two-tailed": 0.21699566008679827}}