{"P37329": {"Enrichment": 0.21075578488430233, "Depletion": 0.7892642147157057, "two-tailed": 0.42151156976860465}}