{"P37353": {"Enrichment": 0.8976420471590568, "Depletion": 0.10237795244095119, "two-tailed": 0.20475590488190237}}