{"P37387": {"Enrichment": 0.9642607147857043, "Depletion": 0.03575928481430372, "two-tailed": 0.07151856962860743}}