{"P37351": {"Enrichment": 0.9038419231615368, "Depletion": 0.09617807643847123, "two-tailed": 0.19235615287694247}}