{"P37330": {"Enrichment": 0.499970000599988, "Depletion": 0.50004999900002, "two-tailed": 0.999940001199976}}