{"P37351": {"Enrichment": 0.996460070798584, "Depletion": 0.0035599288014239714, "two-tailed": 0.007119857602847943}}