{"P37634": {"Enrichment": 0.5267894642107158, "Depletion": 0.4732305353892922, "two-tailed": 0.9464610707785844}}