{"P37690": {"Enrichment": 0.1622567548649027, "Depletion": 0.8377632447351053, "two-tailed": 0.3245135097298054}}