{"P37690": {"Enrichment": 0.1633767324653507, "Depletion": 0.8366432671346573, "two-tailed": 0.3267534649307014}}