{"P37610": {"Enrichment": 0.06555868882622348, "Depletion": 0.9344613107737845, "two-tailed": 0.13111737765244696}}