{"P37744": {"Enrichment": 0.13231735365292693, "Depletion": 0.867702645947081, "two-tailed": 0.26463470730585387}}