{"P37744": {"Enrichment": 0.5746485070298594, "Depletion": 0.4253714925701486, "two-tailed": 0.8507429851402972}}