{"P37765": {"Enrichment": 0.5723285534289314, "Depletion": 0.4276914461710766, "two-tailed": 0.8553828923421531}}