{"P37765": {"Enrichment": 0.8875022499550009, "Depletion": 0.1125177496450071, "two-tailed": 0.2250354992900142}}