{"P38051": {"Enrichment": 0.876022479550409, "Depletion": 0.123997520049599, "two-tailed": 0.247995040099198}}