{"P38051": {"Enrichment": 0.8872822543549129, "Depletion": 0.1127377452450951, "two-tailed": 0.2254754904901902}}