{"P38038": {"Enrichment": 0.497930041399172, "Depletion": 0.502089958200836, "two-tailed": 0.995860082798344}}