{"P38054": {"Enrichment": 0.08091838163236735, "Depletion": 0.9191016179676407, "two-tailed": 0.1618367632647347}}