{"P38134": {"Enrichment": 0.26109477810443793, "Depletion": 0.73892522149557, "two-tailed": 0.5221895562088759}}