{"P38489": {"Enrichment": 0.5424291514169717, "Depletion": 0.45759084818303636, "two-tailed": 0.9151816963660727}}