{"P38489": {"Enrichment": 0.6392272154556908, "Depletion": 0.3607927841443171, "two-tailed": 0.7215855682886342}}