{"P39333": {"Enrichment": 0.9404211915761684, "Depletion": 0.059598808023839524, "two-tailed": 0.11919761604767905}}