{"P39304": {"Enrichment": 0.18117637647247056, "Depletion": 0.8188436231275374, "two-tailed": 0.3623527529449411}}