{"P39367": {"Enrichment": 0.376552468950621, "Depletion": 0.623467530649387, "two-tailed": 0.753104937901242}}