{"P39353": {"Enrichment": 0.004739905201895962, "Depletion": 0.995280094398112, "two-tailed": 0.009479810403791923}}