{"P39371": {"Enrichment": 0.5338893222135558, "Depletion": 0.46613067738645225, "two-tailed": 0.9322613547729045}}