{"P39377": {"Enrichment": 0.10257794844103119, "Depletion": 0.8974420511589768, "two-tailed": 0.20515589688206237}}