{"P39315": {"Enrichment": 0.37721245575088497, "Depletion": 0.6228075438491231, "two-tailed": 0.7544249115017699}}