{"P39325": {"Enrichment": 0.4512109757804844, "Depletion": 0.5488090238195236, "two-tailed": 0.9024219515609688}}