{"P39346": {"Enrichment": 0.9257414851702966, "Depletion": 0.07427851442971141, "two-tailed": 0.14855702885942282}}