{"P39346": {"Enrichment": 0.9189216215675686, "Depletion": 0.08109837803243936, "two-tailed": 0.1621967560648787}}