{"P39315": {"Enrichment": 0.1894562108757825, "Depletion": 0.8105637887242255, "two-tailed": 0.378912421751565}}