{"P39304": {"Enrichment": 0.17943641127177457, "Depletion": 0.8205835883282334, "two-tailed": 0.35887282254354913}}