{"P39377": {"Enrichment": 0.20995580088398233, "Depletion": 0.7900641987160257, "two-tailed": 0.41991160176796466}}