{"P39325": {"Enrichment": 0.7636047279054419, "Depletion": 0.2364152716945661, "two-tailed": 0.4728305433891322}}