{"P39451": {"Enrichment": 0.7008459830803384, "Depletion": 0.2991740165196696, "two-tailed": 0.5983480330393393}}