{"P39408": {"Enrichment": 0.20973580528389432, "Depletion": 0.7902841943161136, "two-tailed": 0.41947161056778864}}