{"P39451": {"Enrichment": 0.6838863222735545, "Depletion": 0.3161336773264535, "two-tailed": 0.632267354652907}}