{"P39408": {"Enrichment": 0.20847583048339033, "Depletion": 0.7915441691166176, "two-tailed": 0.41695166096678066}}