{"P39830": {"Enrichment": 0.7933041339173217, "Depletion": 0.20671586568268635, "two-tailed": 0.4134317313653727}}