{"P39830": {"Enrichment": 0.7227055458890822, "Depletion": 0.2773144537109258, "two-tailed": 0.5546289074218516}}