{"P40191": {"Enrichment": 0.06683866322673547, "Depletion": 0.9331813363732725, "two-tailed": 0.13367732645347094}}