{"P41052": {"Enrichment": 0.3225735485290294, "Depletion": 0.6774464510709786, "two-tailed": 0.6451470970580588}}