{"P42588": {"Enrichment": 0.6097078058438832, "Depletion": 0.39031219375612486, "two-tailed": 0.7806243875122497}}