{"P42588": {"Enrichment": 0.2991340173196536, "Depletion": 0.7008859822803544, "two-tailed": 0.5982680346393072}}