{"P42596": {"Enrichment": 0.9325413491730166, "Depletion": 0.06747865042699146, "two-tailed": 0.13495730085398291}}