{"P42592": {"Enrichment": 0.8368032639347213, "Depletion": 0.1632167356652867, "two-tailed": 0.3264334713305734}}