{"P42592": {"Enrichment": 0.8324833503329934, "Depletion": 0.16753664926701467, "two-tailed": 0.33507329853402934}}