{"P42620": {"Enrichment": 0.8067038659226815, "Depletion": 0.19331613367732645, "two-tailed": 0.3866322673546529}}