{"P42624": {"Enrichment": 0.8528229435411292, "Depletion": 0.1471970560588788, "two-tailed": 0.2943941121177576}}