{"P42620": {"Enrichment": 0.7625047499050019, "Depletion": 0.2375152496950061, "two-tailed": 0.4750304993900122}}