{"P42907": {"Enrichment": 0.23341533169336615, "Depletion": 0.7666046679066418, "two-tailed": 0.4668306633867323}}