{"P42907": {"Enrichment": 0.22861542769144616, "Depletion": 0.7714045719085618, "two-tailed": 0.4572308553828923}}