{"P45395": {"Enrichment": 0.02741945161096778, "Depletion": 0.9726005479890402, "two-tailed": 0.05483890322193556}}