{"P45395": {"Enrichment": 0.7312253754924901, "Depletion": 0.26879462410751787, "two-tailed": 0.5375892482150357}}