{"P45470": {"Enrichment": 0.8371032579348413, "Depletion": 0.1629167416651667, "two-tailed": 0.3258334833303334}}