{"P45545": {"Enrichment": 0.5674486510269795, "Depletion": 0.43257134857302854, "two-tailed": 0.8651426971460571}}