{"P45532": {"Enrichment": 0.013339733205335894, "Depletion": 0.9866802663946721, "two-tailed": 0.026679466410671787}}