{"P45563": {"Enrichment": 0.39579208415831685, "Depletion": 0.6042279154416912, "two-tailed": 0.7915841683166337}}