{"P45548": {"Enrichment": 0.18283634327313453, "Depletion": 0.8171836563268735, "two-tailed": 0.36567268654626905}}