{"P45550": {"Enrichment": 0.5751084978300434, "Depletion": 0.4249115017699646, "two-tailed": 0.8498230035399292}}