{"P45545": {"Enrichment": 0.5485090298194036, "Depletion": 0.4515109697806044, "two-tailed": 0.9030219395612088}}