{"P45548": {"Enrichment": 0.17963640727185456, "Depletion": 0.8203835923281534, "two-tailed": 0.35927281454370913}}