{"P45568": {"Enrichment": 0.03407931841363173, "Depletion": 0.9659406811863763, "two-tailed": 0.06815863682726346}}