{"P45532": {"Enrichment": 0.014239715205695886, "Depletion": 0.9857802843943121, "two-tailed": 0.02847943041139177}}