{"P45550": {"Enrichment": 0.6657266854662907, "Depletion": 0.3342933141337173, "two-tailed": 0.6685866282674346}}