{"P45748": {"Enrichment": 0.42775144497110057, "Depletion": 0.5722685546289075, "two-tailed": 0.8555028899422011}}