{"P45799": {"Enrichment": 0.5705685886282275, "Depletion": 0.4294514109717806, "two-tailed": 0.8589028219435612}}