{"P45748": {"Enrichment": 0.15283694326113478, "Depletion": 0.8471830563388733, "two-tailed": 0.30567388652226957}}