{"P46130": {"Enrichment": 0.5492290154196916, "Depletion": 0.4507909841803164, "two-tailed": 0.9015819683606328}}