{"P46130": {"Enrichment": 0.8352832943341133, "Depletion": 0.16473670526589468, "two-tailed": 0.32947341053178936}}