{"P46849": {"Enrichment": 0.9400811983760324, "Depletion": 0.05993880122397552, "two-tailed": 0.11987760244795104}}