{"P46883": {"Enrichment": 0.06075878482430351, "Depletion": 0.9392612147757045, "two-tailed": 0.12151756964860702}}