{"P46853": {"Enrichment": 0.12161756764864702, "Depletion": 0.8784024319513609, "two-tailed": 0.24323513529729404}}