{"P46859": {"Enrichment": 0.627667446651067, "Depletion": 0.37235255294894104, "two-tailed": 0.7447051058978821}}