{"P46849": {"Enrichment": 0.9240015199696006, "Depletion": 0.07601847963040739, "two-tailed": 0.15203695926081479}}