{"P46883": {"Enrichment": 0.041459170816583665, "Depletion": 0.9585608287834243, "two-tailed": 0.08291834163316733}}