{"P46859": {"Enrichment": 0.4276114477710446, "Depletion": 0.5724085518289634, "two-tailed": 0.8552228955420892}}