{"P46853": {"Enrichment": 0.13143737125257496, "Depletion": 0.868582628347433, "two-tailed": 0.2628747425051499}}