{"P50457": {"Enrichment": 0.10925781484370313, "Depletion": 0.8907621847563049, "two-tailed": 0.21851562968740626}}