{"P50465": {"Enrichment": 0.6424271514569708, "Depletion": 0.35759284814303716, "two-tailed": 0.7151856962860743}}