{"P50456": {"Enrichment": 0.9829803403931922, "Depletion": 0.017039659206815865, "two-tailed": 0.03407931841363173}}