{"P50457": {"Enrichment": 0.03853922921541569, "Depletion": 0.9614807703845923, "two-tailed": 0.07707845843083139}}