{"P50465": {"Enrichment": 0.7344253114937701, "Depletion": 0.2655946881062379, "two-tailed": 0.5311893762124758}}