{"P51981": {"Enrichment": 0.09091818163636728, "Depletion": 0.9091018179636408, "two-tailed": 0.18183636327273456}}