{"P51981": {"Enrichment": 0.04715905681886362, "Depletion": 0.9528609427811444, "two-tailed": 0.09431811363772724}}