{"P52086": {"Enrichment": 0.5153696926061478, "Depletion": 0.48465030699386014, "two-tailed": 0.9693006139877203}}