{"P52086": {"Enrichment": 0.7324053518929622, "Depletion": 0.26761464770704585, "two-tailed": 0.5352292954140917}}