{"P52643": {"Enrichment": 0.9182416351672966, "Depletion": 0.08177836443271135, "two-tailed": 0.1635567288654227}}