{"P52643": {"Enrichment": 0.7280054398912021, "Depletion": 0.27201455970880584, "two-tailed": 0.5440291194176117}}