{"P55135": {"Enrichment": 0.16907661846763064, "Depletion": 0.8309433811323773, "two-tailed": 0.3381532369352613}}