{"P60061": {"Enrichment": 0.9692806143877123, "Depletion": 0.030739385212295755, "two-tailed": 0.06147877042459151}}