{"P60340": {"Enrichment": 0.02877942441151177, "Depletion": 0.9712405751884963, "two-tailed": 0.05755884882302354}}