{"P60340": {"Enrichment": 0.4745305093898122, "Depletion": 0.5254894902101958, "two-tailed": 0.9490610187796245}}