{"P60422": {"Enrichment": 0.9640807183856323, "Depletion": 0.035939281214375715, "two-tailed": 0.07187856242875143}}