{"P60438": {"Enrichment": 0.047419051618967624, "Depletion": 0.9526009479810403, "two-tailed": 0.09483810323793525}}