{"P60472": {"Enrichment": 0.6724065518689626, "Depletion": 0.3276134477310454, "two-tailed": 0.6552268954620908}}