{"P60472": {"Enrichment": 0.7029859402811943, "Depletion": 0.2970340593188136, "two-tailed": 0.5940681186376272}}