{"P60438": {"Enrichment": 0.7294054118917621, "Depletion": 0.2706145877082458, "two-tailed": 0.5412291754164916}}