{"P60422": {"Enrichment": 0.9901201975960481, "Depletion": 0.00989980200395992, "two-tailed": 0.01979960400791984}}