{"P60546": {"Enrichment": 0.13473730525389493, "Depletion": 0.865282694346113, "two-tailed": 0.26947461050778987}}