{"P60546": {"Enrichment": 0.2384752304953901, "Depletion": 0.7615447691046179, "two-tailed": 0.4769504609907802}}