{"P60624": {"Enrichment": 0.8076638467230656, "Depletion": 0.19235615287694247, "two-tailed": 0.38471230575388493}}