{"P60624": {"Enrichment": 0.8068838623227536, "Depletion": 0.19313613727725445, "two-tailed": 0.3862722745545089}}