{"P60757": {"Enrichment": 0.32937341253174934, "Depletion": 0.6706465870682586, "two-tailed": 0.6587468250634987}}