{"P60757": {"Enrichment": 0.11085778284434311, "Depletion": 0.8891622167556649, "two-tailed": 0.22171556568868622}}