{"P60723": {"Enrichment": 0.6858862822743546, "Depletion": 0.3141337173256535, "two-tailed": 0.628267434651307}}