{"P60723": {"Enrichment": 0.6859462810743785, "Depletion": 0.3140737185256295, "two-tailed": 0.628147437051259}}