{"P60844": {"Enrichment": 0.4236115277694446, "Depletion": 0.5764084718305634, "two-tailed": 0.8472230555388892}}