{"P60844": {"Enrichment": 0.4252114957700846, "Depletion": 0.5748085038299234, "two-tailed": 0.8504229915401692}}