{"P60906": {"Enrichment": 0.7636647267054659, "Depletion": 0.2363552728945421, "two-tailed": 0.4727105457890842}}