{"P60932": {"Enrichment": 0.2760944781104378, "Depletion": 0.7239255214895702, "two-tailed": 0.5521889562208756}}