{"P60906": {"Enrichment": 0.8431631367372653, "Depletion": 0.15685686286274275, "two-tailed": 0.3137137257254855}}