{"P60932": {"Enrichment": 0.26979460410791783, "Depletion": 0.7302253954920902, "two-tailed": 0.5395892082158357}}