{"P60955": {"Enrichment": 0.9497410051798963, "Depletion": 0.0502789944201116, "two-tailed": 0.1005579888402232}}