{"P61175": {"Enrichment": 0.24753504929901401, "Depletion": 0.7524849503009939, "two-tailed": 0.49507009859802803}}