{"P61316": {"Enrichment": 0.3115737685246295, "Depletion": 0.6884462310753785, "two-tailed": 0.623147537049259}}