{"P61316": {"Enrichment": 0.3112737745245095, "Depletion": 0.6887462250754985, "two-tailed": 0.622547549049019}}