{"P61889": {"Enrichment": 0.11717765644687106, "Depletion": 0.8828423431531369, "two-tailed": 0.23435531289374212}}