{"P61887": {"Enrichment": 0.13205735885282294, "Depletion": 0.8679626407471851, "two-tailed": 0.2641147177056459}}