{"P61887": {"Enrichment": 0.9398012039759205, "Depletion": 0.060218795624087516, "two-tailed": 0.12043759124817503}}