{"P61949": {"Enrichment": 0.7348853022939541, "Depletion": 0.2651346973060539, "two-tailed": 0.5302693946121078}}