{"P62399": {"Enrichment": 0.4383112337753245, "Depletion": 0.5617087658246835, "two-tailed": 0.876622467550649}}