{"P62623": {"Enrichment": 0.7236855262894742, "Depletion": 0.2763344733105338, "two-tailed": 0.5526689466210676}}