{"P62623": {"Enrichment": 0.48297034059318816, "Depletion": 0.5170496590068199, "two-tailed": 0.9659406811863763}}