{"P62615": {"Enrichment": 0.06055878882422352, "Depletion": 0.9394612107757845, "two-tailed": 0.12111757764844704}}