{"P62615": {"Enrichment": 0.06355872882542349, "Depletion": 0.9364612707745845, "two-tailed": 0.12711745765084698}}