{"P62707": {"Enrichment": 0.47235055298894024, "Depletion": 0.5276694466110677, "two-tailed": 0.9447011059778805}}