{"P62707": {"Enrichment": 0.5956280874382512, "Depletion": 0.40439191216175674, "two-tailed": 0.8087838243235135}}