{"P63177": {"Enrichment": 0.5438491230175396, "Depletion": 0.45617087658246835, "two-tailed": 0.9123417531649367}}