{"P63284": {"Enrichment": 0.2256154876902462, "Depletion": 0.7744045119097618, "two-tailed": 0.4512309753804924}}