{"P63386": {"Enrichment": 0.8222235555288894, "Depletion": 0.17779644407111858, "two-tailed": 0.35559288814223716}}