{"P63386": {"Enrichment": 0.8315633687326254, "Depletion": 0.16845663086738266, "two-tailed": 0.3369132617347653}}