{"P63746": {"Enrichment": 0.04665906681866363, "Depletion": 0.9533609327813444, "two-tailed": 0.09331813363732726}}