{"P64488": {"Enrichment": 0.4179516409671807, "Depletion": 0.5820683586328274, "two-tailed": 0.8359032819343614}}