{"P64461": {"Enrichment": 0.3887522249555009, "Depletion": 0.6112677746445071, "two-tailed": 0.7775044499110018}}