{"P64488": {"Enrichment": 0.012879742405151898, "Depletion": 0.9871402571948561, "two-tailed": 0.025759484810303795}}