{"P64604": {"Enrichment": 0.4752904941901162, "Depletion": 0.5247295054098918, "two-tailed": 0.9505809883802324}}