{"P64604": {"Enrichment": 0.47333053338933223, "Depletion": 0.5266894662106758, "two-tailed": 0.9466610667786645}}