{"P65556": {"Enrichment": 0.5969280614387712, "Depletion": 0.4030919381612368, "two-tailed": 0.8061838763224736}}