{"P65556": {"Enrichment": 0.7796844063118737, "Depletion": 0.22033559328813423, "two-tailed": 0.44067118657626847}}