{"P66817": {"Enrichment": 0.7278454430911382, "Depletion": 0.27217455650886985, "two-tailed": 0.5443491130177397}}