{"P66899": {"Enrichment": 0.9534409311813764, "Depletion": 0.04657906841863163, "two-tailed": 0.09315813683726326}}