{"P67080": {"Enrichment": 0.8357632847343053, "Depletion": 0.16425671486570267, "two-tailed": 0.32851342973140535}}