{"P67087": {"Enrichment": 0.6907061858762825, "Depletion": 0.3093138137237255, "two-tailed": 0.618627627447451}}