{"P67095": {"Enrichment": 0.6524069518609628, "Depletion": 0.3476130477390452, "two-tailed": 0.6952260954780904}}