{"P67087": {"Enrichment": 0.6402071958560829, "Depletion": 0.3598128037439251, "two-tailed": 0.7196256074878502}}