{"P68187": {"Enrichment": 0.7094658106837863, "Depletion": 0.2905541889162217, "two-tailed": 0.5811083778324434}}