{"P68187": {"Enrichment": 0.8928621427571448, "Depletion": 0.10715785684286314, "two-tailed": 0.21431571368572627}}