{"P68767": {"Enrichment": 0.876542469150617, "Depletion": 0.12347753044939101, "two-tailed": 0.24695506089878203}}