{"P69681": {"Enrichment": 0.0016399672006559868, "Depletion": 0.998380032399352, "two-tailed": 0.0032799344013119736}}