{"P69783": {"Enrichment": 0.14669706605867883, "Depletion": 0.8533229335413292, "two-tailed": 0.29339413211735765}}