{"P69783": {"Enrichment": 0.14727705445891082, "Depletion": 0.8527429451410972, "two-tailed": 0.29455410891782163}}