{"P69739": {"Enrichment": 0.2996940061198776, "Depletion": 0.7003259934801304, "two-tailed": 0.5993880122397552}}