{"P69741": {"Enrichment": 0.3249735005299894, "Depletion": 0.6750464990700186, "two-tailed": 0.6499470010599788}}