{"P69829": {"Enrichment": 0.9942001159976801, "Depletion": 0.005819883602327954, "two-tailed": 0.011639767204655907}}