{"P69908": {"Enrichment": 0.02649947001059979, "Depletion": 0.9735205295894082, "two-tailed": 0.05299894002119958}}