{"P69902": {"Enrichment": 0.3933721325573489, "Depletion": 0.6066478670426592, "two-tailed": 0.7867442651146977}}