{"P69922": {"Enrichment": 0.870542589148217, "Depletion": 0.12947741045179095, "two-tailed": 0.2589548209035819}}