{"P69908": {"Enrichment": 0.040159196816063676, "Depletion": 0.9598608027839444, "two-tailed": 0.08031839363212735}}