{"P69902": {"Enrichment": 0.9150416991660166, "Depletion": 0.08497830043399132, "two-tailed": 0.16995660086798264}}