{"P69924": {"Enrichment": 0.05749885002299954, "Depletion": 0.9425211495770085, "two-tailed": 0.11499770004599907}}