{"P69922": {"Enrichment": 0.7836843263134737, "Depletion": 0.21633567328653427, "two-tailed": 0.43267134657306855}}