{"P75682": {"Enrichment": 0.8326433471330573, "Depletion": 0.16737665246695066, "two-tailed": 0.3347533049339013}}