{"P75682": {"Enrichment": 0.6010279794404112, "Depletion": 0.3989920201595968, "two-tailed": 0.7979840403191936}}