{"P75736": {"Enrichment": 0.9411011779764404, "Depletion": 0.05891882162356753, "two-tailed": 0.11783764324713505}}