{"P75792": {"Enrichment": 0.9708805823883523, "Depletion": 0.029139417211655767, "two-tailed": 0.05827883442331153}}