{"P75792": {"Enrichment": 0.9709405811883762, "Depletion": 0.029079418411631766, "two-tailed": 0.05815883682326353}}