{"P75791": {"Enrichment": 0.1859562808743825, "Depletion": 0.8140637187256254, "two-tailed": 0.371912561748765}}