{"P75823": {"Enrichment": 0.2836343273134537, "Depletion": 0.7163856722865543, "two-tailed": 0.5672686546269075}}