{"P75838": {"Enrichment": 0.5491690166196677, "Depletion": 0.4508509829803404, "two-tailed": 0.9017019659606808}}