{"P75864": {"Enrichment": 0.6156876862462751, "Depletion": 0.3843323133537329, "two-tailed": 0.7686646267074658}}