{"P75876": {"Enrichment": 0.4592308153836923, "Depletion": 0.5407891842163157, "two-tailed": 0.9184616307673846}}