{"P75820": {"Enrichment": 0.633267334653307, "Depletion": 0.36675266494670106, "two-tailed": 0.7335053298934021}}