{"P75830": {"Enrichment": 0.25585488290234193, "Depletion": 0.744165116697666, "two-tailed": 0.5117097658046839}}