{"P75876": {"Enrichment": 0.45807083858322833, "Depletion": 0.5419491610167797, "two-tailed": 0.9161416771664567}}