{"P75864": {"Enrichment": 0.8055838883222336, "Depletion": 0.19443611127777444, "two-tailed": 0.3888722225555489}}