{"P75898": {"Enrichment": 0.054138917221655564, "Depletion": 0.9458810823783524, "two-tailed": 0.10827783444331113}}