{"P75804": {"Enrichment": 0.9516809663806723, "Depletion": 0.048339033219335616, "two-tailed": 0.09667806643867123}}