{"P75820": {"Enrichment": 0.6537069258614828, "Depletion": 0.3463130737385252, "two-tailed": 0.6926261474770504}}