{"P75838": {"Enrichment": 0.47057058858822826, "Depletion": 0.5294494110117798, "two-tailed": 0.9411411771764565}}