{"P75823": {"Enrichment": 0.24029519409611808, "Depletion": 0.7597248055038899, "two-tailed": 0.48059038819223615}}