{"P75913": {"Enrichment": 0.39145217095658086, "Depletion": 0.6085678286434272, "two-tailed": 0.7829043419131617}}