{"P75913": {"Enrichment": 0.21431571368572627, "Depletion": 0.7857042859142818, "two-tailed": 0.42863142737145254}}