{"P75966": {"Enrichment": 0.4854902901941961, "Depletion": 0.5145297094058119, "two-tailed": 0.9709805803883922}}