{"P75931": {"Enrichment": 0.001619967600647987, "Depletion": 0.99840003199936, "two-tailed": 0.003239935201295974}}