{"P75906": {"Enrichment": 0.07187856242875143, "Depletion": 0.9281414371712565, "two-tailed": 0.14375712485750286}}