{"P75906": {"Enrichment": 0.7118657626847463, "Depletion": 0.2881542369152617, "two-tailed": 0.5763084738305234}}