{"P75960": {"Enrichment": 0.3251734965300694, "Depletion": 0.6748465030699387, "two-tailed": 0.6503469930601388}}