{"P76083": {"Enrichment": 0.3859322813543729, "Depletion": 0.6140877182456351, "two-tailed": 0.7718645627087458}}