{"P76077": {"Enrichment": 0.0250394992100158, "Depletion": 0.9749805003899922, "two-tailed": 0.0500789984200316}}