{"P76038": {"Enrichment": 0.39345213095738085, "Depletion": 0.6065678686426271, "two-tailed": 0.7869042619147617}}