{"P76044": {"Enrichment": 0.992820143597128, "Depletion": 0.007199856002879942, "two-tailed": 0.014399712005759884}}