{"P76077": {"Enrichment": 0.024199516009679806, "Depletion": 0.9758204835903282, "two-tailed": 0.04839903201935961}}