{"P76015": {"Enrichment": 0.4344713105737885, "Depletion": 0.5655486890262195, "two-tailed": 0.868942621147577}}