{"P76044": {"Enrichment": 0.992460150796984, "Depletion": 0.007559848803023939, "two-tailed": 0.015119697606047878}}