{"P76008": {"Enrichment": 0.30071398572028557, "Depletion": 0.6993060138797224, "two-tailed": 0.6014279714405711}}