{"P76049": {"Enrichment": 0.3334933301333973, "Depletion": 0.6665266694666107, "two-tailed": 0.6669866602667947}}