{"P76083": {"Enrichment": 0.3905721885562289, "Depletion": 0.6094478110437791, "two-tailed": 0.7811443771124578}}