{"P76049": {"Enrichment": 0.2969740605187896, "Depletion": 0.7030459390812184, "two-tailed": 0.5939481210375792}}