{"P76038": {"Enrichment": 0.3913121737565249, "Depletion": 0.6087078258434832, "two-tailed": 0.7826243475130498}}