{"P76016": {"Enrichment": 0.29329413411731764, "Depletion": 0.7067258654826903, "two-tailed": 0.5865882682346353}}