{"P76079": {"Enrichment": 0.2742145157096858, "Depletion": 0.7258054838903222, "two-tailed": 0.5484290314193716}}