{"P76015": {"Enrichment": 0.8329433411331774, "Depletion": 0.16707665846683067, "two-tailed": 0.33415331693366135}}