{"P76116": {"Enrichment": 0.06515869682606348, "Depletion": 0.9348613027739445, "two-tailed": 0.13031739365212697}}