{"P76143": {"Enrichment": 0.4256514869702606, "Depletion": 0.5743685126297474, "two-tailed": 0.8513029739405212}}