{"P76141": {"Enrichment": 0.6984860302793944, "Depletion": 0.3015339693206136, "two-tailed": 0.6030679386412272}}