{"P76115": {"Enrichment": 0.31501369972600546, "Depletion": 0.6850062998740025, "two-tailed": 0.6300273994520109}}