{"P76187": {"Enrichment": 0.3082338353232935, "Depletion": 0.6917861642767145, "two-tailed": 0.616467670646587}}