{"P76143": {"Enrichment": 0.3412331753364933, "Depletion": 0.6587868242635148, "two-tailed": 0.6824663506729866}}