{"P76187": {"Enrichment": 0.10719785604287914, "Depletion": 0.8928221435571289, "two-tailed": 0.21439571208575828}}