{"P76141": {"Enrichment": 0.9634007319853602, "Depletion": 0.036619267614647705, "two-tailed": 0.07323853522929541}}