{"P76273": {"Enrichment": 0.7154056918861623, "Depletion": 0.2846143077138457, "two-tailed": 0.5692286154276914}}