{"P76291": {"Enrichment": 0.07965840683186336, "Depletion": 0.9203615927681447, "two-tailed": 0.15931681366372671}}