{"P76204": {"Enrichment": 0.17617647647047058, "Depletion": 0.8238435231295375, "two-tailed": 0.35235295294094116}}