{"P76273": {"Enrichment": 0.8527429451410972, "Depletion": 0.14727705445891082, "two-tailed": 0.29455410891782163}}