{"P76290": {"Enrichment": 0.9636407271854562, "Depletion": 0.03637927241455171, "two-tailed": 0.07275854482910342}}