{"P76290": {"Enrichment": 0.6726265474690506, "Depletion": 0.3273934521309574, "two-tailed": 0.6547869042619148}}