{"P76216": {"Enrichment": 0.14823703525929482, "Depletion": 0.8517829643407132, "two-tailed": 0.29647407051858965}}