{"P76272": {"Enrichment": 0.5193096138077239, "Depletion": 0.48071038579228415, "two-tailed": 0.9614207715845683}}