{"P76256": {"Enrichment": 0.8307633847323054, "Depletion": 0.16925661486770266, "two-tailed": 0.3385132297354053}}