{"P76291": {"Enrichment": 0.29705405891882164, "Depletion": 0.7029659406811863, "two-tailed": 0.5941081178376433}}