{"P76318": {"Enrichment": 0.17729645407091857, "Depletion": 0.8227235455290894, "two-tailed": 0.35459290814183714}}