{"P76364": {"Enrichment": 0.44429111417771644, "Depletion": 0.5557288854222916, "two-tailed": 0.8885822283554329}}