{"P76342": {"Enrichment": 0.34415311693766126, "Depletion": 0.6558668826623467, "two-tailed": 0.6883062338753225}}