{"P76364": {"Enrichment": 0.4390712185756285, "Depletion": 0.5609487810243795, "two-tailed": 0.878142437151257}}