{"P76329": {"Enrichment": 0.9020419591608168, "Depletion": 0.09797804043919121, "two-tailed": 0.19595608087838243}}