{"P76344": {"Enrichment": 0.37167256654866904, "Depletion": 0.628347433051339, "two-tailed": 0.7433451330973381}}