{"P76318": {"Enrichment": 0.5945281094378112, "Depletion": 0.4054918901621968, "two-tailed": 0.8109837803243936}}