{"P76329": {"Enrichment": 0.13475730485390292, "Depletion": 0.8652626947461051, "two-tailed": 0.26951460970780583}}