{"P76458": {"Enrichment": 0.2958340833183336, "Depletion": 0.7041859162816744, "two-tailed": 0.5916681666366672}}