{"P76407": {"Enrichment": 0.9003219935601288, "Depletion": 0.0996980060398792, "two-tailed": 0.1993960120797584}}