{"P76469": {"Enrichment": 0.4774704505909882, "Depletion": 0.5225495490090198, "two-tailed": 0.9549409011819764}}