{"P76458": {"Enrichment": 0.17839643207135858, "Depletion": 0.8216235675286494, "two-tailed": 0.35679286414271716}}