{"P76469": {"Enrichment": 0.9698606027879443, "Depletion": 0.030159396812063758, "two-tailed": 0.060318793624127516}}