{"P76584": {"Enrichment": 0.02217955640887182, "Depletion": 0.9778404431911362, "two-tailed": 0.04435911281774364}}