{"P76562": {"Enrichment": 0.12949741005179896, "Depletion": 0.870522589548209, "two-tailed": 0.2589948201035979}}