{"P76524": {"Enrichment": 0.13459730805383893, "Depletion": 0.8654226915461691, "two-tailed": 0.26919461610767786}}