{"P76502": {"Enrichment": 0.3652926941461171, "Depletion": 0.6347273054538909, "two-tailed": 0.7305853882922342}}