{"P76518": {"Enrichment": 0.09685806283874322, "Depletion": 0.9031619367612648, "two-tailed": 0.19371612567748644}}