{"P76584": {"Enrichment": 0.10887782244355113, "Depletion": 0.8911421771564568, "two-tailed": 0.21775564488710225}}