{"P76502": {"Enrichment": 0.9232215355692887, "Depletion": 0.07679846403071938, "two-tailed": 0.15359692806143876}}