{"P76524": {"Enrichment": 0.13247735045299094, "Depletion": 0.8675426491470171, "two-tailed": 0.2649547009059819}}