{"P76578": {"Enrichment": 0.29213415731685366, "Depletion": 0.7078858422831543, "two-tailed": 0.5842683146337073}}