{"P76518": {"Enrichment": 0.376972460550789, "Depletion": 0.6230475390492191, "two-tailed": 0.753944921101578}}