{"P76641": {"Enrichment": 0.4734305313893722, "Depletion": 0.5265894682106358, "two-tailed": 0.9468610627787444}}