{"P76632": {"Enrichment": 0.6084878302433951, "Depletion": 0.3915321693566129, "two-tailed": 0.7830643387132258}}