{"P76641": {"Enrichment": 0.3965720685586288, "Depletion": 0.6034479310413792, "two-tailed": 0.7931441371172576}}