{"P76632": {"Enrichment": 0.6129277414451711, "Depletion": 0.3870922581548369, "two-tailed": 0.7741845163096738}}