{"P77044": {"Enrichment": 0.28065438691226174, "Depletion": 0.7193656126877462, "two-tailed": 0.5613087738245235}}