{"P77044": {"Enrichment": 0.9426811463770725, "Depletion": 0.05733885322293554, "two-tailed": 0.11467770644587108}}