{"P77173": {"Enrichment": 0.1359972800543989, "Depletion": 0.864022719545609, "two-tailed": 0.2719945601087978}}