{"P77202": {"Enrichment": 0.5350692986140277, "Depletion": 0.4649507009859803, "two-tailed": 0.9299014019719606}}