{"P77202": {"Enrichment": 0.44475110497790044, "Depletion": 0.5552688946221076, "two-tailed": 0.8895022099558009}}