{"P77239": {"Enrichment": 0.45767084658306834, "Depletion": 0.5423491530169396, "two-tailed": 0.9153416931661367}}