{"P77295": {"Enrichment": 0.9983400331993361, "Depletion": 0.0016799664006719867, "two-tailed": 0.0033599328013439733}}