{"P77243": {"Enrichment": 0.627547449051019, "Depletion": 0.37247255054898903, "two-tailed": 0.7449451010979781}}