{"P77212": {"Enrichment": 0.987980240395192, "Depletion": 0.012039759204815904, "two-tailed": 0.02407951840963181}}