{"P77239": {"Enrichment": 0.6972860542789144, "Depletion": 0.3027339453210936, "two-tailed": 0.6054678906421872}}