{"P77304": {"Enrichment": 0.02737945241095178, "Depletion": 0.9726405471890562, "two-tailed": 0.05475890482190356}}