{"P77366": {"Enrichment": 0.5421691566168677, "Depletion": 0.4578508429831403, "two-tailed": 0.9157016859662807}}