{"P77398": {"Enrichment": 0.0022999540009199814, "Depletion": 0.997720045599088, "two-tailed": 0.004599908001839963}}