{"P77368": {"Enrichment": 0.5458490830183397, "Depletion": 0.45417091658166836, "two-tailed": 0.9083418331633367}}