{"P77398": {"Enrichment": 0.006759864802703946, "Depletion": 0.993260134797304, "two-tailed": 0.013519729605407892}}