{"P77366": {"Enrichment": 0.5456290874182517, "Depletion": 0.45439091218175637, "two-tailed": 0.9087818243635127}}