{"P77348": {"Enrichment": 0.03477930441391172, "Depletion": 0.9652406951860962, "two-tailed": 0.06955860882782344}}