{"P77348": {"Enrichment": 0.03565928681426372, "Depletion": 0.9643607127857443, "two-tailed": 0.07131857362852743}}