{"P77368": {"Enrichment": 0.8331233375332493, "Depletion": 0.16689666206675866, "two-tailed": 0.3337933241335173}}