{"P77485": {"Enrichment": 0.865302693946121, "Depletion": 0.13471730565388693, "two-tailed": 0.26943461130777385}}