{"P77493": {"Enrichment": 0.9247215055698886, "Depletion": 0.0752984940301194, "two-tailed": 0.1505969880602388}}