{"P77425": {"Enrichment": 0.6665466690666186, "Depletion": 0.33347333053338934, "two-tailed": 0.6669466610667787}}