{"P77432": {"Enrichment": 0.17211655766884662, "Depletion": 0.8279034419311614, "two-tailed": 0.34423311533769324}}