{"P77455": {"Enrichment": 0.9671406571868563, "Depletion": 0.032879342413151734, "two-tailed": 0.06575868482630347}}