{"P77444": {"Enrichment": 0.3228735425291494, "Depletion": 0.6771464570708586, "two-tailed": 0.6457470850582988}}