{"P77499": {"Enrichment": 0.4731105377892442, "Depletion": 0.5269094618107638, "two-tailed": 0.9462210755784884}}