{"P77485": {"Enrichment": 0.8653626927461451, "Depletion": 0.13465730685386293, "two-tailed": 0.26931461370772586}}