{"P77454": {"Enrichment": 0.18267634647307054, "Depletion": 0.8173436531269375, "two-tailed": 0.3653526929461411}}