{"P77425": {"Enrichment": 0.00741985160296794, "Depletion": 0.9926001479970401, "two-tailed": 0.01483970320593588}}