{"P77432": {"Enrichment": 0.10837783244335113, "Depletion": 0.8916421671566569, "two-tailed": 0.21675566488670225}}