{"P77541": {"Enrichment": 0.025359492810143797, "Depletion": 0.9746605067898642, "two-tailed": 0.05071898562028759}}