{"P77541": {"Enrichment": 0.3624327513449731, "Depletion": 0.6375872482550349, "two-tailed": 0.7248655026899462}}