{"P77555": {"Enrichment": 0.5757684846303074, "Depletion": 0.4242515149697006, "two-tailed": 0.8485030299394012}}