{"P77555": {"Enrichment": 0.43329133417331656, "Depletion": 0.5667286654266914, "two-tailed": 0.8665826683466331}}