{"P77608": {"Enrichment": 0.2993340133197336, "Depletion": 0.7006859862802743, "two-tailed": 0.5986680266394672}}