{"P77649": {"Enrichment": 0.17815643687126256, "Depletion": 0.8218635627287454, "two-tailed": 0.3563128737425251}}