{"P77649": {"Enrichment": 0.22847543049139019, "Depletion": 0.7715445691086178, "two-tailed": 0.45695086098278037}}