{"P77674": {"Enrichment": 0.8397832043359132, "Depletion": 0.1602367952640947, "two-tailed": 0.3204735905281894}}