{"P77667": {"Enrichment": 0.372052558948821, "Depletion": 0.6279674406511869, "two-tailed": 0.744105117897642}}