{"P77674": {"Enrichment": 0.875042499150017, "Depletion": 0.124977500449991, "two-tailed": 0.249955000899982}}