{"P77704": {"Enrichment": 0.6834463310733785, "Depletion": 0.3165736685266295, "two-tailed": 0.633147337053259}}