{"P77731": {"Enrichment": 0.7697846043079138, "Depletion": 0.23023539529209416, "two-tailed": 0.4604707905841883}}