{"P77704": {"Enrichment": 0.6799664006719865, "Depletion": 0.32005359892802143, "two-tailed": 0.6401071978560429}}