{"P77731": {"Enrichment": 0.7793444131117377, "Depletion": 0.22067558648827024, "two-tailed": 0.4413511729765405}}