{"P77806": {"Enrichment": 0.4002519949601008, "Depletion": 0.5997680046399072, "two-tailed": 0.8005039899202016}}