{"P78067": {"Enrichment": 0.6284074318513629, "Depletion": 0.37161256774864504, "two-tailed": 0.7432251354972901}}