{"P78067": {"Enrichment": 0.23037539249215017, "Depletion": 0.7696446071078579, "two-tailed": 0.46075078498430033}}