{"P78055": {"Enrichment": 0.5857482850342993, "Depletion": 0.41427171456570866, "two-tailed": 0.8285434291314173}}