{"Q46845": {"Enrichment": 0.5882682346353073, "Depletion": 0.41175176496470073, "two-tailed": 0.8235035299294015}}