{"Q46829": {"Enrichment": 0.16531669366612667, "Depletion": 0.8347033059338813, "two-tailed": 0.33063338733225334}}