{"Q46893": {"Enrichment": 0.6445271094578109, "Depletion": 0.35549289014219715, "two-tailed": 0.7109857802843943}}