{"Q46890": {"Enrichment": 0.009219815603687927, "Depletion": 0.9908001839963201, "two-tailed": 0.018439631207375854}}