{"Q46845": {"Enrichment": 0.5889882202355953, "Depletion": 0.4110317793644127, "two-tailed": 0.8220635587288254}}