{"Q46891": {"Enrichment": 0.24241515169696606, "Depletion": 0.757604847903042, "two-tailed": 0.4848303033939321}}