{"Q46857": {"Enrichment": 0.0994980100397992, "Depletion": 0.9005219895602088, "two-tailed": 0.1989960200795984}}