{"Q46857": {"Enrichment": 0.1755964880702386, "Depletion": 0.8244235115297694, "two-tailed": 0.3511929761404772}}