{"Q46877": {"Enrichment": 0.4019519609607808, "Depletion": 0.5980680386392272, "two-tailed": 0.8039039219215616}}