{"Q46898": {"Enrichment": 0.16525669486610267, "Depletion": 0.8347633047339054, "two-tailed": 0.33051338973220534}}