{"Q46856": {"Enrichment": 0.14453710925781485, "Depletion": 0.8554828903421932, "two-tailed": 0.2890742185156297}}