{"Q46822": {"Enrichment": 0.0247395052098958, "Depletion": 0.9752804943901122, "two-tailed": 0.0494790104197916}}