{"Q46898": {"Enrichment": 0.23997520049599008, "Depletion": 0.7600447991040179, "two-tailed": 0.47995040099198016}}