{"Q46822": {"Enrichment": 0.025399492010159796, "Depletion": 0.9746205075898482, "two-tailed": 0.05079898402031959}}