{"Q46890": {"Enrichment": 0.4018919621607568, "Depletion": 0.5981280374392512, "two-tailed": 0.8037839243215136}}