{"Q46856": {"Enrichment": 0.22265554688906222, "Depletion": 0.7773644527109458, "two-tailed": 0.44531109377812444}}