{"Q46899": {"Enrichment": 0.6740665186696266, "Depletion": 0.3259534809303814, "two-tailed": 0.6519069618607628}}