{"Q46899": {"Enrichment": 0.059178816423671524, "Depletion": 0.9408411831763365, "two-tailed": 0.11835763284734305}}