{"Q46938": {"Enrichment": 0.04259914801703966, "Depletion": 0.9574208515829683, "two-tailed": 0.08519829603407932}}