{"Q46925": {"Enrichment": 0.05301893962120757, "Depletion": 0.9470010599788005, "two-tailed": 0.10603787924241515}}