{"Q46938": {"Enrichment": 0.372112557748845, "Depletion": 0.627907441851163, "two-tailed": 0.74422511549769}}