{"Q46915": {"Enrichment": 0.24589508209835803, "Depletion": 0.75412491750165, "two-tailed": 0.49179016419671606}}