{"Q46948": {"Enrichment": 0.5292094158116838, "Depletion": 0.47081058378832424, "two-tailed": 0.9416211675766485}}