{"Q46925": {"Enrichment": 0.03099938001239975, "Depletion": 0.9690206195876082, "two-tailed": 0.0619987600247995}}