{"Q47083": {"Enrichment": 0.6652266954660907, "Depletion": 0.33479330413391734, "two-tailed": 0.6695866082678347}}