{"Q47155": {"Enrichment": 0.022919541609167815, "Depletion": 0.9771004579908402, "two-tailed": 0.04583908321833563}}