{"Q47152": {"Enrichment": 0.36143277134457313, "Depletion": 0.6385872282554349, "two-tailed": 0.7228655426891463}}