{"Q47152": {"Enrichment": 0.45057098858022837, "Depletion": 0.5494490110197796, "two-tailed": 0.9011419771604567}}