{"Q47208": {"Enrichment": 0.3361532769344613, "Depletion": 0.6638667226655467, "two-tailed": 0.6723065538689226}}