{"Q47537": {"Enrichment": 0.009599808003839923, "Depletion": 0.9904201915961681, "two-tailed": 0.019199616007679846}}