{"Q47537": {"Enrichment": 0.005279894402111958, "Depletion": 0.994740105197896, "two-tailed": 0.010559788804223915}}