{"Q57261": {"Enrichment": 0.15491690166196675, "Depletion": 0.8451030979380413, "two-tailed": 0.3098338033239335}}