{"Q6BF16": {"Enrichment": 0.511489770204596, "Depletion": 0.4885302293954121, "two-tailed": 0.9770604587908241}}