{"Q6BF16": {"Enrichment": 0.4111317773644527, "Depletion": 0.5888882222355553, "two-tailed": 0.8222635547289054}}