{"P00370": {"Enrichment": 0.5627087458250835, "Depletion": 0.4373112537749245, "two-tailed": 0.874622507549849}}