{"P00350": {"Enrichment": 0.19521609567808643, "Depletion": 0.8048039039219216, "two-tailed": 0.39043219135617285}}