{"P00370": {"Enrichment": 0.25795484090318194, "Depletion": 0.7420651586968261, "two-tailed": 0.5159096818063639}}