{"P00350": {"Enrichment": 0.19495610087798243, "Depletion": 0.8050638987220256, "two-tailed": 0.38991220175596486}}