{"P00452": {"Enrichment": 0.8683026339473211, "Depletion": 0.13171736565268694, "two-tailed": 0.26343473130537387}}