{"P00490": {"Enrichment": 0.20673586528269436, "Depletion": 0.7932841343173137, "two-tailed": 0.4134717305653887}}