{"P00448": {"Enrichment": 0.9584608307833843, "Depletion": 0.041559168816623665, "two-tailed": 0.08311833763324733}}