{"P00448": {"Enrichment": 0.8903621927561449, "Depletion": 0.10965780684386313, "two-tailed": 0.21931561368772626}}