{"P00452": {"Enrichment": 0.8353632927341453, "Depletion": 0.16465670686586267, "two-tailed": 0.32931341373172535}}