{"P00561": {"Enrichment": 0.247595048099038, "Depletion": 0.75242495150097, "two-tailed": 0.495190096198076}}