{"P00561": {"Enrichment": 0.36789264214715706, "Depletion": 0.632127357452851, "two-tailed": 0.7357852842943141}}