{"P00550": {"Enrichment": 0.48231035379292414, "Depletion": 0.5177096458070839, "two-tailed": 0.9646207075858483}}