{"P00722": {"Enrichment": 0.32707345853082936, "Depletion": 0.6729465410691786, "two-tailed": 0.6541469170616587}}