{"P00722": {"Enrichment": 0.24617507649847004, "Depletion": 0.753844923101538, "two-tailed": 0.49235015299694007}}