{"P00805": {"Enrichment": 0.7875642487150257, "Depletion": 0.2124557508849823, "two-tailed": 0.4249115017699646}}