{"P00805": {"Enrichment": 0.8887222255554889, "Depletion": 0.11129777404451911, "two-tailed": 0.22259554808903823}}