{"P00894": {"Enrichment": 0.014159716805663887, "Depletion": 0.9858602827943441, "two-tailed": 0.028319433611327775}}