{"P00963": {"Enrichment": 0.45897082058358835, "Depletion": 0.5410491790164197, "two-tailed": 0.9179416411671767}}