{"P00935": {"Enrichment": 0.4875902481950361, "Depletion": 0.5124297514049719, "two-tailed": 0.9751804963900722}}