{"P00968": {"Enrichment": 0.50484990300194, "Depletion": 0.49517009659806804, "two-tailed": 0.9903401931961361}}