{"P00935": {"Enrichment": 0.29071418571628566, "Depletion": 0.7093058138837224, "two-tailed": 0.5814283714325713}}