{"P02943": {"Enrichment": 0.5287894242115158, "Depletion": 0.4712305753884922, "two-tailed": 0.9424611507769844}}