{"P02930": {"Enrichment": 0.6558868822623547, "Depletion": 0.3441331173376532, "two-tailed": 0.6882662346753065}}