{"P02943": {"Enrichment": 0.5275894482110358, "Depletion": 0.4724305513889722, "two-tailed": 0.9448611027779444}}