{"P02916": {"Enrichment": 0.99930001399972, "Depletion": 0.0007199856002879943, "two-tailed": 0.0014399712005759885}}