{"P03023": {"Enrichment": 0.3023339533209336, "Depletion": 0.6976860462790744, "two-tailed": 0.6046679066418672}}