{"P03023": {"Enrichment": 0.5700485990280194, "Depletion": 0.42997140057198857, "two-tailed": 0.8599428011439771}}