{"P03960": {"Enrichment": 0.7344453110937781, "Depletion": 0.2655746885062299, "two-tailed": 0.5311493770124598}}