{"P03959": {"Enrichment": 0.00751984960300794, "Depletion": 0.9925001499970001, "two-tailed": 0.01503969920601588}}