{"P03960": {"Enrichment": 0.7958240835183297, "Depletion": 0.20419591608167836, "two-tailed": 0.4083918321633567}}