{"P03959": {"Enrichment": 0.009379812403751926, "Depletion": 0.9906401871962561, "two-tailed": 0.01875962480750385}}