{"P04079": {"Enrichment": 0.9243215135697286, "Depletion": 0.0756984860302794, "two-tailed": 0.1513969720605588}}