{"P04079": {"Enrichment": 0.9264214715705685, "Depletion": 0.0735985280294394, "two-tailed": 0.1471970560588788}}