{"P04391": {"Enrichment": 0.45747085058298836, "Depletion": 0.5425491490170197, "two-tailed": 0.9149417011659767}}