{"P04391": {"Enrichment": 0.40819183616327676, "Depletion": 0.5918281634367313, "two-tailed": 0.8163836723265535}}