{"P04693": {"Enrichment": 0.5087298254034919, "Depletion": 0.49129017419651605, "two-tailed": 0.9825803483930321}}