{"P04693": {"Enrichment": 0.507929841403172, "Depletion": 0.49209015819683605, "two-tailed": 0.9841803163936721}}