{"P04951": {"Enrichment": 0.00987980240395192, "Depletion": 0.9901401971960561, "two-tailed": 0.01975960480790384}}