{"P05055": {"Enrichment": 0.619107617847643, "Depletion": 0.38091238175236497, "two-tailed": 0.7618247635047299}}