{"P05042": {"Enrichment": 0.12651746965060698, "Depletion": 0.873502529949401, "two-tailed": 0.25303493930121396}}