{"P05055": {"Enrichment": 0.6573468530629387, "Depletion": 0.34267314653706926, "two-tailed": 0.6853462930741385}}