{"P05042": {"Enrichment": 0.12387752244955101, "Depletion": 0.876142477150457, "two-tailed": 0.24775504489910202}}