{"P05020": {"Enrichment": 0.21107577848443032, "Depletion": 0.7889442211155777, "two-tailed": 0.42215155696886064}}