{"P05050": {"Enrichment": 0.28561428771424574, "Depletion": 0.7144057118857623, "two-tailed": 0.5712285754284915}}