{"P05523": {"Enrichment": 0.7068058638827224, "Depletion": 0.29321413571728566, "two-tailed": 0.5864282714345713}}