{"P05523": {"Enrichment": 0.7101457970840583, "Depletion": 0.2898742025159497, "two-tailed": 0.5797484050318994}}