{"P05852": {"Enrichment": 0.7765844683106338, "Depletion": 0.2234355312893742, "two-tailed": 0.4468710625787484}}