{"P05852": {"Enrichment": 0.7662446751064979, "Depletion": 0.23377532449351013, "two-tailed": 0.46755064898702026}}