{"P06129": {"Enrichment": 0.23657526849463012, "Depletion": 0.7634447311053779, "two-tailed": 0.47315053698926024}}