{"P06609": {"Enrichment": 0.2883142337153257, "Depletion": 0.7117057658846823, "two-tailed": 0.5766284674306514}}