{"P06616": {"Enrichment": 0.20369592608147838, "Depletion": 0.7963240735185296, "two-tailed": 0.40739185216295676}}