{"P06609": {"Enrichment": 0.5980880382392352, "Depletion": 0.4019319613607728, "two-tailed": 0.8038639227215456}}