{"P06611": {"Enrichment": 0.7915241695166096, "Depletion": 0.20849583008339834, "two-tailed": 0.4169916601667967}}