{"P06611": {"Enrichment": 0.7919441611167777, "Depletion": 0.20807583848323033, "two-tailed": 0.41615167696646066}}