{"P06721": {"Enrichment": 0.07779844403111938, "Depletion": 0.9222215555688886, "two-tailed": 0.15559688806223876}}