{"P06710": {"Enrichment": 0.6047679046419072, "Depletion": 0.3952520949581008, "two-tailed": 0.7905041899162016}}