{"P06715": {"Enrichment": 0.9827403451930962, "Depletion": 0.01727965440691186, "two-tailed": 0.03455930881382372}}