{"P06709": {"Enrichment": 0.13309733805323892, "Depletion": 0.8669226615467691, "two-tailed": 0.26619467610647785}}