{"P06721": {"Enrichment": 0.1346173076538469, "Depletion": 0.865402691946161, "two-tailed": 0.2692346153076938}}