{"P06710": {"Enrichment": 0.75962480750385, "Depletion": 0.2403951920961581, "two-tailed": 0.4807903841923162}}