{"P06709": {"Enrichment": 0.03495930081398372, "Depletion": 0.9650606987860243, "two-tailed": 0.06991860162796744}}