{"P06715": {"Enrichment": 0.9796004079918401, "Depletion": 0.020419591608167836, "two-tailed": 0.04083918321633567}}