{"P06988": {"Enrichment": 0.7185056298874023, "Depletion": 0.28151436971260574, "two-tailed": 0.5630287394252115}}