{"P06988": {"Enrichment": 0.7645247095058099, "Depletion": 0.23549529009419812, "two-tailed": 0.47099058018839624}}