{"P06968": {"Enrichment": 0.6461470770584589, "Depletion": 0.3538729225415492, "two-tailed": 0.7077458450830983}}