{"P06999": {"Enrichment": 0.052138957220855583, "Depletion": 0.9478810423791524, "two-tailed": 0.10427791444171117}}