{"P07003": {"Enrichment": 0.9146217075658487, "Depletion": 0.08539829203415931, "two-tailed": 0.17079658406831863}}