{"P07003": {"Enrichment": 0.9004019919601608, "Depletion": 0.0996180076398472, "two-tailed": 0.1992360152796944}}