{"P07464": {"Enrichment": 0.4201315973680526, "Depletion": 0.5798884022319554, "two-tailed": 0.8402631947361052}}