{"P07623": {"Enrichment": 0.5492890142197157, "Depletion": 0.4507309853802924, "two-tailed": 0.9014619707605848}}