{"P07623": {"Enrichment": 0.5578888422231555, "Depletion": 0.4421311573768525, "two-tailed": 0.884262314753705}}