{"P07649": {"Enrichment": 0.037159256814863706, "Depletion": 0.9628607427851443, "two-tailed": 0.07431851362972741}}