{"P07649": {"Enrichment": 0.11111777764444711, "Depletion": 0.8889022219555609, "two-tailed": 0.22223555528889422}}