{"P07862": {"Enrichment": 0.9541609167816644, "Depletion": 0.04585908281834363, "two-tailed": 0.09171816563668726}}