{"P07862": {"Enrichment": 0.9571208575828484, "Depletion": 0.04289914201715966, "two-tailed": 0.08579828403431931}}