{"P08178": {"Enrichment": 0.761004779904402, "Depletion": 0.2390152196956061, "two-tailed": 0.4780304393912122}}