{"P08191": {"Enrichment": 0.6300073998520029, "Depletion": 0.37001259974800504, "two-tailed": 0.7400251994960101}}