{"P08191": {"Enrichment": 0.2957740845183096, "Depletion": 0.7042459150816983, "two-tailed": 0.5915481690366192}}