{"P08179": {"Enrichment": 0.9217815643687126, "Depletion": 0.07823843523129538, "two-tailed": 0.15647687046259076}}