{"P08189": {"Enrichment": 0.8957220855582888, "Depletion": 0.10429791404171916, "two-tailed": 0.20859582808343832}}