{"P08244": {"Enrichment": 0.8810023799524009, "Depletion": 0.11901761964760704, "two-tailed": 0.23803523929521408}}