{"P08202": {"Enrichment": 0.028159436811263774, "Depletion": 0.9718605627887442, "two-tailed": 0.05631887362252755}}