{"P08202": {"Enrichment": 0.4715305693886122, "Depletion": 0.5284894302113958, "two-tailed": 0.9430611387772244}}