{"P08244": {"Enrichment": 0.7685446291074178, "Depletion": 0.23147537049259015, "two-tailed": 0.4629507409851803}}