{"P08395": {"Enrichment": 0.5188096238075238, "Depletion": 0.48121037579248416, "two-tailed": 0.9624207515849683}}