{"P08395": {"Enrichment": 0.5207495850082998, "Depletion": 0.47927041459170816, "two-tailed": 0.9585408291834163}}