{"P08839": {"Enrichment": 0.9789204215915682, "Depletion": 0.02109957800843983, "two-tailed": 0.04219915601687966}}