{"P08839": {"Enrichment": 0.9794804103917921, "Depletion": 0.020539589208215837, "two-tailed": 0.041079178416431675}}