{"P09029": {"Enrichment": 0.9227615447691047, "Depletion": 0.07725845483090338, "two-tailed": 0.15451690966180676}}