{"P09099": {"Enrichment": 0.2767744645107098, "Depletion": 0.7232455350892982, "two-tailed": 0.5535489290214196}}