{"P09029": {"Enrichment": 0.876182476350473, "Depletion": 0.12383752324953501, "two-tailed": 0.24767504649907002}}