{"P09148": {"Enrichment": 0.4777104457910842, "Depletion": 0.5223095538089239, "two-tailed": 0.9554208915821684}}