{"P09158": {"Enrichment": 0.5639687206255874, "Depletion": 0.43605127897442053, "two-tailed": 0.8721025579488411}}