{"P09148": {"Enrichment": 0.4830103397932041, "Depletion": 0.5170096598068039, "two-tailed": 0.9660206795864082}}