{"P09158": {"Enrichment": 0.5285894282114357, "Depletion": 0.47143057138857225, "two-tailed": 0.9428611427771445}}