{"P09394": {"Enrichment": 0.5257894842103158, "Depletion": 0.4742305153896922, "two-tailed": 0.9484610307793844}}