{"P09394": {"Enrichment": 0.4393512129757405, "Depletion": 0.5606687866242676, "two-tailed": 0.878702425951481}}