{"P09980": {"Enrichment": 0.5895482090358193, "Depletion": 0.4104717905641887, "two-tailed": 0.8209435811283774}}