{"P0A6F1": {"Enrichment": 0.35583288334233315, "Depletion": 0.6441871162576749, "two-tailed": 0.7116657666846663}}