{"P0A6P9": {"Enrichment": 0.31683366332673346, "Depletion": 0.6831863362732745, "two-tailed": 0.6336673266534669}}