{"P0A6D5": {"Enrichment": 0.7003259934801304, "Depletion": 0.2996940061198776, "two-tailed": 0.5993880122397552}}