{"P0A6F3": {"Enrichment": 0.5541689166216676, "Depletion": 0.4458510829783404, "two-tailed": 0.8917021659566808}}