{"P0A6T1": {"Enrichment": 0.11089778204435911, "Depletion": 0.8891222175556489, "two-tailed": 0.22179556408871823}}