{"P0A6L4": {"Enrichment": 0.1854762904741905, "Depletion": 0.8145437091258175, "two-tailed": 0.370952580948381}}