{"P0A6D5": {"Enrichment": 0.505789884202316, "Depletion": 0.49423011539769207, "two-tailed": 0.9884602307953841}}