{"P0A6F5": {"Enrichment": 0.7707445851082978, "Depletion": 0.22927541449171016, "two-tailed": 0.4585508289834203}}