{"P0A6B7": {"Enrichment": 0.5289694206115878, "Depletion": 0.47105057898842023, "two-tailed": 0.9421011579768405}}