{"P0A6B4": {"Enrichment": 0.32581348373032537, "Depletion": 0.6742065158696826, "two-tailed": 0.6516269674606507}}