{"P0A6I3": {"Enrichment": 0.6377272454550909, "Depletion": 0.36229275414491713, "two-tailed": 0.7245855082898343}}