{"P0A6F1": {"Enrichment": 0.4066918661626768, "Depletion": 0.5933281334373313, "two-tailed": 0.8133837323253535}}