{"P0A6T1": {"Enrichment": 0.21379572408551828, "Depletion": 0.7862242755144897, "two-tailed": 0.42759144817103656}}