{"P0A6V1": {"Enrichment": 0.6487870242595148, "Depletion": 0.3512329753404932, "two-tailed": 0.7024659506809864}}