{"P0A6Y8": {"Enrichment": 0.374492510149797, "Depletion": 0.625527489450211, "two-tailed": 0.748985020299594}}