{"P0A6W9": {"Enrichment": 0.38075238495230096, "Depletion": 0.6192676146477071, "two-tailed": 0.7615047699046019}}