{"P0A6F5": {"Enrichment": 0.7740445191096178, "Depletion": 0.22597548049039018, "two-tailed": 0.45195096098078036}}