{"P0A698": {"Enrichment": 0.35499290014199714, "Depletion": 0.6450270994580108, "two-tailed": 0.7099858002839943}}