{"P0A6I3": {"Enrichment": 0.5638487230255395, "Depletion": 0.4361712765744685, "two-tailed": 0.872342553148937}}