{"P0A6B4": {"Enrichment": 0.1757764844703106, "Depletion": 0.8242435151296974, "two-tailed": 0.3515529689406212}}