{"P0A6L4": {"Enrichment": 0.7169256614867703, "Depletion": 0.28309433811323775, "two-tailed": 0.5661886762264755}}