{"P0A6Z3": {"Enrichment": 0.2260754784904302, "Depletion": 0.7739445211095778, "two-tailed": 0.4521509569808604}}