{"P0A6F3": {"Enrichment": 0.4506509869802604, "Depletion": 0.5493690126197476, "two-tailed": 0.9013019739605208}}