{"P0A6W9": {"Enrichment": 0.6069078618427631, "Depletion": 0.39311213775724485, "two-tailed": 0.7862242755144897}}