{"P0A6Z3": {"Enrichment": 0.35663286734265315, "Depletion": 0.6433871322573549, "two-tailed": 0.7132657346853063}}