{"P0A6V1": {"Enrichment": 0.623567528649427, "Depletion": 0.376452470950581, "two-tailed": 0.752904941901162}}