{"P0A7Z0": {"Enrichment": 0.37081258374832504, "Depletion": 0.6292074158516829, "two-tailed": 0.7416251674966501}}