{"P0A7E9": {"Enrichment": 0.14503709925801483, "Depletion": 0.8549829003419932, "two-tailed": 0.29007419851602967}}