{"P0A7B8": {"Enrichment": 0.3005539889202216, "Depletion": 0.6994660106797864, "two-tailed": 0.6011079778404432}}