{"P0A763": {"Enrichment": 0.5400891982160356, "Depletion": 0.4599308013839723, "two-tailed": 0.9198616027679446}}