{"P0A7D4": {"Enrichment": 0.7050458990820183, "Depletion": 0.2949741005179896, "two-tailed": 0.5899482010359792}}