{"P0A786": {"Enrichment": 0.5546889062218756, "Depletion": 0.4453310933781324, "two-tailed": 0.8906621867562649}}