{"P0A7K6": {"Enrichment": 0.508169836603268, "Depletion": 0.49185016299674006, "two-tailed": 0.9837003259934801}}