{"P0A7E3": {"Enrichment": 0.23013539729205415, "Depletion": 0.7698846023079539, "two-tailed": 0.4602707945841083}}