{"P0A7K6": {"Enrichment": 0.44361112777744444, "Depletion": 0.5564088718225636, "two-tailed": 0.8872222555548889}}