{"P0A752": {"Enrichment": 0.6699066018679627, "Depletion": 0.33011339773204534, "two-tailed": 0.6602267954640907}}