{"P0A752": {"Enrichment": 0.5635287294254115, "Depletion": 0.4364912701745965, "two-tailed": 0.872982540349193}}