{"P0A7J0": {"Enrichment": 0.04163916721665567, "Depletion": 0.9583808323833524, "two-tailed": 0.08327833443331134}}