{"P0A7J3": {"Enrichment": 0.09261814763704726, "Depletion": 0.9074018519629607, "two-tailed": 0.18523629527409452}}