{"P0A794": {"Enrichment": 0.5451690966180677, "Depletion": 0.45485090298194036, "two-tailed": 0.9097018059638807}}