{"P0A7Z4": {"Enrichment": 0.5201895962080758, "Depletion": 0.47983040339193217, "two-tailed": 0.9596608067838643}}