{"P0A7B1": {"Enrichment": 0.1740365192696146, "Depletion": 0.8259834803303934, "two-tailed": 0.3480730385392292}}