{"P0A7E5": {"Enrichment": 0.1479170416591668, "Depletion": 0.8521029579408412, "two-tailed": 0.2958340833183336}}