{"P0A7I7": {"Enrichment": 0.13389732205355892, "Depletion": 0.8661226775464491, "two-tailed": 0.26779464410711784}}