{"P0A790": {"Enrichment": 0.9756204875902482, "Depletion": 0.024399512009759806, "two-tailed": 0.04879902401951961}}