{"P0A7J3": {"Enrichment": 0.24375512489750206, "Depletion": 0.7562648747025059, "two-tailed": 0.4875102497950041}}