{"P0A7F3": {"Enrichment": 0.053558928821423574, "Depletion": 0.9464610707785844, "two-tailed": 0.10711785764284715}}