{"P0A7Z4": {"Enrichment": 0.7703845923081538, "Depletion": 0.22963540729185417, "two-tailed": 0.45927081458370833}}