{"P0A7I7": {"Enrichment": 0.7970040599188016, "Depletion": 0.20301593968120638, "two-tailed": 0.40603187936241275}}