{"P0A786": {"Enrichment": 0.625627487450251, "Depletion": 0.374392512149757, "two-tailed": 0.748785024299514}}