{"P0A796": {"Enrichment": 0.499670006599868, "Depletion": 0.50034999300014, "two-tailed": 0.999340013199736}}