{"P0A784": {"Enrichment": 0.9584408311833763, "Depletion": 0.041579168416631666, "two-tailed": 0.08315833683326333}}