{"P0A7E5": {"Enrichment": 0.11705765884682306, "Depletion": 0.8829623407531849, "two-tailed": 0.23411531769364613}}