{"P0A759": {"Enrichment": 0.749105017899642, "Depletion": 0.25091498170036597, "two-tailed": 0.5018299634007319}}