{"P0A784": {"Enrichment": 0.9603207935841284, "Depletion": 0.03969920601587968, "two-tailed": 0.07939841203175936}}