{"P0A763": {"Enrichment": 0.6543269134617308, "Depletion": 0.34569308613827726, "two-tailed": 0.6913861722765545}}