{"P0A7D4": {"Enrichment": 0.3947321053578928, "Depletion": 0.6052878942421152, "two-tailed": 0.7894642107157857}}