{"P0A794": {"Enrichment": 0.5434691306173877, "Depletion": 0.4565508689826204, "two-tailed": 0.9131017379652407}}