{"P0A731": {"Enrichment": 0.7097458050838983, "Depletion": 0.2902741945161097, "two-tailed": 0.5805483890322194}}