{"P0A7C2": {"Enrichment": 0.10905781884362313, "Depletion": 0.8909621807563849, "two-tailed": 0.21811563768724626}}