{"P0A7J0": {"Enrichment": 0.009139817203655927, "Depletion": 0.9908801823963521, "two-tailed": 0.018279634407311854}}