{"P0A759": {"Enrichment": 0.6898662026759464, "Depletion": 0.31015379692406153, "two-tailed": 0.6203075938481231}}