{"P0A8T7": {"Enrichment": 0.4656306873862523, "Depletion": 0.5343893122137557, "two-tailed": 0.9312613747725046}}