{"P0A858": {"Enrichment": 0.882702345953081, "Depletion": 0.11731765364692706, "two-tailed": 0.23463530729385412}}