{"P0A8F0": {"Enrichment": 0.620927581448371, "Depletion": 0.37909241815163697, "two-tailed": 0.7581848363032739}}