{"P0A853": {"Enrichment": 0.19021619567608647, "Depletion": 0.8098038039239215, "two-tailed": 0.38043239135217294}}