{"P0A825": {"Enrichment": 0.06963860722785545, "Depletion": 0.9303813923721526, "two-tailed": 0.1392772144557109}}