{"P0A8R0": {"Enrichment": 0.4530709385812284, "Depletion": 0.5469490610187796, "two-tailed": 0.9061418771624568}}