{"P0A862": {"Enrichment": 0.40945181096378075, "Depletion": 0.5905681886362273, "two-tailed": 0.8189036219275615}}