{"P0A814": {"Enrichment": 0.7631447371052579, "Depletion": 0.2368752624947501, "two-tailed": 0.4737505249895002}}