{"P0A855": {"Enrichment": 0.7636847263054739, "Depletion": 0.2363352732945341, "two-tailed": 0.4726705465890682}}