{"P0A8Q6": {"Enrichment": 0.997680046399072, "Depletion": 0.0023399532009359815, "two-tailed": 0.004679906401871963}}