{"P0A8R0": {"Enrichment": 0.45171096578068437, "Depletion": 0.5483090338193236, "two-tailed": 0.9034219315613687}}