{"P0A836": {"Enrichment": 0.5557888842223155, "Depletion": 0.44423111537769244, "two-tailed": 0.8884622307553849}}