{"P0A862": {"Enrichment": 0.2387152256954861, "Depletion": 0.7613047739045219, "two-tailed": 0.4774304513909722}}