{"P0A858": {"Enrichment": 0.7215055698886023, "Depletion": 0.2785144297114058, "two-tailed": 0.5570288594228116}}