{"P0A8I8": {"Enrichment": 0.0883782324353513, "Depletion": 0.9116417671646567, "two-tailed": 0.1767564648707026}}