{"P0A836": {"Enrichment": 0.8999820003599928, "Depletion": 0.1000379992400152, "two-tailed": 0.2000759984800304}}