{"P0A8N7": {"Enrichment": 0.747605047899042, "Depletion": 0.252414951700966, "two-tailed": 0.504829903401932}}