{"P0A8L1": {"Enrichment": 0.9417211655766885, "Depletion": 0.058298834023319535, "two-tailed": 0.11659766804663907}}