{"P0A853": {"Enrichment": 0.45297094058118836, "Depletion": 0.5470490590188196, "two-tailed": 0.9059418811623767}}