{"P0A8V2": {"Enrichment": 0.2879742405151897, "Depletion": 0.7120457590848183, "two-tailed": 0.5759484810303794}}