{"P0A8P1": {"Enrichment": 0.876962460750785, "Depletion": 0.12305753884922302, "two-tailed": 0.24611507769844604}}