{"P0A8N7": {"Enrichment": 0.5861282774344513, "Depletion": 0.4138917221655567, "two-tailed": 0.8277834443311134}}