{"P0A8T7": {"Enrichment": 0.6352672946541069, "Depletion": 0.36475270494590106, "two-tailed": 0.7295054098918021}}