{"P0A8Q6": {"Enrichment": 0.997640047199056, "Depletion": 0.002379952400951981, "two-tailed": 0.004759904801903962}}