{"P0A9G6": {"Enrichment": 0.3921121577568449, "Depletion": 0.6079078418431632, "two-tailed": 0.7842243155136898}}