{"P0A901": {"Enrichment": 0.08089838203235936, "Depletion": 0.9191216175676487, "two-tailed": 0.1617967640647187}}