{"P0A9S1": {"Enrichment": 0.3888722225555489, "Depletion": 0.6111477770444591, "two-tailed": 0.7777444451110977}}