{"P0A953": {"Enrichment": 0.13503729925401492, "Depletion": 0.8649827003459931, "two-tailed": 0.27007459850802984}}