{"P0A9G6": {"Enrichment": 0.13241735165296695, "Depletion": 0.867602647947041, "two-tailed": 0.2648347033059339}}