{"P0A9M5": {"Enrichment": 0.40347193056138875, "Depletion": 0.5965480690386192, "two-tailed": 0.8069438611227775}}