{"P0A9P4": {"Enrichment": 0.5780284394312114, "Depletion": 0.42199156016879663, "two-tailed": 0.8439831203375933}}