{"P0A9P4": {"Enrichment": 0.631787364252715, "Depletion": 0.36823263534729306, "two-tailed": 0.7364652706945861}}