{"P0A901": {"Enrichment": 0.08123837523249534, "Depletion": 0.9187816243675127, "two-tailed": 0.1624767504649907}}