{"P0A9T0": {"Enrichment": 0.6573268534629307, "Depletion": 0.34269314613707724, "two-tailed": 0.6853862922741545}}