{"P0A9Q7": {"Enrichment": 0.16609667806643866, "Depletion": 0.8339233215335693, "two-tailed": 0.3321933561328773}}