{"P0A998": {"Enrichment": 0.5565688686226276, "Depletion": 0.4434511309773804, "two-tailed": 0.8869022619547609}}