{"P0A9Q9": {"Enrichment": 0.6570468590628188, "Depletion": 0.34297314053718925, "two-tailed": 0.6859462810743785}}