{"P0A955": {"Enrichment": 0.8033239335213296, "Depletion": 0.19669606607867843, "two-tailed": 0.39339213215735686}}