{"P0A988": {"Enrichment": 0.505109897802044, "Depletion": 0.494910101797964, "two-tailed": 0.989820203595928}}