{"P0A940": {"Enrichment": 0.8904821903561929, "Depletion": 0.10953780924381512, "two-tailed": 0.21907561848763024}}