{"P0A9S5": {"Enrichment": 0.2124757504849903, "Depletion": 0.7875442491150177, "two-tailed": 0.4249515009699806}}