{"P0A9W3": {"Enrichment": 0.5865682686346273, "Depletion": 0.4134517309653807, "two-tailed": 0.8269034619307614}}