{"P0A998": {"Enrichment": 0.5542289154216916, "Depletion": 0.4457910841783164, "two-tailed": 0.8915821683566328}}