{"P0A962": {"Enrichment": 0.8507229855402892, "Depletion": 0.14929701405971882, "two-tailed": 0.29859402811943764}}