{"P0A959": {"Enrichment": 0.7726445471090578, "Depletion": 0.22737545249095018, "two-tailed": 0.45475090498190035}}