{"P0A9W3": {"Enrichment": 0.8111237775244495, "Depletion": 0.18889622207555848, "two-tailed": 0.37779244415111696}}