{"P0A9M2": {"Enrichment": 0.379592408151837, "Depletion": 0.6204275914481711, "two-tailed": 0.759184816303674}}