{"P0A9E0": {"Enrichment": 0.9017419651606968, "Depletion": 0.09827803443931121, "two-tailed": 0.19655606887862243}}