{"P0A9S1": {"Enrichment": 0.18199636007279854, "Depletion": 0.8180236395272095, "two-tailed": 0.3639927201455971}}