{"P0A9P6": {"Enrichment": 0.24247515049699006, "Depletion": 0.7575448491030179, "two-tailed": 0.4849503009939801}}