{"P0A9P0": {"Enrichment": 0.9890802183956321, "Depletion": 0.010939781204375913, "two-tailed": 0.021879562408751826}}