{"P0A9S3": {"Enrichment": 0.6622467550648987, "Depletion": 0.3377732445351093, "two-tailed": 0.6755464890702186}}