{"P0A940": {"Enrichment": 0.9040419191616168, "Depletion": 0.09597808043839123, "two-tailed": 0.19195616087678247}}