{"P0A9P6": {"Enrichment": 0.21485570288594227, "Depletion": 0.7851642967140657, "two-tailed": 0.42971140577188455}}