{"P0A959": {"Enrichment": 0.497810043799124, "Depletion": 0.502209955800884, "two-tailed": 0.995620087598248}}