{"P0A9H3": {"Enrichment": 0.5786484270314594, "Depletion": 0.4213715725685486, "two-tailed": 0.8427431451370972}}