{"P0A9Q7": {"Enrichment": 0.20391592168156636, "Depletion": 0.7961040779184416, "two-tailed": 0.4078318433631327}}