{"P0A9S3": {"Enrichment": 0.6577268454630908, "Depletion": 0.34229315413691724, "two-tailed": 0.6845863082738345}}