{"P0A9M2": {"Enrichment": 0.43269134617307653, "Depletion": 0.5673286534269315, "two-tailed": 0.8653826923461531}}