{"P0A9J6": {"Enrichment": 0.015479690406191876, "Depletion": 0.9845403091938161, "two-tailed": 0.030959380812383752}}