{"P0A955": {"Enrichment": 0.8163636727265454, "Depletion": 0.18365632687346253, "two-tailed": 0.36731265374692507}}