{"P0A9P0": {"Enrichment": 0.9833403331933361, "Depletion": 0.016679666406671866, "two-tailed": 0.03335933281334373}}