{"P0A9E0": {"Enrichment": 0.9035619287614248, "Depletion": 0.09645807083858322, "two-tailed": 0.19291614167716645}}