{"P0A9J6": {"Enrichment": 0.10711785764284715, "Depletion": 0.8929021419571609, "two-tailed": 0.2142357152856943}}