{"P0A9Q9": {"Enrichment": 0.6539469210615788, "Depletion": 0.3460730785384292, "two-tailed": 0.6921461570768584}}