{"P0AAC8": {"Enrichment": 0.5475490490190196, "Depletion": 0.4524709505809884, "two-tailed": 0.9049419011619768}}