{"P0AA25": {"Enrichment": 0.5550288994220116, "Depletion": 0.4449911001779964, "two-tailed": 0.8899822003559928}}