{"P0AAI5": {"Enrichment": 0.9325813483730325, "Depletion": 0.06743865122697545, "two-tailed": 0.1348773024539509}}