{"P0AAV8": {"Enrichment": 0.5219095618087638, "Depletion": 0.4781104377912442, "two-tailed": 0.9562208755824884}}