{"P0AAC8": {"Enrichment": 0.612347753044939, "Depletion": 0.3876722465550689, "two-tailed": 0.7753444931101378}}