{"P0AAJ3": {"Enrichment": 0.7594848103037939, "Depletion": 0.24053518929621406, "two-tailed": 0.4810703785924281}}