{"P0AA25": {"Enrichment": 0.30755384892302157, "Depletion": 0.6924661506769865, "two-tailed": 0.6151076978460431}}