{"P0AAB4": {"Enrichment": 0.7203255934881302, "Depletion": 0.27969440611187774, "two-tailed": 0.5593888122237555}}