{"P0AAZ4": {"Enrichment": 0.5648887022259554, "Depletion": 0.43513129737405254, "two-tailed": 0.8702625947481051}}