{"P0AA10": {"Enrichment": 0.34463310733785324, "Depletion": 0.6553868922621547, "two-tailed": 0.6892662146757065}}