{"P0AAI5": {"Enrichment": 0.7182856342873143, "Depletion": 0.28173436531269375, "two-tailed": 0.5634687306253875}}