{"P0AAV8": {"Enrichment": 0.5194896102077958, "Depletion": 0.48053038939221215, "two-tailed": 0.9610607787844243}}