{"P0AAB4": {"Enrichment": 0.6066078678426432, "Depletion": 0.39341213175736484, "two-tailed": 0.7868242635147297}}