{"P0ABK9": {"Enrichment": 0.8989220215595688, "Depletion": 0.10109797804043918, "two-tailed": 0.20219595608087837}}