{"P0ABY7": {"Enrichment": 0.9476810463790725, "Depletion": 0.05233895322093558, "two-tailed": 0.10467790644187117}}