{"P0AB77": {"Enrichment": 0.07659846803063938, "Depletion": 0.9234215315693686, "two-tailed": 0.15319693606127877}}