{"P0AB91": {"Enrichment": 0.4176116477670447, "Depletion": 0.5824083518329634, "two-tailed": 0.8352232955340894}}