{"P0AB89": {"Enrichment": 0.4045719085618288, "Depletion": 0.5954480910381792, "two-tailed": 0.8091438171236576}}