{"P0ABQ0": {"Enrichment": 0.7639247215055699, "Depletion": 0.23609527809443812, "two-tailed": 0.47219055618887623}}