{"P0AB91": {"Enrichment": 0.5211295774084518, "Depletion": 0.47889042219155614, "two-tailed": 0.9577808443831123}}