{"P0ABK9": {"Enrichment": 0.8897022059558809, "Depletion": 0.11031779364412712, "two-tailed": 0.22063558728825425}}