{"P0ABP8": {"Enrichment": 0.4860902781944361, "Depletion": 0.5139297214055719, "two-tailed": 0.9721805563888722}}