{"P0ABD3": {"Enrichment": 0.6856662866742665, "Depletion": 0.3143537129257415, "two-tailed": 0.628707425851483}}