{"P0AB71": {"Enrichment": 0.30859382812343755, "Depletion": 0.6914261714765705, "two-tailed": 0.6171876562468751}}