{"P0ABK5": {"Enrichment": 0.9085818283634327, "Depletion": 0.09143817123657527, "two-tailed": 0.18287634247315054}}