{"P0ABI4": {"Enrichment": 0.48865022699546007, "Depletion": 0.5113697726045479, "two-tailed": 0.9773004539909201}}