{"P0ABD3": {"Enrichment": 0.4524909501809964, "Depletion": 0.5475290494190116, "two-tailed": 0.9049819003619928}}