{"P0AB80": {"Enrichment": 0.16929661406771865, "Depletion": 0.8307233855322893, "two-tailed": 0.3385932281354373}}