{"P0ABA6": {"Enrichment": 0.7638847223055539, "Depletion": 0.2361352772944541, "two-tailed": 0.4722705545889082}}