{"P0ABH7": {"Enrichment": 0.8162636747265055, "Depletion": 0.18375632487350252, "two-tailed": 0.36751264974700504}}