{"P0ABA6": {"Enrichment": 0.8339033219335613, "Depletion": 0.16611667766644667, "two-tailed": 0.33223335533289333}}