{"P0ABH7": {"Enrichment": 0.880162396752065, "Depletion": 0.11985760284794304, "two-tailed": 0.23971520569588609}}