{"P0AB77": {"Enrichment": 0.14641707165856682, "Depletion": 0.8536029279414412, "two-tailed": 0.29283414331713364}}