{"P0AB74": {"Enrichment": 0.07269854602907942, "Depletion": 0.9273214535709285, "two-tailed": 0.14539709205815884}}