{"P0ABT2": {"Enrichment": 0.24197516049679008, "Depletion": 0.758044839103218, "two-tailed": 0.48395032099358015}}