{"P0AB89": {"Enrichment": 0.7934241315173697, "Depletion": 0.20659586808263836, "two-tailed": 0.4131917361652767}}