{"P0ABK5": {"Enrichment": 0.9193616127677446, "Depletion": 0.08065838683226335, "two-tailed": 0.1613167736645267}}