{"P0ABH9": {"Enrichment": 0.4515909681806364, "Depletion": 0.5484290314193716, "two-tailed": 0.9031819363612728}}