{"P0ABH9": {"Enrichment": 0.7345053098938021, "Depletion": 0.2655146897062059, "two-tailed": 0.5310293794124118}}