{"P0ABY7": {"Enrichment": 0.9457010859782804, "Depletion": 0.05431891362172757, "two-tailed": 0.10863782724345514}}