{"P0ABQ4": {"Enrichment": 0.3888322233555329, "Depletion": 0.6111877762444751, "two-tailed": 0.7776644467110658}}