{"P0ABI4": {"Enrichment": 0.1504969900601988, "Depletion": 0.8495230095398092, "two-tailed": 0.3009939801203976}}