{"P0AB71": {"Enrichment": 0.30729385412291754, "Depletion": 0.6927261454770904, "two-tailed": 0.6145877082458351}}