{"P0ABT2": {"Enrichment": 0.24293514129717406, "Depletion": 0.7570848583028339, "two-tailed": 0.4858702825943481}}