{"P0ACJ8": {"Enrichment": 0.41781164376712465, "Depletion": 0.5822083558328833, "two-tailed": 0.8356232875342493}}