{"P0ACJ8": {"Enrichment": 0.5189296214075718, "Depletion": 0.48109037819243616, "two-tailed": 0.9621807563848723}}