{"P0AC38": {"Enrichment": 0.09445811083778324, "Depletion": 0.9055618887622248, "two-tailed": 0.1889162216755665}}