{"P0ACP1": {"Enrichment": 0.49049019019619605, "Depletion": 0.5095298094038119, "two-tailed": 0.9809803803923921}}