{"P0AC69": {"Enrichment": 0.5355292894142117, "Depletion": 0.4644907101857963, "two-tailed": 0.9289814203715926}}