{"P0ACD8": {"Enrichment": 0.9221815563688727, "Depletion": 0.07783844323113538, "two-tailed": 0.15567688646227076}}