{"P0ACB2": {"Enrichment": 0.4736905261894762, "Depletion": 0.5263294734105318, "two-tailed": 0.9473810523789524}}