{"P0ACE0": {"Enrichment": 0.9845203095938081, "Depletion": 0.015499690006199876, "two-tailed": 0.03099938001239975}}