{"P0ACP1": {"Enrichment": 0.4929701405971881, "Depletion": 0.50704985900282, "two-tailed": 0.9859402811943762}}