{"P0AC55": {"Enrichment": 0.3204135917281654, "Depletion": 0.6796064078718426, "two-tailed": 0.6408271834563308}}