{"P0ACX3": {"Enrichment": 0.34135317293654127, "Depletion": 0.6586668266634668, "two-tailed": 0.6827063458730825}}