{"P0ACX3": {"Enrichment": 0.3428331433371333, "Depletion": 0.6571868562628748, "two-tailed": 0.6856662866742665}}