{"P0ACI6": {"Enrichment": 0.6516469670606588, "Depletion": 0.3483730325393492, "two-tailed": 0.6967460650786984}}