{"P0AC38": {"Enrichment": 0.09187816243675126, "Depletion": 0.9081418371632567, "two-tailed": 0.18375632487350252}}