{"P0ACE0": {"Enrichment": 0.9563208735825284, "Depletion": 0.04369912601747965, "two-tailed": 0.0873982520349593}}