{"P0ACB2": {"Enrichment": 0.4732305353892922, "Depletion": 0.5267894642107158, "two-tailed": 0.9464610707785844}}