{"P0AC41": {"Enrichment": 0.026179476410471792, "Depletion": 0.9738405231895362, "two-tailed": 0.052358952820943584}}