{"P0ACD8": {"Enrichment": 0.8499030019399612, "Depletion": 0.1501169976600468, "two-tailed": 0.3002339953200936}}