{"P0AC41": {"Enrichment": 0.03647927041459171, "Depletion": 0.9635407291854163, "two-tailed": 0.07295854082918342}}