{"P0ACY1": {"Enrichment": 0.00623987520249595, "Depletion": 0.9937801243975121, "two-tailed": 0.0124797504049919}}