{"P0AC19": {"Enrichment": 0.23153536929261415, "Depletion": 0.7684846303073939, "two-tailed": 0.4630707385852283}}