{"P0ADI4": {"Enrichment": 0.4365112697746045, "Depletion": 0.5635087298254035, "two-tailed": 0.873022539549209}}