{"P0AD61": {"Enrichment": 0.4737105257894842, "Depletion": 0.5263094738105238, "two-tailed": 0.9474210515789684}}