{"P0ADY7": {"Enrichment": 0.3171536569268615, "Depletion": 0.6828663426731465, "two-tailed": 0.634307313853723}}