{"P0ADI7": {"Enrichment": 0.5131497370052599, "Depletion": 0.4868702625947481, "two-tailed": 0.9737405251894962}}