{"P0AD61": {"Enrichment": 0.4321913561728765, "Depletion": 0.5678286434271315, "two-tailed": 0.864382712345753}}