{"P0ADY7": {"Enrichment": 0.9236615267694646, "Depletion": 0.0763584728305434, "two-tailed": 0.1527169456610868}}