{"P0ADY3": {"Enrichment": 0.3407731845363093, "Depletion": 0.6592468150636988, "two-tailed": 0.6815463690726186}}