{"P0ADI4": {"Enrichment": 0.39381212375752483, "Depletion": 0.6062078758424831, "two-tailed": 0.7876242475150497}}