{"P0ADP7": {"Enrichment": 0.9078418431631368, "Depletion": 0.09217815643687126, "two-tailed": 0.18435631287374252}}