{"P0ADF8": {"Enrichment": 0.4379112417751645, "Depletion": 0.5621087578248435, "two-tailed": 0.875822483550329}}