{"P0ADY3": {"Enrichment": 0.3395532089358213, "Depletion": 0.6604667906641867, "two-tailed": 0.6791064178716426}}