{"P0ADG4": {"Enrichment": 0.00033999320013599726, "Depletion": 0.999680006399872, "two-tailed": 0.0006799864002719945}}