{"P0AEZ9": {"Enrichment": 0.38203235935281293, "Depletion": 0.6179876402471951, "two-tailed": 0.7640647187056259}}