{"P0AES6": {"Enrichment": 0.3495930081398372, "Depletion": 0.6504269914601708, "two-tailed": 0.6991860162796744}}