{"P0AE22": {"Enrichment": 0.8511229775404492, "Depletion": 0.14889702205955882, "two-tailed": 0.29779404411911764}}