{"P0AE78": {"Enrichment": 0.6988460230795384, "Depletion": 0.30117397652046957, "two-tailed": 0.6023479530409391}}