{"P0AEV9": {"Enrichment": 0.7622247555048899, "Depletion": 0.2377952440951181, "two-tailed": 0.4755904881902362}}