{"P0AEG6": {"Enrichment": 0.5505089898202036, "Depletion": 0.4495110097798044, "two-tailed": 0.8990220195596088}}