{"P0AEG6": {"Enrichment": 0.7303853922921542, "Depletion": 0.2696346073078538, "two-tailed": 0.5392692146157076}}