{"P0AE70": {"Enrichment": 0.3506529869402612, "Depletion": 0.6493670126597468, "two-tailed": 0.7013059738805224}}