{"P0AE78": {"Enrichment": 0.6992460150796984, "Depletion": 0.30077398452030957, "two-tailed": 0.6015479690406191}}