{"P0AEZ3": {"Enrichment": 0.43411131777364453, "Depletion": 0.5659086818263634, "two-tailed": 0.8682226355472891}}