{"P0AEZ3": {"Enrichment": 0.5322493550128997, "Depletion": 0.46777064458710826, "two-tailed": 0.9355412891742165}}