{"P0AEJ6": {"Enrichment": 0.9649807003859923, "Depletion": 0.03503929921401572, "two-tailed": 0.07007859842803144}}