{"P0AES2": {"Enrichment": 0.9483810323793525, "Depletion": 0.051638967220655585, "two-tailed": 0.10327793444131117}}