{"P0AES4": {"Enrichment": 0.018439631207375854, "Depletion": 0.9815803683926322, "two-tailed": 0.03687926241475171}}