{"P0AEZ9": {"Enrichment": 0.379312413751725, "Depletion": 0.620707585848283, "two-tailed": 0.75862482750345}}