{"P0AE82": {"Enrichment": 0.08589828203435931, "Depletion": 0.9141217175656486, "two-tailed": 0.17179656406871863}}