{"P0AEN8": {"Enrichment": 0.6749265014699706, "Depletion": 0.3250934981300374, "two-tailed": 0.6501869962600748}}