{"P0AES0": {"Enrichment": 0.9616207675846483, "Depletion": 0.03839923201535969, "two-tailed": 0.07679846403071938}}