{"P0AEP3": {"Enrichment": 0.9503009939801204, "Depletion": 0.0497190056198876, "two-tailed": 0.0994380112397752}}