{"P0AEK4": {"Enrichment": 0.6876062478750425, "Depletion": 0.3124137517249655, "two-tailed": 0.624827503449931}}