{"P0AE22": {"Enrichment": 0.5618687626247475, "Depletion": 0.4381512369752605, "two-tailed": 0.876302473950521}}