{"P0AEV9": {"Enrichment": 0.42759144817103656, "Depletion": 0.5724285514289714, "two-tailed": 0.8551828963420731}}