{"P0AES2": {"Enrichment": 0.9062618747625047, "Depletion": 0.09375812483750325, "two-tailed": 0.1875162496750065}}