{"P0AEU0": {"Enrichment": 0.494110117797644, "Depletion": 0.505909881802364, "two-tailed": 0.988220235595288}}