{"P0AEJ8": {"Enrichment": 0.7991840163196736, "Depletion": 0.2008359832803344, "two-tailed": 0.4016719665606688}}