{"P0AET8": {"Enrichment": 0.1734165316693666, "Depletion": 0.8266034679306414, "two-tailed": 0.3468330633387332}}