{"P0AE08": {"Enrichment": 0.7969240615187696, "Depletion": 0.20309593808123838, "two-tailed": 0.40619187616247676}}