{"P0AES6": {"Enrichment": 0.34685306293874124, "Depletion": 0.6531669366612668, "two-tailed": 0.6937061258774825}}