{"P0AEK2": {"Enrichment": 0.76272474550509, "Depletion": 0.2372952540949181, "two-tailed": 0.4745905081898362}}