{"P0AEA2": {"Enrichment": 0.37949241015179697, "Depletion": 0.6205275894482111, "two-tailed": 0.7589848203035939}}