{"P0AEK4": {"Enrichment": 0.6910861782764345, "Depletion": 0.30893382132357355, "two-tailed": 0.6178676426471471}}