{"P0AEJ8": {"Enrichment": 0.7955240895182096, "Depletion": 0.20449591008179838, "two-tailed": 0.40899182016359675}}