{"P0AEP7": {"Enrichment": 0.25347493050139, "Depletion": 0.7465450690986181, "two-tailed": 0.50694986100278}}