{"P0AE12": {"Enrichment": 0.5663286734265315, "Depletion": 0.43369132617347655, "two-tailed": 0.8673826523469531}}