{"P0AE08": {"Enrichment": 0.9452210955780884, "Depletion": 0.05479890402191956, "two-tailed": 0.10959780804383912}}