{"P0AE82": {"Enrichment": 0.31799364012719744, "Depletion": 0.6820263594728105, "two-tailed": 0.6359872802543949}}