{"P0AFG3": {"Enrichment": 0.43077138457230857, "Depletion": 0.5692486150276994, "two-tailed": 0.8615427691446171}}