{"P0AFP6": {"Enrichment": 0.13863722725545488, "Depletion": 0.8613827723445531, "two-tailed": 0.27727445451090976}}