{"P0AFB1": {"Enrichment": 0.9088018239635207, "Depletion": 0.09121817563648726, "two-tailed": 0.18243635127297453}}