{"P0AFU8": {"Enrichment": 0.014079718405631887, "Depletion": 0.9859402811943762, "two-tailed": 0.028159436811263774}}