{"P0AFP6": {"Enrichment": 0.08587828243435132, "Depletion": 0.9141417171656567, "two-tailed": 0.17175656486870264}}