{"P0AFX9": {"Enrichment": 0.14079718405631889, "Depletion": 0.8592228155436892, "two-tailed": 0.28159436811263777}}