{"P0AFG3": {"Enrichment": 0.747865042699146, "Depletion": 0.252154956900862, "two-tailed": 0.504309913801724}}