{"P0AFK0": {"Enrichment": 0.4631107377852443, "Depletion": 0.5369092618147637, "two-tailed": 0.9262214755704886}}