{"P0AFB1": {"Enrichment": 0.9074018519629607, "Depletion": 0.09261814763704726, "two-tailed": 0.18523629527409452}}