{"P0AFK9": {"Enrichment": 0.7083458330833383, "Depletion": 0.29167416651666966, "two-tailed": 0.5833483330333393}}