{"P0AFI0": {"Enrichment": 0.27813443731125376, "Depletion": 0.7218855622887542, "two-tailed": 0.5562688746225075}}