{"P0AFI0": {"Enrichment": 0.3869122617547649, "Depletion": 0.6131077378452431, "two-tailed": 0.7738245235095298}}