{"P0AF93": {"Enrichment": 0.01727965440691186, "Depletion": 0.9827403451930962, "two-tailed": 0.03455930881382372}}