{"P0AFX9": {"Enrichment": 0.14217715645687087, "Depletion": 0.8578428431431372, "two-tailed": 0.28435431291374175}}