{"P0AFZ3": {"Enrichment": 0.016099678006439872, "Depletion": 0.9839203215935681, "two-tailed": 0.032199356012879744}}