{"P0AFL6": {"Enrichment": 0.14029719405611887, "Depletion": 0.8597228055438891, "two-tailed": 0.28059438811223775}}