{"P0AFK9": {"Enrichment": 0.5419091618167636, "Depletion": 0.45811083778324435, "two-tailed": 0.9162216755664887}}