{"P0AG55": {"Enrichment": 0.12131757364852704, "Depletion": 0.878702425951481, "two-tailed": 0.24263514729705407}}