{"P0AG11": {"Enrichment": 0.6122877542449151, "Depletion": 0.3877322453550929, "two-tailed": 0.7754644907101857}}