{"P0AGD7": {"Enrichment": 0.743265134697306, "Depletion": 0.25675486490270194, "two-tailed": 0.5135097298054039}}