{"P0AGE0": {"Enrichment": 0.1379972400551989, "Depletion": 0.8620227595448091, "two-tailed": 0.2759944801103978}}