{"P0AGE9": {"Enrichment": 0.7899042019159617, "Depletion": 0.2101157976840463, "two-tailed": 0.4202315953680926}}