{"P0AGJ9": {"Enrichment": 0.009239815203695927, "Depletion": 0.9907801843963121, "two-tailed": 0.018479630407391853}}