{"P0AG16": {"Enrichment": 0.7158656826863463, "Depletion": 0.2841543169136617, "two-tailed": 0.5683086338273234}}