{"P0AGE9": {"Enrichment": 0.8075238495230095, "Depletion": 0.19249615007699847, "two-tailed": 0.38499230015399694}}