{"P0AG16": {"Enrichment": 0.2365352692946141, "Depletion": 0.7634847303053939, "two-tailed": 0.4730705385892282}}