{"P0AGG2": {"Enrichment": 0.013719725605487891, "Depletion": 0.9863002739945201, "two-tailed": 0.027439451210975782}}