{"P0AGD7": {"Enrichment": 0.74042519149617, "Depletion": 0.25959480810383795, "two-tailed": 0.5191896162076759}}