{"P0AGJ7": {"Enrichment": 0.41779164416711667, "Depletion": 0.5822283554328913, "two-tailed": 0.8355832883342333}}