{"P0AG30": {"Enrichment": 0.14049719005619887, "Depletion": 0.8595228095438091, "two-tailed": 0.28099438011239775}}