{"P0C0S1": {"Enrichment": 0.21769564608707825, "Depletion": 0.7823243535129297, "two-tailed": 0.4353912921741565}}