{"P0CE47": {"Enrichment": 0.45647087058258834, "Depletion": 0.5435491290174197, "two-tailed": 0.9129417411651767}}