{"P0CE47": {"Enrichment": 0.4026919461610768, "Depletion": 0.5973280534389313, "two-tailed": 0.8053838923221536}}