{"P10378": {"Enrichment": 0.8138837223255535, "Depletion": 0.1861362772744545, "two-tailed": 0.372272554548909}}