{"P11071": {"Enrichment": 0.034719305613887724, "Depletion": 0.9653006939861203, "two-tailed": 0.06943861122777545}}