{"P11071": {"Enrichment": 0.18187636247275055, "Depletion": 0.8181436371272575, "two-tailed": 0.3637527249455011}}