{"P11349": {"Enrichment": 0.8426631467370652, "Depletion": 0.15735685286294274, "two-tailed": 0.3147137057258855}}