{"P11350": {"Enrichment": 0.3374932501349973, "Depletion": 0.6625267494650107, "two-tailed": 0.6749865002699946}}