{"P11349": {"Enrichment": 0.6141877162456751, "Depletion": 0.3858322833543329, "two-tailed": 0.7716645667086658}}