{"P11350": {"Enrichment": 0.33931321373572526, "Depletion": 0.6607067858642827, "two-tailed": 0.6786264274714505}}