{"P11447": {"Enrichment": 0.8419031619367613, "Depletion": 0.15811683766324675, "two-tailed": 0.3162336753264935}}