{"P11447": {"Enrichment": 0.8450230995380092, "Depletion": 0.15499690006199876, "two-tailed": 0.3099938001239975}}