{"P12281": {"Enrichment": 0.08137837243255135, "Depletion": 0.9186416271674567, "two-tailed": 0.1627567448651027}}