{"P12282": {"Enrichment": 0.8824023519529609, "Depletion": 0.11761764764704706, "two-tailed": 0.23523529529409412}}