{"P12281": {"Enrichment": 0.13611727765444692, "Depletion": 0.8639027219455611, "two-tailed": 0.27223455530889384}}