{"P12758": {"Enrichment": 0.49047019059618807, "Depletion": 0.50954980900382, "two-tailed": 0.9809403811923761}}