{"P12758": {"Enrichment": 0.5503489930201396, "Depletion": 0.4496710065798684, "two-tailed": 0.8993420131597368}}