{"P12995": {"Enrichment": 0.30403391932161355, "Depletion": 0.6959860802783945, "two-tailed": 0.6080678386432271}}