{"P12995": {"Enrichment": 0.26463470730585387, "Depletion": 0.7353852922941542, "two-tailed": 0.5292694146117077}}