{"P15770": {"Enrichment": 0.3612127757444851, "Depletion": 0.6388072238555229, "two-tailed": 0.7224255514889703}}