{"P15723": {"Enrichment": 0.5045699086018279, "Depletion": 0.49545009099818005, "two-tailed": 0.9909001819963601}}