{"P15770": {"Enrichment": 0.3631327373452531, "Depletion": 0.6368872622547549, "two-tailed": 0.7262654746905062}}