{"P16456": {"Enrichment": 0.997040059198816, "Depletion": 0.0029799404011919763, "two-tailed": 0.0059598808023839525}}