{"P16686": {"Enrichment": 0.997180056398872, "Depletion": 0.0028399432011359774, "two-tailed": 0.005679886402271955}}