{"P16692": {"Enrichment": 0.29689406211875763, "Depletion": 0.7031259374812504, "two-tailed": 0.5937881242375153}}