{"P16686": {"Enrichment": 0.997020059598808, "Depletion": 0.002999940001199976, "two-tailed": 0.005999880002399952}}