{"P16688": {"Enrichment": 0.8782624347513049, "Depletion": 0.12175756484870302, "two-tailed": 0.24351512969740605}}