{"P16685": {"Enrichment": 0.7655446891062179, "Depletion": 0.2344753104937901, "two-tailed": 0.4689506209875802}}