{"P16692": {"Enrichment": 0.26919461610767786, "Depletion": 0.7308253834923302, "two-tailed": 0.5383892322153557}}