{"P17109": {"Enrichment": 0.5260094798104038, "Depletion": 0.47401051978960423, "two-tailed": 0.9480210395792085}}