{"P17169": {"Enrichment": 0.14757704845903083, "Depletion": 0.8524429511409772, "two-tailed": 0.29515409691806166}}