{"P17109": {"Enrichment": 0.5736885262294754, "Depletion": 0.42633147337053257, "two-tailed": 0.8526629467410651}}