{"P17443": {"Enrichment": 0.08231835363292735, "Depletion": 0.9177016459670807, "two-tailed": 0.1646367072658547}}