{"P17952": {"Enrichment": 0.17145657086858263, "Depletion": 0.8285634287314254, "two-tailed": 0.34291314173716525}}