{"P17952": {"Enrichment": 0.21929561408771825, "Depletion": 0.7807243855122897, "two-tailed": 0.4385912281754365}}