{"P18393": {"Enrichment": 0.9078818423631527, "Depletion": 0.09213815723685527, "two-tailed": 0.18427631447371054}}