{"P18393": {"Enrichment": 0.871882562348753, "Depletion": 0.12813743725125498, "two-tailed": 0.25627487450250996}}