{"P19624": {"Enrichment": 0.9787404251914962, "Depletion": 0.02127957440851183, "two-tailed": 0.04255914881702366}}