{"P19624": {"Enrichment": 0.49355012899742007, "Depletion": 0.506469870602588, "two-tailed": 0.9871002579948401}}