{"P19636": {"Enrichment": 0.3909721805563889, "Depletion": 0.6090478190436192, "two-tailed": 0.7819443611127778}}