{"P19636": {"Enrichment": 0.7621447571048579, "Depletion": 0.2378752424951501, "two-tailed": 0.4757504849903002}}