{"P21165": {"Enrichment": 0.19517609647807044, "Depletion": 0.8048439031219375, "two-tailed": 0.3903521929561409}}