{"P21362": {"Enrichment": 0.8455230895382092, "Depletion": 0.15449691006179878, "two-tailed": 0.30899382012359755}}