{"P21362": {"Enrichment": 0.8446231075378492, "Depletion": 0.15539689206215876, "two-tailed": 0.3107937841243175}}