{"P21367": {"Enrichment": 0.6543869122617547, "Depletion": 0.3456330873382532, "two-tailed": 0.6912661746765064}}