{"P21507": {"Enrichment": 0.8650426991460171, "Depletion": 0.13497730045399092, "two-tailed": 0.26995460090798185}}