{"P21599": {"Enrichment": 0.8059838803223935, "Depletion": 0.19403611927761444, "two-tailed": 0.3880722385552289}}