{"P21513": {"Enrichment": 0.8370232595348093, "Depletion": 0.1629967400651987, "two-tailed": 0.3259934801303974}}