{"P21599": {"Enrichment": 0.8248835023299534, "Depletion": 0.1751364972700546, "two-tailed": 0.3502729945401092}}