{"P21645": {"Enrichment": 0.9187216255674886, "Depletion": 0.08129837403251935, "two-tailed": 0.1625967480650387}}