{"P22106": {"Enrichment": 0.7830243395132097, "Depletion": 0.21699566008679827, "two-tailed": 0.43399132017359654}}