{"P22106": {"Enrichment": 0.7153656926861462, "Depletion": 0.28465430691386173, "two-tailed": 0.5693086138277235}}