{"P22256": {"Enrichment": 0.3114537709245815, "Depletion": 0.6885662286754265, "two-tailed": 0.622907541849163}}