{"P22256": {"Enrichment": 0.22899542009159818, "Depletion": 0.7710245795084099, "two-tailed": 0.45799084018319636}}