{"P23256": {"Enrichment": 0.045799084018319634, "Depletion": 0.9542209155816883, "two-tailed": 0.09159816803663927}}