{"P23256": {"Enrichment": 0.11941761164776704, "Depletion": 0.880602387952241, "two-tailed": 0.23883522329553408}}