{"P23522": {"Enrichment": 0.05755884882302354, "Depletion": 0.9424611507769844, "two-tailed": 0.11511769764604708}}