{"P23721": {"Enrichment": 0.12811743765124697, "Depletion": 0.871902561948761, "two-tailed": 0.25623487530249395}}