{"P23721": {"Enrichment": 0.09217815643687126, "Depletion": 0.9078418431631368, "two-tailed": 0.18435631287374252}}