{"P23865": {"Enrichment": 0.7803643927121457, "Depletion": 0.21965560688786223, "two-tailed": 0.43931121377572446}}