{"P23865": {"Enrichment": 0.7981040379192416, "Depletion": 0.2019159616807664, "two-tailed": 0.4038319233615328}}