{"P23872": {"Enrichment": 0.9288214235715285, "Depletion": 0.07119857602847943, "two-tailed": 0.14239715205695885}}