{"P23909": {"Enrichment": 0.3659326813463731, "Depletion": 0.634087318253635, "two-tailed": 0.7318653626927462}}