{"P23909": {"Enrichment": 0.4486710265794684, "Depletion": 0.5513489730205395, "two-tailed": 0.8973420531589368}}