{"P24182": {"Enrichment": 0.9466010679786404, "Depletion": 0.05341893162136757, "two-tailed": 0.10683786324273514}}