{"P24182": {"Enrichment": 0.9319013619727605, "Depletion": 0.06811863762724746, "two-tailed": 0.13623727525449492}}