{"P24193": {"Enrichment": 0.19401611967760646, "Depletion": 0.8060038799224015, "two-tailed": 0.3880322393552129}}