{"P24200": {"Enrichment": 0.9011419771604567, "Depletion": 0.09887802243955121, "two-tailed": 0.19775604487910242}}