{"P24203": {"Enrichment": 0.6788864222715546, "Depletion": 0.32113357732845343, "two-tailed": 0.6422671546569069}}