{"P24242": {"Enrichment": 0.7917041659166817, "Depletion": 0.20831583368332635, "two-tailed": 0.4166316673666527}}