{"P24203": {"Enrichment": 0.6442671146577068, "Depletion": 0.3557528849423012, "two-tailed": 0.7115057698846023}}