{"P25552": {"Enrichment": 0.46423071538569227, "Depletion": 0.5357892842143157, "two-tailed": 0.9284614307713845}}