{"P25535": {"Enrichment": 0.0071798564028719425, "Depletion": 0.9928401431971361, "two-tailed": 0.014359712805743885}}