{"P25522": {"Enrichment": 0.1127777444451111, "Depletion": 0.8872422551548969, "two-tailed": 0.2255554888902222}}