{"P25526": {"Enrichment": 0.9653206935861283, "Depletion": 0.03469930601387972, "two-tailed": 0.06939861202775945}}