{"P25552": {"Enrichment": 0.46715065698686026, "Depletion": 0.5328693426131478, "two-tailed": 0.9343013139737205}}