{"P26646": {"Enrichment": 0.5467690646187077, "Depletion": 0.45325093498130037, "two-tailed": 0.9065018699626007}}