{"P26646": {"Enrichment": 0.48041039179216416, "Depletion": 0.5196096078078438, "two-tailed": 0.9608207835843283}}