{"P27111": {"Enrichment": 0.9495410091798164, "Depletion": 0.0504789904201916, "two-tailed": 0.1009579808403832}}