{"P27248": {"Enrichment": 0.4381512369752605, "Depletion": 0.5618687626247475, "two-tailed": 0.876302473950521}}