{"P27250": {"Enrichment": 0.4794104117917642, "Depletion": 0.5206095878082438, "two-tailed": 0.9588208235835284}}