{"P27245": {"Enrichment": 0.99840003199936, "Depletion": 0.001619967600647987, "two-tailed": 0.003239935201295974}}