{"P27248": {"Enrichment": 0.7162456750864983, "Depletion": 0.28377432451350976, "two-tailed": 0.5675486490270195}}