{"P27431": {"Enrichment": 0.5564088718225636, "Depletion": 0.44361112777744444, "two-tailed": 0.8872222555548889}}