{"P27431": {"Enrichment": 0.6540069198616028, "Depletion": 0.3460130797384052, "two-tailed": 0.6920261594768105}}