{"P27828": {"Enrichment": 0.8221835563288734, "Depletion": 0.17783644327113457, "two-tailed": 0.35567288654226914}}