{"P27833": {"Enrichment": 0.28613427731445373, "Depletion": 0.7138857222855542, "two-tailed": 0.5722685546289075}}