{"P27828": {"Enrichment": 0.9420811583768325, "Depletion": 0.05793884122317554, "two-tailed": 0.11587768244635108}}