{"P27833": {"Enrichment": 0.248255034899302, "Depletion": 0.751764964700706, "two-tailed": 0.496510069798604}}