{"P28248": {"Enrichment": 0.02611947761044779, "Depletion": 0.9739005219895602, "two-tailed": 0.05223895522089558}}