{"P28248": {"Enrichment": 0.9804003919921601, "Depletion": 0.019619607607847842, "two-tailed": 0.039239215215695684}}