{"P28306": {"Enrichment": 0.5132097358052838, "Depletion": 0.4868102637947241, "two-tailed": 0.9736205275894482}}