{"P28304": {"Enrichment": 0.5883082338353233, "Depletion": 0.4117117657646847, "two-tailed": 0.8234235315293694}}