{"P28306": {"Enrichment": 0.75882482350353, "Depletion": 0.24119517609647806, "two-tailed": 0.4823903521929561}}