{"P28304": {"Enrichment": 0.5401091978160437, "Depletion": 0.4599108017839643, "two-tailed": 0.9198216035679286}}