{"P28630": {"Enrichment": 0.9514409711805764, "Depletion": 0.04857902841943161, "two-tailed": 0.09715805683886322}}