{"P28631": {"Enrichment": 0.2269554608907822, "Depletion": 0.7730645387092259, "two-tailed": 0.4539109217815644}}