{"P28630": {"Enrichment": 0.8168236635267294, "Depletion": 0.18319633607327854, "two-tailed": 0.3663926721465571}}