{"P28629": {"Enrichment": 0.632367352652947, "Depletion": 0.36765264694706107, "two-tailed": 0.7353052938941221}}