{"P28631": {"Enrichment": 0.15413691726165477, "Depletion": 0.8458830823383532, "two-tailed": 0.30827383452330953}}