{"P28632": {"Enrichment": 0.7295054098918021, "Depletion": 0.27051458970820585, "two-tailed": 0.5410291794164117}}