{"P28629": {"Enrichment": 0.7079458410831784, "Depletion": 0.29207415851682966, "two-tailed": 0.5841483170336593}}