{"P28632": {"Enrichment": 0.7286254274914502, "Depletion": 0.27139457210855783, "two-tailed": 0.5427891442171157}}