{"P28905": {"Enrichment": 0.7693046139077219, "Depletion": 0.23071538569228617, "two-tailed": 0.46143077138457234}}