{"P29745": {"Enrichment": 0.8289434211315774, "Depletion": 0.17107657846843063, "two-tailed": 0.34215315693686127}}