{"P30014": {"Enrichment": 0.9491810163796724, "Depletion": 0.050838983220335594, "two-tailed": 0.10167796644067119}}