{"P30014": {"Enrichment": 0.9500209995800084, "Depletion": 0.0499990000199996, "two-tailed": 0.0999980000399992}}