{"P30178": {"Enrichment": 0.06713865722685547, "Depletion": 0.9328813423731526, "two-tailed": 0.13427731445371094}}