{"P30125": {"Enrichment": 0.11119777604447911, "Depletion": 0.8888222235555289, "two-tailed": 0.22239555208895823}}