{"P30177": {"Enrichment": 0.4619707605847883, "Depletion": 0.5380492390152197, "two-tailed": 0.9239415211695766}}