{"P30125": {"Enrichment": 0.5304493910121798, "Depletion": 0.46957060858782823, "two-tailed": 0.9391412171756565}}