{"P30138": {"Enrichment": 0.9727005459890802, "Depletion": 0.02731945361092778, "two-tailed": 0.05463890722185556}}