{"P30177": {"Enrichment": 0.3296134077318454, "Depletion": 0.6704065918681626, "two-tailed": 0.6592268154636908}}