{"P30130": {"Enrichment": 0.02775944481110378, "Depletion": 0.9722605547889043, "two-tailed": 0.05551888962220756}}