{"P30750": {"Enrichment": 0.35427291454170917, "Depletion": 0.6457470850582988, "two-tailed": 0.7085458290834183}}