{"P31057": {"Enrichment": 0.8158236835263295, "Depletion": 0.18419631607367853, "two-tailed": 0.36839263214735707}}