{"P31057": {"Enrichment": 0.8603627927441451, "Depletion": 0.1396572068558629, "two-tailed": 0.2793144137117258}}