{"P31434": {"Enrichment": 0.8028039439211215, "Depletion": 0.19721605567888642, "two-tailed": 0.39443211135777284}}