{"P31545": {"Enrichment": 0.16777664446711066, "Depletion": 0.8322433551328974, "two-tailed": 0.3355532889342213}}