{"P31545": {"Enrichment": 0.3210935781284374, "Depletion": 0.6789264214715706, "two-tailed": 0.6421871562568748}}