{"P31663": {"Enrichment": 0.42197156056878865, "Depletion": 0.5780484390312194, "two-tailed": 0.8439431211375773}}