{"P31663": {"Enrichment": 0.376212475750485, "Depletion": 0.623807523849523, "two-tailed": 0.75242495150097}}