{"P31697": {"Enrichment": 0.9550408991820164, "Depletion": 0.04497910041799164, "two-tailed": 0.08995820083598328}}