{"P31808": {"Enrichment": 0.3580928381432371, "Depletion": 0.6419271614567709, "two-tailed": 0.7161856762864742}}