{"P31808": {"Enrichment": 0.5779684406311874, "Depletion": 0.42205155896882063, "two-tailed": 0.8441031179376413}}