{"P32056": {"Enrichment": 0.02125957480850383, "Depletion": 0.9787604247915042, "two-tailed": 0.04251914961700766}}