{"P32056": {"Enrichment": 0.33495330093398135, "Depletion": 0.6650666986660266, "two-tailed": 0.6699066018679627}}