{"P32140": {"Enrichment": 0.2247955040899182, "Depletion": 0.7752244955100898, "two-tailed": 0.4495910081798364}}