{"P32170": {"Enrichment": 0.44291114177716445, "Depletion": 0.5571088578228436, "two-tailed": 0.8858222835543289}}