{"P32169": {"Enrichment": 0.34623307533849323, "Depletion": 0.6537869242615147, "two-tailed": 0.6924661506769865}}