{"P32170": {"Enrichment": 0.6818063638727225, "Depletion": 0.31821363572728545, "two-tailed": 0.6364272714545709}}