{"P32169": {"Enrichment": 0.005659886802263954, "Depletion": 0.9943601127977441, "two-tailed": 0.011319773604527909}}