{"P32664": {"Enrichment": 0.14387712245755085, "Depletion": 0.8561428771424572, "two-tailed": 0.2877542449151017}}