{"P32664": {"Enrichment": 0.7676846463070739, "Depletion": 0.23233535329293414, "two-tailed": 0.4646707065858683}}