{"P32719": {"Enrichment": 0.6775864482710345, "Depletion": 0.32243355132897344, "two-tailed": 0.6448671026579469}}