{"P32719": {"Enrichment": 0.09377812443751125, "Depletion": 0.9062418751624968, "two-tailed": 0.1875562488750225}}