{"P32717": {"Enrichment": 0.5482090358192836, "Depletion": 0.4518109637807244, "two-tailed": 0.9036219275614488}}