{"P32717": {"Enrichment": 0.42387152256954863, "Depletion": 0.5761484770304593, "two-tailed": 0.8477430451390973}}