{"P33025": {"Enrichment": 0.4025319493610128, "Depletion": 0.5974880502389952, "two-tailed": 0.8050638987220256}}