{"P33022": {"Enrichment": 0.26743465130697386, "Depletion": 0.7325853482930341, "two-tailed": 0.5348693026139477}}