{"P33022": {"Enrichment": 0.2654746905061899, "Depletion": 0.7345453090938181, "two-tailed": 0.5309493810123798}}