{"P33224": {"Enrichment": 0.26705465890682184, "Depletion": 0.7329653406931861, "two-tailed": 0.5341093178136437}}