{"P33221": {"Enrichment": 0.618847623047539, "Depletion": 0.38117237655246894, "two-tailed": 0.7623447531049379}}