{"P36673": {"Enrichment": 0.8153836923261535, "Depletion": 0.18463630727385452, "two-tailed": 0.36927261454770904}}