{"P36673": {"Enrichment": 0.6714265714685707, "Depletion": 0.3285934281314374, "two-tailed": 0.6571868562628748}}