{"P36767": {"Enrichment": 0.7060258794824104, "Depletion": 0.2939941201175976, "two-tailed": 0.5879882402351952}}