{"P37019": {"Enrichment": 0.8003639927201456, "Depletion": 0.1996560068798624, "two-tailed": 0.3993120137597248}}