{"P37095": {"Enrichment": 0.36685266294674107, "Depletion": 0.633167336653267, "two-tailed": 0.7337053258934821}}