{"P37351": {"Enrichment": 0.9036819263614728, "Depletion": 0.09633807323853523, "two-tailed": 0.19267614647707046}}