{"P37329": {"Enrichment": 0.9638407231855363, "Depletion": 0.03617927641447171, "two-tailed": 0.07235855282894342}}