{"P37351": {"Enrichment": 0.994160116797664, "Depletion": 0.005859882802343953, "two-tailed": 0.011719765604687906}}