{"P37329": {"Enrichment": 0.9873602527949441, "Depletion": 0.012659746805063899, "two-tailed": 0.025319493610127797}}