{"P37672": {"Enrichment": 0.1377772444551109, "Depletion": 0.8622427551448971, "two-tailed": 0.2755544889102218}}