{"P37690": {"Enrichment": 0.15859682806343872, "Depletion": 0.8414231715365693, "two-tailed": 0.31719365612687744}}