{"P37747": {"Enrichment": 0.7417451650966981, "Depletion": 0.25827483450330996, "two-tailed": 0.5165496690066199}}