{"P37765": {"Enrichment": 0.04119917601647967, "Depletion": 0.9588208235835284, "two-tailed": 0.08239835203295934}}