{"P37744": {"Enrichment": 0.1751364972700546, "Depletion": 0.8248835023299534, "two-tailed": 0.3502729945401092}}