{"P37765": {"Enrichment": 0.4887502249955001, "Depletion": 0.511269774604508, "two-tailed": 0.9775004499910002}}