{"P38054": {"Enrichment": 0.07557848843023139, "Depletion": 0.9244415111697766, "two-tailed": 0.15115697686046278}}