{"P38054": {"Enrichment": 0.07679846403071938, "Depletion": 0.9232215355692887, "two-tailed": 0.15359692806143876}}