{"P38134": {"Enrichment": 0.126697466050679, "Depletion": 0.873322533549329, "two-tailed": 0.253394932101358}}