{"P38134": {"Enrichment": 0.124197516049679, "Depletion": 0.875822483550329, "two-tailed": 0.248395032099358}}