{"P38489": {"Enrichment": 0.4833703325933481, "Depletion": 0.5166496670066598, "two-tailed": 0.9667406651866962}}