{"P39377": {"Enrichment": 0.08189836203275934, "Depletion": 0.9181216375672486, "two-tailed": 0.16379672406551868}}