{"P39371": {"Enrichment": 0.4285314293714126, "Depletion": 0.5714885702285954, "two-tailed": 0.8570628587428252}}