{"P39346": {"Enrichment": 0.9280214395712085, "Depletion": 0.07199856002879942, "two-tailed": 0.14399712005759885}}