{"P39346": {"Enrichment": 0.9191416171676566, "Depletion": 0.08087838243235135, "two-tailed": 0.1617567648647027}}