{"P39367": {"Enrichment": 0.376032479350413, "Depletion": 0.623987520249595, "two-tailed": 0.752064958700826}}