{"P39304": {"Enrichment": 0.8085238295234095, "Depletion": 0.19149617007659847, "two-tailed": 0.38299234015319694}}