{"P39353": {"Enrichment": 0.004219915601687966, "Depletion": 0.99580008399832, "two-tailed": 0.008439831203375932}}