{"P39304": {"Enrichment": 0.8076038479230415, "Depletion": 0.19241615167696646, "two-tailed": 0.3848323033539329}}