{"P39377": {"Enrichment": 0.125317493650127, "Depletion": 0.874702505949881, "two-tailed": 0.250634987300254}}