{"P39333": {"Enrichment": 0.6557268854622907, "Depletion": 0.34429311413771724, "two-tailed": 0.6885862282754345}}