{"P39333": {"Enrichment": 0.6489070218595628, "Depletion": 0.3511129777404452, "two-tailed": 0.7022259554808904}}