{"P39451": {"Enrichment": 0.7213455730885382, "Depletion": 0.2786744265114698, "two-tailed": 0.5573488530229396}}