{"P39830": {"Enrichment": 0.41553168936621265, "Depletion": 0.5844883102337953, "two-tailed": 0.8310633787324253}}