{"P39830": {"Enrichment": 0.4824503509929801, "Depletion": 0.5175696486070278, "two-tailed": 0.9649007019859602}}