{"P40191": {"Enrichment": 0.05489890202195956, "Depletion": 0.9451210975780484, "two-tailed": 0.10979780404391912}}