{"P40191": {"Enrichment": 0.05523889522209556, "Depletion": 0.9447811043779124, "two-tailed": 0.11047779044419112}}