{"P41409": {"Enrichment": 0.07323853522929541, "Depletion": 0.9267814643707126, "two-tailed": 0.14647707045859082}}