{"P41409": {"Enrichment": 0.2634547309053819, "Depletion": 0.7365652686946261, "two-tailed": 0.5269094618107638}}