{"P42588": {"Enrichment": 0.4327513449731005, "Depletion": 0.5672686546269075, "two-tailed": 0.865502689946201}}