{"P42588": {"Enrichment": 0.2011359772804544, "Depletion": 0.7988840223195536, "two-tailed": 0.4022719545609088}}