{"P42620": {"Enrichment": 0.6718065638687226, "Depletion": 0.32821343573128536, "two-tailed": 0.6564268714625707}}