{"P42907": {"Enrichment": 0.23071538569228617, "Depletion": 0.7693046139077219, "two-tailed": 0.46143077138457234}}