{"P42907": {"Enrichment": 0.23185536289274214, "Depletion": 0.7681646367072659, "two-tailed": 0.4637107257854843}}