{"P45395": {"Enrichment": 0.7264854702905942, "Depletion": 0.2735345293094138, "two-tailed": 0.5470690586188276}}