{"P45470": {"Enrichment": 0.8013039739205216, "Depletion": 0.1987160256794864, "two-tailed": 0.3974320513589728}}