{"P45563": {"Enrichment": 0.46769064618707623, "Depletion": 0.5323293534129317, "two-tailed": 0.9353812923741525}}