{"P45799": {"Enrichment": 0.5729885402291954, "Depletion": 0.4270314593708126, "two-tailed": 0.8540629187416252}}