{"P45748": {"Enrichment": 0.1996360072798544, "Depletion": 0.8003839923201536, "two-tailed": 0.3992720145597088}}