{"P45748": {"Enrichment": 0.29469410611787766, "Depletion": 0.7053258934821304, "two-tailed": 0.5893882122357553}}