{"P46859": {"Enrichment": 0.2753744925101498, "Depletion": 0.7246455070898582, "two-tailed": 0.5507489850202996}}