{"P46883": {"Enrichment": 0.08135837283254335, "Depletion": 0.9186616267674647, "two-tailed": 0.1627167456650867}}