{"P46859": {"Enrichment": 0.5189496210075798, "Depletion": 0.4810703785924281, "two-tailed": 0.9621407571848563}}