{"P46883": {"Enrichment": 0.033999320013599725, "Depletion": 0.9660206795864082, "two-tailed": 0.06799864002719945}}