{"P50457": {"Enrichment": 0.10975780484390313, "Depletion": 0.8902621947561049, "two-tailed": 0.21951560968780626}}