{"P50457": {"Enrichment": 0.04011919761604768, "Depletion": 0.9599008019839603, "two-tailed": 0.08023839523209536}}