{"P52086": {"Enrichment": 0.36189276214475713, "Depletion": 0.6381272374552509, "two-tailed": 0.7237855242895143}}