{"P52086": {"Enrichment": 0.4918301633967321, "Depletion": 0.508189836203276, "two-tailed": 0.9836603267934642}}