{"P52643": {"Enrichment": 0.740665186696266, "Depletion": 0.2593548129037419, "two-tailed": 0.5187096258074838}}