{"P52643": {"Enrichment": 0.8226235475290494, "Depletion": 0.17739645207095858, "two-tailed": 0.35479290414191716}}