{"P60061": {"Enrichment": 0.9702605947881042, "Depletion": 0.029759404811903763, "two-tailed": 0.059518809623807525}}