{"P60438": {"Enrichment": 0.8695826083478331, "Depletion": 0.13043739125217496, "two-tailed": 0.2608747825043499}}