{"P60438": {"Enrichment": 0.8014839703205936, "Depletion": 0.1985360292794144, "two-tailed": 0.3970720585588288}}