{"P60723": {"Enrichment": 0.33003339933201337, "Depletion": 0.6699866002679946, "two-tailed": 0.6600667986640267}}