{"P60723": {"Enrichment": 0.32981340373192536, "Depletion": 0.6702065958680826, "two-tailed": 0.6596268074638507}}