{"P61175": {"Enrichment": 0.4564908701825964, "Depletion": 0.5435291294174116, "two-tailed": 0.9129817403651928}}