{"P61175": {"Enrichment": 0.4468310633787324, "Depletion": 0.5531889362212756, "two-tailed": 0.8936621267574648}}