{"P61316": {"Enrichment": 0.3121337573248535, "Depletion": 0.6878862422751545, "two-tailed": 0.624267514649707}}