{"P61316": {"Enrichment": 0.3124937501249975, "Depletion": 0.6875262494750105, "two-tailed": 0.624987500249995}}