{"P61887": {"Enrichment": 0.24189516209675807, "Depletion": 0.7581248375032499, "two-tailed": 0.48379032419351614}}