{"P61889": {"Enrichment": 0.12223755524889503, "Depletion": 0.877782444351113, "two-tailed": 0.24447511049779005}}