{"P61889": {"Enrichment": 0.20265594688106237, "Depletion": 0.7973640527189456, "two-tailed": 0.40531189376212473}}