{"P61949": {"Enrichment": 0.6455870882582349, "Depletion": 0.3544329113417732, "two-tailed": 0.7088658226835464}}