{"P62615": {"Enrichment": 0.6891262174756505, "Depletion": 0.31089378212435753, "two-tailed": 0.6217875642487151}}