{"P62623": {"Enrichment": 0.4029319413611728, "Depletion": 0.5970880582388353, "two-tailed": 0.8058638827223455}}