{"P62615": {"Enrichment": 0.6960260794784104, "Depletion": 0.3039939201215976, "two-tailed": 0.6079878402431952}}