{"P62623": {"Enrichment": 0.5801883962320754, "Depletion": 0.4198316033679326, "two-tailed": 0.8396632067358653}}