{"P63284": {"Enrichment": 0.17133657326853463, "Depletion": 0.8286834263314734, "two-tailed": 0.34267314653706926}}