{"P63284": {"Enrichment": 0.2704345913081738, "Depletion": 0.7295854082918342, "two-tailed": 0.5408691826163476}}