{"P63386": {"Enrichment": 0.8312433751324974, "Depletion": 0.16877662446751066, "two-tailed": 0.3375532489350213}}