{"P63386": {"Enrichment": 0.8156436871262575, "Depletion": 0.18437631247375053, "two-tailed": 0.36875262494750105}}