{"P63746": {"Enrichment": 0.045499090018199635, "Depletion": 0.9545209095818084, "two-tailed": 0.09099818003639927}}