{"P63746": {"Enrichment": 0.04845903081938361, "Depletion": 0.9515609687806243, "two-tailed": 0.09691806163876722}}