{"P64461": {"Enrichment": 0.3871722565548689, "Depletion": 0.6128477430451391, "two-tailed": 0.7743445131097378}}