{"P64604": {"Enrichment": 0.47189056218875625, "Depletion": 0.5281294374112517, "two-tailed": 0.9437811243775125}}