{"P64604": {"Enrichment": 0.4747305053898922, "Depletion": 0.5252894942101158, "two-tailed": 0.9494610107797844}}