{"P66817": {"Enrichment": 0.7305053898922022, "Depletion": 0.26951460970780583, "two-tailed": 0.5390292194156117}}