{"P66817": {"Enrichment": 0.7241255174896503, "Depletion": 0.2758944821103578, "two-tailed": 0.5517889642207155}}