{"P66899": {"Enrichment": 0.9418011639767204, "Depletion": 0.058218835623287536, "two-tailed": 0.11643767124657507}}