{"P66948": {"Enrichment": 0.6329873402531949, "Depletion": 0.36703265934681306, "two-tailed": 0.7340653186936261}}