{"P67087": {"Enrichment": 0.5786684266314673, "Depletion": 0.42135157296854064, "two-tailed": 0.8427031459370813}}