{"P67087": {"Enrichment": 0.5290494190116197, "Depletion": 0.47097058058838825, "two-tailed": 0.9419411611767765}}