{"P67095": {"Enrichment": 0.5531689366212675, "Depletion": 0.44685106297874044, "two-tailed": 0.8937021259574809}}