{"P67910": {"Enrichment": 0.38699226015479693, "Depletion": 0.613027739445211, "two-tailed": 0.7739845203095939}}