{"P67910": {"Enrichment": 0.3874922501549969, "Depletion": 0.6125277494450111, "two-tailed": 0.7749845003099938}}