{"P68187": {"Enrichment": 0.7098858022839544, "Depletion": 0.29013419731605367, "two-tailed": 0.5802683946321073}}