{"P68767": {"Enrichment": 0.624087518249635, "Depletion": 0.375932481350373, "two-tailed": 0.751864962700746}}