{"P68767": {"Enrichment": 0.28225435491290174, "Depletion": 0.7177656446871062, "two-tailed": 0.5645087098258035}}