{"P69488": {"Enrichment": 0.7924841503169937, "Depletion": 0.20753584928301433, "two-tailed": 0.41507169856602866}}