{"P69488": {"Enrichment": 0.02009959800803984, "Depletion": 0.9799204015919681, "two-tailed": 0.04019919601607968}}