{"P69503": {"Enrichment": 0.14695706085878282, "Depletion": 0.8530629387412252, "two-tailed": 0.29391412171756565}}