{"P69681": {"Enrichment": 0.878482430351393, "Depletion": 0.12153756924861503, "two-tailed": 0.24307513849723006}}