{"P69681": {"Enrichment": 0.878462430751385, "Depletion": 0.12155756884862302, "two-tailed": 0.24311513769724605}}