{"P69741": {"Enrichment": 0.21353572928541428, "Depletion": 0.7864842703145937, "two-tailed": 0.42707145857082857}}