{"P69741": {"Enrichment": 0.2129957400851983, "Depletion": 0.7870242595148097, "two-tailed": 0.4259914801703966}}