{"P69739": {"Enrichment": 0.49533009339813205, "Depletion": 0.5046899062018759, "two-tailed": 0.9906601867962641}}