{"P69783": {"Enrichment": 0.14247715045699086, "Depletion": 0.8575428491430171, "two-tailed": 0.2849543009139817}}