{"P69829": {"Enrichment": 0.993160136797264, "Depletion": 0.0068598628027439455, "two-tailed": 0.013719725605487891}}