{"P69902": {"Enrichment": 0.9156816863662727, "Depletion": 0.08433831323373532, "two-tailed": 0.16867662646747064}}