{"P69902": {"Enrichment": 0.39601207975840486, "Depletion": 0.6040079198416032, "two-tailed": 0.7920241595168097}}