{"P69922": {"Enrichment": 0.7915841683166337, "Depletion": 0.20843583128337434, "two-tailed": 0.4168716625667487}}