{"P69908": {"Enrichment": 0.1394572108557829, "Depletion": 0.8605627887442251, "two-tailed": 0.2789144217115658}}