{"P69922": {"Enrichment": 0.8596428071438571, "Depletion": 0.14037719245615088, "two-tailed": 0.28075438491230176}}