{"P69910": {"Enrichment": 0.34605307893842124, "Depletion": 0.6539669206615868, "two-tailed": 0.6921061578768425}}