{"P69908": {"Enrichment": 0.08281834363312733, "Depletion": 0.9172016559668806, "two-tailed": 0.16563668726625466}}