{"P69910": {"Enrichment": 0.3958920821583568, "Depletion": 0.6041279174416512, "two-tailed": 0.7917841643167136}}