{"P69924": {"Enrichment": 0.31781364372712545, "Depletion": 0.6822063558728826, "two-tailed": 0.6356272874542509}}