{"P75682": {"Enrichment": 0.7919641607167857, "Depletion": 0.20805583888322235, "two-tailed": 0.4161116777664447}}