{"P75682": {"Enrichment": 0.46939061218775624, "Depletion": 0.5306293874122517, "two-tailed": 0.9387812243755125}}