{"P75876": {"Enrichment": 0.4575708485830283, "Depletion": 0.5424491510169797, "two-tailed": 0.9151416971660566}}