{"P75830": {"Enrichment": 0.2604147917041659, "Depletion": 0.739605207895842, "two-tailed": 0.5208295834083319}}