{"P75838": {"Enrichment": 0.7212055758884822, "Depletion": 0.27881442371152576, "two-tailed": 0.5576288474230515}}