{"P75820": {"Enrichment": 0.6370272594548109, "Depletion": 0.3629927401451971, "two-tailed": 0.7259854802903942}}