{"P75838": {"Enrichment": 0.7000659986800264, "Depletion": 0.2999540009199816, "two-tailed": 0.5999080018399632}}