{"P75876": {"Enrichment": 0.4520909581808364, "Depletion": 0.5479290414191716, "two-tailed": 0.9041819163616728}}