{"P75820": {"Enrichment": 0.6563268734625307, "Depletion": 0.34369312613747727, "two-tailed": 0.6873862522749545}}