{"P75823": {"Enrichment": 0.41885162296754064, "Depletion": 0.5811683766324673, "two-tailed": 0.8377032459350813}}