{"P75823": {"Enrichment": 0.39247215055698886, "Depletion": 0.6075478490430192, "two-tailed": 0.7849443011139777}}