{"P75931": {"Enrichment": 0.08997820043599128, "Depletion": 0.9100417991640167, "two-tailed": 0.17995640087198256}}