{"P75931": {"Enrichment": 0.12863742725145497, "Depletion": 0.871382572348553, "two-tailed": 0.25727485450290993}}