{"P75960": {"Enrichment": 0.5240895182096358, "Depletion": 0.4759304813903722, "two-tailed": 0.9518609627807444}}