{"P76016": {"Enrichment": 0.29435411291774166, "Depletion": 0.7056658866822664, "two-tailed": 0.5887082258354833}}