{"P76049": {"Enrichment": 0.3001539969200616, "Depletion": 0.6998660026799464, "two-tailed": 0.6003079938401232}}