{"P76083": {"Enrichment": 0.3664326713465731, "Depletion": 0.6335873282534349, "two-tailed": 0.7328653426931462}}