{"P76015": {"Enrichment": 0.40815183696326074, "Depletion": 0.5918681626367472, "two-tailed": 0.8163036739265215}}