{"P76077": {"Enrichment": 0.48407031859362815, "Depletion": 0.5159496810063798, "two-tailed": 0.9681406371872563}}