{"P76079": {"Enrichment": 0.27435451290974183, "Depletion": 0.7256654866902662, "two-tailed": 0.5487090258194837}}