{"P76077": {"Enrichment": 0.4758304833903322, "Depletion": 0.5241895162096758, "two-tailed": 0.9516609667806644}}