{"P76044": {"Enrichment": 0.6945461090778184, "Depletion": 0.30547389052218954, "two-tailed": 0.6109477810443791}}