{"P76049": {"Enrichment": 0.33329333413331735, "Depletion": 0.6667266654666907, "two-tailed": 0.6665866682666347}}