{"P76143": {"Enrichment": 0.4255514889702206, "Depletion": 0.5744685106297874, "two-tailed": 0.8511029779404412}}