{"P76141": {"Enrichment": 0.19659606807863841, "Depletion": 0.8034239315213696, "two-tailed": 0.39319213615727683}}