{"P76143": {"Enrichment": 0.622847543049139, "Depletion": 0.377172456550869, "two-tailed": 0.754344913101738}}