{"P76187": {"Enrichment": 0.750744985100298, "Depletion": 0.24927501449971, "two-tailed": 0.49855002899942}}