{"P76187": {"Enrichment": 0.6677466450670987, "Depletion": 0.33227335453290935, "two-tailed": 0.6645467090658187}}