{"P76272": {"Enrichment": 0.3250534989300214, "Depletion": 0.6749665006699866, "two-tailed": 0.6501069978600428}}