{"P76216": {"Enrichment": 0.06819863602727945, "Depletion": 0.9318213635727286, "two-tailed": 0.1363972720545589}}