{"P76216": {"Enrichment": 0.07401851962960741, "Depletion": 0.9260014799704006, "two-tailed": 0.14803703925921483}}