{"P76290": {"Enrichment": 0.6170876582468351, "Depletion": 0.38293234135317294, "two-tailed": 0.7658646827063459}}