{"P76256": {"Enrichment": 0.7926841463170736, "Depletion": 0.20733585328293433, "two-tailed": 0.41467170656586866}}