{"P76256": {"Enrichment": 0.7942041159176817, "Depletion": 0.20581588368232637, "two-tailed": 0.41163176736465273}}