{"P76272": {"Enrichment": 0.5165496690066199, "Depletion": 0.4834703305933881, "two-tailed": 0.9669406611867762}}