{"P76329": {"Enrichment": 0.10807783844323114, "Depletion": 0.8919421611567768, "two-tailed": 0.21615567688646228}}