{"P76318": {"Enrichment": 0.08213835723285534, "Depletion": 0.9178816423671526, "two-tailed": 0.16427671446571068}}