{"P76329": {"Enrichment": 0.29461410771784563, "Depletion": 0.7054058918821624, "two-tailed": 0.5892282154356913}}