{"P76458": {"Enrichment": 0.29495410091798163, "Depletion": 0.7050658986820264, "two-tailed": 0.5899082018359633}}