{"P76469": {"Enrichment": 0.9657606847863043, "Depletion": 0.03425931481370373, "two-tailed": 0.06851862962740746}}