{"P76469": {"Enrichment": 0.4735105297894042, "Depletion": 0.5265094698106038, "two-tailed": 0.9470210595788084}}