{"P76459": {"Enrichment": 0.027199456010879784, "Depletion": 0.9728205435891282, "two-tailed": 0.05439891202175957}}