{"P76459": {"Enrichment": 0.11369772604547909, "Depletion": 0.8863222735545289, "two-tailed": 0.22739545209095818}}