{"P76458": {"Enrichment": 0.18029639407211856, "Depletion": 0.8197236055278895, "two-tailed": 0.3605927881442371}}