{"P76461": {"Enrichment": 0.8516029679406412, "Depletion": 0.14841703165936682, "two-tailed": 0.29683406331873363}}