{"P76524": {"Enrichment": 0.13151736965260694, "Depletion": 0.868502629947401, "two-tailed": 0.26303473930521387}}