{"P76518": {"Enrichment": 0.38207235855282895, "Depletion": 0.617947641047179, "two-tailed": 0.7641447171056579}}