{"P76518": {"Enrichment": 0.09881802363952721, "Depletion": 0.9012019759604808, "two-tailed": 0.19763604727905443}}