{"P76524": {"Enrichment": 0.13097738045239096, "Depletion": 0.869042619147617, "two-tailed": 0.2619547609047819}}