{"P76641": {"Enrichment": 0.3962120757584848, "Depletion": 0.6038079238415232, "two-tailed": 0.7924241515169697}}