{"P76641": {"Enrichment": 0.4759504809903802, "Depletion": 0.5240695186096278, "two-tailed": 0.9519009619807604}}