{"P76632": {"Enrichment": 0.6117077658446831, "Depletion": 0.3883122337553249, "two-tailed": 0.7766244675106498}}