{"P76632": {"Enrichment": 0.6077878442431152, "Depletion": 0.3922321553568929, "two-tailed": 0.7844643107137858}}