{"P77044": {"Enrichment": 0.2666146677066459, "Depletion": 0.7334053318933621, "two-tailed": 0.5332293354132918}}