{"P77173": {"Enrichment": 0.1383972320553589, "Depletion": 0.8616227675446491, "two-tailed": 0.2767944641107178}}