{"P77173": {"Enrichment": 0.26825463490730184, "Depletion": 0.7317653646927061, "two-tailed": 0.5365092698146037}}