{"P77239": {"Enrichment": 0.7001459970800584, "Depletion": 0.2998740025199496, "two-tailed": 0.5997480050398992}}