{"P77243": {"Enrichment": 0.626407471850563, "Depletion": 0.37361252774944503, "two-tailed": 0.7472250554988901}}