{"P77212": {"Enrichment": 0.9943401131977361, "Depletion": 0.005679886402271955, "two-tailed": 0.01135977280454391}}