{"P77243": {"Enrichment": 0.626267474650507, "Depletion": 0.373752524949501, "two-tailed": 0.747505049899002}}