{"P77295": {"Enrichment": 0.998160036799264, "Depletion": 0.0018599628007439852, "two-tailed": 0.0037199256014879703}}