{"P77239": {"Enrichment": 0.45743085138297235, "Depletion": 0.5425891482170356, "two-tailed": 0.9148617027659447}}