{"P77212": {"Enrichment": 0.999280014399712, "Depletion": 0.0007399852002959941, "two-tailed": 0.0014799704005919881}}