{"P77368": {"Enrichment": 0.8285034299314014, "Depletion": 0.17151656966860662, "two-tailed": 0.34303313933721324}}