{"P77398": {"Enrichment": 0.8235435291294174, "Depletion": 0.1764764704705906, "two-tailed": 0.3529529409411812}}