{"P77324": {"Enrichment": 0.26939461210775784, "Depletion": 0.7306253874922501, "two-tailed": 0.5387892242155157}}