{"P77398": {"Enrichment": 0.8008639827203456, "Depletion": 0.19915601687966242, "two-tailed": 0.39831203375932484}}