{"P77324": {"Enrichment": 0.21867562648747024, "Depletion": 0.7813443731125378, "two-tailed": 0.4373512529749405}}