{"P77499": {"Enrichment": 0.3270534589308214, "Depletion": 0.6729665406691866, "two-tailed": 0.6541069178616428}}