{"P77454": {"Enrichment": 0.7165856682866343, "Depletion": 0.28343433131337376, "two-tailed": 0.5668686626267475}}