{"P77425": {"Enrichment": 0.6850262994740105, "Depletion": 0.3149937001259975, "two-tailed": 0.629987400251995}}