{"P77455": {"Enrichment": 0.9949201015979681, "Depletion": 0.00509989800203996, "two-tailed": 0.01019979600407992}}