{"P77499": {"Enrichment": 0.3616327673446531, "Depletion": 0.6383872322553549, "two-tailed": 0.7232655346893062}}