{"P77485": {"Enrichment": 0.863922721545569, "Depletion": 0.1360972780544389, "two-tailed": 0.2721945561088778}}