{"P77485": {"Enrichment": 0.8627627447451051, "Depletion": 0.1372572548549029, "two-tailed": 0.2745145097098058}}