{"P77454": {"Enrichment": 0.7128057438851223, "Depletion": 0.2872142557148857, "two-tailed": 0.5744285114297714}}