{"P77425": {"Enrichment": 0.03911921761564769, "Depletion": 0.9609007819843604, "two-tailed": 0.07823843523129538}}