{"P77432": {"Enrichment": 0.11411771764564708, "Depletion": 0.8859022819543609, "two-tailed": 0.22823543529129417}}