{"P77541": {"Enrichment": 0.0251394972100558, "Depletion": 0.9748805023899522, "two-tailed": 0.0502789944201116}}