{"P77541": {"Enrichment": 0.35655286894262117, "Depletion": 0.6434671306573868, "two-tailed": 0.7131057378852423}}