{"P77555": {"Enrichment": 0.3423731525369493, "Depletion": 0.6576468470630588, "two-tailed": 0.6847463050738986}}