{"P77674": {"Enrichment": 0.9495210095798085, "Depletion": 0.05049899002019959, "two-tailed": 0.10099798004039919}}