{"P77608": {"Enrichment": 0.6737465250694986, "Depletion": 0.32627347453050937, "two-tailed": 0.6525469490610187}}