{"P77674": {"Enrichment": 0.9614807703845923, "Depletion": 0.03853922921541569, "two-tailed": 0.07707845843083139}}