{"P77667": {"Enrichment": 0.0055998880022399555, "Depletion": 0.994420111597768, "two-tailed": 0.011199776004479911}}