{"P77667": {"Enrichment": 0.36921261574768505, "Depletion": 0.6308073838523229, "two-tailed": 0.7384252314953701}}