{"P77731": {"Enrichment": 0.7725245495090098, "Depletion": 0.22749545009099817, "two-tailed": 0.45499090018199634}}