{"P77806": {"Enrichment": 0.3647927041459171, "Depletion": 0.635227295454091, "two-tailed": 0.7295854082918342}}