{"P77806": {"Enrichment": 0.36657266854662907, "Depletion": 0.6334473310533789, "two-tailed": 0.7331453370932581}}