{"P78055": {"Enrichment": 0.5718685626287474, "Depletion": 0.42815143697126057, "two-tailed": 0.8563028739425211}}