{"P78067": {"Enrichment": 0.3875522489550209, "Depletion": 0.6124677506449872, "two-tailed": 0.7751044979100418}}