{"Q46898": {"Enrichment": 0.03437931241375172, "Depletion": 0.9656406871862563, "two-tailed": 0.06875862482750345}}