{"Q46856": {"Enrichment": 0.12855742885142296, "Depletion": 0.871462570748585, "two-tailed": 0.2571148577028459}}