{"Q46845": {"Enrichment": 0.6891862162756744, "Depletion": 0.31083378332433353, "two-tailed": 0.6216675666486671}}