{"Q46822": {"Enrichment": 0.3910721785564289, "Depletion": 0.6089478210435791, "two-tailed": 0.7821443571128578}}