{"Q46899": {"Enrichment": 0.622627547449051, "Depletion": 0.37739245215095696, "two-tailed": 0.7547849043019139}}