{"Q46822": {"Enrichment": 0.39007219855602887, "Depletion": 0.6099478010439792, "two-tailed": 0.7801443971120577}}