{"Q46898": {"Enrichment": 0.15381692366152677, "Depletion": 0.8462030759384812, "two-tailed": 0.30763384732305354}}