{"Q46845": {"Enrichment": 0.6914661706765864, "Depletion": 0.30855382892342154, "two-tailed": 0.6171076578468431}}