{"Q46948": {"Enrichment": 0.45245095098098037, "Depletion": 0.5475690486190277, "two-tailed": 0.9049019019619607}}