{"Q46938": {"Enrichment": 0.500729985400292, "Depletion": 0.499290014199716, "two-tailed": 0.998580028399432}}