{"Q46925": {"Enrichment": 0.03231935361292774, "Depletion": 0.9677006459870803, "two-tailed": 0.06463870722585548}}