{"Q46938": {"Enrichment": 0.39287214255714886, "Depletion": 0.6071478570428591, "two-tailed": 0.7857442851142977}}