{"Q46901": {"Enrichment": 0.32735345293094137, "Depletion": 0.6726665466690667, "two-tailed": 0.6547069058618827}}