{"Q46915": {"Enrichment": 0.9687206255874883, "Depletion": 0.03129937401251975, "two-tailed": 0.0625987480250395}}