{"Q46915": {"Enrichment": 0.9575808483830324, "Depletion": 0.04243915121697566, "two-tailed": 0.08487830243395132}}