{"Q46925": {"Enrichment": 0.021679566408671826, "Depletion": 0.9783404331913361, "two-tailed": 0.04335913281734365}}