{"Q47083": {"Enrichment": 0.35811283774324515, "Depletion": 0.6419071618567629, "two-tailed": 0.7162256754864903}}