{"Q47083": {"Enrichment": 0.6594468110637787, "Depletion": 0.34057318853622925, "two-tailed": 0.6811463770724585}}