{"Q47208": {"Enrichment": 0.33357332853342936, "Depletion": 0.6664466710665786, "two-tailed": 0.6671466570668587}}