{"Q47208": {"Enrichment": 0.2130157396852063, "Depletion": 0.7870042599148017, "two-tailed": 0.4260314793704126}}