{"P00410": {"Enrichment": 0.35741285174296517, "Depletion": 0.6426071478570429, "two-tailed": 0.7148257034859303}}