{"P00817": {"Enrichment": 0.07147857042859143, "Depletion": 0.9285414291714166, "two-tailed": 0.14295714085718286}}