{"P01123": {"Enrichment": 0.05069898602027959, "Depletion": 0.9493210135797284, "two-tailed": 0.10139797204055918}}