{"P06169": {"Enrichment": 0.7770444591108178, "Depletion": 0.22297554048919022, "two-tailed": 0.44595108097838043}}