{"P07271": {"Enrichment": 0.2609547809043819, "Depletion": 0.7390652186956261, "two-tailed": 0.5219095618087638}}