{"P07285": {"Enrichment": 0.3349333013339733, "Depletion": 0.6650866982660347, "two-tailed": 0.6698666026679466}}