{"P07342": {"Enrichment": 0.5809283814323714, "Depletion": 0.4190916181676366, "two-tailed": 0.8381832363352733}}