{"P07884": {"Enrichment": 0.006999860002799944, "Depletion": 0.993020139597208, "two-tailed": 0.013999720005599889}}