{"P08518": {"Enrichment": 0.5251094978100438, "Depletion": 0.4749105017899642, "two-tailed": 0.9498210035799284}}