{"P09959": {"Enrichment": 0.11733765324693506, "Depletion": 0.882682346353073, "two-tailed": 0.2346753064938701}}