{"P11484": {"Enrichment": 0.5747685046299074, "Depletion": 0.4252514949701006, "two-tailed": 0.8505029899402012}}