{"P12689": {"Enrichment": 0.629167416651667, "Depletion": 0.37085258294834106, "two-tailed": 0.7417051658966821}}