{"P13045": {"Enrichment": 0.4517509649807004, "Depletion": 0.5482690346193076, "two-tailed": 0.9035019299614008}}