{"P14242": {"Enrichment": 0.7188456230875383, "Depletion": 0.28117437651246974, "two-tailed": 0.5623487530249395}}