{"P14904": {"Enrichment": 0.11803763924721505, "Depletion": 0.881982360352793, "two-tailed": 0.2360752784944301}}