{"P15303": {"Enrichment": 0.9299214015719686, "Depletion": 0.07009859802803944, "two-tailed": 0.1401971960560789}}