{"P16892": {"Enrichment": 0.7674646507069859, "Depletion": 0.23255534889302215, "two-tailed": 0.4651106977860443}}