{"P17157": {"Enrichment": 0.45857082858342835, "Depletion": 0.5414491710165796, "two-tailed": 0.9171416571668567}}