{"P17119": {"Enrichment": 0.9263014739705205, "Depletion": 0.07371852562948741, "two-tailed": 0.14743705125897483}}