{"P21243": {"Enrichment": 0.17891642167156657, "Depletion": 0.8211035779284415, "two-tailed": 0.35783284334313314}}