{"P32179": {"Enrichment": 0.9865602687946241, "Depletion": 0.013459730805383893, "two-tailed": 0.026919461610767786}}