{"P32379": {"Enrichment": 0.8703625927481451, "Depletion": 0.12965740685186297, "two-tailed": 0.25931481370372594}}