{"P32477": {"Enrichment": 0.386961303869613, "Depletion": 0.6131386861313869, "two-tailed": 0.773922607739226}}