{"P32589": {"Enrichment": 0.05441891162176756, "Depletion": 0.9456010879782404, "two-tailed": 0.10883782324353512}}