{"P38111": {"Enrichment": 0.40763184736305275, "Depletion": 0.5923881522369553, "two-tailed": 0.8152636947261055}}