{"P38624": {"Enrichment": 0.33451330973380533, "Depletion": 0.6655066898662026, "two-tailed": 0.6690266194676107}}