{"P38698": {"Enrichment": 0.9592408151836963, "Depletion": 0.040779184416311676, "two-tailed": 0.08155836883262335}}