{"P38636": {"Enrichment": 0.9574008519829603, "Depletion": 0.04261914761704766, "two-tailed": 0.08523829523409532}}