{"P39077": {"Enrichment": 0.994820103597928, "Depletion": 0.0051998960020799585, "two-tailed": 0.010399792004159917}}