{"P51996": {"Enrichment": 0.17097658046839062, "Depletion": 0.8290434191316174, "two-tailed": 0.34195316093678124}}