{"P53043": {"Enrichment": 0.16717665646687066, "Depletion": 0.8328433431331373, "two-tailed": 0.3343533129337413}}