{"P54860": {"Enrichment": 0.13537729245415092, "Depletion": 0.8646427071458571, "two-tailed": 0.27075458490830184}}