{"P80428": {"Enrichment": 0.9779404411911762, "Depletion": 0.02207955840883182, "two-tailed": 0.04415911681766364}}