{"Q03034": {"Enrichment": 0.20675586488270234, "Depletion": 0.7932641347173056, "two-tailed": 0.4135117297654047}}