{"Q04049": {"Enrichment": 0.09313813723725525, "Depletion": 0.9068818623627527, "two-tailed": 0.1862762744745105}}