{"Q04178": {"Enrichment": 0.37819243615127696, "Depletion": 0.621827563448731, "two-tailed": 0.7563848723025539}}