{"Q04371": {"Enrichment": 0.1002379952400952, "Depletion": 0.8997820043599128, "two-tailed": 0.2004759904801904}}