{"Q04673": {"Enrichment": 0.43495130097398055, "Depletion": 0.5650686986260275, "two-tailed": 0.8699026019479611}}