{"Q07478": {"Enrichment": 0.9890002199956001, "Depletion": 0.011019779604407911, "two-tailed": 0.022039559208815823}}