{"Q08220": {"Enrichment": 0.008299834003319934, "Depletion": 0.9917201655966881, "two-tailed": 0.016599668006639867}}