{"Q08685": {"Enrichment": 0.8498230035399292, "Depletion": 0.1501969960600788, "two-tailed": 0.3003939921201576}}