{"Q12178": {"Enrichment": 0.03423931521369573, "Depletion": 0.9657806843863123, "two-tailed": 0.06847863042739145}}