{"Q99321": {"Enrichment": 0.6189276214475711, "Depletion": 0.38109237815243696, "two-tailed": 0.7621847563048739}}