{"P00175": {"Enrichment": 0.28095438091238173, "Depletion": 0.7190656186876262, "two-tailed": 0.5619087618247635}}