{"P00410": {"Enrichment": 0.18935621287574247, "Depletion": 0.8106637867242655, "two-tailed": 0.37871242575148495}}