{"P00572": {"Enrichment": 0.0872582548349033, "Depletion": 0.9127617447651047, "two-tailed": 0.1745165096698066}}