{"P00817": {"Enrichment": 0.1496570068598628, "Depletion": 0.8503629927401452, "two-tailed": 0.2993140137197256}}