{"P00924": {"Enrichment": 0.008579828403431931, "Depletion": 0.991440171196576, "two-tailed": 0.017159656806863863}}