{"P01123": {"Enrichment": 0.48155036899262016, "Depletion": 0.5184696306073878, "two-tailed": 0.9631007379852403}}