{"P04807": {"Enrichment": 0.18923621527569448, "Depletion": 0.8107837843243135, "two-tailed": 0.37847243055138896}}