{"P06169": {"Enrichment": 0.7053458930821384, "Depletion": 0.2946741065178696, "two-tailed": 0.5893482130357393}}