{"P06839": {"Enrichment": 0.6762264754704906, "Depletion": 0.3237935241295174, "two-tailed": 0.6475870482590348}}