{"P07256": {"Enrichment": 0.45801083978320434, "Depletion": 0.5420091598168036, "two-tailed": 0.9160216795664087}}