{"P07271": {"Enrichment": 0.4368912621747565, "Depletion": 0.5631287374252515, "two-tailed": 0.873782524349513}}