{"P07285": {"Enrichment": 0.0623187536249275, "Depletion": 0.9377012459750805, "two-tailed": 0.124637507249855}}