{"P08536": {"Enrichment": 0.869882602347953, "Depletion": 0.13013739725205495, "two-tailed": 0.2602747945041099}}