{"P09201": {"Enrichment": 0.9618807623847523, "Depletion": 0.038139237215255695, "two-tailed": 0.07627847443051139}}