{"P09624": {"Enrichment": 0.04637907241855163, "Depletion": 0.9536409271814563, "two-tailed": 0.09275814483710326}}