{"P10363": {"Enrichment": 0.11955760884782304, "Depletion": 0.8804623907521849, "two-tailed": 0.2391152176956461}}