{"P11978": {"Enrichment": 0.876662466750665, "Depletion": 0.12335753284934302, "two-tailed": 0.24671506569868604}}