{"P11914": {"Enrichment": 0.16803663926721465, "Depletion": 0.8319833603327933, "two-tailed": 0.3360732785344293}}