{"P11986": {"Enrichment": 0.023659526809463812, "Depletion": 0.9763604727905442, "two-tailed": 0.047319053618927624}}