{"P12904": {"Enrichment": 0.31813363732725347, "Depletion": 0.6818863622727546, "two-tailed": 0.6362672746545069}}