{"P13045": {"Enrichment": 0.2847743045139097, "Depletion": 0.7152456950860983, "two-tailed": 0.5695486090278195}}