{"P13188": {"Enrichment": 0.9554408911821763, "Depletion": 0.044579108417831644, "two-tailed": 0.08915821683566329}}