{"P14242": {"Enrichment": 0.6100277994440111, "Depletion": 0.3899922001559969, "two-tailed": 0.7799844003119938}}