{"P15436": {"Enrichment": 0.09513809723805523, "Depletion": 0.9048819023619528, "two-tailed": 0.19027619447611047}}