{"P15790": {"Enrichment": 0.008059838803223935, "Depletion": 0.9919601607967841, "two-tailed": 0.01611967760644787}}