{"P15700": {"Enrichment": 0.27521449571008577, "Depletion": 0.7248055038899222, "two-tailed": 0.5504289914201715}}