{"P15807": {"Enrichment": 0.37859242815143695, "Depletion": 0.6214275714485711, "two-tailed": 0.7571848563028739}}