{"P16603": {"Enrichment": 0.23329533409331812, "Depletion": 0.7667246655066898, "two-tailed": 0.46659066818663625}}