{"P16862": {"Enrichment": 0.06715865682686346, "Depletion": 0.9328613427731446, "two-tailed": 0.13431731365372693}}