{"P16861": {"Enrichment": 0.634667306653867, "Depletion": 0.3653526929461411, "two-tailed": 0.7307053858922822}}