{"P16892": {"Enrichment": 0.5474690506189877, "Depletion": 0.4525509489810204, "two-tailed": 0.9051018979620408}}