{"P17119": {"Enrichment": 0.9299414011719765, "Depletion": 0.07007859842803144, "two-tailed": 0.14015719685606287}}