{"P18408": {"Enrichment": 0.0017999640007199855, "Depletion": 0.9982200355992881, "two-tailed": 0.003599928001439971}}