{"P20449": {"Enrichment": 0.8351232975340493, "Depletion": 0.1648967020659587, "two-tailed": 0.3297934041319174}}