{"P21825": {"Enrichment": 0.27699446011079776, "Depletion": 0.7230255394892102, "two-tailed": 0.5539889202215955}}