{"P21951": {"Enrichment": 0.6449671006579868, "Depletion": 0.35505289894202113, "two-tailed": 0.7101057978840423}}