{"P22434": {"Enrichment": 0.08155836883262335, "Depletion": 0.9184616307673846, "two-tailed": 0.1631167376652467}}