{"P23394": {"Enrichment": 0.498790024199516, "Depletion": 0.501229975400492, "two-tailed": 0.997580048399032}}