{"P23542": {"Enrichment": 0.3614127717445651, "Depletion": 0.6386072278554429, "two-tailed": 0.7228255434891302}}