{"P25389": {"Enrichment": 0.5373892522149557, "Depletion": 0.4626307473850523, "two-tailed": 0.9252614947701046}}