{"P27472": {"Enrichment": 0.4626707465850683, "Depletion": 0.5373492530149397, "two-tailed": 0.9253414931701366}}