{"P28321": {"Enrichment": 0.3571728565428691, "Depletion": 0.6428471430571389, "two-tailed": 0.7143457130857382}}