{"P30771": {"Enrichment": 0.09407811843763125, "Depletion": 0.9059418811623767, "two-tailed": 0.1881562368752625}}