{"P32178": {"Enrichment": 0.8047639047219055, "Depletion": 0.19525609487810244, "two-tailed": 0.3905121897562049}}