{"P32179": {"Enrichment": 0.2727345453090938, "Depletion": 0.7272854542909142, "two-tailed": 0.5454690906181876}}