{"P32340": {"Enrichment": 0.4873702525949481, "Depletion": 0.5126497470050599, "two-tailed": 0.9747405051898962}}