{"P32419": {"Enrichment": 0.6543069138617228, "Depletion": 0.34571308573828524, "two-tailed": 0.6914261714765705}}