{"P32449": {"Enrichment": 0.6518269634607308, "Depletion": 0.3481930361392772, "two-tailed": 0.6963860722785544}}