{"P32477": {"Enrichment": 0.013539729205415891, "Depletion": 0.9864802703945921, "two-tailed": 0.027079458410831782}}