{"P32589": {"Enrichment": 0.17465650686986262, "Depletion": 0.8253634927301454, "two-tailed": 0.34931301373972523}}