{"P32582": {"Enrichment": 0.9818003639927202, "Depletion": 0.018219635607287853, "two-tailed": 0.03643927121457571}}