{"P32588": {"Enrichment": 0.3467530649387012, "Depletion": 0.6532669346613068, "two-tailed": 0.6935061298774025}}