{"P32914": {"Enrichment": 0.22947541049179015, "Depletion": 0.7705445891082179, "two-tailed": 0.4589508209835803}}