{"P32906": {"Enrichment": 0.998580028399432, "Depletion": 0.0014399712005759885, "two-tailed": 0.002879942401151977}}