{"P33317": {"Enrichment": 0.29341413171736563, "Depletion": 0.7066058678826423, "two-tailed": 0.5868282634347313}}