{"P33332": {"Enrichment": 0.005939881202375952, "Depletion": 0.994080118397632, "two-tailed": 0.011879762404751904}}