{"P33734": {"Enrichment": 0.19395612087758246, "Depletion": 0.8060638787224256, "two-tailed": 0.3879122417551649}}