{"P34760": {"Enrichment": 0.2750144997100058, "Depletion": 0.7250054998900022, "two-tailed": 0.5500289994200116}}