{"P35201": {"Enrichment": 0.12121757564848704, "Depletion": 0.878802423951521, "two-tailed": 0.24243515129697407}}