{"P36151": {"Enrichment": 0.6064678706425871, "Depletion": 0.39355212895742087, "two-tailed": 0.7871042579148417}}