{"P38111": {"Enrichment": 0.057998840023199535, "Depletion": 0.9420211595768084, "two-tailed": 0.11599768004639907}}