{"P38115": {"Enrichment": 0.41945161096778066, "Depletion": 0.5805683886322274, "two-tailed": 0.8389032219355613}}