{"P38630": {"Enrichment": 0.9504809903801924, "Depletion": 0.049539009219815605, "two-tailed": 0.09907801843963121}}