{"P38636": {"Enrichment": 0.42587148257034857, "Depletion": 0.5741485170296594, "two-tailed": 0.8517429651406971}}