{"P38768": {"Enrichment": 0.8210435791284174, "Depletion": 0.17897642047159057, "two-tailed": 0.35795284094318114}}