{"P38800": {"Enrichment": 0.30711385772284555, "Depletion": 0.6929061418771625, "two-tailed": 0.6142277154456911}}