{"P38993": {"Enrichment": 0.874742505149897, "Depletion": 0.125277494450111, "two-tailed": 0.250554988900222}}