{"P38920": {"Enrichment": 0.6038079238415232, "Depletion": 0.3962120757584848, "two-tailed": 0.7924241515169697}}