{"P39078": {"Enrichment": 0.999580008399832, "Depletion": 0.0004399912001759965, "two-tailed": 0.000879982400351993}}