{"P39079": {"Enrichment": 0.9862002759944801, "Depletion": 0.013819723605527889, "two-tailed": 0.027639447211055778}}