{"P39107": {"Enrichment": 0.5437691246175077, "Depletion": 0.45625087498250033, "two-tailed": 0.9125017499650007}}