{"P39524": {"Enrichment": 0.9724005519889602, "Depletion": 0.02761944761104778, "two-tailed": 0.05523889522209556}}