{"P39683": {"Enrichment": 0.03193936121277575, "Depletion": 0.9680806383872322, "two-tailed": 0.0638787224255515}}