{"P40073": {"Enrichment": 0.44863102737945243, "Depletion": 0.5513889722205556, "two-tailed": 0.8972620547589049}}