{"P40202": {"Enrichment": 0.32123357532849345, "Depletion": 0.6787864242715146, "two-tailed": 0.6424671506569869}}