{"P40339": {"Enrichment": 0.2663746725065499, "Depletion": 0.7336453270934581, "two-tailed": 0.5327493450130998}}