{"P40460": {"Enrichment": 0.24775504489910202, "Depletion": 0.7522649547009059, "two-tailed": 0.49551008979820405}}