{"P40506": {"Enrichment": 0.8636227275454491, "Depletion": 0.1363972720545589, "two-tailed": 0.2727945441091178}}