{"P41277": {"Enrichment": 0.995180096398072, "Depletion": 0.0048399032019359614, "two-tailed": 0.009679806403871923}}