{"P43616": {"Enrichment": 0.05649887002259955, "Depletion": 0.9435211295774084, "two-tailed": 0.1129977400451991}}