{"P46151": {"Enrichment": 0.9221015579688406, "Depletion": 0.07791844163116737, "two-tailed": 0.15583688326233475}}