{"P47079": {"Enrichment": 0.997380052398952, "Depletion": 0.002639947201055979, "two-tailed": 0.005279894402111958}}