{"P48362": {"Enrichment": 0.3398532029359413, "Depletion": 0.6601667966640667, "two-tailed": 0.6797064058718826}}