{"P49435": {"Enrichment": 0.7222455550888982, "Depletion": 0.2777744445111098, "two-tailed": 0.5555488890222195}}