{"P50102": {"Enrichment": 0.4252714945701086, "Depletion": 0.5747485050298994, "two-tailed": 0.8505429891402172}}