{"P50874": {"Enrichment": 0.629867402651947, "Depletion": 0.370152596948061, "two-tailed": 0.740305193896122}}