{"P53008": {"Enrichment": 0.47361052778944424, "Depletion": 0.5264094718105637, "two-tailed": 0.9472210555788885}}