{"P53090": {"Enrichment": 0.8496030079398412, "Depletion": 0.1504169916601668, "two-tailed": 0.3008339833203336}}