{"P53068": {"Enrichment": 0.4133117337653247, "Depletion": 0.5867082658346833, "two-tailed": 0.8266234675306494}}