{"P53193": {"Enrichment": 0.24055518889622207, "Depletion": 0.7594648107037859, "two-tailed": 0.48111037779244414}}