{"P53215": {"Enrichment": 0.6630667386652267, "Depletion": 0.3369532609347813, "two-tailed": 0.6739065218695626}}