{"P53254": {"Enrichment": 0.6720065598688026, "Depletion": 0.3280134397312054, "two-tailed": 0.6560268794624108}}