{"P53256": {"Enrichment": 0.1628767424651507, "Depletion": 0.8371432571348573, "two-tailed": 0.3257534849303014}}