{"P53686": {"Enrichment": 0.7727445451090978, "Depletion": 0.2272754544909102, "two-tailed": 0.4545509089818204}}