{"P53738": {"Enrichment": 0.20533589328213436, "Depletion": 0.7946841063178737, "two-tailed": 0.4106717865642687}}