{"P53929": {"Enrichment": 0.15347693046139077, "Depletion": 0.8465430691386172, "two-tailed": 0.30695386092278154}}