{"P53927": {"Enrichment": 0.630167396652067, "Depletion": 0.36985260294794103, "two-tailed": 0.7397052058958821}}