{"P53965": {"Enrichment": 0.4507709845803084, "Depletion": 0.5492490150196996, "two-tailed": 0.9015419691606168}}