{"Q01926": {"Enrichment": 0.24679506409871801, "Depletion": 0.75322493550129, "two-tailed": 0.49359012819743603}}