{"Q02206": {"Enrichment": 0.5553288934221315, "Depletion": 0.44469110617787644, "two-tailed": 0.8893822123557529}}