{"Q03034": {"Enrichment": 0.2099158016839663, "Depletion": 0.7901041979160417, "two-tailed": 0.4198316033679326}}