{"Q03161": {"Enrichment": 0.039959200815983684, "Depletion": 0.9600607987840243, "two-tailed": 0.07991840163196737}}