{"Q03557": {"Enrichment": 0.0005999880002399952, "Depletion": 0.999420011599768, "two-tailed": 0.0011999760004799903}}