{"Q03629": {"Enrichment": 0.007059858802823943, "Depletion": 0.9929601407971841, "two-tailed": 0.014119717605647886}}