{"Q04089": {"Enrichment": 0.19017619647607048, "Depletion": 0.8098438031239376, "two-tailed": 0.38035239295214096}}