{"Q04371": {"Enrichment": 0.249395012099758, "Depletion": 0.75062498750025, "two-tailed": 0.498790024199516}}