{"Q06078": {"Enrichment": 0.08937821243575128, "Depletion": 0.9106417871642567, "two-tailed": 0.17875642487150256}}