{"Q06390": {"Enrichment": 0.8240035199296014, "Depletion": 0.1760164796704066, "two-tailed": 0.3520329593408132}}