{"Q06488": {"Enrichment": 0.9275072492750724, "Depletion": 0.0725927407259274, "two-tailed": 0.1451854814518548}}