{"Q07478": {"Enrichment": 0.7252054958900822, "Depletion": 0.27481450370992583, "two-tailed": 0.5496290074198517}}