{"Q08179": {"Enrichment": 0.7248655026899462, "Depletion": 0.2751544969100618, "two-tailed": 0.5503089938201235}}