{"Q08220": {"Enrichment": 0.0024399512009759803, "Depletion": 0.997580048399032, "two-tailed": 0.004879902401951961}}