{"Q08285": {"Enrichment": 0.34275314493710124, "Depletion": 0.6572668546629068, "two-tailed": 0.6855062898742025}}