{"Q08224": {"Enrichment": 0.7621047579048419, "Depletion": 0.2379152416951661, "two-tailed": 0.4758304833903322}}