{"Q08686": {"Enrichment": 0.9649407011859763, "Depletion": 0.03507929841403172, "two-tailed": 0.07015859682806344}}