{"Q10740": {"Enrichment": 0.15423691526169478, "Depletion": 0.8457830843383133, "two-tailed": 0.30847383052338956}}