{"Q12009": {"Enrichment": 0.9508009839803204, "Depletion": 0.049219015619687605, "two-tailed": 0.09843803123937521}}