{"Q12154": {"Enrichment": 0.37179256414871703, "Depletion": 0.628227435451291, "two-tailed": 0.7435851282974341}}