{"Q12277": {"Enrichment": 0.20209595808083838, "Depletion": 0.7979240415191696, "two-tailed": 0.40419191616167677}}