{"Q12305": {"Enrichment": 0.45551088978220433, "Depletion": 0.5445091098178036, "two-tailed": 0.9110217795644087}}