{"Q12396": {"Enrichment": 0.35541289174216517, "Depletion": 0.6446071078578428, "two-tailed": 0.7108257834843303}}