{"Q12438": {"Enrichment": 0.8211035779284415, "Depletion": 0.17891642167156657, "two-tailed": 0.35783284334313314}}