{"Q3E833": {"Enrichment": 0.7198856022879543, "Depletion": 0.28013439731205375, "two-tailed": 0.5602687946241075}}