{"P00572": {"Enrichment": 0.6473070538589228, "Depletion": 0.3527129457410852, "two-tailed": 0.7054258914821704}}