{"P00924": {"Enrichment": 0.3488130237395252, "Depletion": 0.6512069758604828, "two-tailed": 0.6976260474790504}}