{"P01123": {"Enrichment": 0.014299714005719886, "Depletion": 0.9857202855942881, "two-tailed": 0.028599428011439772}}