{"P02994": {"Enrichment": 0.6786264274714505, "Depletion": 0.3213935721285574, "two-tailed": 0.6427871442571148}}