{"P03962": {"Enrichment": 0.625487490250195, "Depletion": 0.374532509349813, "two-tailed": 0.749065018699626}}