{"P05750": {"Enrichment": 0.9911001779964401, "Depletion": 0.008919821603567928, "two-tailed": 0.017839643207135856}}