{"P06103": {"Enrichment": 0.22057558848823022, "Depletion": 0.7794444111117778, "two-tailed": 0.44115117697646045}}