{"P06780": {"Enrichment": 0.049339013219735606, "Depletion": 0.9506809863802724, "two-tailed": 0.09867802643947121}}