{"P06839": {"Enrichment": 0.4533909321813564, "Depletion": 0.5466290674186516, "two-tailed": 0.9067818643627128}}