{"P07143": {"Enrichment": 0.993840123197536, "Depletion": 0.006179876402471951, "two-tailed": 0.012359752804943901}}