{"P07260": {"Enrichment": 0.8047239055218895, "Depletion": 0.19529609407811843, "two-tailed": 0.39059218815623686}}