{"P07256": {"Enrichment": 0.9000419991600168, "Depletion": 0.0999780004399912, "two-tailed": 0.1999560008799824}}