{"P07213": {"Enrichment": 0.4398512029759405, "Depletion": 0.5601687966240675, "two-tailed": 0.879702405951881}}