{"P07257": {"Enrichment": 0.25605487890242196, "Depletion": 0.743965120697586, "two-tailed": 0.5121097578048439}}