{"P08536": {"Enrichment": 0.1493770124597508, "Depletion": 0.8506429871402572, "two-tailed": 0.2987540249195016}}