{"P09620": {"Enrichment": 0.09319813603727925, "Depletion": 0.9068218635627288, "two-tailed": 0.1863962720745585}}