{"P09624": {"Enrichment": 0.99980000399992, "Depletion": 0.00021999560008799824, "two-tailed": 0.0004399912001759965}}