{"P0CX29": {"Enrichment": 0.619427611447771, "Depletion": 0.38059238815223695, "two-tailed": 0.7611847763044739}}