{"P0CX35": {"Enrichment": 0.6161676766464671, "Depletion": 0.38385232295354094, "two-tailed": 0.7677046459070819}}