{"P10507": {"Enrichment": 0.3672926541469171, "Depletion": 0.632727345453091, "two-tailed": 0.7345853082938342}}