{"P11986": {"Enrichment": 0.8824223515529689, "Depletion": 0.11759764804703907, "two-tailed": 0.23519529609407813}}