{"P13045": {"Enrichment": 0.20349593008139838, "Depletion": 0.7965240695186097, "two-tailed": 0.40699186016279676}}