{"P14736": {"Enrichment": 0.6772864542709146, "Depletion": 0.32273354532909343, "two-tailed": 0.6454670906581869}}