{"P15303": {"Enrichment": 0.8395632087358252, "Depletion": 0.1604567908641827, "two-tailed": 0.3209135817283654}}