{"P16370": {"Enrichment": 0.0027999440011199778, "Depletion": 0.997220055598888, "two-tailed": 0.0055998880022399555}}