{"P16521": {"Enrichment": 0.024279514409711805, "Depletion": 0.9757404851902962, "two-tailed": 0.04855902881942361}}