{"P16861": {"Enrichment": 0.09299814003719925, "Depletion": 0.9070218595628088, "two-tailed": 0.1859962800743985}}