{"P20434": {"Enrichment": 0.2849543009139817, "Depletion": 0.7150656986860263, "two-tailed": 0.5699086018279634}}