{"P21691": {"Enrichment": 0.747085058298834, "Depletion": 0.252934941301174, "two-tailed": 0.505869882602348}}