{"P21954": {"Enrichment": 0.498170036599268, "Depletion": 0.50184996300074, "two-tailed": 0.996340073198536}}