{"P22515": {"Enrichment": 0.04859902801943961, "Depletion": 0.9514209715805684, "two-tailed": 0.09719805603887922}}