{"P23202": {"Enrichment": 0.5707285854282914, "Depletion": 0.42929141417171657, "two-tailed": 0.8585828283434331}}