{"P23542": {"Enrichment": 0.377832443351133, "Depletion": 0.622187556248875, "two-tailed": 0.755664886702266}}