{"P25043": {"Enrichment": 0.9565808683826323, "Depletion": 0.04343913121737565, "two-tailed": 0.0868782624347513}}