{"P25443": {"Enrichment": 0.2870742585148297, "Depletion": 0.7129457410851783, "two-tailed": 0.5741485170296594}}