{"P25586": {"Enrichment": 0.17123657526849462, "Depletion": 0.8287834243315134, "two-tailed": 0.34247315053698923}}