{"P25655": {"Enrichment": 0.621387572248555, "Depletion": 0.37863242735145297, "two-tailed": 0.7572648547029059}}