{"P25656": {"Enrichment": 0.09159816803663927, "Depletion": 0.9084218315633688, "two-tailed": 0.18319633607327854}}