{"P26783": {"Enrichment": 0.005779884402311954, "Depletion": 0.9942401151976961, "two-tailed": 0.011559768804623907}}