{"P28241": {"Enrichment": 0.3005739885202296, "Depletion": 0.6994460110797784, "two-tailed": 0.6011479770404592}}