{"P28834": {"Enrichment": 0.6334473310533789, "Depletion": 0.36657266854662907, "two-tailed": 0.7331453370932581}}