{"P29509": {"Enrichment": 0.9833203335933282, "Depletion": 0.016699666006679867, "two-tailed": 0.033399332013359734}}