{"P30656": {"Enrichment": 0.4148717025659487, "Depletion": 0.5851482970340594, "two-tailed": 0.8297434051318974}}