{"P31386": {"Enrichment": 0.8938621227575448, "Depletion": 0.10615787684246315, "two-tailed": 0.2123157536849263}}