{"P31412": {"Enrichment": 0.5513889722205556, "Depletion": 0.44863102737945243, "two-tailed": 0.8972620547589049}}