{"P32178": {"Enrichment": 0.3861122777544449, "Depletion": 0.6139077218455631, "two-tailed": 0.7722245555088898}}