{"P32379": {"Enrichment": 0.13191736165276693, "Depletion": 0.8681026379472411, "two-tailed": 0.26383472330553387}}