{"P33322": {"Enrichment": 0.21883562328753425, "Depletion": 0.7811843763124737, "two-tailed": 0.4376712465750685}}