{"P33895": {"Enrichment": 0.06789864202715945, "Depletion": 0.9321213575728485, "two-tailed": 0.1357972840543189}}