{"P34087": {"Enrichment": 0.29637407251854964, "Depletion": 0.7036459270814583, "two-tailed": 0.5927481450370993}}