{"P36040": {"Enrichment": 0.44743105137897243, "Depletion": 0.5525889482210355, "two-tailed": 0.8948621027579449}}