{"P38011": {"Enrichment": 0.8504029919401612, "Depletion": 0.1496170076598468, "two-tailed": 0.2992340153196936}}