{"P38077": {"Enrichment": 0.6535869282614347, "Depletion": 0.3464330713385732, "two-tailed": 0.6928661426771464}}