{"P38111": {"Enrichment": 0.8314433711325774, "Depletion": 0.16857662846743066, "two-tailed": 0.3371532569348613}}