{"P38247": {"Enrichment": 0.01635967280654387, "Depletion": 0.9836603267934642, "two-tailed": 0.03271934561308774}}