{"P38230": {"Enrichment": 0.7955040899182017, "Depletion": 0.20451590968180636, "two-tailed": 0.4090318193636127}}