{"P38630": {"Enrichment": 0.6156076878462431, "Depletion": 0.38441231175376495, "two-tailed": 0.7688246235075299}}