{"P38629": {"Enrichment": 0.5901281974360513, "Depletion": 0.4098918021639567, "two-tailed": 0.8197836043279134}}