{"P38850": {"Enrichment": 0.29443411131777364, "Depletion": 0.7055858882822343, "two-tailed": 0.5888682226355473}}