{"P38800": {"Enrichment": 0.04733905321893562, "Depletion": 0.9526809463810724, "two-tailed": 0.09467810643787124}}