{"P38989": {"Enrichment": 0.08403831923361532, "Depletion": 0.9159816803663927, "two-tailed": 0.16807663846723064}}