{"P39079": {"Enrichment": 0.8113437731245375, "Depletion": 0.1886762264754705, "two-tailed": 0.377352452950941}}