{"P39078": {"Enrichment": 0.9415611687766244, "Depletion": 0.05845883082338353, "two-tailed": 0.11691766164676706}}