{"P39524": {"Enrichment": 0.620347593048139, "Depletion": 0.37967240655186896, "two-tailed": 0.7593448131037379}}