{"P40037": {"Enrichment": 0.01607967840643187, "Depletion": 0.9839403211935761, "two-tailed": 0.03215935681286374}}