{"P40363": {"Enrichment": 0.1861962760744785, "Depletion": 0.8138237235255295, "two-tailed": 0.372392552148957}}