{"P40302": {"Enrichment": 0.22033559328813423, "Depletion": 0.7796844063118737, "two-tailed": 0.44067118657626847}}