{"P40348": {"Enrichment": 0.2762944741105178, "Depletion": 0.7237255254894902, "two-tailed": 0.5525889482210355}}