{"P40477": {"Enrichment": 0.023697630236976304, "Depletion": 0.9764023597640236, "two-tailed": 0.04739526047395261}}