{"P40413": {"Enrichment": 0.624007519849603, "Depletion": 0.37601247975040497, "two-tailed": 0.7520249595008099}}