{"P41734": {"Enrichment": 0.624447511049779, "Depletion": 0.375572488550229, "two-tailed": 0.751144977100458}}