{"P41812": {"Enrichment": 0.012339753204935902, "Depletion": 0.9876802463950721, "two-tailed": 0.024679506409871804}}