{"P42943": {"Enrichment": 0.4287714245715086, "Depletion": 0.5712485750284995, "two-tailed": 0.8575428491430171}}