{"P43572": {"Enrichment": 0.24591508169836604, "Depletion": 0.7541049179016419, "two-tailed": 0.4918301633967321}}