{"P47096": {"Enrichment": 0.5655886882262354, "Depletion": 0.4344313113737725, "two-tailed": 0.868862622747545}}