{"P47016": {"Enrichment": 0.3373932521349573, "Depletion": 0.6626267474650507, "two-tailed": 0.6747865042699146}}