{"P47017": {"Enrichment": 0.23537529249415012, "Depletion": 0.7646447071058579, "two-tailed": 0.47075058498830025}}