{"P47039": {"Enrichment": 0.7754044919101618, "Depletion": 0.2246155076898462, "two-tailed": 0.4492310153796924}}