{"P48589": {"Enrichment": 0.05147897042059159, "Depletion": 0.9485410291794164, "two-tailed": 0.10295794084118318}}