{"P49017": {"Enrichment": 0.7274254514909702, "Depletion": 0.2725945481090378, "two-tailed": 0.5451890962180757}}