{"P50102": {"Enrichment": 0.9643207135857282, "Depletion": 0.03569928601427971, "two-tailed": 0.07139857202855943}}