{"P50861": {"Enrichment": 0.6386872262554749, "Depletion": 0.3613327733445331, "two-tailed": 0.7226655466890662}}