{"P53043": {"Enrichment": 0.27173456530869383, "Depletion": 0.7282854342913142, "two-tailed": 0.5434691306173877}}