{"P53152": {"Enrichment": 0.8286234275314494, "Depletion": 0.17139657206855863, "two-tailed": 0.34279314413711726}}