{"P53215": {"Enrichment": 0.45733085338293233, "Depletion": 0.5426891462170756, "two-tailed": 0.9146617067658647}}