{"P53378": {"Enrichment": 0.23157536849263013, "Depletion": 0.7684446311073778, "two-tailed": 0.46315073698526027}}