{"P53686": {"Enrichment": 0.23401531969360612, "Depletion": 0.7660046799064019, "two-tailed": 0.46803063938721223}}