{"P54999": {"Enrichment": 0.04945901081978361, "Depletion": 0.9505609887802244, "two-tailed": 0.09891802163956721}}