{"Q02555": {"Enrichment": 0.3628927421451571, "Depletion": 0.6371272574548509, "two-tailed": 0.7257854842903142}}