{"Q03034": {"Enrichment": 0.9265414691706166, "Depletion": 0.07347853042939141, "two-tailed": 0.14695706085878282}}