{"Q03148": {"Enrichment": 0.3858922821543569, "Depletion": 0.6141277174456511, "two-tailed": 0.7717845643087138}}