{"Q03195": {"Enrichment": 0.6062278754424911, "Depletion": 0.39379212415751685, "two-tailed": 0.7875842483150337}}