{"Q03290": {"Enrichment": 0.5216495670086598, "Depletion": 0.47837043259134815, "two-tailed": 0.9567408651826963}}