{"Q03957": {"Enrichment": 0.9541009179816403, "Depletion": 0.045919081618367635, "two-tailed": 0.09183816323673527}}