{"Q04868": {"Enrichment": 0.2115557688846223, "Depletion": 0.7884642307153857, "two-tailed": 0.4231115377692446}}