{"Q05636": {"Enrichment": 0.9317613647727045, "Depletion": 0.06825863482730346, "two-tailed": 0.13651726965460692}}