{"Q06321": {"Enrichment": 0.7317453650926982, "Depletion": 0.2682746345073099, "two-tailed": 0.5365492690146197}}