{"Q06488": {"Enrichment": 0.11639767204655907, "Depletion": 0.8836223275534489, "two-tailed": 0.23279534409311814}}