{"Q06623": {"Enrichment": 0.47877042459150815, "Depletion": 0.5212495750084998, "two-tailed": 0.9575408491830163}}