{"Q06696": {"Enrichment": 0.6349473010539789, "Depletion": 0.3650726985460291, "two-tailed": 0.7301453970920582}}