{"Q07688": {"Enrichment": 0.9345613087738245, "Depletion": 0.06545869082618348, "two-tailed": 0.13091738165236697}}