{"Q08162": {"Enrichment": 0.9798804023919522, "Depletion": 0.02013959720805584, "two-tailed": 0.04027919441611168}}