{"Q08285": {"Enrichment": 0.35459290814183714, "Depletion": 0.6454270914581708, "two-tailed": 0.7091858162836743}}