{"Q08220": {"Enrichment": 0.6988860222795544, "Depletion": 0.3011339773204536, "two-tailed": 0.6022679546409072}}