{"Q08649": {"Enrichment": 0.9836403271934562, "Depletion": 0.01637967240655187, "two-tailed": 0.03275934481310374}}