{"Q12051": {"Enrichment": 0.2980140397192056, "Depletion": 0.7020059598808024, "two-tailed": 0.5960280794384112}}