{"Q12178": {"Enrichment": 0.6021279574408512, "Depletion": 0.3978920421591568, "two-tailed": 0.7957840843183136}}