{"Q12109": {"Enrichment": 0.5225295494090119, "Depletion": 0.4774904501909962, "two-tailed": 0.9549809003819923}}