{"Q12154": {"Enrichment": 0.0367992640147197, "Depletion": 0.9632207355852883, "two-tailed": 0.0735985280294394}}