{"Q12267": {"Enrichment": 0.05781884362312754, "Depletion": 0.9422011559768805, "two-tailed": 0.11563768724625507}}