{"Q12306": {"Enrichment": 0.750944981100378, "Depletion": 0.24907501849963, "two-tailed": 0.49815003699926}}