{"P03870": {"Enrichment": 0.34209315813683727, "Depletion": 0.6579268414631707, "two-tailed": 0.6841863162736745}}