{"P03870": {"Enrichment": 0.250554988900222, "Depletion": 0.749465010699786, "two-tailed": 0.501109977800444}}