{"P03882": {"Enrichment": 0.12051758964820704, "Depletion": 0.879502409951801, "two-tailed": 0.24103517929641408}}