{"P04050": {"Enrichment": 0.7978040439191216, "Depletion": 0.20221595568088638, "two-tailed": 0.40443191136177276}}