{"P04050": {"Enrichment": 0.7322653546929061, "Depletion": 0.2677546449071019, "two-tailed": 0.5355092898142038}}