{"P06701": {"Enrichment": 0.7214855702885943, "Depletion": 0.27853442931141376, "two-tailed": 0.5570688586228275}}