{"P06786": {"Enrichment": 0.2989540209195816, "Depletion": 0.7010659786804264, "two-tailed": 0.5979080418391632}}