{"P07271": {"Enrichment": 0.0634387312253755, "Depletion": 0.9365812683746325, "two-tailed": 0.126877462450751}}