{"P12689": {"Enrichment": 0.6607067858642827, "Depletion": 0.33931321373572526, "two-tailed": 0.6786264274714505}}