{"P12689": {"Enrichment": 0.14475710485790283, "Depletion": 0.8552628947421052, "two-tailed": 0.28951420971580566}}