{"P13382": {"Enrichment": 0.8438431231375373, "Depletion": 0.15617687646247075, "two-tailed": 0.3123537529249415}}