{"P14736": {"Enrichment": 0.18293634127317454, "Depletion": 0.8170836583268335, "two-tailed": 0.3658726825463491}}