{"P14736": {"Enrichment": 0.21945561088778223, "Depletion": 0.7805643887122258, "two-tailed": 0.43891122177556446}}