{"P15436": {"Enrichment": 0.3974920501589968, "Depletion": 0.6025279494410112, "two-tailed": 0.7949841003179936}}