{"P21951": {"Enrichment": 0.7224655506889862, "Depletion": 0.27755444891102177, "two-tailed": 0.5551088978220435}}