{"P21951": {"Enrichment": 0.747745045099098, "Depletion": 0.25227495450091, "two-tailed": 0.50454990900182}}