{"P28519": {"Enrichment": 0.2008359832803344, "Depletion": 0.7991840163196736, "two-tailed": 0.4016719665606688}}