{"P32833": {"Enrichment": 0.06835863282734345, "Depletion": 0.9316613667726645, "two-tailed": 0.1367172656546869}}