{"P50874": {"Enrichment": 0.3298534029319414, "Depletion": 0.6701665966680667, "two-tailed": 0.6597068058638828}}