{"P54790": {"Enrichment": 0.8974820503589929, "Depletion": 0.10253794924101518, "two-tailed": 0.20507589848203037}}