{"Q01080": {"Enrichment": 0.9731405371892562, "Depletion": 0.026879462410751787, "two-tailed": 0.05375892482150357}}