{"Q04049": {"Enrichment": 0.2684346313073738, "Depletion": 0.7315853682926341, "two-tailed": 0.5368692626147477}}