{"A0A0K0K1A5": {"Enrichment": 0.13977720445591088, "Depletion": 0.8602427951440971, "two-tailed": 0.27955440891182176}}