{"A0A0B4J279": {"Enrichment": 0.11047779044419112, "Depletion": 0.8895422091558168, "two-tailed": 0.22095558088838224}}