{"A0A075B6T6": {"Enrichment": 0.16909661806763865, "Depletion": 0.8309233815323693, "two-tailed": 0.3381932361352773}}