{"A0A075B6N1": {"Enrichment": 0.11609767804643907, "Depletion": 0.883922321553569, "two-tailed": 0.23219535609287814}}