{"A0A578": {"Enrichment": 0.126637467250655, "Depletion": 0.873382532349353, "two-tailed": 0.25327493450131}}