{"A0FGR8": {"Enrichment": 0.9591608167836643, "Depletion": 0.040859182816343674, "two-tailed": 0.08171836563268735}}