{"A0FGR8": {"Enrichment": 0.9959400811983761, "Depletion": 0.004079918401631967, "two-tailed": 0.008159836803263935}}