{"A1L3X0": {"Enrichment": 0.9863402731945361, "Depletion": 0.01367972640547189, "two-tailed": 0.02735945281094378}}