{"A1Z1Q3": {"Enrichment": 0.10249795004099918, "Depletion": 0.8975220495590088, "two-tailed": 0.20499590008199836}}