{"A1Z1Q3": {"Enrichment": 0.10391792164156717, "Depletion": 0.8961020779584409, "two-tailed": 0.20783584328313434}}