{"A2RUC4": {"Enrichment": 0.016539669206615867, "Depletion": 0.9834803303933921, "two-tailed": 0.03307933841323173}}