{"A2RUC4": {"Enrichment": 0.03175936481270374, "Depletion": 0.9682606347873043, "two-tailed": 0.06351872962540749}}