{"A4D126": {"Enrichment": 0.7641047179056419, "Depletion": 0.23591528169436612, "two-tailed": 0.47183056338873225}}