{"A4D126": {"Enrichment": 0.7600247995040099, "Depletion": 0.2399952000959981, "two-tailed": 0.4799904001919962}}