{"A6H8Y1": {"Enrichment": 0.021479570408591827, "Depletion": 0.9785404291914162, "two-tailed": 0.042959140817183654}}