{"A6H8Y1": {"Enrichment": 0.023159536809263814, "Depletion": 0.9768604627907442, "two-tailed": 0.04631907361852763}}