{"A6NHC0": {"Enrichment": 0.8448231035379292, "Depletion": 0.15519689606207876, "two-tailed": 0.3103937921241575}}