{"A6NHC0": {"Enrichment": 0.8450430991380172, "Depletion": 0.15497690046199075, "two-tailed": 0.3099538009239815}}