{"A6NK06": {"Enrichment": 0.29729405411891763, "Depletion": 0.7027259454810904, "two-tailed": 0.5945881082378353}}