{"A6NK06": {"Enrichment": 0.21793564128717427, "Depletion": 0.7820843583128337, "two-tailed": 0.43587128257434854}}