{"A6NK44": {"Enrichment": 0.016859662806743864, "Depletion": 0.9831603367932641, "two-tailed": 0.03371932561348773}}