{"A6NK44": {"Enrichment": 0.3034939301213976, "Depletion": 0.6965260694786104, "two-tailed": 0.6069878602427952}}