{"A8MUM7": {"Enrichment": 0.8932021359572808, "Depletion": 0.10681786364272715, "two-tailed": 0.2136357272854543}}