{"A8MUM7": {"Enrichment": 0.8946021079578409, "Depletion": 0.10541789164216715, "two-tailed": 0.2108357832843343}}