{"A8MW92": {"Enrichment": 0.9414411711765764, "Depletion": 0.05857882842343153, "two-tailed": 0.11715765684686306}}