{"B2RXH2": {"Enrichment": 0.010039799204015919, "Depletion": 0.9899802003959921, "two-tailed": 0.020079598408031838}}