{"B2RXH2": {"Enrichment": 0.15837683246335074, "Depletion": 0.8416431671366573, "two-tailed": 0.3167536649267015}}