{"O00187": {"Enrichment": 0.6434671306573868, "Depletion": 0.35655286894262117, "two-tailed": 0.7131057378852423}}