{"O00187": {"Enrichment": 0.6186876262474751, "Depletion": 0.38133237335253295, "two-tailed": 0.7626647467050659}}