{"O00159": {"Enrichment": 0.4480310393792124, "Depletion": 0.5519889602207956, "two-tailed": 0.8960620787584248}}