{"O00182": {"Enrichment": 0.3366732665346693, "Depletion": 0.6633467330653386, "two-tailed": 0.6733465330693386}}