{"O00238": {"Enrichment": 0.09917801643967121, "Depletion": 0.9008419831603368, "two-tailed": 0.19835603287934242}}