{"O00213": {"Enrichment": 0.7105057898842023, "Depletion": 0.28951420971580566, "two-tailed": 0.5790284194316113}}