{"O00213": {"Enrichment": 0.7153056938861223, "Depletion": 0.28471430571388573, "two-tailed": 0.5694286114277715}}