{"O00255": {"Enrichment": 0.8820223595528089, "Depletion": 0.11799764004719905, "two-tailed": 0.2359952800943981}}