{"O00204": {"Enrichment": 0.625707485850283, "Depletion": 0.374312513749725, "two-tailed": 0.74862502749945}}