{"O00214": {"Enrichment": 0.8046439071218575, "Depletion": 0.19537609247815044, "two-tailed": 0.3907521849563009}}