{"O00204": {"Enrichment": 0.8423431531369373, "Depletion": 0.15767684646307073, "two-tailed": 0.31535369292614146}}