{"O00300": {"Enrichment": 0.9542009159816803, "Depletion": 0.045819083618327636, "two-tailed": 0.09163816723665527}}