{"O00308": {"Enrichment": 0.14473710525789485, "Depletion": 0.8552828943421131, "two-tailed": 0.2894742105157897}}