{"O00391": {"Enrichment": 0.8902621947561049, "Depletion": 0.10975780484390313, "two-tailed": 0.21951560968780626}}