{"O00370": {"Enrichment": 0.9894202115957681, "Depletion": 0.010599788004239915, "two-tailed": 0.02119957600847983}}