{"O00300": {"Enrichment": 0.9530209395812084, "Depletion": 0.046999060018799624, "two-tailed": 0.09399812003759925}}