{"O00311": {"Enrichment": 0.02111957760844783, "Depletion": 0.9789004219915601, "two-tailed": 0.04223915521689566}}