{"O00391": {"Enrichment": 0.7902241955160897, "Depletion": 0.20979580408391832, "two-tailed": 0.41959160816783664}}