{"O00425": {"Enrichment": 0.19321613567728646, "Depletion": 0.8068038639227215, "two-tailed": 0.3864322713545729}}