{"O00445": {"Enrichment": 0.24647507049859002, "Depletion": 0.753544929101418, "two-tailed": 0.49295014099718004}}