{"O00411": {"Enrichment": 0.35223295534089316, "Depletion": 0.6477870442591148, "two-tailed": 0.7044659106817863}}