{"O00429": {"Enrichment": 0.620227595448091, "Depletion": 0.37979240415191695, "two-tailed": 0.7595848083038339}}