{"O00411": {"Enrichment": 0.373392532149357, "Depletion": 0.626627467450651, "two-tailed": 0.746785064298714}}