{"O00425": {"Enrichment": 0.4131517369652607, "Depletion": 0.5868682626347473, "two-tailed": 0.8263034739305214}}