{"O00429": {"Enrichment": 0.6127477450450991, "Depletion": 0.3872722545549089, "two-tailed": 0.7745445091098178}}