{"O00408": {"Enrichment": 0.5255894882102358, "Depletion": 0.4744305113897722, "two-tailed": 0.9488610227795444}}