{"O00445": {"Enrichment": 0.24585508289834204, "Depletion": 0.754164916701666, "two-tailed": 0.4917101657966841}}