{"O00423": {"Enrichment": 0.048219035619287615, "Depletion": 0.9518009639807203, "two-tailed": 0.09643807123857523}}