{"O00506": {"Enrichment": 0.02387952240955181, "Depletion": 0.9761404771904562, "two-tailed": 0.04775904481910362}}