{"O00571": {"Enrichment": 0.7372452550948981, "Depletion": 0.2627747445051099, "two-tailed": 0.5255494890102198}}