{"O00560": {"Enrichment": 0.5415291694166117, "Depletion": 0.4584908301833963, "two-tailed": 0.9169816603667926}}