{"O00560": {"Enrichment": 0.6637667246655067, "Depletion": 0.3362532749345013, "two-tailed": 0.6725065498690026}}