{"O00585": {"Enrichment": 0.0988980220395592, "Depletion": 0.9011219775604488, "two-tailed": 0.1977960440791184}}