{"O00585": {"Enrichment": 0.10137797244055119, "Depletion": 0.8986420271594568, "two-tailed": 0.20275594488110238}}