{"O00571": {"Enrichment": 0.8895822083558329, "Depletion": 0.11043779124417512, "two-tailed": 0.22087558248835024}}