{"O00506": {"Enrichment": 0.36719265614687707, "Depletion": 0.632827343453131, "two-tailed": 0.7343853122937541}}