{"O00625": {"Enrichment": 0.9033619327613448, "Depletion": 0.09665806683866322, "two-tailed": 0.19331613367732645}}