{"O00625": {"Enrichment": 0.8955220895582089, "Depletion": 0.10449791004179916, "two-tailed": 0.20899582008359832}}