{"O00763": {"Enrichment": 0.5643087138257235, "Depletion": 0.43571128577428453, "two-tailed": 0.8714225715485691}}