{"O00764": {"Enrichment": 0.0029399412011759767, "Depletion": 0.9970800583988321, "two-tailed": 0.005879882402351953}}