{"O00757": {"Enrichment": 0.03989920201595968, "Depletion": 0.9601207975840483, "two-tailed": 0.07979840403191936}}