{"O00763": {"Enrichment": 0.6628267434651307, "Depletion": 0.33719325613487733, "two-tailed": 0.6743865122697547}}