{"O14522": {"Enrichment": 0.09793804123917521, "Depletion": 0.9020819583608328, "two-tailed": 0.19587608247835042}}