{"O14595": {"Enrichment": 0.8092638147237056, "Depletion": 0.19075618487630247, "two-tailed": 0.38151236975260494}}