{"O14595": {"Enrichment": 0.3232535349293014, "Depletion": 0.6767664646707066, "two-tailed": 0.6465070698586028}}