{"O14520": {"Enrichment": 0.2669546609067819, "Depletion": 0.7330653386932261, "two-tailed": 0.5339093218135638}}