{"O14522": {"Enrichment": 0.24083518329633408, "Depletion": 0.759184816303674, "two-tailed": 0.48167036659266815}}