{"O14686": {"Enrichment": 0.1494570108597828, "Depletion": 0.8505629887402252, "two-tailed": 0.2989140217195656}}