{"O14672": {"Enrichment": 0.28271434571308574, "Depletion": 0.7173056538869222, "two-tailed": 0.5654286914261715}}