{"O14656": {"Enrichment": 0.5185896282074358, "Depletion": 0.48143037139257217, "two-tailed": 0.9628607427851443}}