{"O14618": {"Enrichment": 0.8192436151276975, "Depletion": 0.18077638447231056, "two-tailed": 0.36155276894462113}}