{"O14638": {"Enrichment": 0.252494950100998, "Depletion": 0.74752504949901, "two-tailed": 0.504989900201996}}