{"O14649": {"Enrichment": 0.42015159696806065, "Depletion": 0.5798684026319474, "two-tailed": 0.8403031939361213}}