{"O14607": {"Enrichment": 0.03225935481290374, "Depletion": 0.9677606447871042, "two-tailed": 0.06451870962580748}}