{"O14686": {"Enrichment": 0.1481170376592468, "Depletion": 0.8519029619407612, "two-tailed": 0.2962340753184936}}