{"O14646": {"Enrichment": 0.99810003799924, "Depletion": 0.0019199616007679846, "two-tailed": 0.003839923201535969}}