{"O14656": {"Enrichment": 0.6494270114597708, "Depletion": 0.3505929881402372, "two-tailed": 0.7011859762804744}}