{"O14646": {"Enrichment": 0.9975400491990161, "Depletion": 0.0024799504009919804, "two-tailed": 0.004959900801983961}}