{"O14713": {"Enrichment": 0.6080878382432351, "Depletion": 0.3919321613567729, "two-tailed": 0.7838643227135458}}