{"O14744": {"Enrichment": 0.012179756404871903, "Depletion": 0.9878402431951361, "two-tailed": 0.024359512809743807}}