{"O14732": {"Enrichment": 0.9783804323913522, "Depletion": 0.021639567208655827, "two-tailed": 0.043279134417311654}}