{"O14786": {"Enrichment": 0.9250014999700006, "Depletion": 0.0750184996300074, "two-tailed": 0.1500369992600148}}