{"O14786": {"Enrichment": 0.7684846303073939, "Depletion": 0.23153536929261415, "two-tailed": 0.4630707385852283}}