{"O14792": {"Enrichment": 0.15479690406191876, "Depletion": 0.8452230955380893, "two-tailed": 0.3095938081238375}}