{"O14757": {"Enrichment": 0.052738945221095575, "Depletion": 0.9472810543789124, "two-tailed": 0.10547789044219115}}