{"O14792": {"Enrichment": 0.15173696526069477, "Depletion": 0.8482830343393132, "two-tailed": 0.30347393052138955}}