{"O14732": {"Enrichment": 0.9525609487810244, "Depletion": 0.04745905081898362, "two-tailed": 0.09491810163796724}}