{"O14788": {"Enrichment": 0.7953240935181296, "Depletion": 0.20469590608187838, "two-tailed": 0.40939181216375675}}