{"O14744": {"Enrichment": 0.01625967480650387, "Depletion": 0.9837603247935042, "two-tailed": 0.03251934961300774}}