{"O14777": {"Enrichment": 0.508529829403412, "Depletion": 0.4914901701965961, "two-tailed": 0.9829803403931922}}