{"O14745": {"Enrichment": 0.24477510449791004, "Depletion": 0.7552448951020979, "two-tailed": 0.4895502089958201}}