{"O14745": {"Enrichment": 0.24533509329813405, "Depletion": 0.754684906301874, "two-tailed": 0.4906701865962681}}