{"O14788": {"Enrichment": 0.4018319633607328, "Depletion": 0.5981880362392752, "two-tailed": 0.8036639267214656}}