{"O14713": {"Enrichment": 0.5886282274354513, "Depletion": 0.4113917721645567, "two-tailed": 0.8227835443291134}}