{"O14733": {"Enrichment": 0.05135897282054359, "Depletion": 0.9486610267794644, "two-tailed": 0.10271794564108717}}