{"O14773": {"Enrichment": 0.3411131777364453, "Depletion": 0.6589068218635628, "two-tailed": 0.6822263554728906}}