{"O14815": {"Enrichment": 0.5399492010159797, "Depletion": 0.46007079858402833, "two-tailed": 0.9201415971680567}}