{"O14802": {"Enrichment": 0.15877682446351074, "Depletion": 0.8412431751364973, "two-tailed": 0.3175536489270215}}