{"O14815": {"Enrichment": 0.45435091298174035, "Depletion": 0.5456690866182676, "two-tailed": 0.9087018259634807}}