{"O14818": {"Enrichment": 0.32855342893142137, "Depletion": 0.6714665706685866, "two-tailed": 0.6571068578628427}}