{"O14802": {"Enrichment": 0.05379892402151957, "Depletion": 0.9462210755784884, "two-tailed": 0.10759784804303914}}