{"O14818": {"Enrichment": 0.32725345493090136, "Depletion": 0.6727665446691066, "two-tailed": 0.6545069098618027}}