{"O14976": {"Enrichment": 0.22905541889162218, "Depletion": 0.7709645807083858, "two-tailed": 0.45811083778324435}}