{"O14966": {"Enrichment": 0.375152496950061, "Depletion": 0.624867502649947, "two-tailed": 0.750304993900122}}