{"O14964": {"Enrichment": 0.505889882202356, "Depletion": 0.49413011739765206, "two-tailed": 0.9882602347953041}}