{"O14966": {"Enrichment": 0.6688866222675547, "Depletion": 0.33113337733245335, "two-tailed": 0.6622667546649067}}