{"O14965": {"Enrichment": 0.06699866002679947, "Depletion": 0.9330213395732085, "two-tailed": 0.13399732005359893}}