{"O14994": {"Enrichment": 0.009819803603927922, "Depletion": 0.9902001959960801, "two-tailed": 0.019639607207855844}}