{"O14936": {"Enrichment": 0.0993580128397432, "Depletion": 0.9006619867602648, "two-tailed": 0.1987160256794864}}