{"O14965": {"Enrichment": 0.09221815563688726, "Depletion": 0.9078018439631207, "two-tailed": 0.18443631127377452}}