{"O14929": {"Enrichment": 0.4754704905901882, "Depletion": 0.5245495090098198, "two-tailed": 0.9509409811803764}}