{"O14936": {"Enrichment": 0.9836603267934642, "Depletion": 0.01635967280654387, "two-tailed": 0.03271934561308774}}