{"O14976": {"Enrichment": 0.23109537809243816, "Depletion": 0.7689246215075698, "two-tailed": 0.4621907561848763}}