{"O14939": {"Enrichment": 0.05633887322253555, "Depletion": 0.9436811263774725, "two-tailed": 0.1126777464450711}}