{"O14929": {"Enrichment": 0.255694886102278, "Depletion": 0.74432511349773, "two-tailed": 0.511389772204556}}