{"O14920": {"Enrichment": 0.00861982760344793, "Depletion": 0.99140017199656, "two-tailed": 0.01723965520689586}}