{"O15091": {"Enrichment": 0.25727485450290993, "Depletion": 0.7427451450970981, "two-tailed": 0.5145497090058199}}