{"O15091": {"Enrichment": 0.07827843443131137, "Depletion": 0.9217415651686967, "two-tailed": 0.15655686886262274}}