{"O15033": {"Enrichment": 0.22193556128877423, "Depletion": 0.7780844383112338, "two-tailed": 0.44387112257754846}}