{"O15033": {"Enrichment": 0.01749965000699986, "Depletion": 0.9825203495930082, "two-tailed": 0.03499930001399972}}