{"O15160": {"Enrichment": 0.07373852522949541, "Depletion": 0.9262814743705126, "two-tailed": 0.14747705045899082}}