{"O15178": {"Enrichment": 0.20415591688166237, "Depletion": 0.7958640827183456, "two-tailed": 0.40831183376332475}}