{"O15194": {"Enrichment": 0.6425871482570349, "Depletion": 0.35743285134297315, "two-tailed": 0.7148657026859463}}