{"O15123": {"Enrichment": 0.07913841723165536, "Depletion": 0.9208815823683526, "two-tailed": 0.15827683446331073}}