{"O15123": {"Enrichment": 0.01355972880542389, "Depletion": 0.9864602707945841, "two-tailed": 0.02711945761084778}}