{"O15178": {"Enrichment": 0.20645587088258235, "Depletion": 0.7935641287174257, "two-tailed": 0.4129117417651647}}