{"O15198": {"Enrichment": 0.7723045539089218, "Depletion": 0.22771544569108618, "two-tailed": 0.45543089138217235}}