{"O15194": {"Enrichment": 0.10809783804323914, "Depletion": 0.8919221615567688, "two-tailed": 0.21619567608647827}}