{"O15118": {"Enrichment": 0.3632927341453171, "Depletion": 0.6367272654546909, "two-tailed": 0.7265854682906342}}