{"O15270": {"Enrichment": 0.054258914821703565, "Depletion": 0.9457610847783045, "two-tailed": 0.10851782964340713}}