{"O15294": {"Enrichment": 0.48215035699286013, "Depletion": 0.5178696426071479, "two-tailed": 0.9643007139857203}}