{"O15269": {"Enrichment": 0.1382572348553029, "Depletion": 0.8617627647447051, "two-tailed": 0.2765144697106058}}