{"O15270": {"Enrichment": 0.005219895602087958, "Depletion": 0.9948001039979201, "two-tailed": 0.010439791204175916}}