{"O15229": {"Enrichment": 0.1879962400751985, "Depletion": 0.8120237595248095, "two-tailed": 0.375992480150397}}