{"O15230": {"Enrichment": 0.007759844803103938, "Depletion": 0.9922601547969041, "two-tailed": 0.015519689606207875}}