{"O15269": {"Enrichment": 0.24545509089818204, "Depletion": 0.7545649087018259, "two-tailed": 0.4909101817963641}}