{"O15264": {"Enrichment": 0.9707405851882962, "Depletion": 0.029279414411711766, "two-tailed": 0.05855882882342353}}