{"O15296": {"Enrichment": 0.016719665606687865, "Depletion": 0.9833003339933202, "two-tailed": 0.03343933121337573}}