{"O15294": {"Enrichment": 0.36011279774404514, "Depletion": 0.6399072018559628, "two-tailed": 0.7202255954880903}}