{"O15229": {"Enrichment": 0.49563008739825204, "Depletion": 0.504389912201756, "two-tailed": 0.9912601747965041}}