{"O15264": {"Enrichment": 0.7651446971060579, "Depletion": 0.2348753024939501, "two-tailed": 0.4697506049879002}}