{"O15382": {"Enrichment": 0.2240155196896062, "Depletion": 0.7760044799104018, "two-tailed": 0.4480310393792124}}