{"O15350": {"Enrichment": 0.6228075438491231, "Depletion": 0.37721245575088497, "two-tailed": 0.7544249115017699}}