{"O15379": {"Enrichment": 0.06899862002759945, "Depletion": 0.9310213795724086, "two-tailed": 0.1379972400551989}}