{"O15393": {"Enrichment": 0.3079938401231975, "Depletion": 0.6920261594768105, "two-tailed": 0.615987680246395}}