{"O15379": {"Enrichment": 0.0876182476350473, "Depletion": 0.9124017519649607, "two-tailed": 0.1752364952700946}}