{"O15350": {"Enrichment": 0.625187496250075, "Depletion": 0.374832503349933, "two-tailed": 0.749665006699866}}