{"O15382": {"Enrichment": 0.373652526949461, "Depletion": 0.626367472650547, "two-tailed": 0.747305053898922}}