{"O15467": {"Enrichment": 0.13009739805203896, "Depletion": 0.8699226015479691, "two-tailed": 0.2601947961040779}}