{"O15484": {"Enrichment": 0.4837703245935081, "Depletion": 0.5162496750064999, "two-tailed": 0.9675406491870162}}