{"O15484": {"Enrichment": 0.11169776604467911, "Depletion": 0.8883222335553289, "two-tailed": 0.22339553208935822}}