{"O15530": {"Enrichment": 0.9552208955820883, "Depletion": 0.044799104017919644, "two-tailed": 0.08959820803583929}}