{"O15520": {"Enrichment": 0.9225415491690167, "Depletion": 0.07747845043099139, "two-tailed": 0.15495690086198277}}