{"O15553": {"Enrichment": 0.5797284054318914, "Depletion": 0.4202915941681166, "two-tailed": 0.8405831883362332}}