{"O15527": {"Enrichment": 0.9283614327713445, "Depletion": 0.07165856682866342, "two-tailed": 0.14331713365732685}}