{"O15553": {"Enrichment": 0.6959060818783624, "Depletion": 0.3041139177216456, "two-tailed": 0.6082278354432912}}