{"O15527": {"Enrichment": 0.9663806723865522, "Depletion": 0.03363932721345573, "two-tailed": 0.06727865442691146}}