{"O15530": {"Enrichment": 0.7819643607127857, "Depletion": 0.21805563888722226, "two-tailed": 0.43611127777444453}}