{"O15520": {"Enrichment": 0.9208615827683446, "Depletion": 0.07915841683166337, "two-tailed": 0.15831683366332674}}