{"O43148": {"Enrichment": 0.14277714445711087, "Depletion": 0.8572428551428971, "two-tailed": 0.28555428891422174}}