{"O43157": {"Enrichment": 0.2879142417151657, "Depletion": 0.7121057578848423, "two-tailed": 0.5758284834303314}}