{"O43189": {"Enrichment": 0.6707665846683066, "Depletion": 0.32925341493170135, "two-tailed": 0.6585068298634027}}