{"O43175": {"Enrichment": 0.4272914541709166, "Depletion": 0.5727285454290915, "two-tailed": 0.8545829083418331}}