{"O43173": {"Enrichment": 0.13425731485370293, "Depletion": 0.865762684746305, "two-tailed": 0.26851462970740586}}