{"O43143": {"Enrichment": 0.8189836203275934, "Depletion": 0.18103637927241456, "two-tailed": 0.3620727585448291}}