{"O43148": {"Enrichment": 0.19211615767684645, "Depletion": 0.8079038419231616, "two-tailed": 0.3842323153536929}}