{"O43159": {"Enrichment": 0.15955680886382273, "Depletion": 0.8404631907361853, "two-tailed": 0.31911361772764546}}