{"O43157": {"Enrichment": 0.2845143097138057, "Depletion": 0.7155056898862022, "two-tailed": 0.5690286194276114}}