{"O43175": {"Enrichment": 0.4154316913661727, "Depletion": 0.5845883082338353, "two-tailed": 0.8308633827323454}}