{"O43252": {"Enrichment": 0.5375892482150357, "Depletion": 0.4624307513849723, "two-tailed": 0.9248615027699446}}