{"O43252": {"Enrichment": 0.48403031939361213, "Depletion": 0.5159896802063959, "two-tailed": 0.9680606387872243}}