{"O43293": {"Enrichment": 0.3404131917361653, "Depletion": 0.6596068078638427, "two-tailed": 0.6808263834723306}}