{"O43323": {"Enrichment": 0.8275034499310013, "Depletion": 0.17251654966900662, "two-tailed": 0.34503309933801324}}