{"O43353": {"Enrichment": 0.20919581608367832, "Depletion": 0.7908241835163297, "two-tailed": 0.41839163216735664}}