{"O43353": {"Enrichment": 0.22035559288814224, "Depletion": 0.7796644067118658, "two-tailed": 0.4407111857762845}}