{"O43323": {"Enrichment": 0.8256034879302414, "Depletion": 0.1744165116697666, "two-tailed": 0.3488330233395332}}