{"O43414": {"Enrichment": 0.04241915161696766, "Depletion": 0.9576008479830403, "two-tailed": 0.08483830323393532}}