{"O43451": {"Enrichment": 0.5365892682146357, "Depletion": 0.4634307313853723, "two-tailed": 0.9268614627707445}}