{"O43451": {"Enrichment": 0.374832503349933, "Depletion": 0.625187496250075, "two-tailed": 0.749665006699866}}