{"O43435": {"Enrichment": 0.034519309613807725, "Depletion": 0.9655006899862003, "two-tailed": 0.06903861922761545}}