{"O43414": {"Enrichment": 0.007279854402911942, "Depletion": 0.9927401451970961, "two-tailed": 0.014559708805823884}}