{"O43447": {"Enrichment": 0.49509009819803607, "Depletion": 0.5049299014019719, "two-tailed": 0.9901801963960721}}