{"O43447": {"Enrichment": 0.40573188536229277, "Depletion": 0.5942881142377152, "two-tailed": 0.8114637707245855}}