{"O43424": {"Enrichment": 0.3621727565448691, "Depletion": 0.6378472430551388, "two-tailed": 0.7243455130897382}}