{"O43424": {"Enrichment": 0.36005279894402115, "Depletion": 0.6399672006559869, "two-tailed": 0.7201055978880423}}