{"O43488": {"Enrichment": 0.3637327253454931, "Depletion": 0.6362872742545149, "two-tailed": 0.7274654506909862}}