{"O43583": {"Enrichment": 0.26641467170656585, "Depletion": 0.7336053278934421, "two-tailed": 0.5328293434131317}}