{"O43557": {"Enrichment": 0.06027879442411152, "Depletion": 0.9397412051758964, "two-tailed": 0.12055758884822304}}