{"O43660": {"Enrichment": 0.6496070078598428, "Depletion": 0.3504129917401652, "two-tailed": 0.7008259834803304}}