{"O43704": {"Enrichment": 0.5854082918341633, "Depletion": 0.41461170776584466, "two-tailed": 0.8292234155316893}}