{"O43739": {"Enrichment": 0.030239395212095756, "Depletion": 0.9697806043879122, "two-tailed": 0.06047879042419151}}