{"O43704": {"Enrichment": 0.866682666346673, "Depletion": 0.13333733325333494, "two-tailed": 0.2666746665066699}}