{"O43719": {"Enrichment": 0.2122957540849183, "Depletion": 0.7877242455150897, "two-tailed": 0.4245915081698366}}