{"O43781": {"Enrichment": 0.07197856042879143, "Depletion": 0.9280414391712166, "two-tailed": 0.14395712085758286}}