{"O43865": {"Enrichment": 0.8256434871302574, "Depletion": 0.1743765124697506, "two-tailed": 0.3487530249395012}}