{"O43809": {"Enrichment": 0.3386532269354613, "Depletion": 0.6613667726645467, "two-tailed": 0.6773064538709226}}