{"O43865": {"Enrichment": 0.5977080458390832, "Depletion": 0.40231195376092477, "two-tailed": 0.8046239075218495}}