{"O43809": {"Enrichment": 0.6947861042779144, "Depletion": 0.30523389532209355, "two-tailed": 0.6104677906441871}}