{"O43921": {"Enrichment": 0.35691286174276515, "Depletion": 0.6431071378572428, "two-tailed": 0.7138257234855303}}