{"O43915": {"Enrichment": 0.30471390572188556, "Depletion": 0.6953060938781225, "two-tailed": 0.6094278114437711}}