{"O60242": {"Enrichment": 0.7206855862882743, "Depletion": 0.27933441331173375, "two-tailed": 0.5586688266234675}}