{"O60259": {"Enrichment": 0.2254754904901902, "Depletion": 0.7745445091098178, "two-tailed": 0.4509509809803804}}