{"O60218": {"Enrichment": 0.3856322873542529, "Depletion": 0.6143877122457551, "two-tailed": 0.7712645747085058}}