{"O60218": {"Enrichment": 0.20725585488290235, "Depletion": 0.7927641447171057, "two-tailed": 0.4145117097658047}}