{"O60259": {"Enrichment": 0.2881142377152457, "Depletion": 0.7119057618847623, "two-tailed": 0.5762284754304914}}