{"O60313": {"Enrichment": 0.5522489550208995, "Depletion": 0.44777104457910843, "two-tailed": 0.8955420891582169}}