{"O60306": {"Enrichment": 0.6168876622467551, "Depletion": 0.3831323373532529, "two-tailed": 0.7662646747065058}}