{"O60313": {"Enrichment": 0.5567088658226835, "Depletion": 0.44331113377732445, "two-tailed": 0.8866222675546489}}