{"O60341": {"Enrichment": 0.0048399032019359614, "Depletion": 0.995180096398072, "two-tailed": 0.009679806403871923}}