{"O60306": {"Enrichment": 0.6823863522729545, "Depletion": 0.31763364732705346, "two-tailed": 0.6352672946541069}}