{"O60565": {"Enrichment": 0.0505789884202316, "Depletion": 0.9494410111797764, "two-tailed": 0.1011579768404632}}