{"O60573": {"Enrichment": 0.10223795524089518, "Depletion": 0.8977820443591128, "two-tailed": 0.20447591048179037}}