{"O60507": {"Enrichment": 0.14653706925861482, "Depletion": 0.8534829303413932, "two-tailed": 0.29307413851722963}}