{"O60573": {"Enrichment": 0.06697866042679146, "Depletion": 0.9330413391732165, "two-tailed": 0.13395732085358292}}