{"O60508": {"Enrichment": 0.8647027059458811, "Depletion": 0.13531729365412692, "two-tailed": 0.27063458730825385}}