{"O60568": {"Enrichment": 0.2630147397052059, "Depletion": 0.7370052598948021, "two-tailed": 0.5260294794104118}}