{"O60609": {"Enrichment": 0.34263314733705325, "Depletion": 0.6573868522629548, "two-tailed": 0.6852662946741065}}