{"O60609": {"Enrichment": 0.40621187576248474, "Depletion": 0.5938081238375232, "two-tailed": 0.8124237515249695}}