{"O60658": {"Enrichment": 0.870982580348393, "Depletion": 0.12903741925161497, "two-tailed": 0.25807483850322993}}