{"O60674": {"Enrichment": 0.8548029039419212, "Depletion": 0.14521709565808683, "two-tailed": 0.29043419131617365}}