{"O60678": {"Enrichment": 0.8393432131357372, "Depletion": 0.16067678646427072, "two-tailed": 0.32135357292854144}}