{"O60658": {"Enrichment": 0.9266414671706565, "Depletion": 0.07337853242935141, "two-tailed": 0.14675706485870282}}