{"O60678": {"Enrichment": 0.8227235455290894, "Depletion": 0.17729645407091857, "two-tailed": 0.35459290814183714}}