{"O60704": {"Enrichment": 0.4608907821843563, "Depletion": 0.5391292174156517, "two-tailed": 0.9217815643687126}}