{"O60704": {"Enrichment": 0.3389932201355973, "Depletion": 0.6610267794644107, "two-tailed": 0.6779864402711946}}