{"O60701": {"Enrichment": 0.8044239115217696, "Depletion": 0.19559608807823844, "two-tailed": 0.3911921761564769}}