{"O60729": {"Enrichment": 0.2755944881102378, "Depletion": 0.7244255114897702, "two-tailed": 0.5511889762204756}}