{"O60729": {"Enrichment": 0.9397012059758805, "Depletion": 0.060318793624127516, "two-tailed": 0.12063758724825503}}