{"O60701": {"Enrichment": 0.7157456850862983, "Depletion": 0.2842743145137097, "two-tailed": 0.5685486290274194}}