{"O60760": {"Enrichment": 0.6644467110657787, "Depletion": 0.3355732885342293, "two-tailed": 0.6711465770684586}}