{"O60825": {"Enrichment": 0.09987800243995121, "Depletion": 0.9001419971600568, "two-tailed": 0.19975600487990242}}