{"O60885": {"Enrichment": 0.9484010319793604, "Depletion": 0.051618967620647584, "two-tailed": 0.10323793524129517}}