{"O60825": {"Enrichment": 0.05229895402091958, "Depletion": 0.9477210455790884, "two-tailed": 0.10459790804183916}}