{"O60888": {"Enrichment": 0.9900801983960321, "Depletion": 0.009939801203975921, "two-tailed": 0.019879602407951842}}