{"O60844": {"Enrichment": 0.4589908201835963, "Depletion": 0.5410291794164117, "two-tailed": 0.9179816403671927}}