{"O60870": {"Enrichment": 0.375952480950381, "Depletion": 0.6240675186496271, "two-tailed": 0.751904961900762}}