{"O60870": {"Enrichment": 0.34235315293694124, "Depletion": 0.6576668466630667, "two-tailed": 0.6847063058738825}}