{"O60844": {"Enrichment": 0.8046639067218656, "Depletion": 0.19535609287814243, "two-tailed": 0.39071218575628486}}