{"O60888": {"Enrichment": 0.018519629607407852, "Depletion": 0.9815003699926002, "two-tailed": 0.037039259214815705}}