{"O60911": {"Enrichment": 0.042059158816823664, "Depletion": 0.9579608407831843, "two-tailed": 0.08411831763364733}}