{"O60930": {"Enrichment": 0.0633187336253275, "Depletion": 0.9367012659746805, "two-tailed": 0.126637467250655}}