{"O75173": {"Enrichment": 0.23955520889582207, "Depletion": 0.7604647907041859, "two-tailed": 0.47911041779164415}}