{"O75116": {"Enrichment": 0.08433831323373532, "Depletion": 0.9156816863662727, "two-tailed": 0.16867662646747064}}