{"O75116": {"Enrichment": 0.15081698366032678, "Depletion": 0.8492030159396812, "two-tailed": 0.30163396732065356}}