{"O75143": {"Enrichment": 0.9637007259854803, "Depletion": 0.03631927361452771, "two-tailed": 0.07263854722905543}}