{"O75151": {"Enrichment": 0.019439611207775844, "Depletion": 0.9805803883922322, "two-tailed": 0.03887922241555169}}