{"O75326": {"Enrichment": 0.6592268154636908, "Depletion": 0.34079318413631726, "two-tailed": 0.6815863682726345}}