{"O75311": {"Enrichment": 0.8350832983340333, "Depletion": 0.16493670126597468, "two-tailed": 0.32987340253194936}}