{"O75390": {"Enrichment": 0.15441691166176677, "Depletion": 0.8456030879382412, "two-tailed": 0.30883382332353354}}