{"O75317": {"Enrichment": 0.25171496570068597, "Depletion": 0.748305033899322, "two-tailed": 0.5034299314013719}}