{"O75385": {"Enrichment": 0.04803903921921562, "Depletion": 0.9519809603807924, "two-tailed": 0.09607807843843123}}