{"O75317": {"Enrichment": 0.04555908881822363, "Depletion": 0.9544609107817844, "two-tailed": 0.09111817763644726}}