{"O75351": {"Enrichment": 0.8062238755224895, "Depletion": 0.19379612407751845, "two-tailed": 0.3875922481550369}}