{"O75385": {"Enrichment": 0.24419511609767805, "Depletion": 0.7558248835023299, "two-tailed": 0.4883902321953561}}