{"O75390": {"Enrichment": 0.05671886562268755, "Depletion": 0.9433011339773204, "two-tailed": 0.1134377312453751}}