{"O75417": {"Enrichment": 0.9695006099878003, "Depletion": 0.030519389612207754, "two-tailed": 0.06103877922441551}}