{"O75460": {"Enrichment": 0.3105337893242135, "Depletion": 0.6894862102757945, "two-tailed": 0.621067578648427}}