{"O75469": {"Enrichment": 0.2855142897142057, "Depletion": 0.7145057098858023, "two-tailed": 0.5710285794284115}}