{"O75475": {"Enrichment": 0.9885402291954161, "Depletion": 0.011479770404591909, "two-tailed": 0.022959540809183818}}