{"O75460": {"Enrichment": 0.31095378092438153, "Depletion": 0.6890662186756265, "two-tailed": 0.6219075618487631}}