{"O75417": {"Enrichment": 0.9690406191876162, "Depletion": 0.030979380412391753, "two-tailed": 0.06195876082478351}}