{"O75582": {"Enrichment": 0.9225815483690326, "Depletion": 0.07743845123097538, "two-tailed": 0.15487690246195077}}