{"O75530": {"Enrichment": 0.5586288274234515, "Depletion": 0.4413911721765565, "two-tailed": 0.882782344353113}}