{"O75582": {"Enrichment": 0.9937601247975041, "Depletion": 0.00625987480250395, "two-tailed": 0.0125197496050079}}