{"O75581": {"Enrichment": 0.5164896702065959, "Depletion": 0.4835303293934121, "two-tailed": 0.9670606587868242}}