{"O75581": {"Enrichment": 0.505569888602228, "Depletion": 0.49445011099778, "two-tailed": 0.98890022199556}}