{"O75530": {"Enrichment": 0.25827483450330996, "Depletion": 0.7417451650966981, "two-tailed": 0.5165496690066199}}