{"O75629": {"Enrichment": 0.5422291554168917, "Depletion": 0.45779084418311633, "two-tailed": 0.9155816883662327}}