{"O75695": {"Enrichment": 0.8320633587328253, "Depletion": 0.16795664086718265, "two-tailed": 0.3359132817343653}}