{"O75663": {"Enrichment": 0.0028399432011359774, "Depletion": 0.997180056398872, "two-tailed": 0.005679886402271955}}