{"O75604": {"Enrichment": 0.17885642287154258, "Depletion": 0.8211635767284654, "two-tailed": 0.35771284574308515}}