{"O75695": {"Enrichment": 0.8303033939321214, "Depletion": 0.16971660566788666, "two-tailed": 0.3394332113357733}}