{"O75604": {"Enrichment": 0.15309693806123878, "Depletion": 0.8469230615387692, "two-tailed": 0.30619387612247756}}