{"O75689": {"Enrichment": 0.06097878042439151, "Depletion": 0.9390412191756164, "two-tailed": 0.12195756084878302}}