{"O75608": {"Enrichment": 0.99270014599708, "Depletion": 0.007319853602927941, "two-tailed": 0.014639707205855883}}