{"O75608": {"Enrichment": 0.9142017159656807, "Depletion": 0.08581828363432731, "two-tailed": 0.17163656726865462}}