{"O75643": {"Enrichment": 0.12631747365052698, "Depletion": 0.8737025259494811, "two-tailed": 0.25263494730105396}}