{"O75689": {"Enrichment": 0.21979560408791823, "Depletion": 0.7802243955120898, "two-tailed": 0.43959120817583647}}