{"O75643": {"Enrichment": 0.14575708485830283, "Depletion": 0.8542629147417051, "two-tailed": 0.29151416971660565}}