{"O75715": {"Enrichment": 0.35371292574148516, "Depletion": 0.6463070738585228, "two-tailed": 0.7074258514829703}}