{"O75762": {"Enrichment": 0.16551668966620667, "Depletion": 0.8345033099338013, "two-tailed": 0.33103337933241334}}