{"O75715": {"Enrichment": 0.41965160696786064, "Depletion": 0.5803683926321473, "two-tailed": 0.8393032139357213}}