{"O75899": {"Enrichment": 0.5944281114377712, "Depletion": 0.40559188816223674, "two-tailed": 0.8111837763244735}}