{"O75874": {"Enrichment": 0.35543289134217315, "Depletion": 0.6445871082578348, "two-tailed": 0.7108657826843463}}