{"O75891": {"Enrichment": 0.021779564408711826, "Depletion": 0.9782404351912962, "two-tailed": 0.04355912881742365}}