{"O75897": {"Enrichment": 0.030759384812303753, "Depletion": 0.9692606147877042, "two-tailed": 0.061518769624607506}}