{"O75817": {"Enrichment": 0.36871262574748503, "Depletion": 0.631307373852523, "two-tailed": 0.7374252514949701}}