{"O75884": {"Enrichment": 0.28355432891342175, "Depletion": 0.7164656706865863, "two-tailed": 0.5671086578268435}}