{"O75880": {"Enrichment": 0.1125977480450391, "Depletion": 0.8874222515549689, "two-tailed": 0.2251954960900782}}