{"O75815": {"Enrichment": 0.5391692166156676, "Depletion": 0.4608507829843403, "two-tailed": 0.9217015659686806}}