{"O75888": {"Enrichment": 0.3031539369212616, "Depletion": 0.6968660626787464, "two-tailed": 0.6063078738425232}}