{"O75891": {"Enrichment": 0.07939841203175936, "Depletion": 0.9206215875682486, "two-tailed": 0.15879682406351872}}