{"O75874": {"Enrichment": 0.3221935561288774, "Depletion": 0.6778264434711305, "two-tailed": 0.6443871122577548}}