{"O75897": {"Enrichment": 0.10623787524249514, "Depletion": 0.8937821243575128, "two-tailed": 0.2124757504849903}}