{"O75817": {"Enrichment": 0.02393952120957581, "Depletion": 0.9760804783904322, "two-tailed": 0.04787904241915162}}