{"O75828": {"Enrichment": 0.12957740845183097, "Depletion": 0.870442591148177, "two-tailed": 0.25915481690366193}}