{"O75815": {"Enrichment": 0.6719465610687786, "Depletion": 0.3280734385312294, "two-tailed": 0.6561468770624588}}