{"O75899": {"Enrichment": 0.5935081298374032, "Depletion": 0.4065118697626047, "two-tailed": 0.8130237395252095}}