{"O75880": {"Enrichment": 0.11027779444411112, "Depletion": 0.8897422051558969, "two-tailed": 0.22055558888822224}}