{"O75936": {"Enrichment": 0.02025959480810384, "Depletion": 0.9797604047919042, "two-tailed": 0.04051918961620768}}