{"O75914": {"Enrichment": 0.1881562368752625, "Depletion": 0.8118637627247455, "two-tailed": 0.376312473750525}}