{"O75907": {"Enrichment": 0.014319713605727886, "Depletion": 0.9857002859942802, "two-tailed": 0.02863942721145577}}