{"O75914": {"Enrichment": 0.09707805843883123, "Depletion": 0.9029419411611768, "two-tailed": 0.19415611687766246}}