{"O76054": {"Enrichment": 0.030839383212335755, "Depletion": 0.9691806163876723, "two-tailed": 0.06167876642467151}}