{"O76093": {"Enrichment": 0.6860062798744025, "Depletion": 0.3140137197256055, "two-tailed": 0.628027439451211}}