{"O76093": {"Enrichment": 0.6892862142757145, "Depletion": 0.3107337853242935, "two-tailed": 0.621467570648587}}