{"O76036": {"Enrichment": 0.6626667466650668, "Depletion": 0.3373532529349413, "two-tailed": 0.6747065058698826}}