{"O76054": {"Enrichment": 0.08055838883222335, "Depletion": 0.9194616107677847, "two-tailed": 0.1611167776644467}}