{"O94788": {"Enrichment": 0.8386032279354413, "Depletion": 0.16141677166456672, "two-tailed": 0.32283354332913344}}