{"O94779": {"Enrichment": 0.5293494130117398, "Depletion": 0.4706705865882682, "two-tailed": 0.9413411731765364}}