{"O94762": {"Enrichment": 0.13197736045279093, "Depletion": 0.868042639147217, "two-tailed": 0.26395472090558186}}