{"O94768": {"Enrichment": 0.04211915761684766, "Depletion": 0.9579008419831604, "two-tailed": 0.08423831523369532}}