{"O94766": {"Enrichment": 0.30933381332373355, "Depletion": 0.6906861862762744, "two-tailed": 0.6186676266474671}}