{"O94788": {"Enrichment": 0.886122277554449, "Depletion": 0.11389772204555909, "two-tailed": 0.22779544409111818}}