{"O94804": {"Enrichment": 0.8613427731445371, "Depletion": 0.1386772264554709, "two-tailed": 0.2773544529109418}}