{"O94875": {"Enrichment": 0.75462490750185, "Depletion": 0.24539509209815805, "two-tailed": 0.4907901841963161}}