{"O94804": {"Enrichment": 0.751764964700706, "Depletion": 0.248255034899302, "two-tailed": 0.496510069798604}}