{"O94901": {"Enrichment": 0.7118457630847383, "Depletion": 0.2881742365152697, "two-tailed": 0.5763484730305394}}