{"O94925": {"Enrichment": 0.4697506049879002, "Depletion": 0.5302693946121078, "two-tailed": 0.9395012099758004}}