{"O94923": {"Enrichment": 0.48401031979360415, "Depletion": 0.5160096798064039, "two-tailed": 0.9680206395872083}}