{"O94953": {"Enrichment": 0.06877862442751145, "Depletion": 0.9312413751724965, "two-tailed": 0.1375572488550229}}