{"O94916": {"Enrichment": 0.1388772224555509, "Depletion": 0.8611427771444571, "two-tailed": 0.2777544449111018}}