{"O94923": {"Enrichment": 0.628707425851483, "Depletion": 0.37131257374852505, "two-tailed": 0.7426251474970501}}