{"O94901": {"Enrichment": 0.5458290834183316, "Depletion": 0.45419091618167634, "two-tailed": 0.9083818323633527}}