{"O94916": {"Enrichment": 0.32049359012819745, "Depletion": 0.6795264094718105, "two-tailed": 0.6409871802563949}}