{"O94925": {"Enrichment": 0.38061238775224493, "Depletion": 0.619407611847763, "two-tailed": 0.7612247755044899}}