{"O95057": {"Enrichment": 0.618047639047219, "Depletion": 0.38197236055278894, "two-tailed": 0.7639447211055779}}