{"O95050": {"Enrichment": 0.1393972120557589, "Depletion": 0.8606227875442491, "two-tailed": 0.2787944241115178}}