{"O95045": {"Enrichment": 0.13377732445351093, "Depletion": 0.8662426751464971, "two-tailed": 0.26755464890702185}}