{"O95045": {"Enrichment": 0.5815683686326274, "Depletion": 0.41845163096738064, "two-tailed": 0.8369032619347613}}