{"O95057": {"Enrichment": 0.36619267614647705, "Depletion": 0.6338273234535309, "two-tailed": 0.7323853522929541}}