{"O95166": {"Enrichment": 0.25269494610107796, "Depletion": 0.74732505349893, "two-tailed": 0.5053898922021559}}