{"O95166": {"Enrichment": 0.254094918101638, "Depletion": 0.74592508149837, "two-tailed": 0.508189836203276}}