{"O95140": {"Enrichment": 0.24121517569648607, "Depletion": 0.7588048239035219, "two-tailed": 0.48243035139297213}}