{"O95140": {"Enrichment": 0.24527509449811002, "Depletion": 0.754744905101898, "two-tailed": 0.49055018899622005}}