{"O95154": {"Enrichment": 0.4356112877742445, "Depletion": 0.5644087118257635, "two-tailed": 0.871222575548489}}