{"O95198": {"Enrichment": 0.5849683006339873, "Depletion": 0.4150516989660207, "two-tailed": 0.8301033979320414}}