{"O95147": {"Enrichment": 0.6105477890442191, "Depletion": 0.3894722105557889, "two-tailed": 0.7789444211115778}}