{"O95154": {"Enrichment": 0.4344313113737725, "Depletion": 0.5655886882262354, "two-tailed": 0.868862622747545}}