{"O95150": {"Enrichment": 0.16691666166676666, "Depletion": 0.8331033379332413, "two-tailed": 0.3338333233335333}}