{"O95147": {"Enrichment": 0.6086478270434591, "Depletion": 0.3913721725565489, "two-tailed": 0.7827443451130978}}