{"O95150": {"Enrichment": 0.7513449731005379, "Depletion": 0.24867502649947001, "two-tailed": 0.49735005299894003}}