{"O95255": {"Enrichment": 0.37567248655026897, "Depletion": 0.624347513049739, "two-tailed": 0.7513449731005379}}