{"O95267": {"Enrichment": 0.028119437611247775, "Depletion": 0.9719005619887602, "two-tailed": 0.05623887522249555}}