{"O95257": {"Enrichment": 0.4468710625787484, "Depletion": 0.5531489370212596, "two-tailed": 0.8937421251574968}}