{"O95257": {"Enrichment": 0.6779464410711786, "Depletion": 0.3220735585288294, "two-tailed": 0.6441471170576588}}