{"O95274": {"Enrichment": 0.6358472830543389, "Depletion": 0.3641727165456691, "two-tailed": 0.7283454330913381}}