{"O95292": {"Enrichment": 0.3486330273394532, "Depletion": 0.6513869722605548, "two-tailed": 0.6972660546789065}}