{"O95278": {"Enrichment": 0.17965640687186257, "Depletion": 0.8203635927281454, "two-tailed": 0.35931281374372515}}