{"O95267": {"Enrichment": 0.023259534809303813, "Depletion": 0.9767604647907042, "two-tailed": 0.04651906961860763}}