{"O95319": {"Enrichment": 0.07347853042939141, "Depletion": 0.9265414691706166, "two-tailed": 0.14695706085878282}}