{"O95347": {"Enrichment": 0.6642667146657066, "Depletion": 0.3357532849343013, "two-tailed": 0.6715065698686026}}