{"O95340": {"Enrichment": 0.5862482750344993, "Depletion": 0.4137717245655087, "two-tailed": 0.8275434491310174}}