{"O95398": {"Enrichment": 0.0036999260014799703, "Depletion": 0.996320073598528, "two-tailed": 0.007399852002959941}}