{"O95363": {"Enrichment": 0.9385612287754245, "Depletion": 0.06145877082458351, "two-tailed": 0.12291754164916702}}