{"O95393": {"Enrichment": 0.9680006399872002, "Depletion": 0.032019359612807746, "two-tailed": 0.06403871922561549}}