{"O95393": {"Enrichment": 0.9711005779884402, "Depletion": 0.02891942161156777, "two-tailed": 0.05783884322313554}}