{"O95372": {"Enrichment": 0.7350852982940341, "Depletion": 0.2649347013059739, "two-tailed": 0.5298694026119478}}