{"O95319": {"Enrichment": 0.09413811723765525, "Depletion": 0.9058818823623528, "two-tailed": 0.1882762344753105}}