{"O95340": {"Enrichment": 0.5474090518189636, "Depletion": 0.4526109477810444, "two-tailed": 0.9052218955620888}}