{"O95363": {"Enrichment": 0.6661866762664747, "Depletion": 0.3338333233335333, "two-tailed": 0.6676666466670667}}