{"O95407": {"Enrichment": 0.8825023499530009, "Depletion": 0.11751764964700706, "two-tailed": 0.23503529929401412}}