{"O95497": {"Enrichment": 0.8022839543209136, "Depletion": 0.1977360452790944, "two-tailed": 0.3954720905581888}}