{"O95407": {"Enrichment": 0.8848823023539529, "Depletion": 0.11513769724605508, "two-tailed": 0.23027539449211015}}