{"O95445": {"Enrichment": 0.36965260694786106, "Depletion": 0.6303673926521469, "two-tailed": 0.7393052138957221}}