{"O95497": {"Enrichment": 0.9110817783644327, "Depletion": 0.0889382212355753, "two-tailed": 0.1778764424711506}}