{"O95470": {"Enrichment": 0.011439771204575908, "Depletion": 0.9885802283954321, "two-tailed": 0.022879542409151816}}