{"O95571": {"Enrichment": 0.993960120797584, "Depletion": 0.006059878802423951, "two-tailed": 0.012119757604847903}}