{"O95571": {"Enrichment": 0.9936401271974561, "Depletion": 0.006379872402551949, "two-tailed": 0.012759744805103898}}