{"O95633": {"Enrichment": 0.32787344253114936, "Depletion": 0.6721465570688586, "two-tailed": 0.6557468850622987}}