{"O95786": {"Enrichment": 0.6766064678706426, "Depletion": 0.32341353172936543, "two-tailed": 0.6468270634587309}}