{"O95786": {"Enrichment": 0.06185876282474351, "Depletion": 0.9381612367752645, "two-tailed": 0.12371752564948701}}