{"O95750": {"Enrichment": 0.6627467450650987, "Depletion": 0.3372732545349093, "two-tailed": 0.6745465090698186}}