{"O95716": {"Enrichment": 0.7898842023159537, "Depletion": 0.21013579728405432, "two-tailed": 0.42027159456810864}}