{"O95747": {"Enrichment": 0.2149557008859823, "Depletion": 0.7850642987140257, "two-tailed": 0.4299114017719646}}