{"O95716": {"Enrichment": 0.31677366452670946, "Depletion": 0.6832463350732986, "two-tailed": 0.6335473290534189}}