{"O95747": {"Enrichment": 0.05963880722385552, "Depletion": 0.9403811923761525, "two-tailed": 0.11927761444771104}}