{"O95861": {"Enrichment": 0.6484070318593628, "Depletion": 0.3516129677406452, "two-tailed": 0.7032259354812904}}