{"O95881": {"Enrichment": 0.24543509129817404, "Depletion": 0.754584908301834, "two-tailed": 0.49087018259634807}}