{"O95861": {"Enrichment": 0.42929141417171657, "Depletion": 0.5707285854282914, "two-tailed": 0.8585828283434331}}