{"O95831": {"Enrichment": 0.5845283094338113, "Depletion": 0.4154916901661967, "two-tailed": 0.8309833803323934}}