{"O95831": {"Enrichment": 0.45315093698126035, "Depletion": 0.5468690626187476, "two-tailed": 0.9063018739625207}}