{"O95819": {"Enrichment": 0.2711145777084458, "Depletion": 0.7289054218915622, "two-tailed": 0.5422291554168917}}