{"O95819": {"Enrichment": 0.2249755004899902, "Depletion": 0.7750444991100178, "two-tailed": 0.4499510009799804}}