{"O95985": {"Enrichment": 0.8929021419571609, "Depletion": 0.10711785764284715, "two-tailed": 0.2142357152856943}}