{"O95989": {"Enrichment": 0.8103037939241216, "Depletion": 0.18971620567588648, "two-tailed": 0.37943241135177297}}