{"O95970": {"Enrichment": 0.5683486330273394, "Depletion": 0.4316713665726685, "two-tailed": 0.863342733145337}}