{"O95970": {"Enrichment": 0.42393152136957263, "Depletion": 0.5760884782304354, "two-tailed": 0.8478630427391453}}