{"O95985": {"Enrichment": 0.7881442371152577, "Depletion": 0.21187576248475032, "two-tailed": 0.42375152496950064}}