{"O96007": {"Enrichment": 0.17257654846903062, "Depletion": 0.8274434511309774, "two-tailed": 0.34515309693806123}}