{"O96013": {"Enrichment": 0.246855062898742, "Depletion": 0.7531649367012659, "two-tailed": 0.493710125797484}}