{"O96028": {"Enrichment": 0.19357612847743044, "Depletion": 0.8064438711225775, "two-tailed": 0.3871522569548609}}