{"O96007": {"Enrichment": 0.5793084138317234, "Depletion": 0.42071158576828466, "two-tailed": 0.8414231715365693}}