{"O96017": {"Enrichment": 0.45761084778304434, "Depletion": 0.5424091518169637, "two-tailed": 0.9152216955660887}}