{"P00352": {"Enrichment": 0.019779604407911842, "Depletion": 0.9802403951920962, "two-tailed": 0.039559208815823685}}