{"P00325": {"Enrichment": 0.3144737105257895, "Depletion": 0.6855462890742186, "two-tailed": 0.628947421051579}}