{"P00338": {"Enrichment": 0.6426671466570668, "Depletion": 0.35735285294294117, "two-tailed": 0.7147057058858823}}