{"P00326": {"Enrichment": 0.024619507609847803, "Depletion": 0.9754004919901602, "two-tailed": 0.049239015219695606}}