{"P00374": {"Enrichment": 0.35725285494290115, "Depletion": 0.6427671446571068, "two-tailed": 0.7145057098858023}}