{"P00338": {"Enrichment": 0.6404671906561868, "Depletion": 0.35955280894382113, "two-tailed": 0.7191056178876423}}