{"P00390": {"Enrichment": 0.45469090618187635, "Depletion": 0.5453290934181316, "two-tailed": 0.9093818123637527}}