{"P00367": {"Enrichment": 0.251914961700766, "Depletion": 0.748105037899242, "two-tailed": 0.503829923401532}}