{"P00387": {"Enrichment": 0.4325913481730365, "Depletion": 0.5674286514269714, "two-tailed": 0.865182696346073}}