{"P00387": {"Enrichment": 0.5585288294234115, "Depletion": 0.44149117017659645, "two-tailed": 0.8829823403531929}}