{"P00367": {"Enrichment": 0.15575688486230274, "Depletion": 0.8442631147377052, "two-tailed": 0.3115137697246055}}