{"P00325": {"Enrichment": 0.019719605607887842, "Depletion": 0.9803003939921202, "two-tailed": 0.039439211215775684}}