{"P00390": {"Enrichment": 0.3026339473210536, "Depletion": 0.6973860522789544, "two-tailed": 0.6052678946421072}}