{"P00374": {"Enrichment": 0.35625287494250113, "Depletion": 0.6437671246575069, "two-tailed": 0.7125057498850023}}