{"P00492": {"Enrichment": 0.43879122417551647, "Depletion": 0.5612287754244915, "two-tailed": 0.8775824483510329}}