{"P00491": {"Enrichment": 0.37229255414891704, "Depletion": 0.6277274454510909, "two-tailed": 0.7445851082978341}}