{"P00451": {"Enrichment": 0.992220155596888, "Depletion": 0.007799844003119938, "two-tailed": 0.015599688006239875}}