{"P00441": {"Enrichment": 0.8264434711305774, "Depletion": 0.1735765284694306, "two-tailed": 0.3471530569388612}}