{"P00450": {"Enrichment": 0.9798604027919442, "Depletion": 0.02015959680806384, "two-tailed": 0.04031919361612768}}