{"P00450": {"Enrichment": 0.8979820403591928, "Depletion": 0.10203795924081518, "two-tailed": 0.20407591848163037}}