{"P00488": {"Enrichment": 0.19511609767804644, "Depletion": 0.8049039019219616, "two-tailed": 0.3902321953560929}}