{"P00492": {"Enrichment": 0.3910121797564049, "Depletion": 0.6090078198436031, "two-tailed": 0.7820243595128098}}