{"P00488": {"Enrichment": 0.22171556568868622, "Depletion": 0.7783044339113218, "two-tailed": 0.44343113137737245}}