{"P00480": {"Enrichment": 0.6471870562588748, "Depletion": 0.3528329433411332, "two-tailed": 0.7056658866822664}}