{"P00480": {"Enrichment": 0.6517069658606828, "Depletion": 0.3483130337393252, "two-tailed": 0.6966260674786504}}