{"P00558": {"Enrichment": 0.07125857482850342, "Depletion": 0.9287614247715046, "two-tailed": 0.14251714965700685}}