{"P00519": {"Enrichment": 0.01979960400791984, "Depletion": 0.9802203955920882, "two-tailed": 0.03959920801583968}}