{"P00505": {"Enrichment": 0.2843943121137577, "Depletion": 0.7156256874862503, "two-tailed": 0.5687886242275154}}