{"P00568": {"Enrichment": 0.06529869402611947, "Depletion": 0.9347213055738886, "two-tailed": 0.13059738805223894}}