{"P00533": {"Enrichment": 0.8843423131537369, "Depletion": 0.11567768644627108, "two-tailed": 0.23135537289254215}}