{"P00519": {"Enrichment": 0.11379772404551909, "Depletion": 0.886222275554489, "two-tailed": 0.22759544809103818}}