{"P00568": {"Enrichment": 0.1726965460690786, "Depletion": 0.8273234535309294, "two-tailed": 0.3453930921381572}}