{"P00533": {"Enrichment": 0.8857822843543129, "Depletion": 0.11423771524569509, "two-tailed": 0.22847543049139019}}