{"P00558": {"Enrichment": 0.003959920801583968, "Depletion": 0.9960600787984241, "two-tailed": 0.007919841603167936}}