{"P00751": {"Enrichment": 0.10037799244015119, "Depletion": 0.8996420071598568, "two-tailed": 0.20075598488030238}}