{"P00738": {"Enrichment": 0.8839023219535609, "Depletion": 0.11611767764644707, "two-tailed": 0.23223535529289413}}