{"P00742": {"Enrichment": 0.21005579888402232, "Depletion": 0.7899642007159857, "two-tailed": 0.42011159776804463}}