{"P00747": {"Enrichment": 0.8809223815523689, "Depletion": 0.11909761804763905, "two-tailed": 0.2381952360952781}}