{"P00751": {"Enrichment": 0.11843763124737505, "Depletion": 0.8815823683526329, "two-tailed": 0.2368752624947501}}