{"P00734": {"Enrichment": 0.999020019599608, "Depletion": 0.000999980000399992, "two-tailed": 0.001999960000799984}}