{"P00748": {"Enrichment": 0.40191196176076477, "Depletion": 0.5981080378392433, "two-tailed": 0.8038239235215295}}