{"P00740": {"Enrichment": 0.7508849823003539, "Depletion": 0.249135017299654, "two-tailed": 0.498270034599308}}