{"P00748": {"Enrichment": 0.6913061738765225, "Depletion": 0.30871382572348555, "two-tailed": 0.6174276514469711}}