{"P00749": {"Enrichment": 0.6083478330433392, "Depletion": 0.39167216655666887, "two-tailed": 0.7833443331133377}}