{"P00742": {"Enrichment": 0.510569788604228, "Depletion": 0.48945021099578007, "two-tailed": 0.9789004219915601}}