{"P00797": {"Enrichment": 0.055698886022279556, "Depletion": 0.9443211135777284, "two-tailed": 0.11139777204455911}}