{"P00749": {"Enrichment": 0.5893082138357233, "Depletion": 0.4107117857642847, "two-tailed": 0.8214235715285694}}