{"P00736": {"Enrichment": 0.9558408831823364, "Depletion": 0.044179116417671645, "two-tailed": 0.08835823283534329}}