{"P00746": {"Enrichment": 0.8378232435351293, "Depletion": 0.1621967560648787, "two-tailed": 0.3243935121297574}}