{"P00736": {"Enrichment": 0.75012499750005, "Depletion": 0.249895002099958, "two-tailed": 0.499790004199916}}