{"P00746": {"Enrichment": 0.6716065678686426, "Depletion": 0.3284134317313654, "two-tailed": 0.6568268634627308}}