{"P00740": {"Enrichment": 0.7003659926801464, "Depletion": 0.2996540069198616, "two-tailed": 0.5993080138397232}}