{"P00813": {"Enrichment": 0.14607707845843082, "Depletion": 0.8539429211415772, "two-tailed": 0.29215415691686164}}