{"P00813": {"Enrichment": 0.13063738725225496, "Depletion": 0.869382612347753, "two-tailed": 0.2612747745045099}}