{"P00918": {"Enrichment": 0.9323413531729365, "Depletion": 0.06767864642707146, "two-tailed": 0.1353572928541429}}