{"P00915": {"Enrichment": 0.1608967820643587, "Depletion": 0.8391232175356493, "two-tailed": 0.3217935641287174}}