{"P00966": {"Enrichment": 0.18471630567388653, "Depletion": 0.8153036939261215, "two-tailed": 0.36943261134777305}}