{"P00966": {"Enrichment": 0.03479930401391972, "Depletion": 0.9652206955860883, "two-tailed": 0.06959860802783945}}