{"P01031": {"Enrichment": 0.9876602467950641, "Depletion": 0.012359752804943901, "two-tailed": 0.024719505609887803}}