{"P01024": {"Enrichment": 0.7710245795084099, "Depletion": 0.22899542009159818, "two-tailed": 0.45799084018319636}}