{"P01009": {"Enrichment": 0.03875922481550369, "Depletion": 0.9612607747845043, "two-tailed": 0.07751844963100737}}