{"P01008": {"Enrichment": 0.9570008599828004, "Depletion": 0.04301913961720766, "two-tailed": 0.08603827923441532}}