{"P01008": {"Enrichment": 0.8845623087538249, "Depletion": 0.11545769084618307, "two-tailed": 0.23091538169236614}}