{"P01009": {"Enrichment": 0.03427931441371172, "Depletion": 0.9657406851862963, "two-tailed": 0.06855862882742345}}