{"P01024": {"Enrichment": 0.7755044899102018, "Depletion": 0.22451550968980621, "two-tailed": 0.44903101937961243}}