{"P01031": {"Enrichment": 0.9995000099998, "Depletion": 0.0005199896002079958, "two-tailed": 0.0010399792004159916}}