{"P01112": {"Enrichment": 0.49261014779704404, "Depletion": 0.5074098518029639, "two-tailed": 0.9852202955940881}}