{"P01116": {"Enrichment": 0.4503509929801404, "Depletion": 0.5496690066198676, "two-tailed": 0.9007019859602808}}