{"P01111": {"Enrichment": 0.30413391732165357, "Depletion": 0.6958860822783545, "two-tailed": 0.6082678346433071}}