{"P01116": {"Enrichment": 0.7857842843143137, "Depletion": 0.2142357152856943, "two-tailed": 0.4284714305713886}}