{"P01127": {"Enrichment": 0.9102617947641047, "Depletion": 0.08975820483590329, "two-tailed": 0.17951640967180657}}