{"P01111": {"Enrichment": 0.5818083638327234, "Depletion": 0.41821163576728465, "two-tailed": 0.8364232715345693}}