{"P01215": {"Enrichment": 0.6667066658666827, "Depletion": 0.33331333373332533, "two-tailed": 0.6666266674666507}}