{"P01225": {"Enrichment": 0.5069898602027959, "Depletion": 0.4930301393972121, "two-tailed": 0.9860602787944241}}