{"P01241": {"Enrichment": 0.06507869842603148, "Depletion": 0.9349413011739766, "two-tailed": 0.13015739685206296}}