{"P01374": {"Enrichment": 0.26659466810663784, "Depletion": 0.7334253314933701, "two-tailed": 0.5331893362132757}}