{"P01375": {"Enrichment": 0.7108657826843463, "Depletion": 0.2891542169156617, "two-tailed": 0.5783084338313234}}