{"P01583": {"Enrichment": 0.998080038399232, "Depletion": 0.0019399612007759844, "two-tailed": 0.003879922401551969}}