{"P01574": {"Enrichment": 0.8377232455350893, "Depletion": 0.1622967540649187, "two-tailed": 0.3245935081298374}}