{"P01574": {"Enrichment": 0.9351612967740646, "Depletion": 0.06485870282594348, "two-tailed": 0.12971740565188697}}