{"P01588": {"Enrichment": 0.46691066178676427, "Depletion": 0.5331093378132438, "two-tailed": 0.9338213235735285}}