{"P01594": {"Enrichment": 0.4109317813643727, "Depletion": 0.5890882182356353, "two-tailed": 0.8218635627287454}}