{"P01619": {"Enrichment": 0.06689866202675947, "Depletion": 0.9331213375732486, "two-tailed": 0.13379732405351893}}