{"P01833": {"Enrichment": 0.007679846403071938, "Depletion": 0.992340153196936, "two-tailed": 0.015359692806143877}}