{"P01876": {"Enrichment": 0.40565188696226073, "Depletion": 0.5943681126377472, "two-tailed": 0.8113037739245215}}