{"P01877": {"Enrichment": 0.19325613487730245, "Depletion": 0.8067638647227056, "two-tailed": 0.3865122697546049}}