{"P01833": {"Enrichment": 0.14723705525889483, "Depletion": 0.8527829443411131, "two-tailed": 0.29447411051778966}}