{"P02461": {"Enrichment": 0.7325453490930182, "Depletion": 0.2674746505069899, "two-tailed": 0.5349493010139797}}