{"P02462": {"Enrichment": 0.8678426431471371, "Depletion": 0.13217735645287093, "two-tailed": 0.26435471290574186}}