{"P02452": {"Enrichment": 0.8110437791244175, "Depletion": 0.18897622047559048, "two-tailed": 0.37795244095118097}}