{"P02675": {"Enrichment": 0.3235735285294294, "Depletion": 0.6764464710705785, "two-tailed": 0.6471470570588588}}