{"P02671": {"Enrichment": 0.1390772184556309, "Depletion": 0.8609427811443772, "two-tailed": 0.2781544369112618}}