{"P02679": {"Enrichment": 0.0752584948301034, "Depletion": 0.9247615047699046, "two-tailed": 0.1505169896602068}}