{"P02778": {"Enrichment": 0.9955000899982, "Depletion": 0.004519909601807964, "two-tailed": 0.009039819203615927}}