{"P02763": {"Enrichment": 0.6707865842683146, "Depletion": 0.32923341533169337, "two-tailed": 0.6584668306633867}}