{"P02788": {"Enrichment": 0.2828943421131577, "Depletion": 0.7171256574868503, "two-tailed": 0.5657886842263155}}