{"P02741": {"Enrichment": 0.374292514149717, "Depletion": 0.625727485450291, "two-tailed": 0.748585028299434}}