{"P02766": {"Enrichment": 0.34147317053658927, "Depletion": 0.6585468290634188, "two-tailed": 0.6829463410731785}}