{"P02792": {"Enrichment": 0.22729545409091817, "Depletion": 0.7727245455090899, "two-tailed": 0.45459090818183634}}