{"P02794": {"Enrichment": 0.5968680626387473, "Depletion": 0.4031519369612608, "two-tailed": 0.8063038739225216}}