{"P02787": {"Enrichment": 0.006399872002559949, "Depletion": 0.993620127597448, "two-tailed": 0.012799744005119898}}