{"P02775": {"Enrichment": 0.9675006499870002, "Depletion": 0.03251934961300774, "two-tailed": 0.06503869922601548}}