{"P02766": {"Enrichment": 0.6209675806483871, "Depletion": 0.37905241895162095, "two-tailed": 0.7581048379032419}}