{"P02743": {"Enrichment": 0.9127617447651047, "Depletion": 0.0872582548349033, "two-tailed": 0.1745165096698066}}