{"P02776": {"Enrichment": 0.029339413211735766, "Depletion": 0.9706805863882723, "two-tailed": 0.05867882642347153}}