{"P02794": {"Enrichment": 0.9684606307873842, "Depletion": 0.03155936881262375, "two-tailed": 0.0631187376252475}}