{"P02743": {"Enrichment": 0.9125417491650167, "Depletion": 0.0874782504349913, "two-tailed": 0.1749565008699826}}