{"P02786": {"Enrichment": 0.8470430591388173, "Depletion": 0.15297694046119079, "two-tailed": 0.30595388092238157}}