{"P02792": {"Enrichment": 0.3240535189296214, "Depletion": 0.6759664806703866, "two-tailed": 0.6481070378592428}}