{"P02730": {"Enrichment": 0.8515229695406092, "Depletion": 0.14849703005939882, "two-tailed": 0.29699406011879764}}