{"P02778": {"Enrichment": 0.995920081598368, "Depletion": 0.004099918001639967, "two-tailed": 0.008199836003279934}}