{"P02776": {"Enrichment": 0.030159396812063758, "Depletion": 0.9698606027879443, "two-tailed": 0.060318793624127516}}