{"P02753": {"Enrichment": 0.021439571208575828, "Depletion": 0.9785804283914322, "two-tailed": 0.042879142417151656}}