{"P03951": {"Enrichment": 0.3891322173556529, "Depletion": 0.6108877822443551, "two-tailed": 0.7782644347113058}}