{"P03971": {"Enrichment": 0.25357492850143, "Depletion": 0.746445071098578, "two-tailed": 0.50714985700286}}