{"P03971": {"Enrichment": 0.22135557288854224, "Depletion": 0.7786644267114657, "two-tailed": 0.4427111457770845}}