{"P03951": {"Enrichment": 0.3639327213455731, "Depletion": 0.6360872782544349, "two-tailed": 0.7278654426911462}}