{"P03956": {"Enrichment": 0.4139917201655967, "Depletion": 0.5860282794344113, "two-tailed": 0.8279834403311934}}