{"P03956": {"Enrichment": 0.4151516969660607, "Depletion": 0.5848683026339473, "two-tailed": 0.8303033939321214}}