{"P03952": {"Enrichment": 0.5879682406351873, "Depletion": 0.4120517589648207, "two-tailed": 0.8241035179296414}}