{"P03952": {"Enrichment": 0.8947221055578889, "Depletion": 0.10529789404211916, "two-tailed": 0.21059578808423832}}