{"P04062": {"Enrichment": 0.7617847643047139, "Depletion": 0.23823523529529408, "two-tailed": 0.47647047059058817}}