{"P04035": {"Enrichment": 0.749545009099818, "Depletion": 0.25047499050019, "two-tailed": 0.50094998100038}}