{"P04075": {"Enrichment": 0.125897482050359, "Depletion": 0.874122517549649, "two-tailed": 0.251794964100718}}