{"P04049": {"Enrichment": 0.873862522749545, "Depletion": 0.126157476850463, "two-tailed": 0.252314953700926}}