{"P04062": {"Enrichment": 0.8820423591528169, "Depletion": 0.11797764044719106, "two-tailed": 0.2359552808943821}}