{"P04035": {"Enrichment": 0.7077858442831143, "Depletion": 0.2922341553168937, "two-tailed": 0.5844683106337873}}