{"P04183": {"Enrichment": 0.32031359372812546, "Depletion": 0.6797064058718826, "two-tailed": 0.6406271874562509}}