{"P04179": {"Enrichment": 0.6444871102577948, "Depletion": 0.35553288934221317, "two-tailed": 0.7110657786844263}}