{"P04179": {"Enrichment": 0.8194436111277774, "Depletion": 0.18057638847223056, "two-tailed": 0.36115277694446113}}