{"P04181": {"Enrichment": 0.757104857902842, "Depletion": 0.24291514169716605, "two-tailed": 0.4858302833943321}}