{"P04180": {"Enrichment": 0.24007519849603007, "Depletion": 0.7599448011039779, "two-tailed": 0.48015039699206014}}