{"P04181": {"Enrichment": 0.754464910701786, "Depletion": 0.24555508889822203, "two-tailed": 0.49111017779644406}}