{"P04183": {"Enrichment": 0.36833263334733307, "Depletion": 0.631687366252675, "two-tailed": 0.7366652666946661}}