{"P04278": {"Enrichment": 0.029179416411671766, "Depletion": 0.9708405831883362, "two-tailed": 0.05835883282334353}}