{"P04278": {"Enrichment": 0.6474270514589708, "Depletion": 0.3525929481410372, "two-tailed": 0.7051858962820744}}