{"P04275": {"Enrichment": 0.7363252734945301, "Depletion": 0.2636947261054779, "two-tailed": 0.5273894522109558}}