{"P04406": {"Enrichment": 0.8052238955220895, "Depletion": 0.19479610407791845, "two-tailed": 0.3895922081558369}}