{"P04424": {"Enrichment": 0.18287634247315054, "Depletion": 0.8171436571268574, "two-tailed": 0.3657526849463011}}