{"P04424": {"Enrichment": 0.18339633207335854, "Depletion": 0.8166236675266495, "two-tailed": 0.3667926641467171}}