{"P04637": {"Enrichment": 0.9061818763624727, "Depletion": 0.09383812323753525, "two-tailed": 0.1876762464750705}}