{"P04637": {"Enrichment": 0.756904861902762, "Depletion": 0.24311513769724605, "two-tailed": 0.4862302753944921}}