{"P04626": {"Enrichment": 0.5722085558288834, "Depletion": 0.42781144377112457, "two-tailed": 0.8556228875422491}}