{"P04798": {"Enrichment": 0.0026799464010719785, "Depletion": 0.997340053198936, "two-tailed": 0.005359892802143957}}