{"P04798": {"Enrichment": 0.006919861602767944, "Depletion": 0.9931001379972401, "two-tailed": 0.013839723205535889}}