{"P05062": {"Enrichment": 0.376632467350653, "Depletion": 0.6233875322493551, "two-tailed": 0.753264934701306}}