{"P05091": {"Enrichment": 0.8217835643287135, "Depletion": 0.17823643527129457, "two-tailed": 0.35647287054258914}}