{"P05089": {"Enrichment": 0.09059818803623927, "Depletion": 0.9094218115637688, "two-tailed": 0.18119637607247854}}