{"P05091": {"Enrichment": 0.8988220235595288, "Depletion": 0.10119797604047918, "two-tailed": 0.20239595208095837}}