{"P05177": {"Enrichment": 0.0001999960000799984, "Depletion": 0.999820003599928, "two-tailed": 0.0003999920001599968}}