{"P05187": {"Enrichment": 0.9662606747865042, "Depletion": 0.03375932481350373, "two-tailed": 0.06751864962700746}}