{"P05112": {"Enrichment": 0.6013279734405312, "Depletion": 0.3986920261594768, "two-tailed": 0.7973840523189536}}