{"P05112": {"Enrichment": 0.6024679506409871, "Depletion": 0.3975520489590208, "two-tailed": 0.7951040979180416}}