{"P05106": {"Enrichment": 0.47007059858802824, "Depletion": 0.5299494010119797, "two-tailed": 0.9401411971760565}}