{"P05129": {"Enrichment": 0.14315713685726286, "Depletion": 0.8568628627427451, "two-tailed": 0.2863142737145257}}