{"P05164": {"Enrichment": 0.6144477110457791, "Depletion": 0.3855722885542289, "two-tailed": 0.7711445771084579}}