{"P05129": {"Enrichment": 0.14095718085638287, "Depletion": 0.8590628187436251, "two-tailed": 0.28191436171276574}}