{"P05121": {"Enrichment": 0.0007599848003039939, "Depletion": 0.999260014799704, "two-tailed": 0.0015199696006079877}}