{"P05181": {"Enrichment": 0.035639287214255716, "Depletion": 0.9643807123857523, "two-tailed": 0.07127857442851143}}