{"P05230": {"Enrichment": 0.5120297594048119, "Depletion": 0.4879902401951961, "two-tailed": 0.9759804803903922}}