{"P05230": {"Enrichment": 0.5103297934041319, "Depletion": 0.4896902061958761, "two-tailed": 0.9793804123917522}}