{"P05231": {"Enrichment": 0.09227815443691126, "Depletion": 0.9077418451630967, "two-tailed": 0.18455630887382252}}