{"P05231": {"Enrichment": 0.005259894802103958, "Depletion": 0.994760104797904, "two-tailed": 0.010519789604207916}}