{"P05455": {"Enrichment": 0.7023859522809544, "Depletion": 0.29763404731905363, "two-tailed": 0.5952680946381073}}