{"P05455": {"Enrichment": 0.5872482550348993, "Depletion": 0.4127717445651087, "two-tailed": 0.8255434891302174}}