{"P05543": {"Enrichment": 0.2640347193056139, "Depletion": 0.7359852802943941, "two-tailed": 0.5280694386112278}}