{"P05543": {"Enrichment": 0.38093238135237295, "Depletion": 0.619087618247635, "two-tailed": 0.7618647627047459}}