{"P06132": {"Enrichment": 0.42983140337193254, "Depletion": 0.5701885962280754, "two-tailed": 0.8596628067438651}}