{"P06132": {"Enrichment": 0.5451290974180516, "Depletion": 0.4548909021819564, "two-tailed": 0.9097818043639128}}