{"P06276": {"Enrichment": 0.08435831283374333, "Depletion": 0.9156616867662647, "two-tailed": 0.16871662566748666}}