{"P06276": {"Enrichment": 0.09571808563828724, "Depletion": 0.9043019139617208, "two-tailed": 0.19143617127657447}}