{"P06280": {"Enrichment": 0.8654426911461771, "Depletion": 0.13457730845383092, "two-tailed": 0.26915461690766185}}