{"P06239": {"Enrichment": 0.06593868122637547, "Depletion": 0.9340813183736325, "two-tailed": 0.13187736245275095}}