{"P06241": {"Enrichment": 0.07105857882842344, "Depletion": 0.9289614207715846, "two-tailed": 0.14211715765684688}}