{"P06241": {"Enrichment": 0.13395732085358292, "Depletion": 0.8660626787464251, "two-tailed": 0.26791464170716583}}