{"P06280": {"Enrichment": 0.8950420991580168, "Depletion": 0.10497790044199116, "two-tailed": 0.20995580088398233}}