{"P06213": {"Enrichment": 0.42947141057178856, "Depletion": 0.5705485890282195, "two-tailed": 0.8589428211435771}}