{"P06493": {"Enrichment": 0.254254914901702, "Depletion": 0.745765084698306, "two-tailed": 0.508509829803404}}