{"P06493": {"Enrichment": 0.29831403371932563, "Depletion": 0.7017059658806823, "two-tailed": 0.5966280674386513}}