{"P06681": {"Enrichment": 0.7606447871042579, "Depletion": 0.23937521249575008, "two-tailed": 0.47875042499150017}}