{"P06681": {"Enrichment": 0.6313673726525469, "Depletion": 0.36865262694746104, "two-tailed": 0.7373052538949221}}