{"P06744": {"Enrichment": 0.14639707205855884, "Depletion": 0.8536229275414492, "two-tailed": 0.2927941441171177}}