{"P06744": {"Enrichment": 0.14611707765844684, "Depletion": 0.8539029219415611, "two-tailed": 0.2922341553168937}}