{"P06746": {"Enrichment": 0.7036659266814663, "Depletion": 0.29635407291854166, "two-tailed": 0.5927081458370833}}