{"P06748": {"Enrichment": 0.7546449071018579, "Depletion": 0.24537509249815004, "two-tailed": 0.4907501849963001}}