{"P06737": {"Enrichment": 0.14099718005639889, "Depletion": 0.8590228195436092, "two-tailed": 0.28199436011279777}}