{"P06733": {"Enrichment": 0.13117737645247096, "Depletion": 0.868842623147537, "two-tailed": 0.2623547529049419}}