{"P06730": {"Enrichment": 0.25485490290194196, "Depletion": 0.7451650966980661, "two-tailed": 0.5097098058038839}}