{"P06737": {"Enrichment": 0.3197736045279094, "Depletion": 0.6802463950720986, "two-tailed": 0.6395472090558189}}