{"P06756": {"Enrichment": 0.6233875322493551, "Depletion": 0.376632467350653, "two-tailed": 0.753264934701306}}