{"P06746": {"Enrichment": 0.12315753684926302, "Depletion": 0.876862462750745, "two-tailed": 0.24631507369852604}}