{"P06730": {"Enrichment": 0.05681886362272755, "Depletion": 0.9432011359772805, "two-tailed": 0.1136377272454551}}