{"P06748": {"Enrichment": 0.27875442491150176, "Depletion": 0.7212655746885063, "two-tailed": 0.5575088498230035}}