{"P06865": {"Enrichment": 0.2136157276854463, "Depletion": 0.7864042719145617, "two-tailed": 0.4272314553708926}}