{"P06858": {"Enrichment": 0.9572208555828884, "Depletion": 0.04279914401711966, "two-tailed": 0.08559828803423931}}