{"P06865": {"Enrichment": 0.29653406931861365, "Depletion": 0.7034859302813944, "two-tailed": 0.5930681386372273}}