{"P06858": {"Enrichment": 0.9674406511869763, "Depletion": 0.03257934841303174, "two-tailed": 0.06515869682606348}}