{"P07098": {"Enrichment": 0.21479570408591828, "Depletion": 0.7852242955140897, "two-tailed": 0.42959140817183655}}