{"P07098": {"Enrichment": 0.35521289574208514, "Depletion": 0.6448071038579228, "two-tailed": 0.7104257914841703}}