{"P07093": {"Enrichment": 0.003119937601247975, "Depletion": 0.99690006199876, "two-tailed": 0.00623987520249595}}