{"P07195": {"Enrichment": 0.015399692006159876, "Depletion": 0.9846203075938481, "two-tailed": 0.030799384012319752}}