{"P07101": {"Enrichment": 0.5858482830343393, "Depletion": 0.4141717165656687, "two-tailed": 0.8283434331313374}}