{"P07101": {"Enrichment": 0.5793684126317473, "Depletion": 0.42065158696826066, "two-tailed": 0.8413031739365213}}