{"P07195": {"Enrichment": 0.20881582368352633, "Depletion": 0.7912041759164816, "two-tailed": 0.41763164736705266}}