{"P07203": {"Enrichment": 0.47093058138837224, "Depletion": 0.5290894182116358, "two-tailed": 0.9418611627767445}}