{"P07203": {"Enrichment": 0.24387512249755006, "Depletion": 0.7561448771024579, "two-tailed": 0.4877502449951001}}