{"P07237": {"Enrichment": 0.6487270254594908, "Depletion": 0.3512929741405172, "two-tailed": 0.7025859482810344}}