{"P07327": {"Enrichment": 0.11707765844683106, "Depletion": 0.8829423411531769, "two-tailed": 0.23415531689366212}}