{"P07339": {"Enrichment": 0.005419891602167957, "Depletion": 0.99460010799784, "two-tailed": 0.010839783204335913}}