{"P07311": {"Enrichment": 0.9832203355932881, "Depletion": 0.016799664006719867, "two-tailed": 0.03359932801343973}}