{"P07332": {"Enrichment": 0.1643567128657427, "Depletion": 0.8356632867342653, "two-tailed": 0.3287134257314854}}