{"P07327": {"Enrichment": 0.4301313973720526, "Depletion": 0.5698886022279555, "two-tailed": 0.8602627947441052}}