{"P07333": {"Enrichment": 0.39631207375852484, "Depletion": 0.6037079258414831, "two-tailed": 0.7926241475170497}}