{"P07384": {"Enrichment": 0.6930661386772264, "Depletion": 0.30695386092278154, "two-tailed": 0.6139077218455631}}