{"P07384": {"Enrichment": 0.6927261454770904, "Depletion": 0.30729385412291754, "two-tailed": 0.6145877082458351}}