{"P07477": {"Enrichment": 0.6116077678446431, "Depletion": 0.3884122317553649, "two-tailed": 0.7768244635107298}}