{"P07477": {"Enrichment": 0.6098478030439392, "Depletion": 0.3901721965560689, "two-tailed": 0.7803443931121378}}