{"P07686": {"Enrichment": 0.9248415031699366, "Depletion": 0.07517849643007139, "two-tailed": 0.15035699286014279}}