{"P07686": {"Enrichment": 0.8079438411231775, "Depletion": 0.19207615847683046, "two-tailed": 0.3841523169536609}}