{"P07738": {"Enrichment": 0.6644667106657867, "Depletion": 0.3355532889342213, "two-tailed": 0.6711065778684426}}