{"P07711": {"Enrichment": 0.17865642687146258, "Depletion": 0.8213635727285454, "two-tailed": 0.35731285374292515}}