{"P07741": {"Enrichment": 0.06647867042659147, "Depletion": 0.9335413291734165, "two-tailed": 0.13295734085318295}}