{"P07738": {"Enrichment": 0.126877462450751, "Depletion": 0.873142537149257, "two-tailed": 0.253754924901502}}