{"P07741": {"Enrichment": 0.06905861882762344, "Depletion": 0.9309613807723846, "two-tailed": 0.1381172376552469}}