{"P07814": {"Enrichment": 0.8642427151456971, "Depletion": 0.13577728445431092, "two-tailed": 0.27155456890862184}}