{"P07858": {"Enrichment": 0.053058938821223575, "Depletion": 0.9469610607787844, "two-tailed": 0.10611787764244715}}