{"P07858": {"Enrichment": 0.030659386812263753, "Depletion": 0.9693606127877442, "two-tailed": 0.061318773624527506}}