{"P07902": {"Enrichment": 0.39253214935701286, "Depletion": 0.6074878502429951, "two-tailed": 0.7850642987140257}}