{"P07948": {"Enrichment": 0.04009919801603968, "Depletion": 0.9599208015839683, "two-tailed": 0.08019839603207936}}