{"P07954": {"Enrichment": 0.3389332213355733, "Depletion": 0.6610867782644347, "two-tailed": 0.6778664426711466}}