{"P07954": {"Enrichment": 0.34027319453610927, "Depletion": 0.6597468050638987, "two-tailed": 0.6805463890722185}}