{"P07948": {"Enrichment": 0.016739665206695866, "Depletion": 0.9832803343933121, "two-tailed": 0.03347933041339173}}