{"P07949": {"Enrichment": 0.11695766084678307, "Depletion": 0.8830623387532249, "two-tailed": 0.23391532169356613}}