{"P08069": {"Enrichment": 0.7372652546949061, "Depletion": 0.2627547449051019, "two-tailed": 0.5255094898102038}}