{"P08069": {"Enrichment": 0.6577468450630988, "Depletion": 0.34227315453690926, "two-tailed": 0.6845463090738185}}