{"P08195": {"Enrichment": 0.6614267714645707, "Depletion": 0.3385932281354373, "two-tailed": 0.6771864562708746}}