{"P08134": {"Enrichment": 0.9914801703965921, "Depletion": 0.008539829203415932, "two-tailed": 0.017079658406831864}}