{"P08195": {"Enrichment": 0.4335713285734285, "Depletion": 0.5664486710265795, "two-tailed": 0.867142657146857}}