{"P08253": {"Enrichment": 0.6366672666546669, "Depletion": 0.3633527329453411, "two-tailed": 0.7267054658906822}}