{"P08243": {"Enrichment": 0.9096418071638567, "Depletion": 0.09037819243615128, "two-tailed": 0.18075638487230256}}