{"P08236": {"Enrichment": 0.8240235195296094, "Depletion": 0.1759964800703986, "two-tailed": 0.3519929601407972}}