{"P08294": {"Enrichment": 0.878542429151417, "Depletion": 0.12147757044859103, "two-tailed": 0.24295514089718206}}