{"P08236": {"Enrichment": 0.8030439391212175, "Depletion": 0.19697606047879043, "two-tailed": 0.39395212095758086}}