{"P08243": {"Enrichment": 0.8142437151256975, "Depletion": 0.18577628447431052, "two-tailed": 0.37155256894862104}}