{"P08238": {"Enrichment": 0.0629787404251915, "Depletion": 0.9370412591748165, "two-tailed": 0.125957480850383}}