{"P08254": {"Enrichment": 0.5731485370292594, "Depletion": 0.4268714625707486, "two-tailed": 0.8537429251414972}}