{"P08246": {"Enrichment": 0.13307733845323094, "Depletion": 0.8669426611467771, "two-tailed": 0.2661546769064619}}