{"P08254": {"Enrichment": 0.6483670326593468, "Depletion": 0.35165296694066117, "two-tailed": 0.7033059338813223}}