{"P08246": {"Enrichment": 0.506329873402532, "Depletion": 0.49369012619747604, "two-tailed": 0.9873802523949521}}