{"P08311": {"Enrichment": 0.5342893142137157, "Depletion": 0.46573068538629225, "two-tailed": 0.9314613707725845}}