{"P08311": {"Enrichment": 0.2993540129197416, "Depletion": 0.7006659866802664, "two-tailed": 0.5987080258394832}}