{"P08476": {"Enrichment": 0.7013259734805304, "Depletion": 0.2986940261194776, "two-tailed": 0.5973880522389552}}