{"P08473": {"Enrichment": 0.7923041539169217, "Depletion": 0.20771584568308635, "two-tailed": 0.4154316913661727}}