{"P08473": {"Enrichment": 0.6502869942601148, "Depletion": 0.3497330053398932, "two-tailed": 0.6994660106797864}}