{"P08572": {"Enrichment": 0.758164836703266, "Depletion": 0.24185516289674205, "two-tailed": 0.4837103257934841}}