{"P08514": {"Enrichment": 0.5698286034279314, "Depletion": 0.4301913961720766, "two-tailed": 0.8603827923441532}}