{"P08559": {"Enrichment": 0.7688446231075379, "Depletion": 0.23117537649247016, "two-tailed": 0.4623507529849403}}