{"P08514": {"Enrichment": 0.47859042819143616, "Depletion": 0.5214295714085718, "two-tailed": 0.9571808563828723}}