{"P08575": {"Enrichment": 0.3441331173376532, "Depletion": 0.6558868822623547, "two-tailed": 0.6882662346753065}}