{"P08686": {"Enrichment": 0.008559828803423932, "Depletion": 0.9914601707965841, "two-tailed": 0.017119657606847864}}