{"P08631": {"Enrichment": 0.7413851722965541, "Depletion": 0.25863482730345394, "two-tailed": 0.5172696546069079}}