{"P08686": {"Enrichment": 0.05257894842103158, "Depletion": 0.9474410511789764, "two-tailed": 0.10515789684206316}}