{"P08684": {"Enrichment": 0.006439871202575949, "Depletion": 0.993580128397432, "two-tailed": 0.012879742405151898}}