{"P08648": {"Enrichment": 0.9363212735745285, "Depletion": 0.06369872602547949, "two-tailed": 0.12739745205095898}}