{"P08684": {"Enrichment": 0.0031399372012559748, "Depletion": 0.996880062398752, "two-tailed": 0.0062798744025119495}}