{"P08621": {"Enrichment": 0.03655926881462371, "Depletion": 0.9634607307853843, "two-tailed": 0.07311853762924742}}