{"P08620": {"Enrichment": 0.40449191016179675, "Depletion": 0.5955280894382112, "two-tailed": 0.8089838203235935}}