{"P08631": {"Enrichment": 0.7347853042939141, "Depletion": 0.2652346953060939, "two-tailed": 0.5304693906121878}}