{"P08648": {"Enrichment": 0.9332813343733125, "Depletion": 0.06673866522669547, "two-tailed": 0.13347733045339094}}