{"P08621": {"Enrichment": 0.0024199516009679807, "Depletion": 0.99760004799904, "two-tailed": 0.0048399032019359614}}