{"P08709": {"Enrichment": 0.4473910521789564, "Depletion": 0.5526289474210516, "two-tailed": 0.8947821043579128}}