{"P08709": {"Enrichment": 0.250114997700046, "Depletion": 0.749905001899962, "two-tailed": 0.500229995400092}}