{"P08754": {"Enrichment": 0.20409591808163838, "Depletion": 0.7959240815183697, "two-tailed": 0.40819183616327676}}