{"P08887": {"Enrichment": 0.20511589768204636, "Depletion": 0.7949041019179617, "two-tailed": 0.4102317953640927}}