{"P08865": {"Enrichment": 0.9487810243795124, "Depletion": 0.05123897522049559, "two-tailed": 0.10247795044099119}}