{"P08887": {"Enrichment": 0.20417591648167036, "Depletion": 0.7958440831183377, "two-tailed": 0.4083518329633407}}