{"P08865": {"Enrichment": 0.9489210215795684, "Depletion": 0.05109897802043959, "two-tailed": 0.10219795604087918}}