{"P08922": {"Enrichment": 0.19233615327693446, "Depletion": 0.8076838463230736, "two-tailed": 0.3846723065538689}}