{"P08922": {"Enrichment": 0.19283614327713447, "Depletion": 0.8071838563228736, "two-tailed": 0.38567228655426894}}