{"P09001": {"Enrichment": 0.5414091718165637, "Depletion": 0.4586108277834443, "two-tailed": 0.9172216555668886}}