{"P09012": {"Enrichment": 0.49985000299994, "Depletion": 0.500169996600068, "two-tailed": 0.99970000599988}}