{"P09012": {"Enrichment": 0.498930021399572, "Depletion": 0.501089978200436, "two-tailed": 0.997860042799144}}