{"P09172": {"Enrichment": 0.1597168056638867, "Depletion": 0.8403031939361213, "two-tailed": 0.3194336113277734}}