{"P09110": {"Enrichment": 0.624227515449691, "Depletion": 0.375792484150317, "two-tailed": 0.751584968300634}}