{"P09104": {"Enrichment": 0.059418811623767526, "Depletion": 0.9406011879762405, "two-tailed": 0.11883762324753505}}