{"P09132": {"Enrichment": 0.0019599608007839844, "Depletion": 0.998060038799224, "two-tailed": 0.003919921601567969}}