{"P09237": {"Enrichment": 0.7592248155036899, "Depletion": 0.24079518409631806, "two-tailed": 0.4815903681926361}}