{"P09238": {"Enrichment": 0.874082518349633, "Depletion": 0.125937481250375, "two-tailed": 0.25187496250075}}