{"P09237": {"Enrichment": 0.8700425991480171, "Depletion": 0.12997740045199097, "two-tailed": 0.25995480090398193}}