{"P09486": {"Enrichment": 0.06009879802403952, "Depletion": 0.9399212015759685, "two-tailed": 0.12019759604807904}}