{"P09622": {"Enrichment": 0.876262474750505, "Depletion": 0.123757524849503, "two-tailed": 0.247515049699006}}