{"P09651": {"Enrichment": 0.21441571168576629, "Depletion": 0.7856042879142418, "two-tailed": 0.42883142337153257}}