{"P09603": {"Enrichment": 0.10777784444311114, "Depletion": 0.8922421551568969, "two-tailed": 0.21555568888622229}}