{"P09622": {"Enrichment": 0.8597428051438971, "Depletion": 0.14027719445611087, "two-tailed": 0.28055438891222173}}