{"P09668": {"Enrichment": 0.41785164296714067, "Depletion": 0.5821683566328674, "two-tailed": 0.8357032859342813}}