{"P09758": {"Enrichment": 0.2991740165196696, "Depletion": 0.7008459830803384, "two-tailed": 0.5983480330393393}}