{"P09871": {"Enrichment": 0.632587348253035, "Depletion": 0.36743265134697306, "two-tailed": 0.7348653026939461}}