{"P09874": {"Enrichment": 0.003099938001239975, "Depletion": 0.996920061598768, "two-tailed": 0.00619987600247995}}