{"P09884": {"Enrichment": 0.9785404291914162, "Depletion": 0.021479570408591827, "two-tailed": 0.042959140817183654}}