{"P09884": {"Enrichment": 0.633847323053539, "Depletion": 0.36617267654646907, "two-tailed": 0.7323453530929381}}