{"P09972": {"Enrichment": 0.4499910001799964, "Depletion": 0.5500289994200116, "two-tailed": 0.8999820003599928}}