{"P09972": {"Enrichment": 0.5144897102057959, "Depletion": 0.4855302893942121, "two-tailed": 0.9710605787884242}}