{"P09960": {"Enrichment": 0.6617667646647067, "Depletion": 0.3382532349353013, "two-tailed": 0.6765064698706026}}