{"P09960": {"Enrichment": 0.619327613447731, "Depletion": 0.38069238615227696, "two-tailed": 0.7613847723045539}}