{"P09958": {"Enrichment": 0.05433891322173556, "Depletion": 0.9456810863782724, "two-tailed": 0.10867782644347113}}