{"P0C024": {"Enrichment": 0.6767664646707066, "Depletion": 0.3232535349293014, "two-tailed": 0.6465070698586028}}