{"P0C7P0": {"Enrichment": 0.6682666346673066, "Depletion": 0.33175336493270136, "two-tailed": 0.6635067298654027}}