{"P0C7P0": {"Enrichment": 0.6729865402691946, "Depletion": 0.3270334593308134, "two-tailed": 0.6540669186616268}}