{"P0C870": {"Enrichment": 0.23469530609387812, "Depletion": 0.7653246935061299, "two-tailed": 0.46939061218775624}}