{"P0C870": {"Enrichment": 0.0628787424251515, "Depletion": 0.9371412571748565, "two-tailed": 0.125757484850303}}