{"P0CG30": {"Enrichment": 0.011299774004519909, "Depletion": 0.9887202255954881, "two-tailed": 0.022599548009039818}}