{"P0CG29": {"Enrichment": 0.23241535169296615, "Depletion": 0.7676046479070419, "two-tailed": 0.4648307033859323}}