{"P0CG29": {"Enrichment": 0.22887542249155016, "Depletion": 0.7711445771084579, "two-tailed": 0.4577508449831003}}