{"P0CG48": {"Enrichment": 0.5624687506249875, "Depletion": 0.4375512489750205, "two-tailed": 0.875102497950041}}