{"P0CG48": {"Enrichment": 0.48173036539269215, "Depletion": 0.5182896342073159, "two-tailed": 0.9634607307853843}}