{"P0CG30": {"Enrichment": 0.011519769604607908, "Depletion": 0.9885002299954001, "two-tailed": 0.023039539209215816}}