{"P0DMV8": {"Enrichment": 0.06675866482670346, "Depletion": 0.9332613347733045, "two-tailed": 0.13351732965340693}}