{"P0DMV8": {"Enrichment": 0.41369172616547667, "Depletion": 0.5863282734345313, "two-tailed": 0.8273834523309533}}