{"P0DMV9": {"Enrichment": 0.015839683206335872, "Depletion": 0.9841803163936721, "two-tailed": 0.031679366412671744}}