{"P0DMM9": {"Enrichment": 0.2609947801043979, "Depletion": 0.7390252194956101, "two-tailed": 0.5219895602087958}}