{"P0DMV9": {"Enrichment": 0.27635447291054177, "Depletion": 0.7236655266894663, "two-tailed": 0.5527089458210835}}