{"P0DMM9": {"Enrichment": 0.7750044999100018, "Depletion": 0.2250154996900062, "two-tailed": 0.4500309993800124}}