{"P0DN86": {"Enrichment": 0.1387172256554869, "Depletion": 0.8613027739445211, "two-tailed": 0.2774344513109738}}