{"P0DPD7": {"Enrichment": 0.740645187096258, "Depletion": 0.25937481250374994, "two-tailed": 0.5187496250074999}}