{"P0DPD7": {"Enrichment": 0.8074438511229776, "Depletion": 0.19257614847703047, "two-tailed": 0.38515229695406095}}