{"P0DUB6": {"Enrichment": 0.9280014399712005, "Depletion": 0.07201855962880742, "two-tailed": 0.14403711925761484}}