{"P10109": {"Enrichment": 0.8621627567448651, "Depletion": 0.1378572428551429, "two-tailed": 0.2757144857102858}}