{"P10147": {"Enrichment": 0.6936461270774584, "Depletion": 0.30637387252254955, "two-tailed": 0.6127477450450991}}