{"P10109": {"Enrichment": 0.5343093138137237, "Depletion": 0.4657106857862843, "two-tailed": 0.9314213715725685}}