{"P10114": {"Enrichment": 0.6584468310633788, "Depletion": 0.3415731685366293, "two-tailed": 0.6831463370732586}}