{"P10144": {"Enrichment": 0.6737065258694827, "Depletion": 0.3263134737305254, "two-tailed": 0.6526269474610508}}