{"P10147": {"Enrichment": 0.6961860762784744, "Depletion": 0.3038339233215336, "two-tailed": 0.6076678466430672}}