{"P10153": {"Enrichment": 0.1650966980660387, "Depletion": 0.8349233015339693, "two-tailed": 0.3301933961320774}}