{"P10114": {"Enrichment": 0.22141557168856624, "Depletion": 0.7786044279114418, "two-tailed": 0.4428311433771325}}