{"P10253": {"Enrichment": 0.8467430651386972, "Depletion": 0.15327693446131077, "two-tailed": 0.30655386892262154}}