{"P10301": {"Enrichment": 0.4786704265914682, "Depletion": 0.5213495730085398, "two-tailed": 0.9573408531829364}}