{"P10599": {"Enrichment": 0.13603727925441492, "Depletion": 0.8639827203455931, "two-tailed": 0.27207455850882983}}