{"P10586": {"Enrichment": 0.38899222015559687, "Depletion": 0.6110277794444111, "two-tailed": 0.7779844403111937}}