{"P10599": {"Enrichment": 0.018919621607567848, "Depletion": 0.9811003779924401, "two-tailed": 0.037839243215135696}}