{"P10646": {"Enrichment": 0.18941621167576647, "Depletion": 0.8106037879242415, "two-tailed": 0.37883242335153294}}