{"P10619": {"Enrichment": 0.5682686346273075, "Depletion": 0.43175136497270056, "two-tailed": 0.8635027299454011}}