{"P10619": {"Enrichment": 0.29289414211715764, "Depletion": 0.7071258574828504, "two-tailed": 0.5857882842343153}}