{"P10644": {"Enrichment": 0.018199636007279855, "Depletion": 0.9818203635927282, "two-tailed": 0.03639927201455971}}