{"P10720": {"Enrichment": 0.028899422011559768, "Depletion": 0.9711205775884483, "two-tailed": 0.057798844023119536}}