{"P10768": {"Enrichment": 0.3247935041299174, "Depletion": 0.6752264954700906, "two-tailed": 0.6495870082598348}}