{"P10768": {"Enrichment": 0.3266334673306534, "Depletion": 0.6733865322693546, "two-tailed": 0.6532669346613068}}