{"P10720": {"Enrichment": 0.02983940321193576, "Depletion": 0.9701805963880722, "two-tailed": 0.05967880642387152}}