{"P10912": {"Enrichment": 0.21059578808423832, "Depletion": 0.7894242115157697, "two-tailed": 0.42119157616847663}}