{"P11086": {"Enrichment": 0.32969340613187736, "Depletion": 0.6703265934681306, "two-tailed": 0.6593868122637547}}