{"P11021": {"Enrichment": 0.20437591248175035, "Depletion": 0.7956440871182576, "two-tailed": 0.4087518249635007}}