{"P11021": {"Enrichment": 0.20495590088198237, "Depletion": 0.7950640987180256, "two-tailed": 0.40991180176396474}}