{"P11172": {"Enrichment": 0.9433811323773524, "Depletion": 0.05663886722265555, "two-tailed": 0.1132777344453111}}