{"P11169": {"Enrichment": 0.11735765284694306, "Depletion": 0.882662346753065, "two-tailed": 0.23471530569388613}}