{"P11169": {"Enrichment": 0.040679186416271676, "Depletion": 0.9593408131837363, "two-tailed": 0.08135837283254335}}