{"P11166": {"Enrichment": 0.4205915881682366, "Depletion": 0.5794284114317714, "two-tailed": 0.8411831763364732}}