{"P11177": {"Enrichment": 0.8635427291454171, "Depletion": 0.1364772704545909, "two-tailed": 0.2729545409091818}}