{"P11177": {"Enrichment": 0.6160476790464191, "Depletion": 0.38397232055358893, "two-tailed": 0.7679446411071779}}