{"P11142": {"Enrichment": 0.28131437371252577, "Depletion": 0.7187056258874822, "two-tailed": 0.5626287474250515}}