{"P11172": {"Enrichment": 0.8201435971280574, "Depletion": 0.17987640247195055, "two-tailed": 0.3597528049439011}}