{"P11142": {"Enrichment": 0.2751544969100618, "Depletion": 0.7248655026899462, "two-tailed": 0.5503089938201235}}