{"P11216": {"Enrichment": 0.501329973400532, "Depletion": 0.498690026199476, "two-tailed": 0.997380052398952}}