{"P11216": {"Enrichment": 0.31901361972760545, "Depletion": 0.6810063798724025, "two-tailed": 0.6380272394552109}}