{"P11233": {"Enrichment": 0.4137117257654847, "Depletion": 0.5863082738345233, "two-tailed": 0.8274234515309694}}