{"P11217": {"Enrichment": 0.15797684046319074, "Depletion": 0.8420431591368173, "two-tailed": 0.3159536809263815}}