{"P11234": {"Enrichment": 0.3949121017579648, "Depletion": 0.6051078978420431, "two-tailed": 0.7898242035159296}}