{"P11233": {"Enrichment": 0.3660326793464131, "Depletion": 0.6339873202535949, "two-tailed": 0.7320653586928262}}