{"P11245": {"Enrichment": 0.060818783624327515, "Depletion": 0.9392012159756805, "two-tailed": 0.12163756724865503}}