{"P11234": {"Enrichment": 0.4077718445631087, "Depletion": 0.5922481550368993, "two-tailed": 0.8155436891262174}}