{"P11310": {"Enrichment": 0.5736085278294434, "Depletion": 0.4264114717705646, "two-tailed": 0.8528229435411292}}