{"P11388": {"Enrichment": 0.25937481250374994, "Depletion": 0.740645187096258, "two-tailed": 0.5187496250074999}}