{"P11388": {"Enrichment": 0.5213495730085398, "Depletion": 0.4786704265914682, "two-tailed": 0.9573408531829364}}