{"P11309": {"Enrichment": 0.19245615087698245, "Depletion": 0.8075638487230256, "two-tailed": 0.3849123017539649}}