{"P11387": {"Enrichment": 0.125817483650327, "Depletion": 0.874202515949681, "two-tailed": 0.251634967300654}}