{"P11362": {"Enrichment": 0.2128957420851583, "Depletion": 0.7871242575148497, "two-tailed": 0.4257914841703166}}