{"P11387": {"Enrichment": 0.10265794684106318, "Depletion": 0.8973620527589449, "two-tailed": 0.20531589368212635}}