{"P11309": {"Enrichment": 0.17985640287194257, "Depletion": 0.8201635967280655, "two-tailed": 0.35971280574388514}}