{"P11310": {"Enrichment": 0.5762884742305154, "Depletion": 0.4237315253694926, "two-tailed": 0.8474630507389852}}