{"P11498": {"Enrichment": 0.8416831663366733, "Depletion": 0.15833683326333473, "two-tailed": 0.31667366652666945}}