{"P11473": {"Enrichment": 0.9318213635727286, "Depletion": 0.06819863602727945, "two-tailed": 0.1363972720545589}}