{"P11498": {"Enrichment": 0.7322253554928901, "Depletion": 0.26779464410711784, "two-tailed": 0.5355892882142357}}