{"P11473": {"Enrichment": 0.9331213375732486, "Depletion": 0.06689866202675947, "two-tailed": 0.13379732405351893}}