{"P11532": {"Enrichment": 0.5236895262094758, "Depletion": 0.4763304733905322, "two-tailed": 0.9526609467810644}}