{"P11511": {"Enrichment": 0.0035799284014319714, "Depletion": 0.996440071198576, "two-tailed": 0.007159856802863943}}