{"P11586": {"Enrichment": 0.39425211495770085, "Depletion": 0.6057678846423071, "two-tailed": 0.7885042299154017}}