{"P11532": {"Enrichment": 0.5254294914101718, "Depletion": 0.4745905081898362, "two-tailed": 0.9491810163796724}}