{"P11586": {"Enrichment": 0.33317333653326936, "Depletion": 0.6668466630667387, "two-tailed": 0.6663466730665387}}