{"P11766": {"Enrichment": 0.6731665366692666, "Depletion": 0.3268534629307414, "two-tailed": 0.6537069258614828}}