{"P11717": {"Enrichment": 0.5994880102397953, "Depletion": 0.4005319893602128, "two-tailed": 0.8010639787204256}}