{"P11712": {"Enrichment": 0.025839483210335794, "Depletion": 0.9741805163896722, "two-tailed": 0.05167896642067159}}