{"P11717": {"Enrichment": 0.5638087238255235, "Depletion": 0.4362112757744845, "two-tailed": 0.872422551548969}}