{"P11802": {"Enrichment": 0.2880142397152057, "Depletion": 0.7120057598848023, "two-tailed": 0.5760284794304114}}