{"P11926": {"Enrichment": 0.6359872802543949, "Depletion": 0.3640327193456131, "two-tailed": 0.7280654386912262}}