{"P11926": {"Enrichment": 0.8962620747585048, "Depletion": 0.10375792484150317, "two-tailed": 0.20751584968300635}}