{"P12018": {"Enrichment": 0.08491830163396732, "Depletion": 0.9151016979660407, "two-tailed": 0.16983660326793465}}