{"P12004": {"Enrichment": 0.7239055218895623, "Depletion": 0.2761144777104458, "two-tailed": 0.5522289554208916}}