{"P12004": {"Enrichment": 0.7315653686926261, "Depletion": 0.26845463090738186, "two-tailed": 0.5369092618147637}}