{"P12081": {"Enrichment": 0.18531629367412653, "Depletion": 0.8147037059258815, "two-tailed": 0.37063258734825305}}