{"P12081": {"Enrichment": 0.43137137257254854, "Depletion": 0.5686486270274594, "two-tailed": 0.8627427451450971}}