{"P12277": {"Enrichment": 0.5660686786264275, "Depletion": 0.4339513209735805, "two-tailed": 0.867902641947161}}