{"P12277": {"Enrichment": 0.27137457250854985, "Depletion": 0.7286454270914582, "two-tailed": 0.5427491450170997}}