{"P12544": {"Enrichment": 0.633067338653227, "Depletion": 0.3669526609467811, "two-tailed": 0.7339053218935622}}