{"P12532": {"Enrichment": 0.3967320653586928, "Depletion": 0.6032879342413152, "two-tailed": 0.7934641307173856}}