{"P12532": {"Enrichment": 0.17445651086978262, "Depletion": 0.8255634887302254, "two-tailed": 0.34891302173956523}}