{"P12544": {"Enrichment": 0.9137017259654807, "Depletion": 0.0863182736345273, "two-tailed": 0.1726365472690546}}