{"P12694": {"Enrichment": 0.6080278394432111, "Depletion": 0.3919921601567969, "two-tailed": 0.7839843203135938}}