{"P12645": {"Enrichment": 0.45195096098078036, "Depletion": 0.5480690386192276, "two-tailed": 0.9039019219615607}}