{"P12643": {"Enrichment": 0.01751964960700786, "Depletion": 0.9825003499930002, "two-tailed": 0.03503929921401572}}