{"P12643": {"Enrichment": 0.018139637207255855, "Depletion": 0.9818803623927521, "two-tailed": 0.03627927441451171}}