{"P12694": {"Enrichment": 0.6087878242435151, "Depletion": 0.39123217535649285, "two-tailed": 0.7824643507129857}}