{"P12645": {"Enrichment": 0.02015959680806384, "Depletion": 0.9798604027919442, "two-tailed": 0.04031919361612768}}