{"P12724": {"Enrichment": 0.5988080238395233, "Depletion": 0.4012119757604848, "two-tailed": 0.8024239515209696}}