{"P12724": {"Enrichment": 0.6001479970400592, "Depletion": 0.3998720025599488, "two-tailed": 0.7997440051198976}}