{"P12821": {"Enrichment": 0.3225335493290134, "Depletion": 0.6774864502709946, "two-tailed": 0.6450670986580268}}