{"P12821": {"Enrichment": 0.19261614767704646, "Depletion": 0.8074038519229615, "two-tailed": 0.3852322953540929}}