{"P12883": {"Enrichment": 0.1995760084798304, "Depletion": 0.8004439911201776, "two-tailed": 0.3991520169596608}}