{"P12883": {"Enrichment": 0.19553608927821445, "Depletion": 0.8044839103217936, "two-tailed": 0.3910721785564289}}