{"P12931": {"Enrichment": 0.24511509769804604, "Depletion": 0.7549049019019619, "two-tailed": 0.4902301953960921}}