{"P12931": {"Enrichment": 0.25177496450070996, "Depletion": 0.748245035099298, "two-tailed": 0.5035499290014199}}