{"P12955": {"Enrichment": 0.44195116097678044, "Depletion": 0.5580688386232275, "two-tailed": 0.8839023219535609}}