{"P12955": {"Enrichment": 0.11823763524729505, "Depletion": 0.881782364352713, "two-tailed": 0.2364752704945901}}