{"P13051": {"Enrichment": 0.509769804603908, "Depletion": 0.49025019499610006, "two-tailed": 0.9805003899922001}}