{"P13010": {"Enrichment": 0.01019979600407992, "Depletion": 0.989820203595928, "two-tailed": 0.02039959200815984}}