{"P13051": {"Enrichment": 0.20561588768224637, "Depletion": 0.7944041119177616, "two-tailed": 0.41123177536449274}}