{"P13501": {"Enrichment": 0.5485690286194276, "Depletion": 0.4514509709805804, "two-tailed": 0.9029019419611608}}