{"P13569": {"Enrichment": 0.3027339453210936, "Depletion": 0.6972860542789144, "two-tailed": 0.6054678906421872}}