{"P13500": {"Enrichment": 0.019359612807743846, "Depletion": 0.9806603867922642, "two-tailed": 0.03871922561548769}}