{"P13501": {"Enrichment": 0.5517889642207155, "Depletion": 0.44823103537929243, "two-tailed": 0.8964620707585849}}