{"P13591": {"Enrichment": 0.3617127657446851, "Depletion": 0.6383072338553228, "two-tailed": 0.7234255314893702}}