{"P13569": {"Enrichment": 0.4281314373712526, "Depletion": 0.5718885622287554, "two-tailed": 0.8562628747425052}}