{"P13667": {"Enrichment": 0.5495490090198196, "Depletion": 0.4504709905801884, "two-tailed": 0.9009419811603768}}