{"P13667": {"Enrichment": 0.45433091338173237, "Depletion": 0.5456890862182756, "two-tailed": 0.9086618267634647}}