{"P13671": {"Enrichment": 0.9469810603787924, "Depletion": 0.053038939221215574, "two-tailed": 0.10607787844243115}}