{"P13716": {"Enrichment": 0.15963680726385474, "Depletion": 0.8403831923361533, "two-tailed": 0.31927361452770947}}