{"P13716": {"Enrichment": 0.15907681846363073, "Depletion": 0.8409431811363772, "two-tailed": 0.31815363692726145}}