{"P13804": {"Enrichment": 0.37293254134917303, "Depletion": 0.627087458250835, "two-tailed": 0.7458650826983461}}