{"P13804": {"Enrichment": 0.3006539869202616, "Depletion": 0.6993660126797464, "two-tailed": 0.6013079738405231}}