{"P13929": {"Enrichment": 0.6012679746405072, "Depletion": 0.3987520249595008, "two-tailed": 0.7975040499190016}}