{"P13995": {"Enrichment": 0.0625387492250155, "Depletion": 0.9374812503749925, "two-tailed": 0.125077498450031}}