{"P13929": {"Enrichment": 0.754604907901842, "Depletion": 0.24541509169816603, "two-tailed": 0.49083018339633205}}