{"P14091": {"Enrichment": 0.6145877082458351, "Depletion": 0.3854322913541729, "two-tailed": 0.7708645827083458}}