{"P14091": {"Enrichment": 0.6759264814703706, "Depletion": 0.3240935181296374, "two-tailed": 0.6481870362592748}}