{"P14151": {"Enrichment": 0.9801403971920561, "Depletion": 0.019879602407951842, "two-tailed": 0.039759204815903684}}