{"P14151": {"Enrichment": 0.6900661986760265, "Depletion": 0.3099538009239815, "two-tailed": 0.619907601847963}}