{"P14210": {"Enrichment": 0.8650826983460331, "Depletion": 0.13493730125397493, "two-tailed": 0.26987460250794987}}