{"P14210": {"Enrichment": 0.9136217275654487, "Depletion": 0.08639827203455931, "two-tailed": 0.17279654406911862}}