{"P14324": {"Enrichment": 0.0033199336013279733, "Depletion": 0.99670006599868, "two-tailed": 0.0066398672026559465}}