{"P14324": {"Enrichment": 0.0037999240015199696, "Depletion": 0.996220075598488, "two-tailed": 0.007599848003039939}}