{"P14384": {"Enrichment": 0.16979660406791863, "Depletion": 0.8302233955320893, "two-tailed": 0.33959320813583727}}