{"P14410": {"Enrichment": 0.7443851122977541, "Depletion": 0.255634887302254, "two-tailed": 0.511269774604508}}