{"P14618": {"Enrichment": 0.5365692686146277, "Depletion": 0.4634507309853803, "two-tailed": 0.9269014619707606}}