{"P14678": {"Enrichment": 0.3270334593308134, "Depletion": 0.6729865402691946, "two-tailed": 0.6540669186616268}}