{"P14784": {"Enrichment": 0.7669446611067778, "Depletion": 0.23307533849323014, "two-tailed": 0.4661506769864603}}