{"P14778": {"Enrichment": 0.00249995000099998, "Depletion": 0.997520049599008, "two-tailed": 0.00499990000199996}}