{"P14780": {"Enrichment": 0.17015659686806264, "Depletion": 0.8298634027319454, "two-tailed": 0.3403131937361253}}