{"P14780": {"Enrichment": 0.28333433331333374, "Depletion": 0.7166856662866743, "two-tailed": 0.5666686666266675}}