{"P14866": {"Enrichment": 0.865282694346113, "Depletion": 0.13473730525389493, "two-tailed": 0.26947461050778987}}