{"P15056": {"Enrichment": 0.22825543489130218, "Depletion": 0.7717645647087058, "two-tailed": 0.45651086978260436}}