{"P15018": {"Enrichment": 0.372612547749045, "Depletion": 0.627407451850963, "two-tailed": 0.74522509549809}}