{"P15056": {"Enrichment": 0.20275594488110238, "Depletion": 0.7972640547189056, "two-tailed": 0.40551188976220476}}