{"P15085": {"Enrichment": 0.31765364692706144, "Depletion": 0.6823663526729465, "two-tailed": 0.6353072938541229}}