{"P15086": {"Enrichment": 0.06001879962400752, "Depletion": 0.9400011999760005, "two-tailed": 0.12003759924801503}}