{"P15086": {"Enrichment": 0.14449711005779883, "Depletion": 0.8555228895422091, "two-tailed": 0.28899422011559767}}