{"P15169": {"Enrichment": 0.5013699726005479, "Depletion": 0.49865002699946, "two-tailed": 0.99730005399892}}