{"P15121": {"Enrichment": 0.5693286134277314, "Depletion": 0.43069138617227654, "two-tailed": 0.8613827723445531}}