{"P15153": {"Enrichment": 0.2124157516849663, "Depletion": 0.7876042479150417, "two-tailed": 0.4248315033699326}}