{"P15144": {"Enrichment": 0.07397852042959141, "Depletion": 0.9260414791704166, "two-tailed": 0.14795704085918282}}