{"P15153": {"Enrichment": 0.21053578928421432, "Depletion": 0.7894842103157936, "two-tailed": 0.42107157856842864}}