{"P15104": {"Enrichment": 0.06127877442451151, "Depletion": 0.9387412251754965, "two-tailed": 0.12255754884902302}}