{"P15151": {"Enrichment": 0.5295894082118358, "Depletion": 0.4704305913881722, "two-tailed": 0.9408611827763445}}