{"P15104": {"Enrichment": 0.01369972600547989, "Depletion": 0.9863202735945281, "two-tailed": 0.02739945201095978}}