{"P15121": {"Enrichment": 0.41123177536449274, "Depletion": 0.5887882242355152, "two-tailed": 0.8224635507289855}}