{"P15260": {"Enrichment": 0.9705405891882163, "Depletion": 0.029479410411791765, "two-tailed": 0.05895882082358353}}