{"P15289": {"Enrichment": 0.6844463110737785, "Depletion": 0.31557368852622947, "two-tailed": 0.6311473770524589}}