{"P15260": {"Enrichment": 0.9715605687886242, "Depletion": 0.028459430811383774, "two-tailed": 0.05691886162276755}}