{"P15328": {"Enrichment": 0.374852502949941, "Depletion": 0.625167496650067, "two-tailed": 0.749705005899882}}