{"P15309": {"Enrichment": 0.3872522549549009, "Depletion": 0.6127677446451071, "two-tailed": 0.7745045099098018}}