{"P15309": {"Enrichment": 0.0753384932301354, "Depletion": 0.9246815063698726, "two-tailed": 0.1506769864602708}}