{"P15428": {"Enrichment": 0.2839343213135737, "Depletion": 0.7160856782864343, "two-tailed": 0.5678686426271474}}