{"P15428": {"Enrichment": 0.46709065818683626, "Depletion": 0.5329293414131717, "two-tailed": 0.9341813163736725}}