{"P15531": {"Enrichment": 0.48945021099578007, "Depletion": 0.510569788604228, "two-tailed": 0.9789004219915601}}