{"P15531": {"Enrichment": 0.633727325453491, "Depletion": 0.36629267414651706, "two-tailed": 0.7325853482930341}}