{"P15692": {"Enrichment": 0.9744605107897842, "Depletion": 0.025559488810223796, "two-tailed": 0.05111897762044759}}