{"P15692": {"Enrichment": 0.9766204675906481, "Depletion": 0.023399532009359812, "two-tailed": 0.046799064018719624}}