{"P15735": {"Enrichment": 0.4704905901881962, "Depletion": 0.5295294094118118, "two-tailed": 0.9409811803763924}}