{"P15735": {"Enrichment": 0.18027639447211055, "Depletion": 0.8197436051278975, "two-tailed": 0.3605527889442211}}