{"P15880": {"Enrichment": 0.507969840603188, "Depletion": 0.4920501589968201, "two-tailed": 0.9841003179936402}}