{"P15880": {"Enrichment": 0.5090298194036119, "Depletion": 0.49099018019639606, "two-tailed": 0.9819803603927921}}