{"P15907": {"Enrichment": 0.9552408951820963, "Depletion": 0.04477910441791164, "two-tailed": 0.08955820883582329}}