{"P16070": {"Enrichment": 0.9661606767864642, "Depletion": 0.03385932281354373, "two-tailed": 0.06771864562708746}}