{"P16109": {"Enrichment": 0.010859782804343913, "Depletion": 0.9891602167956641, "two-tailed": 0.021719565608687826}}