{"P16118": {"Enrichment": 0.5897682046359073, "Depletion": 0.4102517949641007, "two-tailed": 0.8205035899282014}}