{"P16152": {"Enrichment": 0.7942241155176897, "Depletion": 0.20579588408231836, "two-tailed": 0.4115917681646367}}