{"P16152": {"Enrichment": 0.6963860722785544, "Depletion": 0.30363392732145356, "two-tailed": 0.6072678546429071}}