{"P16118": {"Enrichment": 0.13563728725425492, "Depletion": 0.864382712345753, "two-tailed": 0.27127457450850984}}