{"P16144": {"Enrichment": 0.615187696246075, "Depletion": 0.3848323033539329, "two-tailed": 0.7696646067078659}}