{"P16233": {"Enrichment": 0.2660346793064139, "Depletion": 0.7339853202935941, "two-tailed": 0.5320693586128278}}