{"P16278": {"Enrichment": 0.6432071358572828, "Depletion": 0.35681286374272514, "two-tailed": 0.7136257274854503}}