{"P16284": {"Enrichment": 0.747265054698906, "Depletion": 0.25275494490110195, "two-tailed": 0.5055098898022039}}