{"P16219": {"Enrichment": 0.7327653446931062, "Depletion": 0.26725465490690187, "two-tailed": 0.5345093098138037}}