{"P16233": {"Enrichment": 0.3152536949261015, "Depletion": 0.6847663046739065, "two-tailed": 0.630507389852203}}