{"P16298": {"Enrichment": 0.6835263294734105, "Depletion": 0.31649367012659746, "two-tailed": 0.6329873402531949}}