{"P16219": {"Enrichment": 0.7362452750944981, "Depletion": 0.26377472450550987, "two-tailed": 0.5275494490110197}}