{"P16435": {"Enrichment": 0.8886822263554729, "Depletion": 0.11133777324453512, "two-tailed": 0.22267554648907023}}