{"P16471": {"Enrichment": 0.8414831703365933, "Depletion": 0.15853682926341472, "two-tailed": 0.31707365852682945}}