{"P16435": {"Enrichment": 0.30185396292074157, "Depletion": 0.6981660366792665, "two-tailed": 0.6037079258414831}}