{"P16442": {"Enrichment": 0.3866122677546449, "Depletion": 0.6134077318453631, "two-tailed": 0.7732245355092898}}