{"P16422": {"Enrichment": 0.2003359932801344, "Depletion": 0.7996840063198736, "two-tailed": 0.4006719865602688}}