{"P16444": {"Enrichment": 0.2853742925141497, "Depletion": 0.7146457070858583, "two-tailed": 0.5707485850282994}}