{"P16442": {"Enrichment": 0.7817843643127137, "Depletion": 0.21823563528729426, "two-tailed": 0.4364712705745885}}