{"P16581": {"Enrichment": 0.012159756804863902, "Depletion": 0.9878602427951441, "two-tailed": 0.024319513609727804}}