{"P16671": {"Enrichment": 0.5922081558368832, "Depletion": 0.40781184376312474, "two-tailed": 0.8156236875262495}}