{"P16671": {"Enrichment": 0.5925081498370033, "Depletion": 0.40751184976300475, "two-tailed": 0.8150236995260095}}