{"P16871": {"Enrichment": 0.8089638207235855, "Depletion": 0.19105617887642248, "two-tailed": 0.38211235775284497}}