{"P17066": {"Enrichment": 0.3511529769404612, "Depletion": 0.6488670226595468, "two-tailed": 0.7023059538809224}}