{"P17066": {"Enrichment": 0.3508329833403332, "Depletion": 0.6491870162596748, "two-tailed": 0.7016659666806664}}