{"P17050": {"Enrichment": 0.8939621207575849, "Depletion": 0.10605787884242315, "two-tailed": 0.2121157576848463}}