{"P17081": {"Enrichment": 0.20451590968180636, "Depletion": 0.7955040899182017, "two-tailed": 0.4090318193636127}}