{"P17252": {"Enrichment": 0.11851762964740706, "Depletion": 0.8815023699526009, "two-tailed": 0.23703525929481412}}