{"P17213": {"Enrichment": 0.10281794364112717, "Depletion": 0.8972020559588808, "two-tailed": 0.20563588728225435}}