{"P17301": {"Enrichment": 0.11583768324633507, "Depletion": 0.884182316353673, "two-tailed": 0.23167536649267015}}