{"P17301": {"Enrichment": 0.13637727245455092, "Depletion": 0.8636427271454571, "two-tailed": 0.27275454490910184}}