{"P17405": {"Enrichment": 0.9591008179836403, "Depletion": 0.04091918161636767, "two-tailed": 0.08183836323273534}}