{"P17516": {"Enrichment": 0.14883702325953482, "Depletion": 0.8511829763404732, "two-tailed": 0.29767404651906965}}