{"P17516": {"Enrichment": 0.14515709685806283, "Depletion": 0.8548629027419452, "two-tailed": 0.29031419371612566}}