{"P17540": {"Enrichment": 0.004059918801623968, "Depletion": 0.995960080798384, "two-tailed": 0.008119837603247936}}