{"P17655": {"Enrichment": 0.42673146537069256, "Depletion": 0.5732885342293154, "two-tailed": 0.8534629307413851}}