{"P17655": {"Enrichment": 0.3408931821363573, "Depletion": 0.6591268174636508, "two-tailed": 0.6817863642727146}}