{"P17643": {"Enrichment": 0.620807583848323, "Depletion": 0.37921241575168496, "two-tailed": 0.7584248315033699}}