{"P17643": {"Enrichment": 0.6790664186716265, "Depletion": 0.32095358092838144, "two-tailed": 0.6419071618567629}}