{"P17706": {"Enrichment": 0.023139537209255816, "Depletion": 0.9768804623907522, "two-tailed": 0.04627907441851163}}