{"P17735": {"Enrichment": 0.1746165076698466, "Depletion": 0.8254034919301614, "two-tailed": 0.3492330153396932}}