{"P17707": {"Enrichment": 0.2641947161056779, "Depletion": 0.7358252834943301, "two-tailed": 0.5283894322113558}}