{"P17752": {"Enrichment": 0.6187876242475151, "Depletion": 0.38123237535249294, "two-tailed": 0.7624647507049859}}