{"P17735": {"Enrichment": 0.23433531329373414, "Depletion": 0.7656846863062738, "two-tailed": 0.4686706265874683}}