{"P17706": {"Enrichment": 0.4391512169756605, "Depletion": 0.5608687826243475, "two-tailed": 0.878302433951321}}