{"P17813": {"Enrichment": 0.0379792404151917, "Depletion": 0.9620407591848164, "two-tailed": 0.0759584808303834}}