{"P17812": {"Enrichment": 0.9767604647907042, "Depletion": 0.023259534809303813, "two-tailed": 0.04651906961860763}}