{"P18075": {"Enrichment": 0.9576808463830724, "Depletion": 0.04233915321693566, "two-tailed": 0.08467830643387132}}