{"P18085": {"Enrichment": 0.622867542649147, "Depletion": 0.37715245695086097, "two-tailed": 0.7543049139017219}}