{"P18075": {"Enrichment": 0.9483210335793284, "Depletion": 0.05169896602067959, "two-tailed": 0.10339793204135918}}