{"P18031": {"Enrichment": 0.28853422931541367, "Depletion": 0.7114857702845943, "two-tailed": 0.5770684586308273}}