{"P18031": {"Enrichment": 0.29591408171836564, "Depletion": 0.7041059178816423, "two-tailed": 0.5918281634367313}}