{"P18283": {"Enrichment": 0.9950200995980081, "Depletion": 0.00499990000199996, "two-tailed": 0.00999980000399992}}