{"P18440": {"Enrichment": 0.47797044059118815, "Depletion": 0.5220495590088198, "two-tailed": 0.9559408811823763}}