{"P18433": {"Enrichment": 0.3125737485250295, "Depletion": 0.6874462510749785, "two-tailed": 0.625147497050059}}