{"P18440": {"Enrichment": 0.6571868562628748, "Depletion": 0.3428331433371333, "two-tailed": 0.6856662866742665}}