{"P18507": {"Enrichment": 0.9474210515789684, "Depletion": 0.05259894802103958, "two-tailed": 0.10519789604207916}}