{"P18510": {"Enrichment": 0.507369852602948, "Depletion": 0.49265014699706006, "two-tailed": 0.9853002939941201}}