{"P18669": {"Enrichment": 0.2388752224955501, "Depletion": 0.7611447771044579, "two-tailed": 0.4777504449911002}}