{"P18669": {"Enrichment": 0.12341753164936702, "Depletion": 0.876602467950641, "two-tailed": 0.24683506329873403}}