{"P18754": {"Enrichment": 0.5383492330153397, "Depletion": 0.4616707665846683, "two-tailed": 0.9233415331693366}}