{"P18754": {"Enrichment": 0.5375092498150037, "Depletion": 0.4625107497850043, "two-tailed": 0.9250214995700086}}