{"P18858": {"Enrichment": 0.15335693286134278, "Depletion": 0.8466630667386652, "two-tailed": 0.30671386572268555}}