{"P19099": {"Enrichment": 0.12335753284934302, "Depletion": 0.876662466750665, "two-tailed": 0.24671506569868604}}