{"P19099": {"Enrichment": 0.2262354752904942, "Depletion": 0.7737845243095138, "two-tailed": 0.4524709505809884}}