{"P19235": {"Enrichment": 0.29247415051698966, "Depletion": 0.7075458490830183, "two-tailed": 0.5849483010339793}}