{"P19235": {"Enrichment": 0.29089418211635765, "Depletion": 0.7091258174836503, "two-tailed": 0.5817883642327153}}