{"P19388": {"Enrichment": 0.44413111737765243, "Depletion": 0.5558888822223556, "two-tailed": 0.8882622347553049}}