{"P19367": {"Enrichment": 0.2600747985040299, "Depletion": 0.7399452010959781, "two-tailed": 0.5201495970080598}}