{"P19367": {"Enrichment": 0.09147817043659127, "Depletion": 0.9085418291634167, "two-tailed": 0.18295634087318255}}