{"P19388": {"Enrichment": 0.44109117817643645, "Depletion": 0.5589288214235715, "two-tailed": 0.8821823563528729}}