{"P19474": {"Enrichment": 0.9053818923621527, "Depletion": 0.09463810723785525, "two-tailed": 0.1892762144757105}}