{"P19474": {"Enrichment": 0.7553648927021459, "Depletion": 0.24465510689786205, "two-tailed": 0.4893102137957241}}