{"P19447": {"Enrichment": 0.009699806003879922, "Depletion": 0.9903201935961281, "two-tailed": 0.019399612007759845}}