{"P19623": {"Enrichment": 0.4390112197756045, "Depletion": 0.5610087798244036, "two-tailed": 0.878022439551209}}