{"P19623": {"Enrichment": 0.4363112737745245, "Depletion": 0.5637087258254835, "two-tailed": 0.872622547549049}}