{"P19784": {"Enrichment": 0.5070698586028279, "Depletion": 0.49295014099718004, "two-tailed": 0.9859002819943601}}