{"P19784": {"Enrichment": 0.7004459910801784, "Depletion": 0.2995740085198296, "two-tailed": 0.5991480170396593}}