{"P19835": {"Enrichment": 0.35737285254294915, "Depletion": 0.6426471470570588, "two-tailed": 0.7147457050858983}}