{"P19883": {"Enrichment": 0.878642427151457, "Depletion": 0.12137757244855103, "two-tailed": 0.24275514489710207}}