{"P19801": {"Enrichment": 0.001759964800703986, "Depletion": 0.998260034799304, "two-tailed": 0.003519929601407972}}