{"P19801": {"Enrichment": 0.011539769204615908, "Depletion": 0.9884802303953921, "two-tailed": 0.023079538409231815}}