{"P19883": {"Enrichment": 0.6509269814603708, "Depletion": 0.3490930181396372, "two-tailed": 0.6981860362792744}}