{"P20062": {"Enrichment": 0.8732425351492971, "Depletion": 0.12677746445071097, "two-tailed": 0.25355492890142195}}