{"P20061": {"Enrichment": 0.06719865602687947, "Depletion": 0.9328213435731285, "two-tailed": 0.13439731205375893}}