{"P20142": {"Enrichment": 0.0013799724005519889, "Depletion": 0.998640027199456, "two-tailed": 0.0027599448011039777}}