{"P20132": {"Enrichment": 0.36841263174736505, "Depletion": 0.6316073678526429, "two-tailed": 0.7368252634947301}}