{"P20132": {"Enrichment": 0.14975700485990281, "Depletion": 0.8502629947401052, "two-tailed": 0.29951400971980563}}