{"P20273": {"Enrichment": 0.10681786364272715, "Depletion": 0.8932021359572808, "two-tailed": 0.2136357272854543}}