{"P20231": {"Enrichment": 0.9752804943901122, "Depletion": 0.0247395052098958, "two-tailed": 0.0494790104197916}}