{"P20273": {"Enrichment": 0.3004339913201736, "Depletion": 0.6995860082798344, "two-tailed": 0.6008679826403472}}