{"P20231": {"Enrichment": 0.6894262114757704, "Depletion": 0.3105937881242375, "two-tailed": 0.621187576248475}}