{"P20393": {"Enrichment": 0.9706605867882643, "Depletion": 0.029359412811743764, "two-tailed": 0.05871882562348753}}