{"P20338": {"Enrichment": 0.6688466230675386, "Depletion": 0.33117337653246937, "two-tailed": 0.6623467530649387}}