{"P20339": {"Enrichment": 0.2752744945101098, "Depletion": 0.7247455050898982, "two-tailed": 0.5505489890202196}}