{"P20340": {"Enrichment": 0.4893102137957241, "Depletion": 0.5107097858042839, "two-tailed": 0.9786204275914482}}