{"P20393": {"Enrichment": 0.9716805663886722, "Depletion": 0.028339433211335772, "two-tailed": 0.056678866422671545}}