{"P20337": {"Enrichment": 0.5115297694046119, "Depletion": 0.4884902301953961, "two-tailed": 0.9769804603907922}}