{"P20339": {"Enrichment": 0.39179216415671686, "Depletion": 0.6082278354432912, "two-tailed": 0.7835843283134337}}