{"P20337": {"Enrichment": 0.503829923401532, "Depletion": 0.49619007619847605, "two-tailed": 0.9923801523969521}}