{"P20585": {"Enrichment": 0.22853542929141418, "Depletion": 0.7714845703085939, "two-tailed": 0.45707085858282837}}