{"P20591": {"Enrichment": 0.2755544889102218, "Depletion": 0.7244655106897862, "two-tailed": 0.5511089778204435}}