{"P20591": {"Enrichment": 0.5888882222355553, "Depletion": 0.4111317773644527, "two-tailed": 0.8222635547289054}}