{"P20585": {"Enrichment": 0.2931941361172777, "Depletion": 0.7068258634827304, "two-tailed": 0.5863882722345554}}