{"P20618": {"Enrichment": 0.5322293554128917, "Depletion": 0.46779064418711624, "two-tailed": 0.9355812883742325}}