{"P20618": {"Enrichment": 0.5289294214115717, "Depletion": 0.47109057818843625, "two-tailed": 0.9421811563768725}}