{"P20702": {"Enrichment": 0.9757604847903042, "Depletion": 0.024259514809703807, "two-tailed": 0.048519029619407614}}