{"P20718": {"Enrichment": 0.6730665386692266, "Depletion": 0.32695346093078137, "two-tailed": 0.6539069218615627}}