{"P20702": {"Enrichment": 0.7826243475130498, "Depletion": 0.21739565208695827, "two-tailed": 0.43479130417391654}}