{"P20701": {"Enrichment": 0.9269014619707606, "Depletion": 0.07311853762924742, "two-tailed": 0.14623707525849483}}