{"P20701": {"Enrichment": 0.9112617747645048, "Depletion": 0.08875822483550329, "two-tailed": 0.17751644967100658}}