{"P20783": {"Enrichment": 0.016699666006679867, "Depletion": 0.9833203335933282, "two-tailed": 0.033399332013359734}}