{"P20718": {"Enrichment": 0.6965260694786104, "Depletion": 0.3034939301213976, "two-tailed": 0.6069878602427952}}