{"P20813": {"Enrichment": 0.010219795604087919, "Depletion": 0.9898002039959201, "two-tailed": 0.020439591208175838}}