{"P20809": {"Enrichment": 0.8292434151316974, "Depletion": 0.17077658446831062, "two-tailed": 0.34155316893662124}}