{"P20849": {"Enrichment": 0.1873962520749585, "Depletion": 0.8126237475250495, "two-tailed": 0.374792504149917}}