{"P20849": {"Enrichment": 0.43217135657286854, "Depletion": 0.5678486430271394, "two-tailed": 0.8643427131457371}}