{"P20813": {"Enrichment": 0.009799804003919922, "Depletion": 0.9902201955960881, "two-tailed": 0.019599608007839844}}