{"P20809": {"Enrichment": 0.7848443031139377, "Depletion": 0.21517569648607027, "two-tailed": 0.43035139297214053}}