{"P21266": {"Enrichment": 0.6174476510469791, "Depletion": 0.38257234855302896, "two-tailed": 0.7651446971060579}}