{"P21266": {"Enrichment": 0.6198276034479311, "Depletion": 0.38019239615207695, "two-tailed": 0.7603847923041539}}