{"P21397": {"Enrichment": 0.0025999480010399792, "Depletion": 0.9974200515989681, "two-tailed": 0.0051998960020799585}}