{"P21399": {"Enrichment": 0.30305393892122157, "Depletion": 0.6969660606787864, "two-tailed": 0.6061078778424431}}