{"P21589": {"Enrichment": 0.2754744905101898, "Depletion": 0.7245455090898182, "two-tailed": 0.5509489810203796}}