{"P21589": {"Enrichment": 0.17619647607047859, "Depletion": 0.8238235235295294, "two-tailed": 0.35239295214095717}}