{"P21549": {"Enrichment": 0.6136477270454591, "Depletion": 0.3863722725545489, "two-tailed": 0.7727445451090978}}