{"P21579": {"Enrichment": 0.7951840963180736, "Depletion": 0.20483590328193435, "two-tailed": 0.4096718065638687}}