{"P21580": {"Enrichment": 0.9307013859722806, "Depletion": 0.06931861362772744, "two-tailed": 0.13863722725545488}}