{"P21583": {"Enrichment": 0.6422871542569148, "Depletion": 0.35773284534309313, "two-tailed": 0.7154656906861863}}