{"P21580": {"Enrichment": 0.9269214615707686, "Depletion": 0.07309853802923942, "two-tailed": 0.14619707605847884}}