{"P21549": {"Enrichment": 0.6191276174476511, "Depletion": 0.38089238215235693, "two-tailed": 0.7617847643047139}}