{"P21579": {"Enrichment": 0.7285254294914102, "Depletion": 0.27149457010859784, "two-tailed": 0.5429891402171957}}