{"P21695": {"Enrichment": 0.11965760684786304, "Depletion": 0.880362392752145, "two-tailed": 0.2393152136957261}}