{"P21695": {"Enrichment": 0.15917681646367074, "Depletion": 0.8408431831363373, "two-tailed": 0.3183536329273415}}