{"P21802": {"Enrichment": 0.7949641007179856, "Depletion": 0.20505589888202236, "two-tailed": 0.4101117977640447}}