{"P21953": {"Enrichment": 0.6750064998700026, "Depletion": 0.3250134997300054, "two-tailed": 0.6500269994600107}}