{"P21980": {"Enrichment": 0.016579668406631866, "Depletion": 0.9834403311933761, "two-tailed": 0.03315933681326373}}