{"P21953": {"Enrichment": 0.6046879062418752, "Depletion": 0.39533209335813285, "two-tailed": 0.7906641867162657}}