{"P22033": {"Enrichment": 0.18485630287394253, "Depletion": 0.8151636967260655, "two-tailed": 0.36971260574788506}}