{"P22004": {"Enrichment": 0.02631947361052779, "Depletion": 0.9737005259894802, "two-tailed": 0.05263894722105558}}