{"P22061": {"Enrichment": 0.7643447131057379, "Depletion": 0.2356752864942701, "two-tailed": 0.4713505729885402}}