{"P22033": {"Enrichment": 0.2379752404951901, "Depletion": 0.762044759104818, "two-tailed": 0.4759504809903802}}