{"P22004": {"Enrichment": 0.16563668726625466, "Depletion": 0.8343833123337533, "two-tailed": 0.3312733745325093}}