{"P22102": {"Enrichment": 0.14587708245835082, "Depletion": 0.8541429171416571, "two-tailed": 0.29175416491670164}}