{"P22102": {"Enrichment": 0.13325733485330293, "Depletion": 0.866762664746705, "two-tailed": 0.26651466970660587}}