{"P22234": {"Enrichment": 0.8334233315333693, "Depletion": 0.16659666806663867, "two-tailed": 0.33319333613327734}}