{"P22234": {"Enrichment": 0.3297334053318934, "Depletion": 0.6702865942681147, "two-tailed": 0.6594668106637868}}