{"P22392": {"Enrichment": 0.16759664806703867, "Depletion": 0.8324233515329693, "two-tailed": 0.33519329613407733}}