{"P22352": {"Enrichment": 0.5074098518029639, "Depletion": 0.49261014779704404, "two-tailed": 0.9852202955940881}}