{"P22314": {"Enrichment": 0.33965320693586126, "Depletion": 0.6603667926641467, "two-tailed": 0.6793064138717225}}