{"P22352": {"Enrichment": 0.41969160616787665, "Depletion": 0.5803283934321314, "two-tailed": 0.8393832123357533}}