{"P22314": {"Enrichment": 0.6023479530409391, "Depletion": 0.3976720465590688, "two-tailed": 0.7953440931181376}}