{"P22304": {"Enrichment": 0.7284854302913941, "Depletion": 0.2715345693086138, "two-tailed": 0.5430691386172276}}