{"P22455": {"Enrichment": 0.9293214135717286, "Depletion": 0.07069858602827943, "two-tailed": 0.14139717205655886}}