{"P22455": {"Enrichment": 0.9274414511709765, "Depletion": 0.07257854842903141, "two-tailed": 0.14515709685806283}}