{"P22557": {"Enrichment": 0.2676946461070779, "Depletion": 0.7323253534929302, "two-tailed": 0.5353892922141558}}