{"P22557": {"Enrichment": 0.011699766004679906, "Depletion": 0.9883202335953281, "two-tailed": 0.023399532009359812}}