{"P22607": {"Enrichment": 0.21009579808403833, "Depletion": 0.7899242015159696, "two-tailed": 0.42019159616807666}}