{"P22626": {"Enrichment": 0.31437371252574947, "Depletion": 0.6856462870742586, "two-tailed": 0.6287474250514989}}