{"P22626": {"Enrichment": 0.6121677566448671, "Depletion": 0.3878522429551409, "two-tailed": 0.7757044859102818}}