{"P22670": {"Enrichment": 0.01493970120597588, "Depletion": 0.9850802983940321, "two-tailed": 0.02987940241195176}}