{"P22680": {"Enrichment": 0.370212595748085, "Depletion": 0.6298074038519229, "two-tailed": 0.74042519149617}}