{"P22681": {"Enrichment": 0.04239915201695966, "Depletion": 0.9576208475830483, "two-tailed": 0.08479830403391932}}