{"P22607": {"Enrichment": 0.20691586168276635, "Depletion": 0.7931041379172417, "two-tailed": 0.4138317233655327}}