{"P22680": {"Enrichment": 0.9166416671666566, "Depletion": 0.08337833243335133, "two-tailed": 0.16675666486670265}}