{"P22748": {"Enrichment": 0.9152016959660807, "Depletion": 0.08481830363392732, "two-tailed": 0.16963660726785465}}