{"P22830": {"Enrichment": 0.40735185296294074, "Depletion": 0.5926681466370672, "two-tailed": 0.8147037059258815}}