{"P22894": {"Enrichment": 0.9301613967720646, "Depletion": 0.06985860282794344, "two-tailed": 0.13971720565588688}}