{"P22830": {"Enrichment": 0.10655786884262315, "Depletion": 0.8934621307573849, "two-tailed": 0.2131157376852463}}