{"P22894": {"Enrichment": 0.9278614427711446, "Depletion": 0.07215855682886342, "two-tailed": 0.14431711365772684}}