{"P23025": {"Enrichment": 0.4390912181756365, "Depletion": 0.5609287814243715, "two-tailed": 0.878182436351273}}