{"P23025": {"Enrichment": 0.5326093478130437, "Depletion": 0.4674106517869643, "two-tailed": 0.9348213035739286}}