{"P23141": {"Enrichment": 0.013479730405391892, "Depletion": 0.9865402691946161, "two-tailed": 0.026959460810783785}}