{"P23284": {"Enrichment": 0.49311013779724405, "Depletion": 0.506909861802764, "two-tailed": 0.9862202755944881}}