{"P23284": {"Enrichment": 0.014599708005839884, "Depletion": 0.9854202915941681, "two-tailed": 0.029199416011679767}}