{"P23246": {"Enrichment": 0.880142397152057, "Depletion": 0.11987760244795104, "two-tailed": 0.23975520489590207}}