{"P23246": {"Enrichment": 0.4885302293954121, "Depletion": 0.511489770204596, "two-tailed": 0.9770604587908241}}