{"P23280": {"Enrichment": 0.9142217155656887, "Depletion": 0.08579828403431931, "two-tailed": 0.17159656806863863}}