{"P23378": {"Enrichment": 0.055458890822183554, "Depletion": 0.9445611087778244, "two-tailed": 0.11091778164436711}}