{"P23396": {"Enrichment": 0.010679786404271915, "Depletion": 0.9893402131957361, "two-tailed": 0.02135957280854383}}