{"P23368": {"Enrichment": 0.5851082978340433, "Depletion": 0.4149117017659647, "two-tailed": 0.8298234035319294}}