{"P23368": {"Enrichment": 0.3134737305253895, "Depletion": 0.6865462690746185, "two-tailed": 0.626947461050779}}