{"P23378": {"Enrichment": 0.21407571848563028, "Depletion": 0.7859442811143778, "two-tailed": 0.42815143697126057}}