{"P23396": {"Enrichment": 0.011719765604687906, "Depletion": 0.9883002339953201, "two-tailed": 0.02343953120937581}}