{"P23443": {"Enrichment": 0.2644547109057819, "Depletion": 0.7355652886942261, "two-tailed": 0.5289094218115638}}