{"P23467": {"Enrichment": 0.15321693566128677, "Depletion": 0.8468030639387212, "two-tailed": 0.30643387132257355}}