{"P23443": {"Enrichment": 0.1510569788604228, "Depletion": 0.8489630207395852, "two-tailed": 0.3021139577208456}}