{"P23467": {"Enrichment": 0.6793264134717306, "Depletion": 0.3206935861282774, "two-tailed": 0.6413871722565548}}