{"P23526": {"Enrichment": 0.5869282614347713, "Depletion": 0.4130917381652367, "two-tailed": 0.8261834763304734}}