{"P23560": {"Enrichment": 0.48985020299594006, "Depletion": 0.5101697966040679, "two-tailed": 0.9797004059918801}}