{"P23560": {"Enrichment": 0.4880702385952281, "Depletion": 0.51194976100478, "two-tailed": 0.9761404771904562}}