{"P23677": {"Enrichment": 0.883362332753345, "Depletion": 0.11665766684666307, "two-tailed": 0.23331533369332613}}