{"P23919": {"Enrichment": 0.09931801363972721, "Depletion": 0.9007019859602808, "two-tailed": 0.19863602727945442}}