{"P23946": {"Enrichment": 0.5325693486130277, "Depletion": 0.46745065098698024, "two-tailed": 0.9349013019739605}}