{"P23946": {"Enrichment": 0.33553328933421334, "Depletion": 0.6644867102657946, "two-tailed": 0.6710665786684267}}