{"P23921": {"Enrichment": 0.8529829403411932, "Depletion": 0.14703705925881483, "two-tailed": 0.29407411851762966}}