{"P23919": {"Enrichment": 0.15129697406051879, "Depletion": 0.8487230255394892, "two-tailed": 0.30259394812103757}}