{"P23921": {"Enrichment": 0.8445431091378173, "Depletion": 0.15547689046219076, "two-tailed": 0.31095378092438153}}