{"P24043": {"Enrichment": 0.9125217495650088, "Depletion": 0.0874982500349993, "two-tailed": 0.1749965000699986}}