{"P24394": {"Enrichment": 0.10769784604307914, "Depletion": 0.8923221535569289, "two-tailed": 0.21539569208615827}}