{"P24462": {"Enrichment": 0.008659826803463931, "Depletion": 0.9913601727965441, "two-tailed": 0.017319653606927863}}