{"P24530": {"Enrichment": 0.1000979980400392, "Depletion": 0.8999220015599688, "two-tailed": 0.2001959960800784}}