{"P24530": {"Enrichment": 0.025659486810263796, "Depletion": 0.9743605127897442, "two-tailed": 0.05131897362052759}}