{"P24666": {"Enrichment": 0.0628987420251595, "Depletion": 0.9371212575748485, "two-tailed": 0.125797484050319}}