{"P24666": {"Enrichment": 0.3472330553388932, "Depletion": 0.6527869442611148, "two-tailed": 0.6944661106777864}}