{"P24752": {"Enrichment": 0.9518009639807203, "Depletion": 0.048219035619287615, "two-tailed": 0.09643807123857523}}