{"P24723": {"Enrichment": 0.08331833363332733, "Depletion": 0.9167016659666807, "two-tailed": 0.16663666726665466}}