{"P24864": {"Enrichment": 0.005799884002319953, "Depletion": 0.9942201155976881, "two-tailed": 0.011599768004639906}}