{"P24863": {"Enrichment": 0.5146697066058679, "Depletion": 0.4853502929941401, "two-tailed": 0.9707005859882802}}