{"P24863": {"Enrichment": 0.3996120077598448, "Depletion": 0.6004079918401632, "two-tailed": 0.7992240155196896}}