{"P24941": {"Enrichment": 0.8854422911541769, "Depletion": 0.11457770844583108, "two-tailed": 0.22915541689166216}}