{"P24941": {"Enrichment": 0.4495310093798124, "Depletion": 0.5504889902201956, "two-tailed": 0.8990620187596248}}