{"P25098": {"Enrichment": 0.5268494630107398, "Depletion": 0.4731705365892682, "two-tailed": 0.9463410731785364}}