{"P25098": {"Enrichment": 0.0879782404351913, "Depletion": 0.9120417591648167, "two-tailed": 0.1759564808703826}}