{"P25398": {"Enrichment": 0.009679806403871923, "Depletion": 0.9903401931961361, "two-tailed": 0.019359612807743846}}