{"P25325": {"Enrichment": 0.9394012119757604, "Depletion": 0.060618787624247515, "two-tailed": 0.12123757524849503}}