{"P25311": {"Enrichment": 0.32461350772984543, "Depletion": 0.6754064918701626, "two-tailed": 0.6492270154596909}}