{"P25685": {"Enrichment": 0.022199556008879823, "Depletion": 0.9778204435911282, "two-tailed": 0.044399112017759645}}