{"P25685": {"Enrichment": 0.23077538449231016, "Depletion": 0.7692446151076978, "two-tailed": 0.46155076898462033}}