{"P25788": {"Enrichment": 0.06371872562548749, "Depletion": 0.9363012739745206, "two-tailed": 0.12743745125097497}}