{"P25786": {"Enrichment": 0.22885542289154218, "Depletion": 0.7711645767084658, "two-tailed": 0.45771084578308435}}