{"P25774": {"Enrichment": 0.06935861282774344, "Depletion": 0.9306613867722645, "two-tailed": 0.1387172256554869}}