{"P25789": {"Enrichment": 0.11421771564568708, "Depletion": 0.8858022839543209, "two-tailed": 0.22843543129137417}}