{"P25789": {"Enrichment": 0.11527769444611108, "Depletion": 0.884742305153897, "two-tailed": 0.23055538889222216}}