{"P25787": {"Enrichment": 0.249735005299894, "Depletion": 0.750284994300114, "two-tailed": 0.499470010599788}}