{"P25788": {"Enrichment": 0.06633867322653547, "Depletion": 0.9336813263734726, "two-tailed": 0.13267734645307094}}