{"P25786": {"Enrichment": 0.23117537649247016, "Depletion": 0.7688446231075379, "two-tailed": 0.4623507529849403}}