{"P25787": {"Enrichment": 0.249915001699966, "Depletion": 0.750104997900042, "two-tailed": 0.499830003399932}}