{"P26045": {"Enrichment": 0.08459830803383932, "Depletion": 0.9154216915661687, "two-tailed": 0.16919661606767863}}