{"P26196": {"Enrichment": 0.07383852322953541, "Depletion": 0.9261814763704725, "two-tailed": 0.14767704645907082}}