{"P26358": {"Enrichment": 0.17955640887182256, "Depletion": 0.8204635907281854, "two-tailed": 0.3591128177436451}}