{"P26378": {"Enrichment": 0.0008199836003279934, "Depletion": 0.99920001599968, "two-tailed": 0.0016399672006559868}}