{"P26440": {"Enrichment": 0.2610547789044219, "Depletion": 0.7389652206955861, "two-tailed": 0.5221095578088438}}