{"P26440": {"Enrichment": 0.8926821463570729, "Depletion": 0.10733785324293514, "two-tailed": 0.21467570648587028}}