{"P26641": {"Enrichment": 0.5667286654266914, "Depletion": 0.43329133417331656, "two-tailed": 0.8665826683466331}}