{"P26639": {"Enrichment": 0.36905261894762104, "Depletion": 0.630967380652387, "two-tailed": 0.7381052378952421}}