{"P26639": {"Enrichment": 0.6452670946581068, "Depletion": 0.35475290494190115, "two-tailed": 0.7095058098838023}}