{"P26641": {"Enrichment": 0.5634087318253634, "Depletion": 0.4366112677746445, "two-tailed": 0.873222535549289}}