{"P26927": {"Enrichment": 0.6891662166756665, "Depletion": 0.3108537829243415, "two-tailed": 0.621707565848683}}