{"P26951": {"Enrichment": 0.8072638547229055, "Depletion": 0.19275614487710246, "two-tailed": 0.38551228975420493}}