{"P27037": {"Enrichment": 0.11877762444751105, "Depletion": 0.8812423751524969, "two-tailed": 0.2375552488950221}}