{"P27144": {"Enrichment": 0.3313933721325574, "Depletion": 0.6686266274674506, "two-tailed": 0.6627867442651147}}