{"P27361": {"Enrichment": 0.01115977680446391, "Depletion": 0.9888602227955441, "two-tailed": 0.02231955360892782}}