{"P27487": {"Enrichment": 0.2705545889082218, "Depletion": 0.7294654106917862, "two-tailed": 0.5411091778164436}}