{"P27487": {"Enrichment": 0.12003759924801503, "Depletion": 0.8799824003519929, "two-tailed": 0.24007519849603007}}