{"P27448": {"Enrichment": 0.1995360092798144, "Depletion": 0.8004839903201936, "two-tailed": 0.3990720185596288}}