{"P27448": {"Enrichment": 0.3495330093398132, "Depletion": 0.6504869902601947, "two-tailed": 0.6990660186796264}}