{"P27695": {"Enrichment": 0.7039259214815704, "Depletion": 0.29609407811843763, "two-tailed": 0.5921881562368753}}