{"P27694": {"Enrichment": 0.7039459210815784, "Depletion": 0.29607407851842965, "two-tailed": 0.5921481570368593}}