{"P27694": {"Enrichment": 0.03165936681266375, "Depletion": 0.9683606327873443, "two-tailed": 0.0633187336253275}}