{"P27695": {"Enrichment": 0.3013539729205416, "Depletion": 0.6986660266794664, "two-tailed": 0.6027079458410832}}