{"P27707": {"Enrichment": 0.5389692206155877, "Depletion": 0.4610507789844203, "two-tailed": 0.9221015579688406}}