{"P27815": {"Enrichment": 0.7061058778824424, "Depletion": 0.29391412171756565, "two-tailed": 0.5878282434351313}}