{"P27815": {"Enrichment": 0.7103857922841543, "Depletion": 0.2896342073158537, "two-tailed": 0.5792684146317074}}