{"P28039": {"Enrichment": 0.025539489210215795, "Depletion": 0.9744805103897922, "two-tailed": 0.05107897842043159}}