{"P28072": {"Enrichment": 0.7447251054978901, "Depletion": 0.255294894102118, "two-tailed": 0.510589788204236}}