{"P28065": {"Enrichment": 0.4364112717745645, "Depletion": 0.5636087278254435, "two-tailed": 0.872822543549129}}