{"P28062": {"Enrichment": 0.8979020419591608, "Depletion": 0.10211795764084718, "two-tailed": 0.20423591528169435}}