{"P28066": {"Enrichment": 0.10241795164096718, "Depletion": 0.8976020479590409, "two-tailed": 0.20483590328193435}}