{"P28062": {"Enrichment": 0.8968020639587209, "Depletion": 0.10321793564128717, "two-tailed": 0.20643587128257435}}