{"P28066": {"Enrichment": 0.10339793204135918, "Depletion": 0.8966220675586488, "two-tailed": 0.20679586408271836}}