{"P28074": {"Enrichment": 0.5712285754284915, "Depletion": 0.42879142417151656, "two-tailed": 0.8575828483430331}}