{"P28074": {"Enrichment": 0.5693686126277474, "Depletion": 0.4306513869722606, "two-tailed": 0.8613027739445211}}