{"P28070": {"Enrichment": 0.4892902141957161, "Depletion": 0.5107297854042919, "two-tailed": 0.9785804283914322}}