{"P28347": {"Enrichment": 0.4237115257694846, "Depletion": 0.5763084738305234, "two-tailed": 0.8474230515389692}}