{"P28329": {"Enrichment": 0.09529809403811924, "Depletion": 0.9047219055618888, "two-tailed": 0.1905961880762385}}