{"P28347": {"Enrichment": 0.26739465210695784, "Depletion": 0.7326253474930502, "two-tailed": 0.5347893042139157}}