{"P28329": {"Enrichment": 0.2856342873142537, "Depletion": 0.7143857122857543, "two-tailed": 0.5712685746285074}}