{"P28482": {"Enrichment": 0.4600507989840203, "Depletion": 0.5399692006159876, "two-tailed": 0.9201015979680406}}