{"P28482": {"Enrichment": 0.22819543609127818, "Depletion": 0.7718245635087299, "two-tailed": 0.45639087218255636}}