{"P28562": {"Enrichment": 0.18331633367332653, "Depletion": 0.8167036659266814, "two-tailed": 0.36663266734665306}}