{"P28562": {"Enrichment": 0.18033639327213455, "Depletion": 0.8196836063278734, "two-tailed": 0.3606727865442691}}