{"P28827": {"Enrichment": 0.4033719325613488, "Depletion": 0.5966480670386592, "two-tailed": 0.8067438651226976}}