{"P28845": {"Enrichment": 0.8896822063558729, "Depletion": 0.11033779324413512, "two-tailed": 0.22067558648827024}}