{"P28845": {"Enrichment": 0.8927021459570809, "Depletion": 0.10731785364292715, "two-tailed": 0.2146357072858543}}