{"P28827": {"Enrichment": 0.4093718125637487, "Depletion": 0.5906481870362593, "two-tailed": 0.8187436251274974}}