{"P28907": {"Enrichment": 0.3638727225455491, "Depletion": 0.636147277054459, "two-tailed": 0.7277454450910982}}