{"P28907": {"Enrichment": 0.2680946381072379, "Depletion": 0.7319253614927701, "two-tailed": 0.5361892762144758}}