{"P29074": {"Enrichment": 0.6549269014619707, "Depletion": 0.34509309813803724, "two-tailed": 0.6901861962760745}}