{"P29083": {"Enrichment": 0.9773204535909282, "Depletion": 0.022699546009079818, "two-tailed": 0.045399092018159636}}