{"P29218": {"Enrichment": 0.0018999620007599848, "Depletion": 0.9981200375992481, "two-tailed": 0.0037999240015199696}}