{"P29350": {"Enrichment": 0.1637767244655107, "Depletion": 0.8362432751344973, "two-tailed": 0.3275534489310214}}