{"P29317": {"Enrichment": 0.5390092198156037, "Depletion": 0.4610107797844043, "two-tailed": 0.9220215595688086}}