{"P29322": {"Enrichment": 0.16883662326753465, "Depletion": 0.8311833763324733, "two-tailed": 0.3376732465350693}}