{"P29323": {"Enrichment": 0.5435291294174116, "Depletion": 0.4564908701825964, "two-tailed": 0.9129817403651928}}