{"P29320": {"Enrichment": 0.17067658646827064, "Depletion": 0.8293434131317373, "two-tailed": 0.34135317293654127}}