{"P29375": {"Enrichment": 0.0053798924021519565, "Depletion": 0.994640107197856, "two-tailed": 0.010759784804303913}}