{"P29322": {"Enrichment": 0.17307653846923063, "Depletion": 0.8269434611307774, "two-tailed": 0.34615307693846126}}