{"P29372": {"Enrichment": 0.24599508009839804, "Depletion": 0.75402491950161, "two-tailed": 0.4919901601967961}}