{"P29323": {"Enrichment": 0.39393212135757283, "Depletion": 0.6060878782424352, "two-tailed": 0.7878642427151457}}