{"P29317": {"Enrichment": 0.0034399312013759726, "Depletion": 0.996580068398632, "two-tailed": 0.006879862402751945}}