{"P29375": {"Enrichment": 0.001979960400791984, "Depletion": 0.998040039199216, "two-tailed": 0.003959920801583968}}