{"P29401": {"Enrichment": 0.037139257214855705, "Depletion": 0.9628807423851523, "two-tailed": 0.07427851442971141}}