{"P29475": {"Enrichment": 0.5713085738285234, "Depletion": 0.4287114257714846, "two-tailed": 0.8574228515429692}}