{"P29466": {"Enrichment": 0.9212815743685127, "Depletion": 0.07873842523149537, "two-tailed": 0.15747685046299073}}