{"P29401": {"Enrichment": 0.06831863362732746, "Depletion": 0.9317013659726805, "two-tailed": 0.13663726725465491}}