{"P29466": {"Enrichment": 0.761244775104498, "Depletion": 0.23877522449551009, "two-tailed": 0.47755044899102017}}