{"P29475": {"Enrichment": 0.04235915281694366, "Depletion": 0.9576608467830643, "two-tailed": 0.08471830563388733}}