{"P29597": {"Enrichment": 0.8100837983240335, "Depletion": 0.1899362012759745, "two-tailed": 0.379872402551949}}