{"P29558": {"Enrichment": 0.750684986300274, "Depletion": 0.249335013299734, "two-tailed": 0.498670026599468}}