{"P29597": {"Enrichment": 0.8078438431231375, "Depletion": 0.19217615647687047, "two-tailed": 0.38435231295374095}}