{"P29622": {"Enrichment": 0.880082398352033, "Depletion": 0.11993760124797503, "two-tailed": 0.23987520249595007}}