{"P29622": {"Enrichment": 0.2701545969080618, "Depletion": 0.7298654026919461, "two-tailed": 0.5403091938161236}}