{"P29973": {"Enrichment": 0.3324733505329893, "Depletion": 0.6675466490670187, "two-tailed": 0.6649467010659786}}