{"P29973": {"Enrichment": 0.2374952500949981, "Depletion": 0.7625247495050099, "two-tailed": 0.4749905001899962}}