{"P30041": {"Enrichment": 0.8436031279374413, "Depletion": 0.15641687166256674, "two-tailed": 0.3128337433251335}}