{"P30085": {"Enrichment": 0.06869862602747945, "Depletion": 0.9313213735725285, "two-tailed": 0.1373972520549589}}