{"P30048": {"Enrichment": 0.9111217775644487, "Depletion": 0.08889822203555929, "two-tailed": 0.17779644407111858}}