{"P30038": {"Enrichment": 0.43323133537329256, "Depletion": 0.5667886642267155, "two-tailed": 0.8664626707465851}}