{"P30048": {"Enrichment": 0.7976040479190416, "Depletion": 0.20241595168096638, "two-tailed": 0.40483190336193275}}