{"P30038": {"Enrichment": 0.40335193296134075, "Depletion": 0.5966680666386672, "two-tailed": 0.8067038659226815}}