{"P30041": {"Enrichment": 0.9116217675646487, "Depletion": 0.08839823203535929, "two-tailed": 0.17679646407071858}}