{"P30086": {"Enrichment": 0.5494890102197956, "Depletion": 0.4505309893802124, "two-tailed": 0.9010619787604248}}