{"P30044": {"Enrichment": 0.7962240755184896, "Depletion": 0.20379592408151836, "two-tailed": 0.40759184816303673}}