{"P30047": {"Enrichment": 0.09403811923761525, "Depletion": 0.9059818803623928, "two-tailed": 0.1880762384752305}}