{"P30044": {"Enrichment": 0.5178496430071399, "Depletion": 0.48217035659286817, "two-tailed": 0.9643407131857363}}