{"P30101": {"Enrichment": 0.2601947961040779, "Depletion": 0.7398252034959301, "two-tailed": 0.5203895922081558}}