{"P30101": {"Enrichment": 0.17197656046879062, "Depletion": 0.8280434391312174, "two-tailed": 0.34395312093758124}}