{"P30304": {"Enrichment": 0.6646667066658667, "Depletion": 0.33535329293414134, "two-tailed": 0.6707065858682827}}