{"P30305": {"Enrichment": 0.34509309813803724, "Depletion": 0.6549269014619707, "two-tailed": 0.6901861962760745}}