{"P30304": {"Enrichment": 0.6700665986680266, "Depletion": 0.32995340093198133, "two-tailed": 0.6599068018639627}}