{"P30305": {"Enrichment": 0.3457930841383172, "Depletion": 0.6542269154616908, "two-tailed": 0.6915861682766344}}