{"P30307": {"Enrichment": 0.43541129177416454, "Depletion": 0.5646087078258435, "two-tailed": 0.8708225835483291}}