{"P30307": {"Enrichment": 0.34205315893682126, "Depletion": 0.6579668406631868, "two-tailed": 0.6841063178736425}}