{"P30405": {"Enrichment": 0.14701705965880682, "Depletion": 0.8530029399412011, "two-tailed": 0.29403411931761364}}