{"P30405": {"Enrichment": 0.1405971880562389, "Depletion": 0.8594228115437691, "two-tailed": 0.2811943761124778}}