{"P30414": {"Enrichment": 0.06435871282574349, "Depletion": 0.9356612867742645, "two-tailed": 0.12871742565148697}}