{"P30520": {"Enrichment": 0.1970560588788224, "Depletion": 0.8029639407211856, "two-tailed": 0.3941121177576448}}