{"P30520": {"Enrichment": 0.19569608607827843, "Depletion": 0.8043239135217296, "two-tailed": 0.39139217215655686}}