{"P30530": {"Enrichment": 0.00503989920201596, "Depletion": 0.994980100397992, "two-tailed": 0.01007979840403192}}