{"P30519": {"Enrichment": 0.7945641087178257, "Depletion": 0.20545589088218236, "two-tailed": 0.4109117817643647}}