{"P30613": {"Enrichment": 0.9183016339673207, "Depletion": 0.08171836563268735, "two-tailed": 0.1634367312653747}}