{"P30613": {"Enrichment": 0.6535669286614267, "Depletion": 0.34645307093858124, "two-tailed": 0.6929061418771625}}