{"P30838": {"Enrichment": 0.40185196296074077, "Depletion": 0.5981680366392672, "two-tailed": 0.8037039259214815}}