{"P30838": {"Enrichment": 0.2789544209115818, "Depletion": 0.7210655786884262, "two-tailed": 0.5579088418231636}}