{"P31040": {"Enrichment": 0.18491630167396653, "Depletion": 0.8151036979260414, "two-tailed": 0.36983260334793305}}