{"P31153": {"Enrichment": 0.014179716405671887, "Depletion": 0.9858402831943361, "two-tailed": 0.028359432811343774}}