{"P31327": {"Enrichment": 0.7872642547149057, "Depletion": 0.2127557448851023, "two-tailed": 0.4255114897702046}}