{"P31371": {"Enrichment": 0.617367652646947, "Depletion": 0.38265234695306094, "two-tailed": 0.7653046939061219}}