{"P31371": {"Enrichment": 0.5670086598268035, "Depletion": 0.43301133977320455, "two-tailed": 0.8660226795464091}}