{"P31327": {"Enrichment": 0.8292234155316893, "Depletion": 0.17079658406831863, "two-tailed": 0.34159316813663726}}