{"P31415": {"Enrichment": 0.3236535269294614, "Depletion": 0.6763664726705466, "two-tailed": 0.6473070538589228}}