{"P31483": {"Enrichment": 0.008199836003279934, "Depletion": 0.9918201635967281, "two-tailed": 0.016399672006559868}}