{"P31751": {"Enrichment": 0.026799464010719785, "Depletion": 0.9732205355892882, "two-tailed": 0.05359892802143957}}