{"P31749": {"Enrichment": 0.26091478170436594, "Depletion": 0.7391052178956421, "two-tailed": 0.5218295634087319}}