{"P31939": {"Enrichment": 0.06691866162676746, "Depletion": 0.9331013379732406, "two-tailed": 0.13383732325353492}}