{"P31939": {"Enrichment": 0.06865862682746345, "Depletion": 0.9313613727725446, "two-tailed": 0.1373172536549269}}