{"P31941": {"Enrichment": 0.5935881282374352, "Depletion": 0.40643187136257275, "two-tailed": 0.8128637427251455}}