{"P32019": {"Enrichment": 0.29161416771664567, "Depletion": 0.7084058318833624, "two-tailed": 0.5832283354332913}}