{"P32019": {"Enrichment": 0.16779664406711867, "Depletion": 0.8322233555328894, "two-tailed": 0.33559328813423733}}