{"P32119": {"Enrichment": 0.753364932701346, "Depletion": 0.24665506689866204, "two-tailed": 0.4933101337973241}}