{"P32298": {"Enrichment": 0.029559408811823763, "Depletion": 0.9704605907881843, "two-tailed": 0.05911881762364753}}