{"P32322": {"Enrichment": 0.6968660626787464, "Depletion": 0.3031539369212616, "two-tailed": 0.6063078738425232}}