{"P32322": {"Enrichment": 0.751084978300434, "Depletion": 0.248935021299574, "two-tailed": 0.497870042599148}}