{"P32455": {"Enrichment": 0.24709505809883803, "Depletion": 0.75292494150117, "two-tailed": 0.49419011619767605}}