{"P32455": {"Enrichment": 0.0250994980100398, "Depletion": 0.9749205015899682, "two-tailed": 0.0501989960200796}}