{"P32754": {"Enrichment": 0.125537489250215, "Depletion": 0.874482510349793, "two-tailed": 0.25107497850043}}