{"P32929": {"Enrichment": 0.39157216855662885, "Depletion": 0.6084478310433792, "two-tailed": 0.7831443371132577}}