{"P32927": {"Enrichment": 0.8497030059398812, "Depletion": 0.1503169936601268, "two-tailed": 0.3006339873202536}}