{"P32927": {"Enrichment": 0.8890222195556089, "Depletion": 0.11099778004439911, "two-tailed": 0.22199556008879823}}