{"P32970": {"Enrichment": 0.10073798524029519, "Depletion": 0.8992820143597128, "two-tailed": 0.20147597048059038}}