{"P32929": {"Enrichment": 0.39083218335633285, "Depletion": 0.6091878162436751, "two-tailed": 0.7816643667126657}}