{"P33316": {"Enrichment": 0.05157896842063159, "Depletion": 0.9484410311793764, "two-tailed": 0.10315793684126318}}