{"P33527": {"Enrichment": 0.75652486950261, "Depletion": 0.24349513009739807, "two-tailed": 0.48699026019479613}}