{"P33527": {"Enrichment": 0.7567048659026819, "Depletion": 0.24331513369732605, "two-tailed": 0.4866302673946521}}