{"P33981": {"Enrichment": 0.07069858602827943, "Depletion": 0.9293214135717286, "two-tailed": 0.14139717205655886}}