{"P33981": {"Enrichment": 0.14763704725905483, "Depletion": 0.8523829523409532, "two-tailed": 0.29527409451810965}}