{"P34059": {"Enrichment": 0.12065758684826304, "Depletion": 0.879362412751745, "two-tailed": 0.24131517369652608}}