{"P34897": {"Enrichment": 0.006359872802543949, "Depletion": 0.9936601267974641, "two-tailed": 0.012719745605087898}}