{"P34947": {"Enrichment": 0.2376552468950621, "Depletion": 0.7623647527049459, "two-tailed": 0.4753104937901242}}