{"P34931": {"Enrichment": 0.3348333033339333, "Depletion": 0.6651866962660746, "two-tailed": 0.6696666066678666}}