{"P34913": {"Enrichment": 0.498890022199556, "Depletion": 0.501129977400452, "two-tailed": 0.997780044399112}}