{"P34931": {"Enrichment": 0.3385132297354053, "Depletion": 0.6615067698646027, "two-tailed": 0.6770264594708106}}