{"P35030": {"Enrichment": 0.03569928601427971, "Depletion": 0.9643207135857282, "two-tailed": 0.07139857202855943}}