{"P35236": {"Enrichment": 0.4623107537849243, "Depletion": 0.5377092458150837, "two-tailed": 0.9246215075698486}}