{"P35270": {"Enrichment": 0.14157716845663088, "Depletion": 0.8584428311433772, "two-tailed": 0.28315433691326175}}