{"P35228": {"Enrichment": 0.028299434011319773, "Depletion": 0.9717205655886882, "two-tailed": 0.05659886802263955}}