{"P35228": {"Enrichment": 0.2875342493150137, "Depletion": 0.7124857502849943, "two-tailed": 0.5750684986300274}}