{"P35270": {"Enrichment": 0.2011159776804464, "Depletion": 0.7989040219195616, "two-tailed": 0.4022319553608928}}