{"P35240": {"Enrichment": 0.6991460170796584, "Depletion": 0.3008739825203496, "two-tailed": 0.6017479650406992}}