{"P35240": {"Enrichment": 0.6812263754724905, "Depletion": 0.31879362412751744, "two-tailed": 0.6375872482550349}}