{"P35354": {"Enrichment": 0.007619847603047939, "Depletion": 0.9924001519969601, "two-tailed": 0.015239695206095877}}