{"P35475": {"Enrichment": 0.8654826903461931, "Depletion": 0.13453730925381494, "two-tailed": 0.26907461850762987}}