{"P35475": {"Enrichment": 0.7340853182936341, "Depletion": 0.2659346813063739, "two-tailed": 0.5318693626127478}}