{"P35558": {"Enrichment": 0.8306033879322413, "Depletion": 0.16941661166776664, "two-tailed": 0.3388332233355333}}