{"P35558": {"Enrichment": 0.8034239315213696, "Depletion": 0.19659606807863841, "two-tailed": 0.39319213615727683}}