{"P35520": {"Enrichment": 0.5779484410311794, "Depletion": 0.4220715585688286, "two-tailed": 0.8441431171376572}}