{"P35520": {"Enrichment": 0.47315053698926024, "Depletion": 0.5268694626107477, "two-tailed": 0.9463010739785205}}