{"P35658": {"Enrichment": 0.09689806203875923, "Depletion": 0.9031219375612488, "two-tailed": 0.19379612407751845}}