{"P35670": {"Enrichment": 0.5139297214055719, "Depletion": 0.4860902781944361, "two-tailed": 0.9721805563888722}}