{"P35658": {"Enrichment": 0.004319913601727965, "Depletion": 0.9957000859982801, "two-tailed": 0.00863982720345593}}