{"P35670": {"Enrichment": 0.5130497390052199, "Depletion": 0.4869702605947881, "two-tailed": 0.9739405211895762}}