{"P35754": {"Enrichment": 0.622267554648907, "Depletion": 0.377752444951101, "two-tailed": 0.755504889902202}}