{"P35754": {"Enrichment": 0.6230475390492191, "Depletion": 0.376972460550789, "two-tailed": 0.753944921101578}}