{"P35813": {"Enrichment": 0.6463470730585388, "Depletion": 0.35367292654146915, "two-tailed": 0.7073458530829383}}