{"P35813": {"Enrichment": 0.37349253014939704, "Depletion": 0.626527469450611, "two-tailed": 0.7469850602987941}}