{"P35914": {"Enrichment": 0.40483190336193275, "Depletion": 0.5951880962380752, "two-tailed": 0.8096638067238655}}