{"P35968": {"Enrichment": 0.15629687406251874, "Depletion": 0.8437231255374893, "two-tailed": 0.3125937481250375}}