{"P35914": {"Enrichment": 0.8942021159576808, "Depletion": 0.10581788364232715, "two-tailed": 0.2116357672846543}}