{"P36222": {"Enrichment": 0.0875982480350393, "Depletion": 0.9124217515649687, "two-tailed": 0.1751964960700786}}