{"P36404": {"Enrichment": 0.248395032099358, "Depletion": 0.75162496750065, "two-tailed": 0.496790064198716}}