{"P36406": {"Enrichment": 0.9693006139877203, "Depletion": 0.030719385612287754, "two-tailed": 0.06143877122457551}}