{"P36404": {"Enrichment": 0.249335013299734, "Depletion": 0.750684986300274, "two-tailed": 0.498670026599468}}