{"P36544": {"Enrichment": 0.28075438491230176, "Depletion": 0.7192656146877062, "two-tailed": 0.5615087698246035}}