{"P36551": {"Enrichment": 0.11497770044599108, "Depletion": 0.8850422991540169, "two-tailed": 0.22995540089198216}}