{"P36544": {"Enrichment": 0.3445331093378132, "Depletion": 0.6554868902621948, "two-tailed": 0.6890662186756265}}