{"P36551": {"Enrichment": 0.11543769124617508, "Depletion": 0.8845823083538329, "two-tailed": 0.23087538249235015}}