{"P36639": {"Enrichment": 0.5450690986180277, "Depletion": 0.4549509009819804, "two-tailed": 0.9099018019639608}}