{"P36639": {"Enrichment": 0.752744945101098, "Depletion": 0.24727505449891002, "two-tailed": 0.49455010899782004}}