{"P36776": {"Enrichment": 0.9089018219635607, "Depletion": 0.09111817763644726, "two-tailed": 0.18223635527289453}}