{"P36776": {"Enrichment": 0.9090018199636007, "Depletion": 0.09101817963640728, "two-tailed": 0.18203635927281456}}