{"P36894": {"Enrichment": 0.3897722045559089, "Depletion": 0.6102477950440991, "two-tailed": 0.7795444091118178}}