{"P36873": {"Enrichment": 0.7754244915101698, "Depletion": 0.2245955080898382, "two-tailed": 0.4491910161796764}}