{"P36894": {"Enrichment": 0.3894322113557729, "Depletion": 0.6105877882442351, "two-tailed": 0.7788644227115458}}