{"P36897": {"Enrichment": 0.42753144937101256, "Depletion": 0.5724885502289955, "two-tailed": 0.8550628987420251}}