{"P36871": {"Enrichment": 0.9416411671766565, "Depletion": 0.05837883242335153, "two-tailed": 0.11675766484670307}}