{"P36873": {"Enrichment": 0.5137897242055159, "Depletion": 0.4862302753944921, "two-tailed": 0.9724605507889842}}