{"P36952": {"Enrichment": 0.3635327293454131, "Depletion": 0.636487270254595, "two-tailed": 0.7270654586908262}}