{"P36969": {"Enrichment": 0.5544089118217636, "Depletion": 0.44561108777824443, "two-tailed": 0.8912221755564889}}