{"P36959": {"Enrichment": 0.19741605167896642, "Depletion": 0.8026039479210416, "two-tailed": 0.39483210335793284}}