{"P36969": {"Enrichment": 0.5159296814063719, "Depletion": 0.4840903181936361, "two-tailed": 0.9681806363872723}}