{"P37173": {"Enrichment": 0.20877582448351034, "Depletion": 0.7912441751164977, "two-tailed": 0.4175516489670207}}