{"P37173": {"Enrichment": 0.10355792884142317, "Depletion": 0.8964620707585849, "two-tailed": 0.20711585768284635}}