{"P37837": {"Enrichment": 0.7738045239095218, "Depletion": 0.2262154756904862, "two-tailed": 0.4524309513809724}}