{"P37837": {"Enrichment": 0.8692226155476891, "Depletion": 0.13079738405231894, "two-tailed": 0.2615947681046379}}