{"P38117": {"Enrichment": 0.026899462010759784, "Depletion": 0.9731205375892482, "two-tailed": 0.05379892402151957}}