{"P38484": {"Enrichment": 0.8505229895402092, "Depletion": 0.1494970100597988, "two-tailed": 0.2989940201195976}}