{"P38571": {"Enrichment": 0.03129937401251975, "Depletion": 0.9687206255874883, "two-tailed": 0.0625987480250395}}