{"P38571": {"Enrichment": 0.03121937561248775, "Depletion": 0.9688006239875202, "two-tailed": 0.0624387512249755}}