{"P38606": {"Enrichment": 0.5734485310293794, "Depletion": 0.4265714685706286, "two-tailed": 0.8531429371412572}}