{"P38606": {"Enrichment": 0.6577068458630827, "Depletion": 0.3423131537369253, "two-tailed": 0.6846263074738506}}