{"P38646": {"Enrichment": 0.23273534529309414, "Depletion": 0.7672846543069138, "two-tailed": 0.4654706905861883}}