{"P38935": {"Enrichment": 0.4382512349753005, "Depletion": 0.5617687646247075, "two-tailed": 0.876502469950601}}