{"P38935": {"Enrichment": 0.2110957780844383, "Depletion": 0.7889242215155697, "two-tailed": 0.4221915561688766}}