{"P38919": {"Enrichment": 0.19457610847783044, "Depletion": 0.8054438911221775, "two-tailed": 0.3891522169556609}}