{"P39900": {"Enrichment": 0.378552428951421, "Depletion": 0.621467570648587, "two-tailed": 0.757104857902842}}