{"P39900": {"Enrichment": 0.6181476370472591, "Depletion": 0.3818723625527489, "two-tailed": 0.7637447251054978}}