{"P40261": {"Enrichment": 0.09819803603927922, "Depletion": 0.9018219635607287, "two-tailed": 0.19639607207855844}}