{"P40394": {"Enrichment": 0.19611607767844644, "Depletion": 0.8039039219215616, "two-tailed": 0.3922321553568929}}