{"P40394": {"Enrichment": 0.7837443251134977, "Depletion": 0.21627567448651028, "two-tailed": 0.43255134897302056}}