{"P40337": {"Enrichment": 0.047999040019199614, "Depletion": 0.9520209595808083, "two-tailed": 0.09599808003839923}}