{"P40818": {"Enrichment": 0.9521609567808644, "Depletion": 0.04785904281914362, "two-tailed": 0.09571808563828724}}