{"P40818": {"Enrichment": 0.8689026219475611, "Depletion": 0.13111737765244696, "two-tailed": 0.26223475530489393}}