{"P40926": {"Enrichment": 0.3037139257214856, "Depletion": 0.6963060738785224, "two-tailed": 0.6074278514429712}}