{"P40926": {"Enrichment": 0.11587768244635108, "Depletion": 0.8841423171536569, "two-tailed": 0.23175536489270215}}