{"P41180": {"Enrichment": 0.9877402451950961, "Depletion": 0.012279754404911901, "two-tailed": 0.024559508809823802}}