{"P41181": {"Enrichment": 0.9285214295714086, "Depletion": 0.07149857002859943, "two-tailed": 0.14299714005719885}}