{"P41181": {"Enrichment": 0.9300813983720325, "Depletion": 0.06993860122797545, "two-tailed": 0.1398772024559509}}