{"P41180": {"Enrichment": 0.3213935721285574, "Depletion": 0.6786264274714505, "two-tailed": 0.6427871442571148}}