{"P41279": {"Enrichment": 0.06345873082538349, "Depletion": 0.9365612687746245, "two-tailed": 0.12691746165076698}}