{"P41235": {"Enrichment": 0.34011319773604526, "Depletion": 0.6599068018639627, "two-tailed": 0.6802263954720905}}