{"P41273": {"Enrichment": 0.2771744565108698, "Depletion": 0.7228455430891382, "two-tailed": 0.5543489130217396}}