{"P41273": {"Enrichment": 0.5700685986280274, "Depletion": 0.42995140097198054, "two-tailed": 0.8599028019439611}}