{"P41743": {"Enrichment": 0.8705025899482011, "Depletion": 0.12951740965180697, "two-tailed": 0.25903481930361394}}