{"P42262": {"Enrichment": 0.6376672466550669, "Depletion": 0.3623527529449411, "two-tailed": 0.7247055058898823}}