{"P42262": {"Enrichment": 0.9622407551848963, "Depletion": 0.0377792444151117, "two-tailed": 0.0755584888302234}}