{"P42336": {"Enrichment": 0.19185616287674245, "Depletion": 0.8081638367232655, "two-tailed": 0.3837123257534849}}