{"P42330": {"Enrichment": 0.23385532289354213, "Depletion": 0.7661646767064658, "two-tailed": 0.46771064578708427}}