{"P42336": {"Enrichment": 0.28413431731365374, "Depletion": 0.7158856822863543, "two-tailed": 0.5682686346273075}}