{"P42574": {"Enrichment": 0.8905021899562009, "Depletion": 0.10951780964380713, "two-tailed": 0.21903561928761425}}