{"P42575": {"Enrichment": 0.9909001819963601, "Depletion": 0.009119817603647927, "two-tailed": 0.018239635207295855}}