{"P42574": {"Enrichment": 0.7725645487090258, "Depletion": 0.22745545089098218, "two-tailed": 0.45491090178196436}}