{"P42658": {"Enrichment": 0.4724905501889962, "Depletion": 0.5275294494110118, "two-tailed": 0.9449811003779924}}