{"P42684": {"Enrichment": 0.30351392972140556, "Depletion": 0.6965060698786024, "two-tailed": 0.6070278594428111}}