{"P42658": {"Enrichment": 0.5234495310093799, "Depletion": 0.4765704685906282, "two-tailed": 0.9531409371812564}}