{"P42677": {"Enrichment": 0.38053238935221295, "Depletion": 0.6194876102477951, "two-tailed": 0.7610647787044259}}