{"P42785": {"Enrichment": 0.8114837703245935, "Depletion": 0.1885362292754145, "two-tailed": 0.377072458550829}}