{"P42765": {"Enrichment": 0.9626607467850643, "Depletion": 0.0373592528149437, "two-tailed": 0.0747185056298874}}