{"P42785": {"Enrichment": 0.8543629127417451, "Depletion": 0.14565708685826284, "two-tailed": 0.2913141737165257}}