{"P42898": {"Enrichment": 0.09549809003819923, "Depletion": 0.9045219095618088, "two-tailed": 0.19099618007639846}}