{"P42892": {"Enrichment": 0.9403011939761204, "Depletion": 0.059718805623887525, "two-tailed": 0.11943761124777505}}