{"P42892": {"Enrichment": 0.9457810843783124, "Depletion": 0.05423891522169556, "two-tailed": 0.10847783044339113}}