{"P42898": {"Enrichment": 0.2007359852802944, "Depletion": 0.7992840143197136, "two-tailed": 0.4014719705605888}}