{"P43146": {"Enrichment": 0.46733065338693225, "Depletion": 0.5326893462130757, "two-tailed": 0.9346613067738645}}