{"P43155": {"Enrichment": 0.019679606407871843, "Depletion": 0.9803403931921362, "two-tailed": 0.039359212815743685}}