{"P43250": {"Enrichment": 0.3464930701385972, "Depletion": 0.6535269294614108, "two-tailed": 0.6929861402771944}}