{"P43235": {"Enrichment": 0.04331913361732765, "Depletion": 0.9567008659826803, "two-tailed": 0.0866382672346553}}