{"P43250": {"Enrichment": 0.03155936881262375, "Depletion": 0.9684606307873842, "two-tailed": 0.0631187376252475}}