{"P43246": {"Enrichment": 0.045919081618367635, "Depletion": 0.9541009179816403, "two-tailed": 0.09183816323673527}}