{"P43246": {"Enrichment": 0.16681666366672668, "Depletion": 0.8332033359332813, "two-tailed": 0.33363332733345336}}