{"P43489": {"Enrichment": 0.6035479290414192, "Depletion": 0.39647207055858885, "two-tailed": 0.7929441411171777}}