{"P43405": {"Enrichment": 0.05983880322393552, "Depletion": 0.9401811963760724, "two-tailed": 0.11967760644787104}}