{"P43490": {"Enrichment": 0.1361372772544549, "Depletion": 0.8638827223455531, "two-tailed": 0.2722745545089098}}