{"P43489": {"Enrichment": 0.5988680226395472, "Depletion": 0.4011519769604608, "two-tailed": 0.8023039539209216}}