{"P43487": {"Enrichment": 0.023899522009559807, "Depletion": 0.9761204775904482, "two-tailed": 0.047799044019119614}}