{"P43405": {"Enrichment": 0.06085878282434351, "Depletion": 0.9391612167756644, "two-tailed": 0.12171756564868702}}