{"P43627": {"Enrichment": 0.4138917221655567, "Depletion": 0.5861282774344513, "two-tailed": 0.8277834443311134}}