{"P43631": {"Enrichment": 0.8007039859202816, "Depletion": 0.1993160136797264, "two-tailed": 0.3986320273594528}}