{"P43629": {"Enrichment": 0.4737905241895162, "Depletion": 0.5262294754104918, "two-tailed": 0.9475810483790325}}