{"P43652": {"Enrichment": 0.997740045199096, "Depletion": 0.002279954400911982, "two-tailed": 0.004559908801823964}}