{"P43629": {"Enrichment": 0.4706705865882682, "Depletion": 0.5293494130117398, "two-tailed": 0.9413411731765364}}