{"P43652": {"Enrichment": 0.9977600447991041, "Depletion": 0.002259954800903982, "two-tailed": 0.004519909601807964}}