{"P45381": {"Enrichment": 0.6503669926601467, "Depletion": 0.3496530069398612, "two-tailed": 0.6993060138797224}}