{"P45381": {"Enrichment": 0.05393892122157557, "Depletion": 0.9460810783784325, "two-tailed": 0.10787784244315114}}