{"P45452": {"Enrichment": 0.370372592548149, "Depletion": 0.629647407051859, "two-tailed": 0.740745185096298}}