{"P45452": {"Enrichment": 0.37013259734805304, "Depletion": 0.6298874022519549, "two-tailed": 0.7402651946961061}}