{"P45877": {"Enrichment": 0.25239495210095797, "Depletion": 0.74762504749905, "two-tailed": 0.5047899042019159}}