{"P45954": {"Enrichment": 0.8055638887222255, "Depletion": 0.19445611087778245, "two-tailed": 0.3889122217555649}}