{"P45983": {"Enrichment": 0.1371572568548629, "Depletion": 0.8628627427451451, "two-tailed": 0.2743145137097258}}