{"P45983": {"Enrichment": 0.4105717885642287, "Depletion": 0.5894482110357793, "two-tailed": 0.8211435771284574}}