{"P46063": {"Enrichment": 0.7913041739165216, "Depletion": 0.20871582568348632, "two-tailed": 0.41743165136697263}}