{"P46063": {"Enrichment": 0.33251334973300534, "Depletion": 0.6675066498670027, "two-tailed": 0.6650266994660107}}