{"P46597": {"Enrichment": 0.8555028899422011, "Depletion": 0.14451710965780684, "two-tailed": 0.2890342193156137}}