{"P46782": {"Enrichment": 0.010239795204095918, "Depletion": 0.9897802043959121, "two-tailed": 0.020479590408191837}}