{"P46782": {"Enrichment": 0.009079818403631928, "Depletion": 0.9909401811963761, "two-tailed": 0.018159636807263856}}