{"P46926": {"Enrichment": 0.125937481250375, "Depletion": 0.874082518349633, "two-tailed": 0.25187496250075}}