{"P46926": {"Enrichment": 0.055678886422271555, "Depletion": 0.9443411131777364, "two-tailed": 0.11135777284454311}}