{"P46976": {"Enrichment": 0.05131897362052759, "Depletion": 0.9487010259794804, "two-tailed": 0.10263794724105518}}