{"P46952": {"Enrichment": 0.2888742225155497, "Depletion": 0.7111457770844584, "two-tailed": 0.5777484450310993}}