{"P46952": {"Enrichment": 0.5608687826243475, "Depletion": 0.4391512169756605, "two-tailed": 0.878302433951321}}