{"P47736": {"Enrichment": 0.16989660206795865, "Depletion": 0.8301233975320493, "two-tailed": 0.3397932041359173}}