{"P47895": {"Enrichment": 0.7844043119137617, "Depletion": 0.21561568768624628, "two-tailed": 0.43123137537249256}}