{"P47871": {"Enrichment": 0.9426211475770485, "Depletion": 0.057398852022959544, "two-tailed": 0.11479770404591909}}