{"P47989": {"Enrichment": 0.04371912561748765, "Depletion": 0.9563008739825204, "two-tailed": 0.0874382512349753}}