{"P47989": {"Enrichment": 0.029079418411631766, "Depletion": 0.9709405811883762, "two-tailed": 0.05815883682326353}}