{"P48023": {"Enrichment": 0.7080858382832343, "Depletion": 0.2919341613167737, "two-tailed": 0.5838683226335474}}