{"P48052": {"Enrichment": 0.16835663286734265, "Depletion": 0.8316633667326654, "two-tailed": 0.3367132657346853}}