{"P48023": {"Enrichment": 0.5506889862202756, "Depletion": 0.4493310133797324, "two-tailed": 0.8986620267594648}}