{"P48061": {"Enrichment": 0.05529889402211956, "Depletion": 0.9447211055778885, "two-tailed": 0.11059778804423911}}