{"P48061": {"Enrichment": 0.05937881242375152, "Depletion": 0.9406411871762564, "two-tailed": 0.11875762484750305}}