{"P48052": {"Enrichment": 0.014219715605687886, "Depletion": 0.9858002839943201, "two-tailed": 0.028439431211375772}}