{"P48163": {"Enrichment": 0.44675106497870043, "Depletion": 0.5532689346213076, "two-tailed": 0.8935021299574009}}