{"P48163": {"Enrichment": 0.33605327893442133, "Depletion": 0.6639667206655867, "two-tailed": 0.6721065578688427}}