{"P48449": {"Enrichment": 0.5066098678026439, "Depletion": 0.49341013179736404, "two-tailed": 0.9868202635947281}}