{"P48637": {"Enrichment": 0.036719265614687704, "Depletion": 0.9633007339853203, "two-tailed": 0.07343853122937541}}