{"P48740": {"Enrichment": 0.5586488270234595, "Depletion": 0.44137117257654845, "two-tailed": 0.8827423451530969}}