{"P48730": {"Enrichment": 0.17677646447071058, "Depletion": 0.8232435351292974, "two-tailed": 0.35355292894142115}}