{"P48729": {"Enrichment": 0.4461910761784764, "Depletion": 0.5538289234215316, "two-tailed": 0.8923821523569528}}