{"P48775": {"Enrichment": 0.9529409411811763, "Depletion": 0.04707905841883162, "two-tailed": 0.09415811683766324}}