{"P48740": {"Enrichment": 0.5996080078398432, "Depletion": 0.4004119917601648, "two-tailed": 0.8008239835203296}}