{"P48775": {"Enrichment": 0.9530609387812243, "Depletion": 0.04695906081878362, "two-tailed": 0.09391812163756724}}