{"P48728": {"Enrichment": 0.18399632007359853, "Depletion": 0.8160236795264094, "two-tailed": 0.36799264014719707}}