{"P48735": {"Enrichment": 0.2264954700905982, "Depletion": 0.7735245295094099, "two-tailed": 0.4529909401811964}}