{"P48735": {"Enrichment": 0.11467770644587108, "Depletion": 0.8853422931541369, "two-tailed": 0.22935541289174216}}