{"P48728": {"Enrichment": 0.36697266054678906, "Depletion": 0.633047339053219, "two-tailed": 0.7339453210935781}}