{"P49137": {"Enrichment": 0.6647467050658987, "Depletion": 0.3352732945341093, "two-tailed": 0.6705465890682186}}