{"P49189": {"Enrichment": 0.17179656406871863, "Depletion": 0.8282234355312894, "two-tailed": 0.34359312813743725}}