{"P49189": {"Enrichment": 0.14067718645627086, "Depletion": 0.8593428131437372, "two-tailed": 0.28135437291254173}}