{"P49327": {"Enrichment": 0.5446691066178676, "Depletion": 0.4553508929821404, "two-tailed": 0.9107017859642808}}