{"P49336": {"Enrichment": 0.6310273794524109, "Depletion": 0.36899262014759704, "two-tailed": 0.7379852402951941}}