{"P49356": {"Enrichment": 0.18373632527349454, "Depletion": 0.8162836743265135, "two-tailed": 0.3674726505469891}}