{"P49327": {"Enrichment": 0.2644747105057899, "Depletion": 0.7355452890942181, "two-tailed": 0.5289494210115798}}