{"P49366": {"Enrichment": 0.8635227295454091, "Depletion": 0.1364972700545989, "two-tailed": 0.2729945401091978}}