{"P49336": {"Enrichment": 0.7012659746805064, "Depletion": 0.2987540249195016, "two-tailed": 0.5975080498390032}}