{"P49366": {"Enrichment": 0.6014479710405792, "Depletion": 0.3985720285594288, "two-tailed": 0.7971440571188576}}