{"P49419": {"Enrichment": 0.8284834303313934, "Depletion": 0.17153656926861463, "two-tailed": 0.34307313853722926}}