{"P49448": {"Enrichment": 0.2260154796904062, "Depletion": 0.7740045199096018, "two-tailed": 0.4520309593808124}}