{"P49448": {"Enrichment": 0.10321793564128717, "Depletion": 0.8968020639587209, "two-tailed": 0.20643587128257435}}