{"P49406": {"Enrichment": 0.31671366572668547, "Depletion": 0.6833063338733225, "two-tailed": 0.6334273314533709}}