{"P49419": {"Enrichment": 0.5345293094138117, "Depletion": 0.46549069018619627, "two-tailed": 0.9309813803723925}}