{"P49591": {"Enrichment": 0.2389352212955741, "Depletion": 0.7610847783044339, "two-tailed": 0.4778704425911482}}