{"P49588": {"Enrichment": 0.0010799784004319913, "Depletion": 0.998940021199576, "two-tailed": 0.0021599568008639825}}