{"P49591": {"Enrichment": 0.7641247175056499, "Depletion": 0.23589528209435812, "two-tailed": 0.47179056418871623}}