{"P49588": {"Enrichment": 0.00017999640007199856, "Depletion": 0.999840003199936, "two-tailed": 0.0003599928001439971}}