{"P49642": {"Enrichment": 0.2872742545149097, "Depletion": 0.7127457450850982, "two-tailed": 0.5745485090298194}}