{"P49674": {"Enrichment": 0.9644807103857923, "Depletion": 0.035539289214215716, "two-tailed": 0.07107857842843143}}