{"P49761": {"Enrichment": 0.4001119977600448, "Depletion": 0.5999080018399632, "two-tailed": 0.8002239955200896}}