{"P49753": {"Enrichment": 0.5732885342293154, "Depletion": 0.42673146537069256, "two-tailed": 0.8534629307413851}}