{"P49760": {"Enrichment": 0.498690026199476, "Depletion": 0.501329973400532, "two-tailed": 0.997380052398952}}