{"P49720": {"Enrichment": 0.7229855402891943, "Depletion": 0.2770344593108138, "two-tailed": 0.5540689186216275}}