{"P49763": {"Enrichment": 0.9519409611807764, "Depletion": 0.04807903841923161, "two-tailed": 0.09615807683846322}}