{"P49765": {"Enrichment": 0.9726605467890642, "Depletion": 0.02735945281094378, "two-tailed": 0.05471890562188756}}