{"P49767": {"Enrichment": 0.9599808003839924, "Depletion": 0.04003919921601568, "two-tailed": 0.08007839843203136}}