{"P49720": {"Enrichment": 0.7178656426871463, "Depletion": 0.2821543569128617, "two-tailed": 0.5643087138257235}}