{"P49767": {"Enrichment": 0.9820803583928321, "Depletion": 0.017939641207175856, "two-tailed": 0.03587928241435171}}