{"P49759": {"Enrichment": 0.4636307273854523, "Depletion": 0.5363892722145557, "two-tailed": 0.9272614547709046}}