{"P49748": {"Enrichment": 0.012459750804983901, "Depletion": 0.9875602487950241, "two-tailed": 0.024919501609967802}}