{"P49748": {"Enrichment": 0.010739785204295913, "Depletion": 0.9892802143957121, "two-tailed": 0.021479570408591827}}