{"P49753": {"Enrichment": 0.3630327393452131, "Depletion": 0.6369872602547949, "two-tailed": 0.7260654786904261}}