{"P49759": {"Enrichment": 0.39421211575768483, "Depletion": 0.6058078838423232, "two-tailed": 0.7884242315153697}}