{"P49765": {"Enrichment": 0.9727405451890963, "Depletion": 0.027279454410911782, "two-tailed": 0.054558908821823564}}