{"P49888": {"Enrichment": 0.30991380172396554, "Depletion": 0.6901061978760424, "two-tailed": 0.6198276034479311}}