{"P49862": {"Enrichment": 0.5839483210335793, "Depletion": 0.4160716785664287, "two-tailed": 0.8321433571328574}}