{"P49862": {"Enrichment": 0.631327373452531, "Depletion": 0.36869262614747705, "two-tailed": 0.7373852522949541}}