{"P49841": {"Enrichment": 0.04091918161636767, "Depletion": 0.9591008179836403, "two-tailed": 0.08183836323273534}}