{"P49841": {"Enrichment": 0.04203915921681566, "Depletion": 0.9579808403831923, "two-tailed": 0.08407831843363132}}