{"P49888": {"Enrichment": 0.22103557928841422, "Depletion": 0.7789844203115938, "two-tailed": 0.44207115857682844}}