{"P49915": {"Enrichment": 0.20879582408351832, "Depletion": 0.7912241755164897, "two-tailed": 0.41759164816703664}}