{"P49917": {"Enrichment": 0.060498790024199514, "Depletion": 0.9395212095758085, "two-tailed": 0.12099758004839903}}