{"P49903": {"Enrichment": 0.23363532729345413, "Depletion": 0.7663846723065538, "two-tailed": 0.46727065458690825}}