{"P49914": {"Enrichment": 0.20247595048099037, "Depletion": 0.7975440491190177, "two-tailed": 0.40495190096198075}}