{"P49914": {"Enrichment": 0.20585588288234236, "Depletion": 0.7941641167176656, "two-tailed": 0.4117117657646847}}