{"P49902": {"Enrichment": 0.49791004179916404, "Depletion": 0.502109957800844, "two-tailed": 0.9958200835983281}}