{"P49917": {"Enrichment": 0.06431871362572748, "Depletion": 0.9357012859742805, "two-tailed": 0.12863742725145497}}