{"P50053": {"Enrichment": 0.12899742005159898, "Depletion": 0.871022579548409, "two-tailed": 0.25799484010319795}}