{"P50135": {"Enrichment": 0.20531589368212635, "Depletion": 0.7947041059178817, "two-tailed": 0.4106317873642527}}