{"P50135": {"Enrichment": 0.5419891602167957, "Depletion": 0.4580308393832123, "two-tailed": 0.9160616787664246}}