{"P50226": {"Enrichment": 0.5477890442191157, "Depletion": 0.45223095538089236, "two-tailed": 0.9044619107617847}}