{"P50226": {"Enrichment": 0.6915661686766265, "Depletion": 0.3084538309233815, "two-tailed": 0.616907661846763}}