{"P50281": {"Enrichment": 0.12915741685166296, "Depletion": 0.870862582748345, "two-tailed": 0.2583148337033259}}