{"P50225": {"Enrichment": 0.628047439051219, "Depletion": 0.371972560548789, "two-tailed": 0.743945121097578}}