{"P50225": {"Enrichment": 0.6982860342793145, "Depletion": 0.3017339653206936, "two-tailed": 0.6034679306413872}}