{"P50336": {"Enrichment": 0.4513909721805564, "Depletion": 0.5486290274194516, "two-tailed": 0.9027819443611128}}