{"P50440": {"Enrichment": 0.07971840563188737, "Depletion": 0.9203015939681206, "two-tailed": 0.15943681126377474}}