{"P50479": {"Enrichment": 0.6751264974700506, "Depletion": 0.3248935021299574, "two-tailed": 0.6497870042599148}}