{"P50440": {"Enrichment": 0.08887822243555128, "Depletion": 0.9111417771644567, "two-tailed": 0.17775644487110256}}