{"P50479": {"Enrichment": 0.6715865682686346, "Depletion": 0.32843343133137337, "two-tailed": 0.6568668626627467}}