{"P50583": {"Enrichment": 0.7371252574948501, "Depletion": 0.2628947421051579, "two-tailed": 0.5257894842103158}}