{"P50591": {"Enrichment": 0.1639567208655827, "Depletion": 0.8360632787344253, "two-tailed": 0.3279134417311654}}