{"P50579": {"Enrichment": 0.20359592808143837, "Depletion": 0.7964240715185696, "two-tailed": 0.40719185616287673}}