{"P50583": {"Enrichment": 0.992360152796944, "Depletion": 0.007659846803063939, "two-tailed": 0.015319693606127878}}