{"P50579": {"Enrichment": 0.1759764804703906, "Depletion": 0.8240435191296174, "two-tailed": 0.3519529609407812}}