{"P50607": {"Enrichment": 0.9316013679726406, "Depletion": 0.06841863162736746, "two-tailed": 0.13683726325473491}}