{"P50613": {"Enrichment": 0.9506209875802484, "Depletion": 0.0493990120197596, "two-tailed": 0.0987980240395192}}