{"P50613": {"Enrichment": 0.9488010239795204, "Depletion": 0.05121897562048759, "two-tailed": 0.10243795124097518}}