{"P50750": {"Enrichment": 0.8292834143317134, "Depletion": 0.17073658526829463, "two-tailed": 0.34147317053658927}}