{"P50897": {"Enrichment": 0.13455730885382292, "Depletion": 0.8654626907461851, "two-tailed": 0.26911461770764583}}