{"P50897": {"Enrichment": 0.13443731125377492, "Depletion": 0.8655826883462331, "two-tailed": 0.26887462250754984}}