{"P51124": {"Enrichment": 0.3111337773244535, "Depletion": 0.6888862222755545, "two-tailed": 0.622267554648907}}