{"P51149": {"Enrichment": 0.2861742765144697, "Depletion": 0.7138457230855383, "two-tailed": 0.5723485530289394}}