{"P51157": {"Enrichment": 0.9413611727765445, "Depletion": 0.05865882682346353, "two-tailed": 0.11731765364692706}}