{"P51124": {"Enrichment": 0.09097818043639128, "Depletion": 0.9090418191636167, "two-tailed": 0.18195636087278255}}