{"P51157": {"Enrichment": 0.6524469510609788, "Depletion": 0.3475730485390292, "two-tailed": 0.6951460970780584}}