{"P51452": {"Enrichment": 0.2674146517069659, "Depletion": 0.7326053478930421, "two-tailed": 0.5348293034139318}}