{"P51452": {"Enrichment": 0.3657526849463011, "Depletion": 0.6342673146537069, "two-tailed": 0.7315053698926022}}