{"P51570": {"Enrichment": 0.2377352452950941, "Depletion": 0.7622847543049139, "two-tailed": 0.4754704905901882}}