{"P51553": {"Enrichment": 0.6104077918441632, "Depletion": 0.3896122077558449, "two-tailed": 0.7792244155116897}}