{"P51512": {"Enrichment": 0.9069818603627927, "Depletion": 0.09303813923721525, "two-tailed": 0.1860762784744305}}