{"P51553": {"Enrichment": 0.37145257094858103, "Depletion": 0.628567428651427, "two-tailed": 0.7429051418971621}}