{"P51570": {"Enrichment": 0.14147717045659086, "Depletion": 0.8585428291434172, "two-tailed": 0.2829543409131817}}