{"P51580": {"Enrichment": 0.7762844743105138, "Depletion": 0.2237355252894942, "two-tailed": 0.4474710505789884}}