{"P51665": {"Enrichment": 0.7208055838883223, "Depletion": 0.27921441571168576, "two-tailed": 0.5584288314233715}}