{"P51648": {"Enrichment": 0.5801083978320434, "Depletion": 0.41991160176796466, "two-tailed": 0.8398232035359293}}