{"P51648": {"Enrichment": 0.5743085138297234, "Depletion": 0.4257114857702846, "two-tailed": 0.8514229715405692}}