{"P51688": {"Enrichment": 0.8248235035299294, "Depletion": 0.1751964960700786, "two-tailed": 0.3503929921401572}}