{"P51665": {"Enrichment": 0.7195056098878022, "Depletion": 0.28051438971220577, "two-tailed": 0.5610287794244115}}