{"P51659": {"Enrichment": 0.6854662906741865, "Depletion": 0.31455370892582146, "two-tailed": 0.6291074178516429}}