{"P51659": {"Enrichment": 0.26069478610427793, "Depletion": 0.7393252134957301, "two-tailed": 0.5213895722085559}}