{"P51798": {"Enrichment": 0.9759404811903762, "Depletion": 0.02407951840963181, "two-tailed": 0.04815903681926362}}