{"P51795": {"Enrichment": 0.2894342113157737, "Depletion": 0.7105857882842344, "two-tailed": 0.5788684226315474}}