{"P51795": {"Enrichment": 0.2904941901161977, "Depletion": 0.7095258094838103, "two-tailed": 0.5809883802323954}}