{"P51857": {"Enrichment": 0.0872982540349193, "Depletion": 0.9127217455650887, "two-tailed": 0.1745965080698386}}