{"P51812": {"Enrichment": 0.2883942321153577, "Depletion": 0.7116257674846503, "two-tailed": 0.5767884642307154}}