{"P51813": {"Enrichment": 0.0498590028199436, "Depletion": 0.9501609967800644, "two-tailed": 0.0997180056398872}}