{"P51812": {"Enrichment": 0.4095918081638367, "Depletion": 0.5904281914361713, "two-tailed": 0.8191836163276734}}