{"P51857": {"Enrichment": 0.21739565208695827, "Depletion": 0.7826243475130498, "two-tailed": 0.43479130417391654}}