{"P52298": {"Enrichment": 0.00893982120357593, "Depletion": 0.991080178396432, "two-tailed": 0.01787964240715186}}