{"P52298": {"Enrichment": 0.9246615067698646, "Depletion": 0.0753584928301434, "two-tailed": 0.1507169856602868}}