{"P52209": {"Enrichment": 0.18119637607247854, "Depletion": 0.8188236235275295, "two-tailed": 0.3623927521449571}}