{"P52209": {"Enrichment": 0.03317933641327173, "Depletion": 0.9668406631867362, "two-tailed": 0.06635867282654347}}