{"P52333": {"Enrichment": 0.3217735645287094, "Depletion": 0.6782464350712986, "two-tailed": 0.6435471290574188}}