{"P52333": {"Enrichment": 0.46893062138757224, "Depletion": 0.5310893782124357, "two-tailed": 0.9378612427751445}}