{"P52594": {"Enrichment": 0.745145097098058, "Depletion": 0.25487490250194994, "two-tailed": 0.5097498050038999}}