{"P52564": {"Enrichment": 0.047719045619087616, "Depletion": 0.9523009539809204, "two-tailed": 0.09543809123817523}}