{"P52594": {"Enrichment": 0.746105077898442, "Depletion": 0.253914921701566, "two-tailed": 0.507829843403132}}