{"P52701": {"Enrichment": 0.754864902701946, "Depletion": 0.24515509689806203, "two-tailed": 0.49031019379612406}}