{"P52732": {"Enrichment": 0.38229235415291696, "Depletion": 0.617727645447091, "two-tailed": 0.7645847083058339}}