{"P52758": {"Enrichment": 0.02999940001199976, "Depletion": 0.9700205995880082, "two-tailed": 0.05999880002399952}}