{"P52789": {"Enrichment": 0.5356292874142518, "Depletion": 0.4643907121857563, "two-tailed": 0.9287814243715126}}