{"P52701": {"Enrichment": 0.7089658206835864, "Depletion": 0.29105417891642166, "two-tailed": 0.5821083578328433}}