{"P52732": {"Enrichment": 0.16451670966580667, "Depletion": 0.8355032899342013, "two-tailed": 0.32903341933161334}}