{"P52789": {"Enrichment": 0.5276094478110438, "Depletion": 0.47241055178896424, "two-tailed": 0.9448211035779285}}