{"P52790": {"Enrichment": 0.015799684006319873, "Depletion": 0.9842203155936882, "two-tailed": 0.031599368012639746}}