{"P52888": {"Enrichment": 0.6979860402791944, "Depletion": 0.30203395932081356, "two-tailed": 0.6040679186416271}}