{"P52803": {"Enrichment": 0.6053878922421552, "Depletion": 0.39463210735785287, "two-tailed": 0.7892642147157057}}