{"P52888": {"Enrichment": 0.3394532109357813, "Depletion": 0.6605667886642267, "two-tailed": 0.6789064218715626}}