{"P52895": {"Enrichment": 0.0378992420151597, "Depletion": 0.9621207575848483, "two-tailed": 0.0757984840303194}}