{"P53041": {"Enrichment": 0.12881742365152696, "Depletion": 0.871202575948481, "two-tailed": 0.2576348473030539}}