{"P53041": {"Enrichment": 0.10813783724325514, "Depletion": 0.8918821623567529, "two-tailed": 0.21627567448651028}}