{"P53004": {"Enrichment": 0.9528409431811363, "Depletion": 0.04717905641887162, "two-tailed": 0.09435811283774324}}