{"P53396": {"Enrichment": 0.883242335153297, "Depletion": 0.11677766444671106, "two-tailed": 0.23355532889342212}}