{"P53396": {"Enrichment": 0.9207215855682886, "Depletion": 0.07929841403171936, "two-tailed": 0.15859682806343872}}