{"P53350": {"Enrichment": 0.010519789604207916, "Depletion": 0.9895002099958001, "two-tailed": 0.021039579208415832}}