{"P53350": {"Enrichment": 0.1868162636747265, "Depletion": 0.8132037359252815, "two-tailed": 0.373632527349453}}