{"P53582": {"Enrichment": 0.11473770524589508, "Depletion": 0.8852822943541129, "two-tailed": 0.22947541049179015}}