{"P53597": {"Enrichment": 0.75562488750225, "Depletion": 0.24439511209775805, "two-tailed": 0.4887902241955161}}