{"P53582": {"Enrichment": 0.3266534669306614, "Depletion": 0.6733665326693467, "two-tailed": 0.6533069338613228}}