{"P53597": {"Enrichment": 0.6994060118797624, "Depletion": 0.3006139877202456, "two-tailed": 0.6012279754404912}}