{"P53674": {"Enrichment": 0.4938301233975321, "Depletion": 0.5061898762024759, "two-tailed": 0.9876602467950641}}