{"P53667": {"Enrichment": 0.06757864842703146, "Depletion": 0.9324413511729766, "two-tailed": 0.1351572968540629}}