{"P53674": {"Enrichment": 0.18257634847303053, "Depletion": 0.8174436511269775, "two-tailed": 0.36515269694606106}}