{"P53634": {"Enrichment": 0.035539289214215716, "Depletion": 0.9644807103857923, "two-tailed": 0.07107857842843143}}