{"P53667": {"Enrichment": 0.2120157596848063, "Depletion": 0.7880042399152017, "two-tailed": 0.4240315193696126}}