{"P53602": {"Enrichment": 0.8556228875422491, "Depletion": 0.14439711205775885, "two-tailed": 0.2887942241155177}}