{"P53778": {"Enrichment": 0.8135237295254095, "Depletion": 0.1864962700745985, "two-tailed": 0.372992540149197}}