{"P53779": {"Enrichment": 0.15329693406131878, "Depletion": 0.8467230655386893, "two-tailed": 0.30659386812263756}}