{"P53779": {"Enrichment": 0.4152516949661007, "Depletion": 0.5847683046339073, "two-tailed": 0.8305033899322014}}