{"P53778": {"Enrichment": 0.8632827343453131, "Depletion": 0.1367372652546949, "two-tailed": 0.2734745305093898}}