{"P53985": {"Enrichment": 0.03635927281454371, "Depletion": 0.9636607267854643, "two-tailed": 0.07271854562908742}}