{"P53985": {"Enrichment": 0.004779904401911962, "Depletion": 0.9952400951980961, "two-tailed": 0.009559808803823924}}