{"P54132": {"Enrichment": 0.6606067878642428, "Depletion": 0.3394132117357653, "two-tailed": 0.6788264234715305}}