{"P54136": {"Enrichment": 0.05935881282374352, "Depletion": 0.9406611867762644, "two-tailed": 0.11871762564748704}}