{"P54132": {"Enrichment": 0.7028059438811224, "Depletion": 0.2972140557188856, "two-tailed": 0.5944281114377712}}