{"P54136": {"Enrichment": 0.07077858442831143, "Depletion": 0.9292414151716966, "two-tailed": 0.14155716885662287}}