{"P54289": {"Enrichment": 0.7269854602907941, "Depletion": 0.27303453930921384, "two-tailed": 0.5460690786184277}}