{"P54315": {"Enrichment": 0.5149297014059718, "Depletion": 0.4850902981940361, "two-tailed": 0.9701805963880722}}