{"P54317": {"Enrichment": 0.5957080858382833, "Depletion": 0.40431191376172476, "two-tailed": 0.8086238275234495}}