{"P54317": {"Enrichment": 0.39625207495850084, "Depletion": 0.6037679246415072, "two-tailed": 0.7925041499170017}}