{"P54577": {"Enrichment": 0.8512229755404892, "Depletion": 0.1487970240595188, "two-tailed": 0.2975940481190376}}