{"P54577": {"Enrichment": 0.6558468830623387, "Depletion": 0.34417311653766924, "two-tailed": 0.6883462330753385}}