{"P54619": {"Enrichment": 0.0010599788004239915, "Depletion": 0.998960020799584, "two-tailed": 0.002119957600847983}}