{"P54652": {"Enrichment": 0.3017139657206856, "Depletion": 0.6983060338793224, "two-tailed": 0.6034279314413712}}