{"P54687": {"Enrichment": 0.2898342033159337, "Depletion": 0.7101857962840743, "two-tailed": 0.5796684066318674}}