{"P54646": {"Enrichment": 0.030299394012119757, "Depletion": 0.9697206055878882, "two-tailed": 0.060598788024239514}}