{"P54652": {"Enrichment": 0.30557388852222955, "Depletion": 0.6944461110777784, "two-tailed": 0.6111477770444591}}