{"P54646": {"Enrichment": 0.1745565088698226, "Depletion": 0.8254634907301854, "two-tailed": 0.3491130177396452}}