{"P54762": {"Enrichment": 0.29429411411771766, "Depletion": 0.7057258854822903, "two-tailed": 0.5885882282354353}}