{"P54756": {"Enrichment": 0.620487590248195, "Depletion": 0.379532409351813, "two-tailed": 0.759064818703626}}