{"P54760": {"Enrichment": 0.11919761604767905, "Depletion": 0.880822383552329, "two-tailed": 0.2383952320953581}}