{"P54753": {"Enrichment": 0.9531609367812643, "Depletion": 0.04685906281874363, "two-tailed": 0.09371812563748726}}