{"P54762": {"Enrichment": 0.2881542369152617, "Depletion": 0.7118657626847463, "two-tailed": 0.5763084738305234}}