{"P54855": {"Enrichment": 0.23193536129277414, "Depletion": 0.7680846383072338, "two-tailed": 0.4638707225855483}}