{"P54819": {"Enrichment": 0.19485610287794244, "Depletion": 0.8051638967220656, "two-tailed": 0.3897122057558849}}