{"P54829": {"Enrichment": 0.8303233935321294, "Depletion": 0.16969660606787865, "two-tailed": 0.3393932121357573}}