{"P54868": {"Enrichment": 0.5943481130377393, "Depletion": 0.40567188656226877, "two-tailed": 0.8113437731245375}}