{"P54802": {"Enrichment": 0.4626307473850523, "Depletion": 0.5373892522149557, "two-tailed": 0.9252614947701046}}