{"P54922": {"Enrichment": 0.04917901641967161, "Depletion": 0.9508409831803364, "two-tailed": 0.09835803283934322}}