{"P55072": {"Enrichment": 0.994420111597768, "Depletion": 0.0055998880022399555, "two-tailed": 0.011199776004479911}}