{"P55087": {"Enrichment": 0.3856522869542609, "Depletion": 0.6143677126457471, "two-tailed": 0.7713045739085218}}