{"P55064": {"Enrichment": 0.8149037019259615, "Depletion": 0.18511629767404653, "two-tailed": 0.37023259534809305}}