{"P55087": {"Enrichment": 0.9700805983880323, "Depletion": 0.02993940121197576, "two-tailed": 0.05987880242395152}}