{"P55064": {"Enrichment": 0.8151836963260735, "Depletion": 0.18483630327393452, "two-tailed": 0.36967260654786904}}