{"P55072": {"Enrichment": 0.9882402351952961, "Depletion": 0.011779764404711906, "two-tailed": 0.023559528809423812}}