{"P55197": {"Enrichment": 0.9109617807643847, "Depletion": 0.08905821883562329, "two-tailed": 0.17811643767124657}}