{"P55212": {"Enrichment": 0.749485010299794, "Depletion": 0.250534989300214, "two-tailed": 0.501069978600428}}