{"P55263": {"Enrichment": 0.5077898442031159, "Depletion": 0.4922301553968921, "two-tailed": 0.9844603107937842}}