{"P55201": {"Enrichment": 0.9670006599868003, "Depletion": 0.033019339613207736, "two-tailed": 0.06603867922641547}}