{"P55210": {"Enrichment": 0.8619027619447611, "Depletion": 0.1381172376552469, "two-tailed": 0.2762344753104938}}