{"P55212": {"Enrichment": 0.8381032379352413, "Depletion": 0.1619167616647667, "two-tailed": 0.3238335233295334}}