{"P55210": {"Enrichment": 0.498290034199316, "Depletion": 0.501729965400692, "two-tailed": 0.996580068398632}}