{"P55774": {"Enrichment": 0.14023719525609488, "Depletion": 0.8597828043439131, "two-tailed": 0.28047439051218975}}