{"P55774": {"Enrichment": 0.1387972240555189, "Depletion": 0.8612227755444891, "two-tailed": 0.2775944481110378}}