{"P55769": {"Enrichment": 0.3843323133537329, "Depletion": 0.6156876862462751, "two-tailed": 0.7686646267074658}}