{"P55809": {"Enrichment": 0.04677906441871162, "Depletion": 0.9532409351812964, "two-tailed": 0.09355812883742325}}