{"P56192": {"Enrichment": 0.5508689826203476, "Depletion": 0.4491510169796604, "two-tailed": 0.8983020339593208}}