{"P56192": {"Enrichment": 0.8615627687446251, "Depletion": 0.1384572308553829, "two-tailed": 0.2769144617107658}}