{"P56282": {"Enrichment": 0.5453090938181236, "Depletion": 0.4547109057818844, "two-tailed": 0.9094218115637688}}