{"P56282": {"Enrichment": 0.9288014239715205, "Depletion": 0.07121857562848743, "two-tailed": 0.14243715125697487}}