{"P56373": {"Enrichment": 0.9165616687666247, "Depletion": 0.08345833083338333, "two-tailed": 0.16691666166676666}}