{"P56545": {"Enrichment": 0.7255454890902182, "Depletion": 0.2744745105097898, "two-tailed": 0.5489490210195797}}