{"P56545": {"Enrichment": 0.5516889662206755, "Depletion": 0.4483310333793324, "two-tailed": 0.8966620667586648}}