{"P56703": {"Enrichment": 0.21661566768664628, "Depletion": 0.7834043319133618, "two-tailed": 0.43323133537329256}}