{"P56703": {"Enrichment": 0.22237555248895022, "Depletion": 0.7776444471110577, "two-tailed": 0.44475110497790044}}