{"P56704": {"Enrichment": 0.7341653166936661, "Depletion": 0.2658546829063419, "two-tailed": 0.5317093658126838}}