{"P57075": {"Enrichment": 0.26509469810603786, "Depletion": 0.7349253014939702, "two-tailed": 0.5301893962120757}}