{"P57075": {"Enrichment": 0.4258514829703406, "Depletion": 0.5741685166296674, "two-tailed": 0.8517029659406812}}