{"P57729": {"Enrichment": 0.4000719985600288, "Depletion": 0.5999480010399793, "two-tailed": 0.8001439971200576}}