{"P57735": {"Enrichment": 0.8249835003299933, "Depletion": 0.1750364992700146, "two-tailed": 0.3500729985400292}}