{"P57729": {"Enrichment": 0.5366692666146677, "Depletion": 0.4633507329853403, "two-tailed": 0.9267014659706806}}