{"P57735": {"Enrichment": 0.8212435751284974, "Depletion": 0.17877642447151057, "two-tailed": 0.35755284894302114}}