{"P58743": {"Enrichment": 0.26917461650766983, "Depletion": 0.7308453830923382, "two-tailed": 0.5383492330153397}}