{"P60174": {"Enrichment": 0.5129897402051959, "Depletion": 0.4870302593948121, "two-tailed": 0.9740605187896242}}