{"P60174": {"Enrichment": 0.5118097638047239, "Depletion": 0.4882102357952841, "two-tailed": 0.9764204715905682}}