{"P60763": {"Enrichment": 0.07091858162836744, "Depletion": 0.9291014179716406, "two-tailed": 0.14183716325673487}}