{"P60842": {"Enrichment": 0.9840403191936161, "Depletion": 0.01597968040639187, "two-tailed": 0.03195936081278374}}