{"P60842": {"Enrichment": 0.9823803523929522, "Depletion": 0.01763964720705586, "two-tailed": 0.03527929441411172}}