{"P60900": {"Enrichment": 0.20923581528369434, "Depletion": 0.7907841843163137, "two-tailed": 0.4184716305673887}}