{"P60953": {"Enrichment": 0.5870882582348353, "Depletion": 0.4129317413651727, "two-tailed": 0.8258634827303454}}