{"P61011": {"Enrichment": 0.2662746745065099, "Depletion": 0.7337453250934981, "two-tailed": 0.5325493490130198}}