{"P61011": {"Enrichment": 0.5574088518229635, "Depletion": 0.44261114777704447, "two-tailed": 0.8852222955540889}}