{"P61020": {"Enrichment": 0.7147457050858983, "Depletion": 0.28527429451410974, "two-tailed": 0.5705485890282195}}