{"P61026": {"Enrichment": 0.4108717825643487, "Depletion": 0.5891482170356593, "two-tailed": 0.8217435651286974}}