{"P61026": {"Enrichment": 0.4084718305633887, "Depletion": 0.5915481690366192, "two-tailed": 0.8169436611267774}}