{"P61006": {"Enrichment": 0.5372692546149077, "Depletion": 0.46275074498510027, "two-tailed": 0.9255014899702005}}