{"P61006": {"Enrichment": 0.3086338273234535, "Depletion": 0.6913861722765545, "two-tailed": 0.617267654646907}}