{"P61019": {"Enrichment": 0.1632367352652947, "Depletion": 0.8367832643347133, "two-tailed": 0.3264734705305894}}