{"P61020": {"Enrichment": 0.14151716965660688, "Depletion": 0.8585028299434011, "two-tailed": 0.28303433931321376}}