{"P61106": {"Enrichment": 0.7652646947061059, "Depletion": 0.23475530489390212, "two-tailed": 0.46951060978780423}}