{"P61106": {"Enrichment": 0.7624847503049939, "Depletion": 0.2375352492950141, "two-tailed": 0.4750704985900282}}