{"P61224": {"Enrichment": 0.878922421551569, "Depletion": 0.12109757804843903, "two-tailed": 0.24219515609687806}}