{"P61247": {"Enrichment": 0.6117477650446991, "Depletion": 0.3882722345553089, "two-tailed": 0.7765444691106178}}