{"P61224": {"Enrichment": 0.6359272814543709, "Depletion": 0.3640927181456371, "two-tailed": 0.7281854362912742}}