{"P61204": {"Enrichment": 0.20663586728265435, "Depletion": 0.7933841323173536, "two-tailed": 0.4132717345653087}}