{"P61328": {"Enrichment": 0.8796424071518569, "Depletion": 0.12037759244815104, "two-tailed": 0.24075518489630207}}