{"P61328": {"Enrichment": 0.8788624227515449, "Depletion": 0.12115757684846302, "two-tailed": 0.24231515369692605}}