{"P61586": {"Enrichment": 0.16943661126777465, "Depletion": 0.8305833883322333, "two-tailed": 0.3388732225355493}}