{"P61964": {"Enrichment": 0.21599568008639827, "Depletion": 0.7840243195136097, "two-tailed": 0.43199136017279655}}