{"P62136": {"Enrichment": 0.5437291254174916, "Depletion": 0.45629087418251635, "two-tailed": 0.9125817483650327}}