{"P62136": {"Enrichment": 0.5745285094298114, "Depletion": 0.4254914901701966, "two-tailed": 0.8509829803403932}}