{"P62330": {"Enrichment": 0.3423131537369253, "Depletion": 0.6577068458630827, "two-tailed": 0.6846263074738506}}