{"P62330": {"Enrichment": 0.34149317013659725, "Depletion": 0.6585268294634107, "two-tailed": 0.6829863402731945}}