{"P62306": {"Enrichment": 0.6461670766584668, "Depletion": 0.3538529229415412, "two-tailed": 0.7077058458830824}}