{"P62491": {"Enrichment": 0.32421351572968543, "Depletion": 0.6758064838703226, "two-tailed": 0.6484270314593709}}