{"P62491": {"Enrichment": 0.4563708725825483, "Depletion": 0.5436491270174596, "two-tailed": 0.9127417451650967}}