{"P62701": {"Enrichment": 0.8913021739565209, "Depletion": 0.10871782564348713, "two-tailed": 0.21743565128697426}}