{"P62701": {"Enrichment": 0.7956840863182736, "Depletion": 0.20433591328173437, "two-tailed": 0.40867182656346873}}