{"P62753": {"Enrichment": 0.3875322493550129, "Depletion": 0.6124877502449951, "two-tailed": 0.7750644987100258}}