{"P62820": {"Enrichment": 0.1859362812743745, "Depletion": 0.8140837183256335, "two-tailed": 0.371872562548749}}