{"P62826": {"Enrichment": 0.4141117177656447, "Depletion": 0.5859082818343633, "two-tailed": 0.8282234355312894}}