{"P62888": {"Enrichment": 0.15167696646067078, "Depletion": 0.8483430331393372, "two-tailed": 0.30335393292134155}}