{"P62888": {"Enrichment": 0.5330293394132117, "Depletion": 0.46699066018679625, "two-tailed": 0.9339813203735925}}