{"P62834": {"Enrichment": 0.36075278494430113, "Depletion": 0.6392672146557069, "two-tailed": 0.7215055698886023}}