{"P62826": {"Enrichment": 0.6352472950540989, "Depletion": 0.3647727045459091, "two-tailed": 0.7295454090918182}}