{"P62834": {"Enrichment": 0.1758164836703266, "Depletion": 0.8242035159296814, "two-tailed": 0.3516329673406532}}