{"P62820": {"Enrichment": 0.27933441331173375, "Depletion": 0.7206855862882743, "two-tailed": 0.5586688266234675}}