{"P62937": {"Enrichment": 0.15979680406391872, "Depletion": 0.8402231955360893, "two-tailed": 0.31959360812783744}}