{"P63096": {"Enrichment": 0.024299514009719806, "Depletion": 0.9757204855902882, "two-tailed": 0.04859902801943961}}