{"P63096": {"Enrichment": 0.18387632247355054, "Depletion": 0.8161436771264575, "two-tailed": 0.3677526449471011}}