{"P63000": {"Enrichment": 0.12105757884842303, "Depletion": 0.8789624207515849, "two-tailed": 0.24211515769684605}}