{"P63151": {"Enrichment": 0.9887602247955041, "Depletion": 0.01125977480450391, "two-tailed": 0.02251954960900782}}