{"P63244": {"Enrichment": 0.754144917101658, "Depletion": 0.24587508249835002, "two-tailed": 0.49175016499670005}}