{"P63272": {"Enrichment": 0.7628647427051459, "Depletion": 0.2371552568948621, "two-tailed": 0.4743105137897242}}