{"P63241": {"Enrichment": 0.6755064898702026, "Depletion": 0.3245135097298054, "two-tailed": 0.6490270194596108}}