{"P63272": {"Enrichment": 0.7680046399072018, "Depletion": 0.23201535969280615, "two-tailed": 0.4640307193856123}}