{"P67775": {"Enrichment": 0.9180616387672247, "Depletion": 0.08195836083278335, "two-tailed": 0.1639167216655667}}