{"P67775": {"Enrichment": 0.8410231795364093, "Depletion": 0.15899682006359872, "two-tailed": 0.31799364012719744}}