{"P67870": {"Enrichment": 0.1627967440651187, "Depletion": 0.8372232555348893, "two-tailed": 0.3255934881302374}}