{"P68106": {"Enrichment": 0.011899762004759906, "Depletion": 0.9881202375952481, "two-tailed": 0.02379952400951981}}