{"P68363": {"Enrichment": 0.8513229735405292, "Depletion": 0.14869702605947882, "two-tailed": 0.29739405211895764}}