{"P68363": {"Enrichment": 0.8601427971440572, "Depletion": 0.1398772024559509, "two-tailed": 0.2797544049119018}}