{"P68400": {"Enrichment": 0.3544929101417972, "Depletion": 0.6455270894582108, "two-tailed": 0.7089858202835944}}