{"P68400": {"Enrichment": 0.5110897782044359, "Depletion": 0.4889302213955721, "two-tailed": 0.9778604427911441}}