{"P78310": {"Enrichment": 0.42787144257114856, "Depletion": 0.5721485570288595, "two-tailed": 0.8557428851422971}}