{"P78380": {"Enrichment": 0.32929341413171737, "Depletion": 0.6707265854682907, "two-tailed": 0.6585868282634347}}