{"P78363": {"Enrichment": 0.7239855202895942, "Depletion": 0.2760344793104138, "two-tailed": 0.5520689586208276}}