{"P78310": {"Enrichment": 0.4293914121717566, "Depletion": 0.5706285874282514, "two-tailed": 0.8587828243435132}}