{"P78352": {"Enrichment": 0.000499990000199996, "Depletion": 0.999520009599808, "two-tailed": 0.000999980000399992}}