{"P78362": {"Enrichment": 0.004179916401671966, "Depletion": 0.9958400831983361, "two-tailed": 0.008359832803343932}}