{"P78363": {"Enrichment": 0.7198656026879462, "Depletion": 0.28015439691206173, "two-tailed": 0.5603087938241235}}