{"P78324": {"Enrichment": 0.14001719965600687, "Depletion": 0.8600027999440011, "two-tailed": 0.28003439931201374}}