{"P78380": {"Enrichment": 0.3357532849343013, "Depletion": 0.6642667146657066, "two-tailed": 0.6715065698686026}}