{"P78417": {"Enrichment": 0.8547429051418972, "Depletion": 0.14527709445811085, "two-tailed": 0.2905541889162217}}