{"P78423": {"Enrichment": 0.011619767604647908, "Depletion": 0.9884002319953601, "two-tailed": 0.023239535209295815}}