{"P78417": {"Enrichment": 0.6857862842743145, "Depletion": 0.3142337153256935, "two-tailed": 0.628467430651387}}