{"P78536": {"Enrichment": 0.5618087638247236, "Depletion": 0.4382112357752845, "two-tailed": 0.876422471550569}}