{"P78552": {"Enrichment": 0.12357752844943101, "Depletion": 0.8764424711505769, "two-tailed": 0.24715505689886202}}