{"P78552": {"Enrichment": 0.12921741565168696, "Depletion": 0.870802583948321, "two-tailed": 0.2584348313033739}}