{"P78540": {"Enrichment": 0.010659786804263915, "Depletion": 0.989360212795744, "two-tailed": 0.02131957360852783}}