{"P78556": {"Enrichment": 0.8460030799384012, "Depletion": 0.15401691966160677, "two-tailed": 0.30803383932321354}}