{"P78540": {"Enrichment": 0.10941781164376713, "Depletion": 0.8906021879562409, "two-tailed": 0.21883562328753425}}