{"P80075": {"Enrichment": 0.017979640407191855, "Depletion": 0.9820403591928162, "two-tailed": 0.03595928081438371}}