{"P80075": {"Enrichment": 0.01859962800743985, "Depletion": 0.9814203715925681, "two-tailed": 0.0371992560148797}}