{"P80192": {"Enrichment": 0.8800023999520009, "Depletion": 0.12001759964800704, "two-tailed": 0.24003519929601408}}