{"P80188": {"Enrichment": 0.6564668706625868, "Depletion": 0.34355312893742124, "two-tailed": 0.6871062578748425}}