{"P80192": {"Enrichment": 0.634867302653947, "Depletion": 0.36515269694606106, "two-tailed": 0.7303053938921221}}