{"P82251": {"Enrichment": 0.0752184956300874, "Depletion": 0.9248015039699206, "two-tailed": 0.1504369912601748}}