{"P82251": {"Enrichment": 0.04343913121737565, "Depletion": 0.9565808683826323, "two-tailed": 0.0868782624347513}}