{"P83876": {"Enrichment": 0.8917021659566808, "Depletion": 0.10831783364332713, "two-tailed": 0.21663566728665426}}