{"P84077": {"Enrichment": 0.3508929821403572, "Depletion": 0.6491270174596508, "two-tailed": 0.7017859642807144}}