{"P84077": {"Enrichment": 0.5631487370252595, "Depletion": 0.4368712625747485, "two-tailed": 0.873742525149497}}