{"P84022": {"Enrichment": 0.3397932041359173, "Depletion": 0.6602267954640907, "two-tailed": 0.6795864082718346}}