{"P84022": {"Enrichment": 0.3421931561368773, "Depletion": 0.6578268434631307, "two-tailed": 0.6843863122737546}}