{"P84095": {"Enrichment": 0.9134817303653927, "Depletion": 0.08653826923461531, "two-tailed": 0.17307653846923063}}