{"P84095": {"Enrichment": 0.4632707345853083, "Depletion": 0.5367492650146997, "two-tailed": 0.9265414691706166}}