{"P98073": {"Enrichment": 0.5601487970240595, "Depletion": 0.4398712025759485, "two-tailed": 0.879742405151897}}