{"P98073": {"Enrichment": 0.47185056298874023, "Depletion": 0.5281694366112678, "two-tailed": 0.9437011259774805}}