{"Q00013": {"Enrichment": 0.4715705685886282, "Depletion": 0.5284494310113798, "two-tailed": 0.9431411371772565}}