{"Q00169": {"Enrichment": 0.8481030379392412, "Depletion": 0.1519169616607668, "two-tailed": 0.3038339233215336}}