{"Q00169": {"Enrichment": 0.8952020959580809, "Depletion": 0.10481790364192717, "two-tailed": 0.20963580728385434}}