{"Q00535": {"Enrichment": 0.6562868742625148, "Depletion": 0.34373312533749323, "two-tailed": 0.6874662506749865}}