{"Q00536": {"Enrichment": 0.99760004799904, "Depletion": 0.0024199516009679807, "two-tailed": 0.0048399032019359614}}