{"Q00532": {"Enrichment": 0.5585488290234195, "Depletion": 0.44147117057658847, "two-tailed": 0.8829423411531769}}