{"Q00536": {"Enrichment": 0.5173496530069399, "Depletion": 0.4826703465930681, "two-tailed": 0.9653406931861362}}