{"Q00534": {"Enrichment": 0.5790684186316274, "Depletion": 0.42095158096838065, "two-tailed": 0.8419031619367613}}