{"Q00688": {"Enrichment": 0.30635387292254157, "Depletion": 0.6936661266774664, "two-tailed": 0.6127077458450831}}