{"Q00604": {"Enrichment": 0.5501689966200676, "Depletion": 0.4498510029799404, "two-tailed": 0.8997020059598808}}