{"Q00653": {"Enrichment": 0.17671646567068658, "Depletion": 0.8233035339293214, "two-tailed": 0.35343293134137316}}