{"Q00653": {"Enrichment": 0.02265954680906382, "Depletion": 0.9773604527909442, "two-tailed": 0.04531909361812764}}