{"Q00796": {"Enrichment": 0.8873822523549529, "Depletion": 0.1126377472450551, "two-tailed": 0.2252754944901102}}