{"Q00987": {"Enrichment": 0.9965000699986001, "Depletion": 0.003519929601407972, "two-tailed": 0.007039859202815944}}