{"Q01167": {"Enrichment": 0.022859542809143818, "Depletion": 0.9771604567908642, "two-tailed": 0.045719085618287636}}