{"Q01344": {"Enrichment": 0.6975660486790264, "Depletion": 0.3024539509209816, "two-tailed": 0.6049079018419632}}