{"Q01415": {"Enrichment": 0.045899082018359634, "Depletion": 0.9541209175816484, "two-tailed": 0.09179816403671927}}