{"Q01581": {"Enrichment": 0.873602527949441, "Depletion": 0.126417471650567, "two-tailed": 0.252834943301134}}