{"Q01581": {"Enrichment": 0.7733645327093458, "Depletion": 0.22665546689066218, "two-tailed": 0.45331093378132437}}