{"Q01650": {"Enrichment": 0.02885942281154377, "Depletion": 0.9711605767884642, "two-tailed": 0.05771884562308754}}