{"Q01813": {"Enrichment": 0.6541469170616587, "Depletion": 0.34587308253834925, "two-tailed": 0.6917461650766985}}