{"Q01813": {"Enrichment": 0.4635107297854043, "Depletion": 0.5365092698146037, "two-tailed": 0.9270214595708086}}