{"Q01955": {"Enrichment": 0.9181816363672727, "Depletion": 0.08183836323273534, "two-tailed": 0.16367672646547068}}