{"Q01970": {"Enrichment": 0.8267834643307134, "Depletion": 0.1732365352692946, "two-tailed": 0.3464730705385892}}