{"Q02083": {"Enrichment": 0.6341473170536589, "Depletion": 0.3658726825463491, "two-tailed": 0.7317453650926982}}