{"Q02083": {"Enrichment": 0.7398652026959461, "Depletion": 0.2601547969040619, "two-tailed": 0.5203095938081238}}