{"Q02153": {"Enrichment": 0.996220075598488, "Depletion": 0.0037999240015199696, "two-tailed": 0.007599848003039939}}