{"Q02127": {"Enrichment": 0.005999880002399952, "Depletion": 0.994020119597608, "two-tailed": 0.011999760004799903}}