{"Q02108": {"Enrichment": 0.7917841643167136, "Depletion": 0.20823583528329434, "two-tailed": 0.4164716705665887}}