{"Q02108": {"Enrichment": 0.8997220055598888, "Depletion": 0.1002979940401192, "two-tailed": 0.2005959880802384}}