{"Q02241": {"Enrichment": 0.9195216095678086, "Depletion": 0.08049839003219936, "two-tailed": 0.16099678006439871}}