{"Q02224": {"Enrichment": 0.5232495350092998, "Depletion": 0.4767704645907082, "two-tailed": 0.9535409291814164}}