{"Q02241": {"Enrichment": 0.9115417691646167, "Depletion": 0.0884782304353913, "two-tailed": 0.1769564608707826}}