{"Q02763": {"Enrichment": 0.7630047399052019, "Depletion": 0.2370152596948061, "two-tailed": 0.4740305193896122}}