{"Q02790": {"Enrichment": 0.9427811443771125, "Depletion": 0.05723885522289554, "two-tailed": 0.11447771044579108}}