{"Q02790": {"Enrichment": 0.875722485550289, "Depletion": 0.124297514049719, "two-tailed": 0.248595028099438}}