{"Q02763": {"Enrichment": 0.7665446691066179, "Depletion": 0.23347533049339014, "two-tailed": 0.4669506609867803}}