{"Q02817": {"Enrichment": 0.8012239755204896, "Depletion": 0.1987960240795184, "two-tailed": 0.3975920481590368}}