{"Q02880": {"Enrichment": 0.10739785204295914, "Depletion": 0.8926221475570488, "two-tailed": 0.21479570408591828}}