{"Q02880": {"Enrichment": 0.05331893362132757, "Depletion": 0.9467010659786804, "two-tailed": 0.10663786724265514}}