{"Q02817": {"Enrichment": 0.8042439151216976, "Depletion": 0.19577608447831044, "two-tailed": 0.39155216895662087}}