{"Q03164": {"Enrichment": 0.18103637927241456, "Depletion": 0.8189836203275934, "two-tailed": 0.3620727585448291}}