{"Q03164": {"Enrichment": 0.17857642847143057, "Depletion": 0.8214435711285775, "two-tailed": 0.35715285694286114}}