{"Q03154": {"Enrichment": 0.04767904641907162, "Depletion": 0.9523409531809364, "two-tailed": 0.09535809283814324}}