{"Q03405": {"Enrichment": 0.36915261694766105, "Depletion": 0.630867382652347, "two-tailed": 0.7383052338953221}}