{"Q03468": {"Enrichment": 0.5489290214195716, "Depletion": 0.45109097818043636, "two-tailed": 0.9021819563608727}}