{"Q03405": {"Enrichment": 0.375052498950021, "Depletion": 0.624967500649987, "two-tailed": 0.750104997900042}}