{"Q03518": {"Enrichment": 0.07167856642867143, "Depletion": 0.9283414331713365, "two-tailed": 0.14335713285734286}}