{"Q03518": {"Enrichment": 0.044399112017759645, "Depletion": 0.9556208875822484, "two-tailed": 0.08879822403551929}}