{"Q03692": {"Enrichment": 0.4611907761844763, "Depletion": 0.5388292234155317, "two-tailed": 0.9223815523689526}}