{"Q04206": {"Enrichment": 0.6347873042539149, "Depletion": 0.3652326953460931, "two-tailed": 0.7304653906921862}}