{"Q04446": {"Enrichment": 0.7135857282854343, "Depletion": 0.2864342713145737, "two-tailed": 0.5728685426291474}}