{"Q04446": {"Enrichment": 0.5779084418311634, "Depletion": 0.4221115577688446, "two-tailed": 0.8442231155376893}}