{"Q04656": {"Enrichment": 0.996940061198776, "Depletion": 0.0030799384012319755, "two-tailed": 0.006159876802463951}}