{"Q04609": {"Enrichment": 0.5155296894062119, "Depletion": 0.4844903101937961, "two-tailed": 0.9689806203875923}}