{"Q04756": {"Enrichment": 0.8386832263354733, "Depletion": 0.16133677326453472, "two-tailed": 0.32267354652906943}}