{"Q04724": {"Enrichment": 0.3879922401551969, "Depletion": 0.6120277594448111, "two-tailed": 0.7759844803103938}}