{"Q04760": {"Enrichment": 0.0018399632007359854, "Depletion": 0.998180036399272, "two-tailed": 0.0036799264014719707}}