{"Q04759": {"Enrichment": 0.035419291614167715, "Depletion": 0.9646007079858403, "two-tailed": 0.07083858322833543}}