{"Q04724": {"Enrichment": 0.3525329493410132, "Depletion": 0.6474870502589948, "two-tailed": 0.7050658986820264}}