{"Q04756": {"Enrichment": 0.74422511549769, "Depletion": 0.25579488410231793, "two-tailed": 0.5115897682046359}}