{"Q04828": {"Enrichment": 0.009059818803623927, "Depletion": 0.990960180796384, "two-tailed": 0.018119637607247854}}