{"Q05086": {"Enrichment": 0.7288854222915542, "Depletion": 0.2711345773084538, "two-tailed": 0.5422691546169076}}