{"Q05193": {"Enrichment": 0.5375292494150117, "Depletion": 0.4624907501849963, "two-tailed": 0.9249815003699926}}