{"Q05193": {"Enrichment": 0.7660646787064259, "Depletion": 0.23395532089358212, "two-tailed": 0.46791064178716424}}