{"Q05209": {"Enrichment": 0.2572348553028939, "Depletion": 0.7427851442971141, "two-tailed": 0.5144697106057878}}