{"Q05397": {"Enrichment": 0.4371512569748605, "Depletion": 0.5628687426251475, "two-tailed": 0.874302513949721}}