{"Q05397": {"Enrichment": 0.43223135537289253, "Depletion": 0.5677886442271155, "two-tailed": 0.8644627107457851}}