{"Q05586": {"Enrichment": 0.7054658906821863, "Depletion": 0.29455410891782163, "two-tailed": 0.5891082178356433}}