{"Q05586": {"Enrichment": 0.7036859262814744, "Depletion": 0.2963340733185336, "two-tailed": 0.5926681466370672}}