{"Q05655": {"Enrichment": 0.761344773104538, "Depletion": 0.2386752264954701, "two-tailed": 0.4773504529909402}}