{"Q05823": {"Enrichment": 0.03567928641427171, "Depletion": 0.9643407131857363, "two-tailed": 0.07135857282854342}}