{"Q06187": {"Enrichment": 0.3690126197476051, "Depletion": 0.631007379852403, "two-tailed": 0.7380252394952102}}