{"Q06124": {"Enrichment": 0.4671906561868763, "Depletion": 0.5328293434131317, "two-tailed": 0.9343813123737525}}