{"Q06187": {"Enrichment": 0.248315033699326, "Depletion": 0.751704965900682, "two-tailed": 0.496630067398652}}