{"Q06210": {"Enrichment": 0.7763044739105218, "Depletion": 0.22371552568948622, "two-tailed": 0.44743105137897243}}