{"Q06210": {"Enrichment": 0.7338053238935222, "Depletion": 0.2662146757064859, "two-tailed": 0.5324293514129718}}