{"Q06278": {"Enrichment": 0.18411631767364653, "Depletion": 0.8159036819263614, "two-tailed": 0.36823263534729306}}