{"Q06520": {"Enrichment": 0.060918781624367514, "Depletion": 0.9391012179756405, "two-tailed": 0.12183756324873503}}