{"Q06520": {"Enrichment": 0.03909921801563969, "Depletion": 0.9609207815843683, "two-tailed": 0.07819843603127938}}