{"Q06787": {"Enrichment": 0.2606147877042459, "Depletion": 0.7394052118957621, "two-tailed": 0.5212295754084918}}