{"Q06830": {"Enrichment": 0.6945261094778105, "Depletion": 0.3054938901221976, "two-tailed": 0.6109877802443952}}