{"Q07075": {"Enrichment": 0.6886462270754585, "Depletion": 0.3113737725245495, "two-tailed": 0.622747545049099}}