{"Q07075": {"Enrichment": 0.8140437191256175, "Depletion": 0.18597628047439052, "two-tailed": 0.37195256094878104}}