{"Q07157": {"Enrichment": 0.7149257014859702, "Depletion": 0.2850942981140377, "two-tailed": 0.5701885962280754}}