{"Q07343": {"Enrichment": 0.6551268974620508, "Depletion": 0.34489310213795726, "two-tailed": 0.6897862042759145}}