{"Q07343": {"Enrichment": 0.5970880582388353, "Depletion": 0.4029319413611728, "two-tailed": 0.8058638827223455}}