{"Q07812": {"Enrichment": 0.4494510109797804, "Depletion": 0.5505689886202276, "two-tailed": 0.8989020219595608}}