{"Q07812": {"Enrichment": 0.4486110277794444, "Depletion": 0.5514089718205636, "two-tailed": 0.8972220555588888}}