{"Q07889": {"Enrichment": 0.060618787624247515, "Depletion": 0.9394012119757604, "two-tailed": 0.12123757524849503}}