{"Q07837": {"Enrichment": 0.7656846863062738, "Depletion": 0.23433531329373414, "two-tailed": 0.4686706265874683}}