{"Q07889": {"Enrichment": 0.07919841603167936, "Depletion": 0.9208215835683287, "two-tailed": 0.15839683206335872}}