{"Q07837": {"Enrichment": 0.49483010339793204, "Depletion": 0.505189896202076, "two-tailed": 0.9896602067958641}}