{"Q07960": {"Enrichment": 0.36023279534409314, "Depletion": 0.6397872042559148, "two-tailed": 0.7204655906881863}}