{"Q07960": {"Enrichment": 0.3572328553428931, "Depletion": 0.6427871442571148, "two-tailed": 0.7144657106857862}}