{"Q07912": {"Enrichment": 0.373352532949341, "Depletion": 0.626667466650667, "two-tailed": 0.746705065898682}}