{"Q08188": {"Enrichment": 0.3862722745545089, "Depletion": 0.6137477250454991, "two-tailed": 0.7725445491090178}}