{"Q08174": {"Enrichment": 0.3121937561248775, "Depletion": 0.6878262434751305, "two-tailed": 0.624387512249755}}