{"Q08211": {"Enrichment": 0.27035459290814184, "Depletion": 0.7296654066918662, "two-tailed": 0.5407091858162837}}