{"Q08209": {"Enrichment": 0.9601207975840483, "Depletion": 0.03989920201595968, "two-tailed": 0.07979840403191936}}