{"Q08257": {"Enrichment": 0.7912641747165057, "Depletion": 0.20875582488350233, "two-tailed": 0.41751164976700467}}