{"Q08211": {"Enrichment": 0.378392432151357, "Depletion": 0.621627567448651, "two-tailed": 0.756784864302714}}