{"Q08209": {"Enrichment": 0.9530809383812324, "Depletion": 0.04693906121877563, "two-tailed": 0.09387812243755125}}