{"Q08334": {"Enrichment": 0.3982120357592848, "Depletion": 0.6018079638407232, "two-tailed": 0.7964240715185696}}