{"Q08345": {"Enrichment": 0.3276134477310454, "Depletion": 0.6724065518689626, "two-tailed": 0.6552268954620908}}