{"Q08345": {"Enrichment": 0.43001139977200453, "Depletion": 0.5700085998280034, "two-tailed": 0.8600227995440091}}