{"Q08499": {"Enrichment": 0.23203535929281413, "Depletion": 0.7679846403071938, "two-tailed": 0.46407071858562826}}