{"Q08623": {"Enrichment": 0.6387072258554829, "Depletion": 0.3613127737445251, "two-tailed": 0.7226255474890502}}