{"Q08623": {"Enrichment": 0.3103337933241335, "Depletion": 0.6896862062758745, "two-tailed": 0.620667586648267}}