{"Q08AH3": {"Enrichment": 0.6681666366672666, "Depletion": 0.33185336293274137, "two-tailed": 0.6637067258654827}}