{"Q09161": {"Enrichment": 0.8871022579548409, "Depletion": 0.1129177416451671, "two-tailed": 0.2258354832903342}}