{"Q09161": {"Enrichment": 0.8881222375552489, "Depletion": 0.11189776204475911, "two-tailed": 0.22379552408951822}}