{"Q10469": {"Enrichment": 0.7128457430851383, "Depletion": 0.2871742565148697, "two-tailed": 0.5743485130297394}}