{"Q10588": {"Enrichment": 0.43043139137217257, "Depletion": 0.5695886082278354, "two-tailed": 0.8608627827443451}}