{"Q10588": {"Enrichment": 0.497830043399132, "Depletion": 0.502189956200876, "two-tailed": 0.995660086798264}}