{"Q12756": {"Enrichment": 0.7314453710925781, "Depletion": 0.26857462850742986, "two-tailed": 0.5371492570148597}}