{"Q12794": {"Enrichment": 0.3883322333553329, "Depletion": 0.6116877662446751, "two-tailed": 0.7766644667106658}}