{"Q12794": {"Enrichment": 0.4653106937861243, "Depletion": 0.5347093058138838, "two-tailed": 0.9306213875722485}}