{"Q12756": {"Enrichment": 0.7330853382932342, "Depletion": 0.26693466130677385, "two-tailed": 0.5338693226135477}}