{"Q12852": {"Enrichment": 0.7225455490890182, "Depletion": 0.2774744505109898, "two-tailed": 0.5549489010219796}}