{"Q12866": {"Enrichment": 0.035219295614087716, "Depletion": 0.9648007039859203, "two-tailed": 0.07043859122817543}}