{"Q12852": {"Enrichment": 0.6373472530549389, "Depletion": 0.3626727465450691, "two-tailed": 0.7253454930901382}}