{"Q12802": {"Enrichment": 0.9759804803903922, "Depletion": 0.024039519209615806, "two-tailed": 0.04807903841923161}}