{"Q12888": {"Enrichment": 0.29333413331733366, "Depletion": 0.7066858662826744, "two-tailed": 0.5866682666346673}}