{"Q12802": {"Enrichment": 0.9778204435911282, "Depletion": 0.022199556008879823, "two-tailed": 0.044399112017759645}}