{"Q12884": {"Enrichment": 0.07345853082938342, "Depletion": 0.9265614687706246, "two-tailed": 0.14691706165876683}}