{"Q12866": {"Enrichment": 0.053158936821263575, "Depletion": 0.9468610627787444, "two-tailed": 0.10631787364252715}}