{"Q12849": {"Enrichment": 0.5589088218235635, "Depletion": 0.4411111777764445, "two-tailed": 0.882222355552889}}