{"Q12884": {"Enrichment": 0.049619007619847603, "Depletion": 0.9504009919801604, "two-tailed": 0.09923801523969521}}