{"Q12974": {"Enrichment": 0.37401251974960503, "Depletion": 0.626007479850403, "two-tailed": 0.7480250394992101}}