{"Q12923": {"Enrichment": 0.7397652046959061, "Depletion": 0.2602547949041019, "two-tailed": 0.5205095898082038}}