{"Q12931": {"Enrichment": 0.75722485550289, "Depletion": 0.24279514409711805, "two-tailed": 0.4855902881942361}}