{"Q12974": {"Enrichment": 0.377872442551149, "Depletion": 0.622147557048859, "two-tailed": 0.755744885102298}}