{"Q12931": {"Enrichment": 0.6449071018579629, "Depletion": 0.3551128977420452, "two-tailed": 0.7102257954840904}}