{"Q12967": {"Enrichment": 0.739505209895802, "Depletion": 0.26051478970420594, "two-tailed": 0.5210295794084119}}