{"Q12918": {"Enrichment": 0.5422691546169076, "Depletion": 0.4577508449831003, "two-tailed": 0.9155016899662006}}