{"Q13093": {"Enrichment": 0.8485830283394332, "Depletion": 0.1514369712605748, "two-tailed": 0.3028739425211496}}