{"Q13085": {"Enrichment": 0.8960420791584168, "Depletion": 0.10397792044159117, "two-tailed": 0.20795584088318234}}