{"Q13043": {"Enrichment": 0.06495870082598348, "Depletion": 0.9350612987740246, "two-tailed": 0.12991740165196697}}