{"Q13085": {"Enrichment": 0.7957840843183136, "Depletion": 0.20423591528169435, "two-tailed": 0.4084718305633887}}