{"Q13093": {"Enrichment": 0.8440031199376012, "Depletion": 0.15601687966240677, "two-tailed": 0.31203375932481353}}