{"Q13131": {"Enrichment": 0.14255714885702286, "Depletion": 0.8574628507429851, "two-tailed": 0.28511429771404573}}