{"Q13144": {"Enrichment": 0.6791664166716666, "Depletion": 0.32085358292834143, "two-tailed": 0.6417071658566829}}