{"Q13164": {"Enrichment": 0.1397972040559189, "Depletion": 0.8602227955440891, "two-tailed": 0.2795944081118378}}