{"Q13164": {"Enrichment": 0.08457830843383132, "Depletion": 0.9154416911661767, "two-tailed": 0.16915661686766265}}