{"Q13153": {"Enrichment": 0.04567908641827163, "Depletion": 0.9543409131817364, "two-tailed": 0.09135817283654327}}