{"Q13162": {"Enrichment": 0.37275254494910104, "Depletion": 0.6272674546509069, "two-tailed": 0.7455050898982021}}