{"Q13144": {"Enrichment": 0.8433831323373533, "Depletion": 0.15663686726265474, "two-tailed": 0.3132737345253095}}