{"Q13131": {"Enrichment": 0.2815343693126138, "Depletion": 0.7184856302873942, "two-tailed": 0.5630687386252275}}