{"Q13162": {"Enrichment": 0.23481530369392611, "Depletion": 0.7652046959060819, "two-tailed": 0.46963060738785223}}