{"Q13155": {"Enrichment": 0.21537569248615027, "Depletion": 0.7846443071138577, "two-tailed": 0.43075138497230053}}