{"Q13188": {"Enrichment": 0.8618227635447291, "Depletion": 0.1381972360552789, "two-tailed": 0.2763944721105578}}