{"Q13115": {"Enrichment": 0.7760444791104177, "Depletion": 0.2239755204895902, "two-tailed": 0.4479510409791804}}