{"Q13126": {"Enrichment": 0.04115917681646367, "Depletion": 0.9588608227835443, "two-tailed": 0.08231835363292735}}