{"Q13202": {"Enrichment": 0.6074078518429631, "Depletion": 0.39261214775704484, "two-tailed": 0.7852242955140897}}