{"Q13253": {"Enrichment": 0.0500189996200076, "Depletion": 0.9500009999800004, "two-tailed": 0.1000379992400152}}