{"Q13224": {"Enrichment": 0.7141057178856423, "Depletion": 0.2859142817143657, "two-tailed": 0.5718285634287315}}