{"Q13283": {"Enrichment": 0.12759744805103898, "Depletion": 0.872422551548969, "two-tailed": 0.25519489610207796}}