{"Q13206": {"Enrichment": 0.7187456250874983, "Depletion": 0.28127437451250975, "two-tailed": 0.5625487490250195}}