{"Q13216": {"Enrichment": 0.6081278374432512, "Depletion": 0.3918921621567569, "two-tailed": 0.7837843243135137}}