{"Q13232": {"Enrichment": 0.08603827923441532, "Depletion": 0.9139817203655927, "two-tailed": 0.17207655846883063}}