{"Q13231": {"Enrichment": 0.02613947721045579, "Depletion": 0.9738805223895523, "two-tailed": 0.05227895442091158}}