{"Q13224": {"Enrichment": 0.7177056458870823, "Depletion": 0.28231435371292574, "two-tailed": 0.5646287074258515}}