{"Q13283": {"Enrichment": 0.12599748005039899, "Depletion": 0.874022519549609, "two-tailed": 0.25199496010079797}}