{"Q13232": {"Enrichment": 0.7333053338933221, "Depletion": 0.2667146657066859, "two-tailed": 0.5334293314133718}}