{"Q13216": {"Enrichment": 0.6065278694426112, "Depletion": 0.39349213015739687, "two-tailed": 0.7869842603147937}}