{"Q13253": {"Enrichment": 0.053038939221215574, "Depletion": 0.9469810603787924, "two-tailed": 0.10607787844243115}}