{"Q13336": {"Enrichment": 0.8205235895282095, "Depletion": 0.17949641007179856, "two-tailed": 0.3589928201435971}}