{"Q13332": {"Enrichment": 0.247795044099118, "Depletion": 0.75222495550089, "two-tailed": 0.495590088198236}}