{"Q13336": {"Enrichment": 0.8180836383272334, "Depletion": 0.18193636127277454, "two-tailed": 0.3638727225455491}}