{"Q13363": {"Enrichment": 0.2734745305093898, "Depletion": 0.7265454690906182, "two-tailed": 0.5469490610187796}}