{"Q13356": {"Enrichment": 0.44387112257754846, "Depletion": 0.5561488770224595, "two-tailed": 0.8877422451550969}}