{"Q13303": {"Enrichment": 0.04047919041619168, "Depletion": 0.9595408091838163, "two-tailed": 0.08095838083238335}}