{"Q13395": {"Enrichment": 0.008539829203415932, "Depletion": 0.9914801703965921, "two-tailed": 0.017079658406831864}}