{"Q13303": {"Enrichment": 0.001139977200455991, "Depletion": 0.998880022399552, "two-tailed": 0.002279954400911982}}