{"Q13363": {"Enrichment": 0.2755744885102298, "Depletion": 0.7244455110897782, "two-tailed": 0.5511489770204596}}