{"Q13427": {"Enrichment": 0.07079858402831943, "Depletion": 0.9292214155716886, "two-tailed": 0.14159716805663886}}