{"Q13418": {"Enrichment": 0.41209175816483673, "Depletion": 0.5879282414351713, "two-tailed": 0.8241835163296735}}