{"Q13472": {"Enrichment": 0.4594508109837803, "Depletion": 0.5405691886162277, "two-tailed": 0.9189016219675606}}