{"Q13451": {"Enrichment": 0.2128157436851263, "Depletion": 0.7872042559148817, "two-tailed": 0.4256314873702526}}