{"Q13464": {"Enrichment": 0.013119737605247895, "Depletion": 0.9869002619947601, "two-tailed": 0.02623947521049579}}