{"Q13472": {"Enrichment": 0.5940081198376033, "Depletion": 0.40601187976240477, "two-tailed": 0.8120237595248095}}