{"Q13423": {"Enrichment": 0.3594528109437811, "Depletion": 0.6405671886562269, "two-tailed": 0.7189056218875622}}