{"Q13485": {"Enrichment": 0.5244495110097798, "Depletion": 0.4755704885902282, "two-tailed": 0.9511409771804564}}