{"Q13418": {"Enrichment": 0.4134517309653807, "Depletion": 0.5865682686346273, "two-tailed": 0.8269034619307614}}