{"Q13423": {"Enrichment": 0.370672586548269, "Depletion": 0.6293474130517389, "two-tailed": 0.741345173096538}}