{"Q13469": {"Enrichment": 0.09569808603827923, "Depletion": 0.9043219135617288, "two-tailed": 0.19139617207655846}}