{"Q13469": {"Enrichment": 0.25691486170276595, "Depletion": 0.7431051378972421, "two-tailed": 0.5138297234055319}}