{"Q13547": {"Enrichment": 0.17405651886962262, "Depletion": 0.8259634807303854, "two-tailed": 0.34811303773924523}}