{"Q13564": {"Enrichment": 0.7338453230935381, "Depletion": 0.26617467650646986, "two-tailed": 0.5323493530129397}}