{"Q13563": {"Enrichment": 0.9478210435791284, "Depletion": 0.05219895602087958, "two-tailed": 0.10439791204175916}}