{"Q13555": {"Enrichment": 0.3350532989340213, "Depletion": 0.6649667006659867, "two-tailed": 0.6701065978680426}}