{"Q13509": {"Enrichment": 0.4069118617627647, "Depletion": 0.5931081378372433, "two-tailed": 0.8138237235255295}}