{"Q13557": {"Enrichment": 0.14423711525769484, "Depletion": 0.8557828843423132, "two-tailed": 0.2884742305153897}}