{"Q13572": {"Enrichment": 0.6946861062778744, "Depletion": 0.30533389332213356, "two-tailed": 0.6106677866442671}}