{"Q13569": {"Enrichment": 0.5905481890362193, "Depletion": 0.40947181056378873, "two-tailed": 0.8189436211275775}}