{"Q13510": {"Enrichment": 0.38351232975340493, "Depletion": 0.6165076698466031, "two-tailed": 0.7670246595068099}}