{"Q13526": {"Enrichment": 0.057298854022919544, "Depletion": 0.9427211455770884, "two-tailed": 0.11459770804583909}}