{"Q13509": {"Enrichment": 0.4032719345613088, "Depletion": 0.5967480650386993, "two-tailed": 0.8065438691226176}}