{"Q13547": {"Enrichment": 0.14705705885882284, "Depletion": 0.8529629407411852, "two-tailed": 0.2941141177176457}}