{"Q13569": {"Enrichment": 0.5963880722385553, "Depletion": 0.40363192736145276, "two-tailed": 0.8072638547229055}}