{"Q13523": {"Enrichment": 0.19717605647887043, "Depletion": 0.8028439431211376, "two-tailed": 0.39435211295774086}}