{"Q13510": {"Enrichment": 0.3828523429531409, "Depletion": 0.617167656646867, "two-tailed": 0.7657046859062818}}