{"Q13564": {"Enrichment": 0.879682406351873, "Depletion": 0.12033759324813503, "two-tailed": 0.24067518649627007}}