{"Q13554": {"Enrichment": 0.06157876842463151, "Depletion": 0.9384412311753765, "two-tailed": 0.12315753684926302}}