{"Q13572": {"Enrichment": 0.24167516649667006, "Depletion": 0.7583448331033379, "two-tailed": 0.4833503329933401}}