{"Q13614": {"Enrichment": 0.9704005919881602, "Depletion": 0.029619407611847764, "two-tailed": 0.05923881522369553}}