{"Q13614": {"Enrichment": 0.1135377292454151, "Depletion": 0.8864822703545929, "two-tailed": 0.2270754584908302}}