{"Q13635": {"Enrichment": 0.07747845043099139, "Depletion": 0.9225415491690167, "two-tailed": 0.15495690086198277}}