{"Q13627": {"Enrichment": 0.1003979920401592, "Depletion": 0.8996220075598488, "two-tailed": 0.2007959840803184}}