{"Q13636": {"Enrichment": 0.5302293954120918, "Depletion": 0.46979060418791624, "two-tailed": 0.9395812083758325}}