{"Q13625": {"Enrichment": 0.2124557508849823, "Depletion": 0.7875642487150257, "two-tailed": 0.4249115017699646}}