{"Q13635": {"Enrichment": 0.0372192556148877, "Depletion": 0.9628007439851203, "two-tailed": 0.0744385112297754}}