{"Q13619": {"Enrichment": 0.8950820983580329, "Depletion": 0.10493790124197516, "two-tailed": 0.20987580248395032}}