{"Q13630": {"Enrichment": 0.07925841483170337, "Depletion": 0.9207615847683046, "two-tailed": 0.15851682966340674}}