{"Q13613": {"Enrichment": 0.506929861402772, "Depletion": 0.49309013819723607, "two-tailed": 0.9861802763944721}}