{"Q13686": {"Enrichment": 0.39687206255874885, "Depletion": 0.6031479370412591, "two-tailed": 0.7937441251174977}}