{"Q13637": {"Enrichment": 0.375092498150037, "Depletion": 0.624927501449971, "two-tailed": 0.750184996300074}}