{"Q13637": {"Enrichment": 0.49565008699826, "Depletion": 0.504369912601748, "two-tailed": 0.99130017399652}}