{"Q13636": {"Enrichment": 0.6518069638607228, "Depletion": 0.3482130357392852, "two-tailed": 0.6964260714785704}}