{"Q13613": {"Enrichment": 0.6753864922701546, "Depletion": 0.3246335073298534, "two-tailed": 0.6492670146597068}}