{"Q13686": {"Enrichment": 0.3165736685266295, "Depletion": 0.6834463310733785, "two-tailed": 0.633147337053259}}