{"Q13625": {"Enrichment": 0.09125817483650327, "Depletion": 0.9087618247635048, "two-tailed": 0.18251634967300653}}