{"Q13740": {"Enrichment": 0.02243955120897582, "Depletion": 0.9775804483910322, "two-tailed": 0.04487910241795164}}