{"Q13705": {"Enrichment": 0.09699806003879922, "Depletion": 0.9030219395612088, "two-tailed": 0.19399612007759845}}