{"Q13873": {"Enrichment": 0.4259114817703646, "Depletion": 0.5741085178296434, "two-tailed": 0.8518229635407292}}