{"Q13873": {"Enrichment": 0.034639307213855726, "Depletion": 0.9653806923861523, "two-tailed": 0.06927861442771145}}