{"Q13882": {"Enrichment": 0.374572508549829, "Depletion": 0.625447491050179, "two-tailed": 0.749145017099658}}