{"Q13867": {"Enrichment": 0.6151476970460591, "Depletion": 0.38487230255394894, "two-tailed": 0.7697446051078979}}