{"Q13882": {"Enrichment": 0.3501529969400612, "Depletion": 0.6498670026599468, "two-tailed": 0.7003059938801224}}