{"Q13867": {"Enrichment": 0.7969640607187857, "Depletion": 0.20305593888122236, "two-tailed": 0.40611187776244473}}