{"Q13907": {"Enrichment": 0.017839643207135856, "Depletion": 0.9821803563928722, "two-tailed": 0.03567928641427171}}