{"Q13976": {"Enrichment": 0.0020999580008399833, "Depletion": 0.997920041599168, "two-tailed": 0.004199916001679967}}