{"Q14149": {"Enrichment": 0.09023819523609528, "Depletion": 0.9097818043639128, "two-tailed": 0.18047639047219055}}