{"Q14191": {"Enrichment": 0.012239755204895902, "Depletion": 0.9877802443951121, "two-tailed": 0.024479510409791804}}