{"Q14145": {"Enrichment": 0.1872962540749185, "Depletion": 0.8127237455250895, "two-tailed": 0.374592508149837}}