{"Q14185": {"Enrichment": 0.995620087598248, "Depletion": 0.004399912001759965, "two-tailed": 0.00879982400351993}}