{"Q14103": {"Enrichment": 0.6438871222575548, "Depletion": 0.35613287734245314, "two-tailed": 0.7122657546849063}}