{"Q14108": {"Enrichment": 0.6690266194676107, "Depletion": 0.3309933801323974, "two-tailed": 0.6619867602647947}}