{"Q14181": {"Enrichment": 0.9847603047939041, "Depletion": 0.015259694806103877, "two-tailed": 0.030519389612207754}}