{"Q14145": {"Enrichment": 0.32995340093198133, "Depletion": 0.6700665986680266, "two-tailed": 0.6599068018639627}}