{"Q14117": {"Enrichment": 0.24397512049759004, "Depletion": 0.7560448791024179, "two-tailed": 0.4879502409951801}}