{"Q14142": {"Enrichment": 0.7710845783084338, "Depletion": 0.22893542129157418, "two-tailed": 0.45787084258314836}}