{"Q14116": {"Enrichment": 0.5917481650366992, "Depletion": 0.40827183456330873, "two-tailed": 0.8165436691266175}}