{"Q14108": {"Enrichment": 0.8523429531409372, "Depletion": 0.14767704645907082, "two-tailed": 0.29535409291814163}}