{"Q14117": {"Enrichment": 0.24231515369692605, "Depletion": 0.757704845903082, "two-tailed": 0.4846303073938521}}