{"Q14181": {"Enrichment": 0.9906601867962641, "Depletion": 0.009359812803743926, "two-tailed": 0.018719625607487852}}