{"Q14142": {"Enrichment": 0.5714085718285634, "Depletion": 0.42861142777144456, "two-tailed": 0.8572228555428891}}