{"Q14160": {"Enrichment": 0.7597048059038819, "Depletion": 0.24031519369612608, "two-tailed": 0.48063038739225217}}