{"Q14258": {"Enrichment": 0.7549049019019619, "Depletion": 0.24511509769804604, "two-tailed": 0.4902301953960921}}