{"Q14289": {"Enrichment": 0.8908221835563289, "Depletion": 0.10919781604367913, "two-tailed": 0.21839563208735827}}