{"Q14258": {"Enrichment": 0.9949001019979601, "Depletion": 0.005119897602047959, "two-tailed": 0.010239795204095918}}