{"Q14203": {"Enrichment": 0.996840063198736, "Depletion": 0.0031799364012719744, "two-tailed": 0.006359872802543949}}