{"Q14397": {"Enrichment": 0.0625787484250315, "Depletion": 0.9374412511749765, "two-tailed": 0.125157496850063}}