{"Q14397": {"Enrichment": 0.14115717685646287, "Depletion": 0.8588628227435451, "two-tailed": 0.28231435371292574}}