{"Q14393": {"Enrichment": 0.02005959880802384, "Depletion": 0.9799604007919842, "two-tailed": 0.04011919761604768}}