{"Q14353": {"Enrichment": 0.3342933141337173, "Depletion": 0.6657266854662907, "two-tailed": 0.6685866282674346}}