{"Q14498": {"Enrichment": 0.2985340293194136, "Depletion": 0.7014859702805943, "two-tailed": 0.5970680586388272}}