{"Q14416": {"Enrichment": 0.8988020239595208, "Depletion": 0.10121797564048719, "two-tailed": 0.20243595128097439}}