{"Q14449": {"Enrichment": 0.25047499050019, "Depletion": 0.749545009099818, "two-tailed": 0.50094998100038}}