{"Q14449": {"Enrichment": 0.24731505369892604, "Depletion": 0.752704945901082, "two-tailed": 0.49463010739785207}}