{"Q14416": {"Enrichment": 0.9540609187816244, "Depletion": 0.04595908081838363, "two-tailed": 0.09191816163676726}}