{"Q14498": {"Enrichment": 0.4382112357752845, "Depletion": 0.5618087638247236, "two-tailed": 0.876422471550569}}