{"Q14596": {"Enrichment": 0.9888602227955441, "Depletion": 0.01115977680446391, "two-tailed": 0.02231955360892782}}