{"Q14676": {"Enrichment": 0.24061518769624607, "Depletion": 0.759404811903762, "two-tailed": 0.48123037539249214}}