{"Q14623": {"Enrichment": 0.996260074798504, "Depletion": 0.00375992480150397, "two-tailed": 0.00751984960300794}}