{"Q14680": {"Enrichment": 0.505809883802324, "Depletion": 0.49421011579768404, "two-tailed": 0.9884202315953681}}