{"Q14683": {"Enrichment": 0.509889802203956, "Depletion": 0.49013019739605207, "two-tailed": 0.9802603947921041}}