{"Q14676": {"Enrichment": 0.24123517529649408, "Depletion": 0.7587848243035139, "two-tailed": 0.48247035059298815}}