{"Q14653": {"Enrichment": 0.744305113897722, "Depletion": 0.25571488570228595, "two-tailed": 0.5114297714045719}}