{"Q14623": {"Enrichment": 0.997160056798864, "Depletion": 0.002859942801143977, "two-tailed": 0.005719885602287954}}