{"Q14653": {"Enrichment": 0.5102097958040839, "Depletion": 0.4898102037959241, "two-tailed": 0.9796204075918482}}