{"Q14749": {"Enrichment": 0.6890262194756105, "Depletion": 0.3109937801243975, "two-tailed": 0.621987560248795}}