{"Q14728": {"Enrichment": 0.19415611687766246, "Depletion": 0.8058638827223455, "two-tailed": 0.3883122337553249}}