{"Q14894": {"Enrichment": 0.629607407851843, "Depletion": 0.37041259174816504, "two-tailed": 0.7408251834963301}}