{"Q14914": {"Enrichment": 0.3111537769244615, "Depletion": 0.6888662226755465, "two-tailed": 0.622307553848923}}