{"Q14914": {"Enrichment": 0.3229135417291654, "Depletion": 0.6771064578708426, "two-tailed": 0.6458270834583308}}