{"Q14997": {"Enrichment": 0.9734805303893922, "Depletion": 0.026539469210615788, "two-tailed": 0.053078938421231577}}