{"Q14997": {"Enrichment": 0.9846803063938722, "Depletion": 0.015339693206135877, "two-tailed": 0.030679386412271754}}