{"Q15046": {"Enrichment": 0.04223915521689566, "Depletion": 0.9577808443831123, "two-tailed": 0.08447831043379132}}