{"Q15063": {"Enrichment": 0.1004379912401752, "Depletion": 0.8995820083598328, "two-tailed": 0.2008759824803504}}