{"Q15047": {"Enrichment": 0.6512869742605147, "Depletion": 0.3487330253394932, "two-tailed": 0.6974660506789864}}