{"Q15047": {"Enrichment": 0.7759044819103618, "Depletion": 0.22411551768964622, "two-tailed": 0.44823103537929243}}