{"Q15063": {"Enrichment": 0.16093678126437472, "Depletion": 0.8390832183356333, "two-tailed": 0.32187356252874944}}