{"Q15029": {"Enrichment": 0.31055378892422153, "Depletion": 0.6894662106757865, "two-tailed": 0.6211075778484431}}