{"Q15084": {"Enrichment": 0.4097318053638927, "Depletion": 0.5902881942361152, "two-tailed": 0.8194636107277854}}