{"Q15084": {"Enrichment": 0.5314293714125717, "Depletion": 0.46859062818743624, "two-tailed": 0.9371812563748725}}