{"Q15027": {"Enrichment": 0.04255914881702366, "Depletion": 0.9574608507829844, "two-tailed": 0.08511829763404732}}