{"Q15075": {"Enrichment": 0.9895602087958241, "Depletion": 0.010459790804183916, "two-tailed": 0.02091958160836783}}