{"Q15075": {"Enrichment": 0.9893002139957201, "Depletion": 0.010719785604287914, "two-tailed": 0.021439571208575828}}