{"Q15119": {"Enrichment": 0.29533409331813365, "Depletion": 0.7046859062818743, "two-tailed": 0.5906681866362673}}