{"Q15181": {"Enrichment": 0.4457910841783164, "Depletion": 0.5542289154216916, "two-tailed": 0.8915821683566328}}