{"Q15119": {"Enrichment": 0.2946741065178696, "Depletion": 0.7053458930821384, "two-tailed": 0.5893482130357393}}