{"Q15185": {"Enrichment": 0.5305093898122037, "Depletion": 0.46951060978780423, "two-tailed": 0.9390212195756085}}