{"Q15120": {"Enrichment": 0.2357352852942941, "Depletion": 0.7642847143057139, "two-tailed": 0.4714705705885882}}