{"Q15126": {"Enrichment": 0.35747285054298916, "Depletion": 0.6425471490570188, "two-tailed": 0.7149457010859783}}