{"Q15126": {"Enrichment": 0.36029279414411713, "Depletion": 0.6397272054558909, "two-tailed": 0.7205855882882343}}