{"Q15113": {"Enrichment": 0.99190016199676, "Depletion": 0.008119837603247936, "two-tailed": 0.01623967520649587}}