{"Q15109": {"Enrichment": 0.036919261614767704, "Depletion": 0.9631007379852403, "two-tailed": 0.07383852322953541}}