{"Q15120": {"Enrichment": 0.23271534569308613, "Depletion": 0.7673046539069218, "two-tailed": 0.46543069138617227}}