{"Q15116": {"Enrichment": 0.08093838123237536, "Depletion": 0.9190816183676327, "two-tailed": 0.16187676246475072}}