{"Q15208": {"Enrichment": 0.07011859762804744, "Depletion": 0.9299014019719606, "two-tailed": 0.14023719525609488}}