{"Q15286": {"Enrichment": 0.24449511009779804, "Depletion": 0.75552488950221, "two-tailed": 0.48899022019559607}}