{"Q15208": {"Enrichment": 0.07327853442931141, "Depletion": 0.9267414651706966, "two-tailed": 0.14655706885862282}}