{"Q15233": {"Enrichment": 0.25497490050198995, "Depletion": 0.7450450990980181, "two-tailed": 0.5099498010039799}}