{"Q15256": {"Enrichment": 0.6574068518629628, "Depletion": 0.34261314773704526, "two-tailed": 0.6852262954740905}}