{"Q15286": {"Enrichment": 0.13937721245575088, "Depletion": 0.8606427871442571, "two-tailed": 0.27875442491150176}}