{"Q15291": {"Enrichment": 0.37909241815163697, "Depletion": 0.620927581448371, "two-tailed": 0.7581848363032739}}