{"Q15233": {"Enrichment": 0.018479630407391853, "Depletion": 0.9815403691926161, "two-tailed": 0.036959260814783707}}