{"Q15262": {"Enrichment": 0.49093018139637207, "Depletion": 0.509089818203636, "two-tailed": 0.9818603627927441}}