{"Q15393": {"Enrichment": 0.5478290434191316, "Depletion": 0.4521909561808764, "two-tailed": 0.9043819123617528}}