{"Q15375": {"Enrichment": 0.8354032919341613, "Depletion": 0.16461670766584668, "two-tailed": 0.32923341533169337}}