{"Q15393": {"Enrichment": 0.617747645047099, "Depletion": 0.3822723545529089, "two-tailed": 0.7645447091058178}}