{"Q15363": {"Enrichment": 0.7327253454930901, "Depletion": 0.2672946541069179, "two-tailed": 0.5345893082138358}}