{"Q15399": {"Enrichment": 0.6805463890722185, "Depletion": 0.31947361052778944, "two-tailed": 0.6389472210555789}}