{"Q15303": {"Enrichment": 0.9316613667726645, "Depletion": 0.06835863282734345, "two-tailed": 0.1367172656546869}}