{"Q15382": {"Enrichment": 0.31605367892642144, "Depletion": 0.6839663206735865, "two-tailed": 0.6321073578528429}}