{"Q15306": {"Enrichment": 0.5374492510149796, "Depletion": 0.4625707485850283, "two-tailed": 0.9251414971700566}}