{"Q15485": {"Enrichment": 0.9526809463810724, "Depletion": 0.04733905321893562, "two-tailed": 0.09467810643787124}}