{"Q15493": {"Enrichment": 0.0634787304253915, "Depletion": 0.9365412691746166, "two-tailed": 0.126957460850783}}