{"Q15418": {"Enrichment": 0.28117437651246974, "Depletion": 0.7188456230875383, "two-tailed": 0.5623487530249395}}