{"Q15418": {"Enrichment": 0.13339733205335894, "Depletion": 0.8666226675466491, "two-tailed": 0.26679466410671787}}