{"Q15485": {"Enrichment": 0.9539809203815923, "Depletion": 0.04603907921841563, "two-tailed": 0.09207815843683126}}