{"Q15582": {"Enrichment": 0.6379872402551949, "Depletion": 0.3620327593448131, "two-tailed": 0.7240655186896262}}