{"Q155Q3": {"Enrichment": 0.4690106197876042, "Depletion": 0.5310093798124037, "two-tailed": 0.9380212395752084}}