{"Q15582": {"Enrichment": 0.5047899042019159, "Depletion": 0.49523009539809204, "two-tailed": 0.9904601907961841}}