{"Q15599": {"Enrichment": 0.374252514949701, "Depletion": 0.625767484650307, "two-tailed": 0.748505029899402}}