{"Q155Q3": {"Enrichment": 0.46849063018739623, "Depletion": 0.5315293694126118, "two-tailed": 0.9369812603747925}}