{"Q15661": {"Enrichment": 0.4746305073898522, "Depletion": 0.5253894922101559, "two-tailed": 0.9492610147797044}}