{"Q15652": {"Enrichment": 0.739605207895842, "Depletion": 0.2604147917041659, "two-tailed": 0.5208295834083319}}