{"Q15628": {"Enrichment": 0.20695586088278234, "Depletion": 0.7930641387172257, "two-tailed": 0.4139117217655647}}