{"Q15691": {"Enrichment": 0.5844283114337713, "Depletion": 0.41559168816623665, "two-tailed": 0.8311833763324733}}