{"Q15652": {"Enrichment": 0.6126277474450511, "Depletion": 0.3873922521549569, "two-tailed": 0.7747845043099137}}