{"Q15661": {"Enrichment": 0.747365052698946, "Depletion": 0.252654946901062, "two-tailed": 0.505309893802124}}