{"Q15797": {"Enrichment": 0.5033099338013239, "Depletion": 0.49671006579868404, "two-tailed": 0.9934201315973681}}