{"Q15762": {"Enrichment": 0.6439271214575708, "Depletion": 0.3560928781424372, "two-tailed": 0.7121857562848743}}