{"Q15717": {"Enrichment": 0.0748185036299274, "Depletion": 0.9252014959700806, "two-tailed": 0.1496370072598548}}