{"Q15796": {"Enrichment": 0.5968480630387393, "Depletion": 0.40317193656126876, "two-tailed": 0.8063438731225375}}