{"Q15796": {"Enrichment": 0.6920461590768184, "Depletion": 0.30797384052318955, "two-tailed": 0.6159476810463791}}