{"Q15771": {"Enrichment": 0.46991060178796423, "Depletion": 0.5301093978120438, "two-tailed": 0.9398212035759285}}