{"Q15771": {"Enrichment": 0.744085118297634, "Depletion": 0.25593488130237396, "two-tailed": 0.5118697626047479}}