{"Q15782": {"Enrichment": 0.28139437211255774, "Depletion": 0.7186256274874503, "two-tailed": 0.5627887442251155}}