{"Q15848": {"Enrichment": 0.249435011299774, "Depletion": 0.750584988300234, "two-tailed": 0.498870022599548}}