{"Q15819": {"Enrichment": 0.9530009399812004, "Depletion": 0.047019059618807625, "two-tailed": 0.09403811923761525}}