{"Q15819": {"Enrichment": 0.9549209015819684, "Depletion": 0.045099098018039636, "two-tailed": 0.09019819603607927}}