{"Q15848": {"Enrichment": 0.247855042899142, "Depletion": 0.752164956700866, "two-tailed": 0.495710085798284}}