{"Q15904": {"Enrichment": 0.736985260294794, "Depletion": 0.26303473930521387, "two-tailed": 0.5260694786104277}}