{"Q15907": {"Enrichment": 0.48191036179276414, "Depletion": 0.5181096378072438, "two-tailed": 0.9638207235855283}}