{"Q15907": {"Enrichment": 0.6728265434691306, "Depletion": 0.32719345613087736, "two-tailed": 0.6543869122617547}}