{"Q16186": {"Enrichment": 0.9857402851942961, "Depletion": 0.014279714405711887, "two-tailed": 0.028559428811423773}}