{"Q16186": {"Enrichment": 0.9856402871942561, "Depletion": 0.014379712405751885, "two-tailed": 0.02875942481150377}}