{"Q16555": {"Enrichment": 0.5317293654126918, "Depletion": 0.46829063418731626, "two-tailed": 0.9365812683746325}}