{"Q16552": {"Enrichment": 0.9428411431771364, "Depletion": 0.05717885642287154, "two-tailed": 0.11435771284574309}}