{"Q16555": {"Enrichment": 0.6158476830463391, "Depletion": 0.3841723165536689, "two-tailed": 0.7683446331073378}}