{"Q16531": {"Enrichment": 0.39695206095878083, "Depletion": 0.6030679386412272, "two-tailed": 0.7939041219175617}}