{"Q16512": {"Enrichment": 0.7334853302933941, "Depletion": 0.26653466930661385, "two-tailed": 0.5330693386132277}}