{"Q16531": {"Enrichment": 0.5137097258054839, "Depletion": 0.48631027379452413, "two-tailed": 0.9726205475890483}}