{"Q16690": {"Enrichment": 0.7603847923041539, "Depletion": 0.23963520729585408, "two-tailed": 0.47927041459170816}}