{"Q16654": {"Enrichment": 0.13169736605267895, "Depletion": 0.8683226335473291, "two-tailed": 0.2633947321053579}}