{"Q16659": {"Enrichment": 0.9152216955660887, "Depletion": 0.08479830403391932, "two-tailed": 0.16959660806783863}}