{"Q16671": {"Enrichment": 0.22783544329113417, "Depletion": 0.7721845563088738, "two-tailed": 0.45567088658226834}}