{"Q16698": {"Enrichment": 0.9818803623927521, "Depletion": 0.018139637207255855, "two-tailed": 0.03627927441451171}}