{"Q16667": {"Enrichment": 0.7829043419131617, "Depletion": 0.21711565768684626, "two-tailed": 0.43423131537369253}}