{"Q16647": {"Enrichment": 0.37053258934821304, "Depletion": 0.629487410251795, "two-tailed": 0.7410651786964261}}