{"Q16643": {"Enrichment": 0.5051298974020519, "Depletion": 0.49489010219795604, "two-tailed": 0.9897802043959121}}