{"Q16627": {"Enrichment": 0.03949921001579968, "Depletion": 0.9605207895842083, "two-tailed": 0.07899842003159936}}