{"Q16651": {"Enrichment": 0.8305433891322174, "Depletion": 0.16947661046779064, "two-tailed": 0.3389532209355813}}