{"Q16666": {"Enrichment": 0.9079618407631848, "Depletion": 0.09205815883682326, "two-tailed": 0.18411631767364653}}