{"Q16611": {"Enrichment": 0.49209015819683605, "Depletion": 0.507929841403172, "two-tailed": 0.9841803163936721}}