{"Q16647": {"Enrichment": 0.0745985080298394, "Depletion": 0.9254214915701686, "two-tailed": 0.1491970160596788}}