{"Q16698": {"Enrichment": 0.9052018959620808, "Depletion": 0.09481810363792724, "two-tailed": 0.18963620727585448}}