{"Q16611": {"Enrichment": 0.025679486410271794, "Depletion": 0.9743405131897362, "two-tailed": 0.05135897282054359}}