{"Q16671": {"Enrichment": 0.10345793084138317, "Depletion": 0.8965620687586249, "two-tailed": 0.20691586168276635}}