{"Q16630": {"Enrichment": 0.07715845683086338, "Depletion": 0.9228615427691447, "two-tailed": 0.15431691366172676}}