{"Q16666": {"Enrichment": 0.9072218555628887, "Depletion": 0.09279814403711925, "two-tailed": 0.1855962880742385}}