{"Q16627": {"Enrichment": 0.03831923361532769, "Depletion": 0.9617007659846804, "two-tailed": 0.07663846723065539}}