{"Q16696": {"Enrichment": 0.0007399852002959941, "Depletion": 0.999280014399712, "two-tailed": 0.0014799704005919881}}