{"Q16659": {"Enrichment": 0.9161416771664567, "Depletion": 0.08387832243355132, "two-tailed": 0.16775664486710265}}