{"Q16690": {"Enrichment": 0.7611047779044419, "Depletion": 0.2389152216955661, "two-tailed": 0.4778304433911322}}