{"Q16775": {"Enrichment": 0.3245135097298054, "Depletion": 0.6755064898702026, "two-tailed": 0.6490270194596108}}