{"Q16769": {"Enrichment": 0.28315433691326175, "Depletion": 0.7168656626867462, "two-tailed": 0.5663086738265235}}