{"Q16773": {"Enrichment": 0.19727605447891042, "Depletion": 0.8027439451210976, "two-tailed": 0.39455210895782084}}