{"Q16769": {"Enrichment": 0.14605707885842284, "Depletion": 0.8539629207415852, "two-tailed": 0.2921141577168457}}