{"Q16775": {"Enrichment": 0.6721265574688506, "Depletion": 0.3278934421311574, "two-tailed": 0.6557868842623148}}