{"Q16875": {"Enrichment": 0.07165856682866342, "Depletion": 0.9283614327713445, "two-tailed": 0.14331713365732685}}