{"Q16850": {"Enrichment": 0.5334893302133957, "Depletion": 0.46653066938661225, "two-tailed": 0.9330613387732245}}