{"Q16827": {"Enrichment": 0.4728305433891322, "Depletion": 0.5271894562108758, "two-tailed": 0.9456610867782644}}