{"Q16828": {"Enrichment": 0.7351652966940662, "Depletion": 0.2648547029059419, "two-tailed": 0.5297094058118837}}