{"Q16850": {"Enrichment": 0.0246995060098798, "Depletion": 0.9753204935901282, "two-tailed": 0.0493990120197596}}