{"Q16820": {"Enrichment": 0.5698486030279395, "Depletion": 0.43017139657206854, "two-tailed": 0.8603427931441371}}