{"Q16836": {"Enrichment": 0.8250434991300174, "Depletion": 0.1749765004699906, "two-tailed": 0.3499530009399812}}