{"Q16853": {"Enrichment": 0.005719885602287954, "Depletion": 0.99430011399772, "two-tailed": 0.011439771204575908}}