{"Q16878": {"Enrichment": 0.014619707605847883, "Depletion": 0.9854002919941601, "two-tailed": 0.029239415211695766}}