{"Q16828": {"Enrichment": 0.7336253274934501, "Depletion": 0.2663946721065579, "two-tailed": 0.5327893442131157}}