{"Q16854": {"Enrichment": 0.6903661926761465, "Depletion": 0.3096538069238615, "two-tailed": 0.619307613847723}}