{"Q16829": {"Enrichment": 0.45949081018379634, "Depletion": 0.5405291894162116, "two-tailed": 0.9189816203675927}}