{"Q16881": {"Enrichment": 0.7023259534809304, "Depletion": 0.2976940461190776, "two-tailed": 0.5953880922381553}}