{"Q16881": {"Enrichment": 0.9198416031679366, "Depletion": 0.08017839643207136, "two-tailed": 0.16035679286414273}}