{"Q16875": {"Enrichment": 0.003399932001359973, "Depletion": 0.9966200675986481, "two-tailed": 0.006799864002719946}}