{"Q16878": {"Enrichment": 0.07273854522909542, "Depletion": 0.9272814543709126, "two-tailed": 0.14547709045819085}}