{"Q16820": {"Enrichment": 0.39503209935801287, "Depletion": 0.6049879002419951, "two-tailed": 0.7900641987160257}}