{"Q29983": {"Enrichment": 0.9091418171636567, "Depletion": 0.09087818243635128, "two-tailed": 0.18175636487270255}}