{"Q2M2I8": {"Enrichment": 0.18245635087298254, "Depletion": 0.8175636487270255, "two-tailed": 0.3649127017459651}}