{"Q2M2I8": {"Enrichment": 0.18519629607407853, "Depletion": 0.8148237035259295, "two-tailed": 0.37039259214815706}}