{"Q2M385": {"Enrichment": 0.6602067958640827, "Depletion": 0.3398132037359253, "two-tailed": 0.6796264074718505}}