{"Q2TAK8": {"Enrichment": 0.7368652626947461, "Depletion": 0.2631547369052619, "two-tailed": 0.5263094738105238}}