{"Q2TAK8": {"Enrichment": 0.7393252134957301, "Depletion": 0.26069478610427793, "two-tailed": 0.5213895722085559}}