{"Q2TBA0": {"Enrichment": 0.5916481670366592, "Depletion": 0.40837183256334875, "two-tailed": 0.8167436651266975}}