{"Q2TBA0": {"Enrichment": 0.1508969820603588, "Depletion": 0.8491230175396492, "two-tailed": 0.3017939641207176}}