{"Q2TBE0": {"Enrichment": 0.5573288534229316, "Depletion": 0.44269114617707644, "two-tailed": 0.8853822923541529}}