{"Q460N5": {"Enrichment": 0.04073918521629567, "Depletion": 0.9592808143837124, "two-tailed": 0.08147837043259135}}