{"Q460N5": {"Enrichment": 0.18417631647367053, "Depletion": 0.8158436831263375, "two-tailed": 0.36835263294734105}}