{"Q49A26": {"Enrichment": 0.9291614167716645, "Depletion": 0.07085858282834344, "two-tailed": 0.14171716565668688}}