{"Q49A26": {"Enrichment": 0.9263814723705526, "Depletion": 0.07363852722945541, "two-tailed": 0.14727705445891082}}