{"Q4G0W2": {"Enrichment": 0.373972520549589, "Depletion": 0.626047479050419, "two-tailed": 0.747945041099178}}