{"Q4G0J3": {"Enrichment": 0.3152736945261095, "Depletion": 0.6847463050738986, "two-tailed": 0.630547389052219}}