{"Q4KMG0": {"Enrichment": 0.8064838703225935, "Depletion": 0.19353612927741445, "two-tailed": 0.3870722585548289}}