{"Q53FA7": {"Enrichment": 0.37259254814903703, "Depletion": 0.627427451450971, "two-tailed": 0.7451850962980741}}