{"Q53G59": {"Enrichment": 0.2636947261054779, "Depletion": 0.7363252734945301, "two-tailed": 0.5273894522109558}}