{"Q53G59": {"Enrichment": 0.12923741525169496, "Depletion": 0.870782584348313, "two-tailed": 0.25847483050338993}}