{"Q53H82": {"Enrichment": 0.33359332813343734, "Depletion": 0.6664266714665706, "two-tailed": 0.6671866562668747}}