{"Q53H47": {"Enrichment": 0.09511809763804724, "Depletion": 0.9049019019619607, "two-tailed": 0.19023619527609448}}