{"Q5FWF5": {"Enrichment": 0.8521429571408572, "Depletion": 0.14787704245915081, "two-tailed": 0.29575408491830163}}