{"Q5FWF5": {"Enrichment": 0.876282474350513, "Depletion": 0.12373752524949501, "two-tailed": 0.24747505049899002}}