{"Q5H9F3": {"Enrichment": 0.6044079118417631, "Depletion": 0.39561208775824486, "two-tailed": 0.7912241755164897}}