{"Q5H9F3": {"Enrichment": 0.7878242435151297, "Depletion": 0.2121957560848783, "two-tailed": 0.4243915121697566}}