{"Q5JRX3": {"Enrichment": 0.27155456890862184, "Depletion": 0.7284654306913861, "two-tailed": 0.5431091378172437}}