{"Q5JRX3": {"Enrichment": 0.06591868162636748, "Depletion": 0.9341013179736405, "two-tailed": 0.13183736325273496}}