{"Q5JSS6": {"Enrichment": 0.26625467490650184, "Depletion": 0.7337653246935061, "two-tailed": 0.5325093498130037}}