{"Q5JSS6": {"Enrichment": 0.26785464290714184, "Depletion": 0.7321653566928661, "two-tailed": 0.5357092858142837}}