{"Q5RL73": {"Enrichment": 0.30333393332133357, "Depletion": 0.6966860662786745, "two-tailed": 0.6066678666426671}}