{"Q5RL73": {"Enrichment": 0.1114777704445911, "Depletion": 0.8885422291554169, "two-tailed": 0.2229555408891822}}