{"Q5SRE7": {"Enrichment": 0.014499710005799884, "Depletion": 0.9855202895942081, "two-tailed": 0.028999420011599768}}