{"Q5SRI9": {"Enrichment": 0.03213935721285574, "Depletion": 0.9678806423871522, "two-tailed": 0.06427871442571148}}