{"Q5T0W9": {"Enrichment": 0.7638047239055219, "Depletion": 0.2362152756944861, "two-tailed": 0.4724305513889722}}