{"Q5T4W7": {"Enrichment": 0.7778644427111457, "Depletion": 0.2221555568888622, "two-tailed": 0.4443111137777244}}