{"Q5T4W7": {"Enrichment": 0.7801043979120418, "Depletion": 0.21991560168796623, "two-tailed": 0.43983120337593246}}