{"Q5T6S3": {"Enrichment": 0.9807603847923042, "Depletion": 0.019259614807703846, "two-tailed": 0.03851922961540769}}