{"Q5T9L3": {"Enrichment": 0.03217935641287174, "Depletion": 0.9678406431871363, "two-tailed": 0.06435871282574349}}