{"Q5T9L3": {"Enrichment": 0.09385812283754325, "Depletion": 0.9061618767624647, "two-tailed": 0.1877162456750865}}