{"Q5TCY1": {"Enrichment": 0.5315493690126197, "Depletion": 0.46847063058738825, "two-tailed": 0.9369412611747765}}