{"Q5TDH0": {"Enrichment": 0.43189136217275653, "Depletion": 0.5681286374272515, "two-tailed": 0.8637827243455131}}