{"Q5TDH0": {"Enrichment": 0.43069138617227654, "Depletion": 0.5693286134277314, "two-tailed": 0.8613827723445531}}