{"Q5VT66": {"Enrichment": 0.02227955440891182, "Depletion": 0.9777404451910962, "two-tailed": 0.04455910881782364}}