{"Q5VVY1": {"Enrichment": 0.15647687046259076, "Depletion": 0.8435431291374172, "two-tailed": 0.3129537409251815}}