{"Q5VVQ6": {"Enrichment": 0.24323513529729404, "Depletion": 0.756784864302714, "two-tailed": 0.4864702705945881}}