{"Q5VW32": {"Enrichment": 0.9614007719845603, "Depletion": 0.03861922761544769, "two-tailed": 0.07723845523089538}}