{"Q5VWK5": {"Enrichment": 0.9070418591628168, "Depletion": 0.09297814043719126, "two-tailed": 0.1859562808743825}}