{"Q5VWZ2": {"Enrichment": 0.9651006979860403, "Depletion": 0.034919301613967724, "two-tailed": 0.06983860322793545}}