{"Q5VWZ2": {"Enrichment": 0.8978420431591368, "Depletion": 0.10217795644087119, "two-tailed": 0.20435591288174237}}