{"Q5VYX0": {"Enrichment": 0.21439571208575828, "Depletion": 0.7856242875142497, "two-tailed": 0.42879142417151656}}