{"Q5VYS8": {"Enrichment": 0.8065638687226255, "Depletion": 0.19345613087738245, "two-tailed": 0.3869122617547649}}