{"Q5VYX0": {"Enrichment": 0.21545569088618227, "Depletion": 0.7845643087138258, "two-tailed": 0.43091138177236454}}