{"Q5VZV1": {"Enrichment": 0.40437191256174876, "Depletion": 0.5956480870382592, "two-tailed": 0.8087438251234975}}