{"Q5W111": {"Enrichment": 0.01767964640707186, "Depletion": 0.9823403531929361, "two-tailed": 0.03535929281414372}}