{"Q5XUX0": {"Enrichment": 0.32105357892842146, "Depletion": 0.6789664206715865, "two-tailed": 0.6421071578568429}}