{"Q5XUX0": {"Enrichment": 0.33297334053318933, "Depletion": 0.6670466590668187, "two-tailed": 0.6659466810663787}}