{"Q63HR2": {"Enrichment": 0.36851262974740506, "Depletion": 0.6315073698526029, "two-tailed": 0.7370252594948101}}