{"Q676U5": {"Enrichment": 0.22187556248875023, "Depletion": 0.7781444371112578, "two-tailed": 0.44375112497750047}}