{"Q676U5": {"Enrichment": 0.22531549369012618, "Depletion": 0.7747045059098818, "two-tailed": 0.45063098738025237}}