{"Q68DV7": {"Enrichment": 0.24427511449771006, "Depletion": 0.755744885102298, "two-tailed": 0.4885502289954201}}