{"Q68DV7": {"Enrichment": 0.18697626047479052, "Depletion": 0.8130437391252175, "two-tailed": 0.37395252094958104}}