{"Q68D85": {"Enrichment": 0.10993780124397512, "Depletion": 0.8900821983560329, "two-tailed": 0.21987560248795024}}