{"Q695T7": {"Enrichment": 0.06785864282714346, "Depletion": 0.9321613567728645, "two-tailed": 0.13571728565428692}}