{"Q695T7": {"Enrichment": 0.020659586808263835, "Depletion": 0.9793604127917441, "two-tailed": 0.04131917361652767}}