{"Q6B0I6": {"Enrichment": 0.1348173036539269, "Depletion": 0.8652026959460811, "two-tailed": 0.2696346073078538}}