{"Q6B8I1": {"Enrichment": 0.5855482890342193, "Depletion": 0.4144717105657887, "two-tailed": 0.8289434211315774}}