{"Q6DD88": {"Enrichment": 0.33679326413471733, "Depletion": 0.6632267354652907, "two-tailed": 0.6735865282694347}}