{"Q6DN90": {"Enrichment": 0.10751784964300715, "Depletion": 0.8925021499570008, "two-tailed": 0.2150356992860143}}