{"Q6DN90": {"Enrichment": 0.10609787804243916, "Depletion": 0.8939221215575689, "two-tailed": 0.2121957560848783}}