{"Q6EIG7": {"Enrichment": 0.7454050918981621, "Depletion": 0.25461490770184597, "two-tailed": 0.5092298154036919}}