{"Q6EIG7": {"Enrichment": 0.19067618647627047, "Depletion": 0.8093438131237375, "two-tailed": 0.38135237295254093}}