{"Q6IA69": {"Enrichment": 0.042579148417031656, "Depletion": 0.9574408511829764, "two-tailed": 0.08515829683406331}}