{"Q6IBS0": {"Enrichment": 0.3248135037299254, "Depletion": 0.6752064958700826, "two-tailed": 0.6496270074598508}}