{"Q6ICB0": {"Enrichment": 0.8062638747225056, "Depletion": 0.19375612487750246, "two-tailed": 0.3875122497550049}}