{"Q6ICB0": {"Enrichment": 0.8041839163216735, "Depletion": 0.19583608327833443, "two-tailed": 0.39167216655666887}}