{"Q6IQ22": {"Enrichment": 0.7565048699026019, "Depletion": 0.24351512969740605, "two-tailed": 0.4870302593948121}}