{"Q6IQ22": {"Enrichment": 0.752864942701146, "Depletion": 0.24715505689886202, "two-tailed": 0.49431011379772405}}