{"Q6L8Q7": {"Enrichment": 0.6703865922681547, "Depletion": 0.32963340733185337, "two-tailed": 0.6592668146637067}}