{"Q6L8Q7": {"Enrichment": 0.9189016219675606, "Depletion": 0.08111837763244735, "two-tailed": 0.1622367552648947}}