{"Q6N021": {"Enrichment": 0.14369712605747886, "Depletion": 0.8563228735425291, "two-tailed": 0.2873942521149577}}