{"Q6NS38": {"Enrichment": 0.19631607367852644, "Depletion": 0.8037039259214815, "two-tailed": 0.3926321473570529}}