{"Q6NUJ5": {"Enrichment": 0.02765944681106378, "Depletion": 0.9723605527889442, "two-tailed": 0.05531889362212756}}