{"Q6NYC1": {"Enrichment": 0.3235135297294054, "Depletion": 0.6765064698706026, "two-tailed": 0.6470270594588108}}