{"Q6NYC1": {"Enrichment": 0.36813263734725304, "Depletion": 0.631887362252755, "two-tailed": 0.7362652746945061}}