{"Q6P179": {"Enrichment": 0.878022439551209, "Depletion": 0.12199756004879903, "two-tailed": 0.24399512009759805}}