{"Q6P179": {"Enrichment": 0.9147417051658967, "Depletion": 0.08527829443411132, "two-tailed": 0.17055658886822264}}