{"Q6P1N9": {"Enrichment": 0.5990680186396272, "Depletion": 0.4009519809603808, "two-tailed": 0.8019039619207616}}