{"Q6P1M3": {"Enrichment": 0.25263494730105396, "Depletion": 0.747385052298954, "two-tailed": 0.5052698946021079}}