{"Q6P1M3": {"Enrichment": 0.13013739725205495, "Depletion": 0.869882602347953, "two-tailed": 0.2602747945041099}}