{"Q6P2Q9": {"Enrichment": 0.019119617607647847, "Depletion": 0.9809003819923602, "two-tailed": 0.038239235215295694}}