{"Q6P2Q9": {"Enrichment": 0.13269734605307895, "Depletion": 0.8673226535469291, "two-tailed": 0.2653946921061579}}