{"Q6P4F2": {"Enrichment": 0.7632447351052979, "Depletion": 0.23677526449471012, "two-tailed": 0.47355052898942024}}