{"Q6P587": {"Enrichment": 0.007439851202975941, "Depletion": 0.992580148397032, "two-tailed": 0.014879702405951881}}