{"Q6P587": {"Enrichment": 0.03885922281554369, "Depletion": 0.9611607767844643, "two-tailed": 0.07771844563108737}}