{"Q6P6C2": {"Enrichment": 0.5068698626027479, "Depletion": 0.49315013699726007, "two-tailed": 0.9863002739945201}}