{"Q6P988": {"Enrichment": 0.09285814283714326, "Depletion": 0.9071618567628648, "two-tailed": 0.18571628567428652}}