{"Q6PHW0": {"Enrichment": 0.11517769644607108, "Depletion": 0.884842303153937, "two-tailed": 0.23035539289214216}}