{"Q6PHR2": {"Enrichment": 0.0063198736025279496, "Depletion": 0.99370012599748, "two-tailed": 0.012639747205055899}}