{"Q6PJP8": {"Enrichment": 0.31375372492550146, "Depletion": 0.6862662746745065, "two-tailed": 0.6275074498510029}}