{"Q6SZW1": {"Enrichment": 0.7204055918881622, "Depletion": 0.27961440771184576, "two-tailed": 0.5592288154236915}}