{"Q6SZW1": {"Enrichment": 0.5466090678186436, "Depletion": 0.4534109317813644, "two-tailed": 0.9068218635627288}}