{"Q6TDP4": {"Enrichment": 0.9067818643627128, "Depletion": 0.09323813523729525, "two-tailed": 0.1864762704745905}}