{"Q6TDP4": {"Enrichment": 0.6625667486650267, "Depletion": 0.3374532509349813, "two-tailed": 0.6749065018699626}}