{"Q6UWY2": {"Enrichment": 0.2129557408851823, "Depletion": 0.7870642587148257, "two-tailed": 0.4259114817703646}}