{"Q6UWY2": {"Enrichment": 0.7833443331133377, "Depletion": 0.21667566648667028, "two-tailed": 0.43335133297334055}}