{"Q6UWP2": {"Enrichment": 0.15935681286374273, "Depletion": 0.8406631867362653, "two-tailed": 0.31871362572748546}}