{"Q6UX04": {"Enrichment": 0.8530629387412252, "Depletion": 0.14695706085878282, "two-tailed": 0.29391412171756565}}