{"Q6V1X1": {"Enrichment": 0.6774264514709706, "Depletion": 0.3225935481290374, "two-tailed": 0.6451870962580748}}