{"Q6V1X1": {"Enrichment": 0.7346053078938422, "Depletion": 0.2654146917061659, "two-tailed": 0.5308293834123318}}