{"Q6VAB6": {"Enrichment": 0.028179436411271776, "Depletion": 0.9718405631887362, "two-tailed": 0.05635887282254355}}