{"Q6VVX0": {"Enrichment": 0.0013199736005279894, "Depletion": 0.99870002599948, "two-tailed": 0.002639947201055979}}