{"Q6XQN6": {"Enrichment": 0.126677466450671, "Depletion": 0.873342533149337, "two-tailed": 0.253354932901342}}