{"Q6XQN6": {"Enrichment": 0.22971540569188617, "Depletion": 0.7703045939081219, "two-tailed": 0.45943081138377234}}