{"Q6YN16": {"Enrichment": 0.33081338373232533, "Depletion": 0.6692066158676826, "two-tailed": 0.6616267674646507}}