{"Q6YN16": {"Enrichment": 0.1734965300693986, "Depletion": 0.8265234695306094, "two-tailed": 0.3469930601387972}}