{"Q6ZMI3": {"Enrichment": 0.8342033159336814, "Depletion": 0.16581668366632668, "two-tailed": 0.33163336733265336}}