{"Q6ZMT4": {"Enrichment": 0.06939861202775945, "Depletion": 0.9306213875722485, "two-tailed": 0.1387972240555189}}