{"Q6ZMJ4": {"Enrichment": 0.17121657566848664, "Depletion": 0.8288034239315214, "two-tailed": 0.3424331513369733}}