{"Q6ZMI3": {"Enrichment": 0.8884822303553929, "Depletion": 0.1115377692446151, "two-tailed": 0.2230755384892302}}