{"Q6ZMT4": {"Enrichment": 0.08243835123297534, "Depletion": 0.9175816483670327, "two-tailed": 0.16487670246595068}}