{"Q6ZYL4": {"Enrichment": 0.8932621347573049, "Depletion": 0.10675786484270315, "two-tailed": 0.2135157296854063}}