{"Q76I76": {"Enrichment": 0.755064898702026, "Depletion": 0.24495510089798203, "two-tailed": 0.48991020179596406}}