{"Q76I76": {"Enrichment": 0.753464930701386, "Depletion": 0.24655506889862203, "two-tailed": 0.49311013779724405}}