{"Q76LX8": {"Enrichment": 0.0628387432251355, "Depletion": 0.9371812563748725, "two-tailed": 0.125677486450271}}