{"Q76LX8": {"Enrichment": 0.07199856002879942, "Depletion": 0.9280214395712085, "two-tailed": 0.14399712005759885}}