{"Q7KZI7": {"Enrichment": 0.6028479430411392, "Depletion": 0.39717205655886884, "two-tailed": 0.7943441131177377}}