{"Q7KZF4": {"Enrichment": 0.7135257294854103, "Depletion": 0.2864942701145977, "two-tailed": 0.5729885402291954}}