{"Q7KZF4": {"Enrichment": 0.8344033119337613, "Depletion": 0.16561668766624668, "two-tailed": 0.33123337533249336}}