{"Q7L0Y3": {"Enrichment": 0.006659866802663947, "Depletion": 0.993360132797344, "two-tailed": 0.013319733605327894}}