{"Q7L1T6": {"Enrichment": 0.33439331213375734, "Depletion": 0.6656266874662506, "two-tailed": 0.6687866242675147}}