{"Q7L523": {"Enrichment": 0.2253754924901502, "Depletion": 0.7746445071098578, "two-tailed": 0.4507509849803004}}