{"Q7L5Y1": {"Enrichment": 0.0014399712005759885, "Depletion": 0.998580028399432, "two-tailed": 0.002879942401151977}}