{"Q7L576": {"Enrichment": 0.2983340333193336, "Depletion": 0.7016859662806744, "two-tailed": 0.5966680666386672}}