{"Q7L576": {"Enrichment": 0.29523409531809364, "Depletion": 0.7047859042819143, "two-tailed": 0.5904681906361873}}