{"Q7L523": {"Enrichment": 0.22285554288914222, "Depletion": 0.7771644567108658, "two-tailed": 0.44571108577828444}}