{"Q7L8A9": {"Enrichment": 0.11709765804683907, "Depletion": 0.882922341553169, "two-tailed": 0.23419531609367814}}