{"Q7LBC6": {"Enrichment": 0.7221255574888502, "Depletion": 0.27789444211115777, "two-tailed": 0.5557888842223155}}