{"Q7LBC6": {"Enrichment": 0.7134657306853863, "Depletion": 0.2865542689146217, "two-tailed": 0.5731085378292434}}