{"Q7LBE3": {"Enrichment": 0.10439791204175916, "Depletion": 0.8956220875582488, "two-tailed": 0.20879582408351832}}