{"Q7LBE3": {"Enrichment": 0.027779444411111777, "Depletion": 0.9722405551888962, "two-tailed": 0.055558888822223554}}