{"Q7LG56": {"Enrichment": 0.0746385072298554, "Depletion": 0.9253814923701525, "two-tailed": 0.1492770144597108}}