{"Q7RTP6": {"Enrichment": 0.47921041579168416, "Depletion": 0.5208095838083239, "two-tailed": 0.9584208315833683}}