{"Q7RTP6": {"Enrichment": 0.4808503829923402, "Depletion": 0.5191696166076678, "two-tailed": 0.9617007659846804}}