{"Q7RTV0": {"Enrichment": 0.19235615287694247, "Depletion": 0.8076638467230656, "two-tailed": 0.38471230575388493}}