{"Q7Z2E3": {"Enrichment": 0.4260714785704286, "Depletion": 0.5739485210295794, "two-tailed": 0.8521429571408572}}