{"Q7Z2E3": {"Enrichment": 0.4269314613707726, "Depletion": 0.5730885382292354, "two-tailed": 0.8538629227415452}}