{"Q7Z3T8": {"Enrichment": 0.9908201835963281, "Depletion": 0.009199816003679926, "two-tailed": 0.01839963200735985}}