{"Q7Z3C6": {"Enrichment": 0.40929181416371674, "Depletion": 0.5907281854362912, "two-tailed": 0.8185836283274335}}