{"Q7Z3C6": {"Enrichment": 0.40859182816343675, "Depletion": 0.5914281714365712, "two-tailed": 0.8171836563268735}}