{"Q7Z4V5": {"Enrichment": 0.15365692686146276, "Depletion": 0.8463630727385453, "two-tailed": 0.3073138537229255}}