{"Q7Z4W1": {"Enrichment": 0.9353012939741205, "Depletion": 0.06471870562588748, "two-tailed": 0.12943741125177496}}