{"Q7Z4V5": {"Enrichment": 0.15471690566188676, "Depletion": 0.8453030939381212, "two-tailed": 0.3094338113237735}}