{"Q7Z4S6": {"Enrichment": 0.6658666826663466, "Depletion": 0.33415331693366135, "two-tailed": 0.6683066338673227}}