{"Q7Z4S6": {"Enrichment": 0.6685066298674026, "Depletion": 0.33151336973260537, "two-tailed": 0.6630267394652107}}