{"Q7Z406": {"Enrichment": 0.5216695666086678, "Depletion": 0.47835043299134017, "two-tailed": 0.9567008659826803}}