{"Q7Z4W1": {"Enrichment": 0.3476130477390452, "Depletion": 0.6524069518609628, "two-tailed": 0.6952260954780904}}