{"Q7Z5Q5": {"Enrichment": 0.9402011959760804, "Depletion": 0.059818803623927524, "two-tailed": 0.11963760724785505}}