{"Q7Z6Z7": {"Enrichment": 0.23103537929241416, "Depletion": 0.7689846203075938, "two-tailed": 0.4620707585848283}}