{"Q7Z6Z7": {"Enrichment": 0.43157136857262857, "Depletion": 0.5684486310273794, "two-tailed": 0.8631427371452571}}