{"Q7Z6A9": {"Enrichment": 0.6534469310613787, "Depletion": 0.34657306853862924, "two-tailed": 0.6931461370772585}}