{"Q7Z6A9": {"Enrichment": 0.6491070178596428, "Depletion": 0.35091298174036517, "two-tailed": 0.7018259634807303}}