{"Q7Z739": {"Enrichment": 0.8490430191396172, "Depletion": 0.1509769804603908, "two-tailed": 0.3019539609207816}}