{"Q7Z739": {"Enrichment": 0.8532629347413052, "Depletion": 0.14675706485870282, "two-tailed": 0.29351412971740565}}