{"Q7Z7E8": {"Enrichment": 0.6885662286754265, "Depletion": 0.3114537709245815, "two-tailed": 0.622907541849163}}