{"Q86SQ9": {"Enrichment": 0.23287534249315014, "Depletion": 0.7671446571068579, "two-tailed": 0.4657506849863003}}