{"Q86SR1": {"Enrichment": 0.24363512729745404, "Depletion": 0.7563848723025539, "two-tailed": 0.4872702545949081}}