{"Q86SE9": {"Enrichment": 0.9504009919801604, "Depletion": 0.049619007619847603, "two-tailed": 0.09923801523969521}}