{"Q86SX6": {"Enrichment": 0.6663066738665226, "Depletion": 0.33371332573348533, "two-tailed": 0.6674266514669707}}