{"Q86SF2": {"Enrichment": 0.05947881042379152, "Depletion": 0.9405411891762164, "two-tailed": 0.11895762084758305}}