{"Q86SQ9": {"Enrichment": 0.15537689246215075, "Depletion": 0.8446431071378573, "two-tailed": 0.3107537849243015}}