{"Q86TU7": {"Enrichment": 0.5209695806083878, "Depletion": 0.47905041899162015, "two-tailed": 0.9581008379832403}}