{"Q86TI2": {"Enrichment": 0.503129937401252, "Depletion": 0.49689006219875603, "two-tailed": 0.9937801243975121}}