{"Q86TI2": {"Enrichment": 0.613727725445491, "Depletion": 0.3862922741545169, "two-tailed": 0.7725845483090338}}