{"Q86U44": {"Enrichment": 0.5973080538389233, "Depletion": 0.40271194576108477, "two-tailed": 0.8054238915221695}}