{"Q86U86": {"Enrichment": 0.2148357032859343, "Depletion": 0.7851842963140737, "two-tailed": 0.4296714065718686}}