{"Q86UT5": {"Enrichment": 0.9731205375892482, "Depletion": 0.026899462010759784, "two-tailed": 0.05379892402151957}}