{"Q86U86": {"Enrichment": 0.1382972340553189, "Depletion": 0.8617227655446891, "two-tailed": 0.2765944681106378}}