{"Q86UY5": {"Enrichment": 0.06969860602787945, "Depletion": 0.9303213935721285, "two-tailed": 0.1393972120557589}}