{"Q86UE8": {"Enrichment": 0.1405371892562149, "Depletion": 0.8594828103437931, "two-tailed": 0.2810743785124298}}