{"Q86U44": {"Enrichment": 0.008179836403271934, "Depletion": 0.9918401631967361, "two-tailed": 0.01635967280654387}}