{"Q86UE8": {"Enrichment": 0.021139577208455832, "Depletion": 0.9788804223915522, "two-tailed": 0.042279154416911664}}