{"Q86UW9": {"Enrichment": 0.1508369832603348, "Depletion": 0.8491830163396732, "two-tailed": 0.3016739665206696}}