{"Q86UY5": {"Enrichment": 0.06937861242775145, "Depletion": 0.9306413871722565, "two-tailed": 0.1387572248555029}}