{"Q86VQ6": {"Enrichment": 0.4716905661886762, "Depletion": 0.5283294334113318, "two-tailed": 0.9433811323773524}}