{"Q86VU5": {"Enrichment": 0.6675666486670266, "Depletion": 0.33245335093298134, "two-tailed": 0.6649067018659627}}