{"Q86VP1": {"Enrichment": 0.8231635367292655, "Depletion": 0.17685646287074258, "two-tailed": 0.35371292574148516}}