{"Q86V88": {"Enrichment": 0.31071378572428554, "Depletion": 0.6893062138757224, "two-tailed": 0.6214275714485711}}