{"Q86V81": {"Enrichment": 0.877002459950801, "Depletion": 0.12301753964920702, "two-tailed": 0.24603507929841403}}