{"Q86VP1": {"Enrichment": 0.8236235275294495, "Depletion": 0.17639647207055859, "two-tailed": 0.35279294414111717}}