{"Q86VQ6": {"Enrichment": 0.8107637847243055, "Depletion": 0.1892562148757025, "two-tailed": 0.378512429751405}}