{"Q86W56": {"Enrichment": 0.13525729485410293, "Depletion": 0.8647627047459051, "two-tailed": 0.27051458970820585}}