{"Q86W56": {"Enrichment": 0.1498370032599348, "Depletion": 0.8501829963400732, "two-tailed": 0.2996740065198696}}