{"Q86WA6": {"Enrichment": 0.9048019039619207, "Depletion": 0.09521809563808724, "two-tailed": 0.19043619127617448}}