{"Q86WA6": {"Enrichment": 0.5573488530229396, "Depletion": 0.44267114657706846, "two-tailed": 0.8853422931541369}}