{"Q86XE5": {"Enrichment": 0.5514489710205795, "Depletion": 0.44857102857942843, "two-tailed": 0.8971420571588569}}