{"Q86XP0": {"Enrichment": 0.5278294434111318, "Depletion": 0.47219055618887623, "two-tailed": 0.9443811123777525}}