{"Q86X55": {"Enrichment": 0.8160236795264094, "Depletion": 0.18399632007359853, "two-tailed": 0.36799264014719707}}