{"Q86XP0": {"Enrichment": 0.09281814363712726, "Depletion": 0.9072018559628807, "two-tailed": 0.18563628727425452}}