{"Q86XE5": {"Enrichment": 0.7946041079178416, "Depletion": 0.20541589168216637, "two-tailed": 0.41083178336433274}}