{"Q86Y97": {"Enrichment": 0.06613867722645547, "Depletion": 0.9338813223735525, "two-tailed": 0.13227735445291094}}