{"Q86Y78": {"Enrichment": 0.9786404271914562, "Depletion": 0.021379572408551827, "two-tailed": 0.042759144817103655}}