{"Q86YV6": {"Enrichment": 0.17029659406811865, "Depletion": 0.8297234055318894, "two-tailed": 0.3405931881362373}}