{"Q86Y38": {"Enrichment": 0.49471010579788405, "Depletion": 0.505309893802124, "two-tailed": 0.9894202115957681}}