{"Q86Y07": {"Enrichment": 0.05263894722105558, "Depletion": 0.9473810523789524, "two-tailed": 0.10527789444211116}}