{"Q86Z14": {"Enrichment": 0.7323253534929302, "Depletion": 0.2676946461070779, "two-tailed": 0.5353892922141558}}