{"Q86Z14": {"Enrichment": 0.7866442671146577, "Depletion": 0.2133757324853503, "two-tailed": 0.4267514649707006}}