{"Q8IU57": {"Enrichment": 0.3540329193416132, "Depletion": 0.6459870802583948, "two-tailed": 0.7080658386832264}}