{"Q8IUF8": {"Enrichment": 9.99980000399992e-05, "Depletion": 0.999920001599968, "two-tailed": 0.0001999960000799984}}