{"Q8IUF8": {"Enrichment": 0.03243935121297574, "Depletion": 0.9675806483870323, "two-tailed": 0.06487870242595148}}