{"Q8IU60": {"Enrichment": 0.7606047879042419, "Depletion": 0.23941521169576607, "two-tailed": 0.47883042339153215}}