{"Q8IU54": {"Enrichment": 0.2000559988800224, "Depletion": 0.7999640007199856, "two-tailed": 0.4001119977600448}}