{"Q8IU60": {"Enrichment": 0.8034639307213856, "Depletion": 0.19655606887862243, "two-tailed": 0.39311213775724485}}