{"Q8IU54": {"Enrichment": 0.19687606247875042, "Depletion": 0.8031439371212575, "two-tailed": 0.39375212495750084}}