{"Q8IUH3": {"Enrichment": 0.2241355172896542, "Depletion": 0.7758844823103538, "two-tailed": 0.4482710345793084}}