{"Q8IUX4": {"Enrichment": 0.028239435211295773, "Depletion": 0.9717805643887122, "two-tailed": 0.056478870422591546}}