{"Q8IVT5": {"Enrichment": 0.07065858682826344, "Depletion": 0.9293614127717446, "two-tailed": 0.14131717365652688}}