{"Q8IV63": {"Enrichment": 0.8269234615307693, "Depletion": 0.1730965380692386, "two-tailed": 0.3461930761384772}}