{"Q8IVH8": {"Enrichment": 0.12975740485190296, "Depletion": 0.8702625947481051, "two-tailed": 0.2595148097038059}}