{"Q8IV16": {"Enrichment": 0.32079358412831743, "Depletion": 0.6792264154716906, "two-tailed": 0.6415871682566349}}