{"Q8IVH8": {"Enrichment": 0.09013819723605528, "Depletion": 0.9098818023639528, "two-tailed": 0.18027639447211055}}