{"Q8IVL8": {"Enrichment": 0.35513289734205317, "Depletion": 0.6448871022579549, "two-tailed": 0.7102657946841063}}