{"Q8IVS2": {"Enrichment": 0.4123317533649327, "Depletion": 0.5876882462350753, "two-tailed": 0.8246635067298654}}