{"Q8IWU9": {"Enrichment": 0.7716245675086498, "Depletion": 0.22839543209135818, "two-tailed": 0.45679086418271636}}