{"Q8IWA4": {"Enrichment": 0.4031519369612608, "Depletion": 0.5968680626387473, "two-tailed": 0.8063038739225216}}