{"Q8IWL3": {"Enrichment": 0.7271854562908742, "Depletion": 0.2728345433091338, "two-tailed": 0.5456690866182676}}