{"Q8IWL3": {"Enrichment": 0.7222855542889142, "Depletion": 0.27773444531109376, "two-tailed": 0.5554688906221875}}