{"Q8IWA4": {"Enrichment": 0.40563188736225275, "Depletion": 0.5943881122377552, "two-tailed": 0.8112637747245055}}