{"Q8IXI2": {"Enrichment": 0.866782664346713, "Depletion": 0.13323733525329493, "two-tailed": 0.26647467050658985}}