{"Q8IXL7": {"Enrichment": 0.34617307653846924, "Depletion": 0.6538469230615388, "two-tailed": 0.6923461530769385}}