{"Q8IX04": {"Enrichment": 0.1865362692746145, "Depletion": 0.8134837303253935, "two-tailed": 0.373072538549229}}