{"Q8IXK2": {"Enrichment": 0.5774084518309633, "Depletion": 0.42261154776904464, "two-tailed": 0.8452230955380893}}