{"Q8IXI2": {"Enrichment": 0.8653826923461531, "Depletion": 0.13463730725385492, "two-tailed": 0.26927461450770984}}