{"Q8IXL7": {"Enrichment": 0.3447731045379092, "Depletion": 0.6552468950620988, "two-tailed": 0.6895462090758184}}