{"Q8IX04": {"Enrichment": 0.03333933321333574, "Depletion": 0.9666806663866723, "two-tailed": 0.06667866642667147}}