{"Q8IXI1": {"Enrichment": 0.124897502049959, "Depletion": 0.875122497550049, "two-tailed": 0.249795004099918}}