{"Q8IXQ5": {"Enrichment": 0.3396732065358693, "Depletion": 0.6603467930641387, "two-tailed": 0.6793464130717386}}