{"Q8IXQ5": {"Enrichment": 0.0499190016199676, "Depletion": 0.9501009979800404, "two-tailed": 0.0998380032399352}}