{"Q8IYB1": {"Enrichment": 0.1636367272654547, "Depletion": 0.8363832723345533, "two-tailed": 0.3272734545309094}}