{"Q8IYT8": {"Enrichment": 0.49769004619907603, "Depletion": 0.502329953400932, "two-tailed": 0.9953800923981521}}