{"Q8IYB8": {"Enrichment": 0.34199316013679726, "Depletion": 0.6580268394632107, "two-tailed": 0.6839863202735945}}