{"Q8IYS0": {"Enrichment": 0.14509709805803883, "Depletion": 0.8549229015419691, "two-tailed": 0.29019419611607766}}