{"Q8IYB1": {"Enrichment": 0.1620167596648067, "Depletion": 0.8380032399352013, "two-tailed": 0.3240335193296134}}