{"Q8IZT8": {"Enrichment": 0.5307693846123077, "Depletion": 0.46925061498770027, "two-tailed": 0.9385012299754005}}