{"Q8IZF0": {"Enrichment": 0.06897862042759145, "Depletion": 0.9310413791724166, "two-tailed": 0.1379572408551829}}