{"Q8IZT8": {"Enrichment": 0.4376312473750525, "Depletion": 0.5623887522249555, "two-tailed": 0.875262494750105}}