{"Q8N0X4": {"Enrichment": 0.125137497250055, "Depletion": 0.874882502349953, "two-tailed": 0.25027499450011}}