{"Q8N0X4": {"Enrichment": 0.124257514849703, "Depletion": 0.875762484750305, "two-tailed": 0.248515029699406}}