{"Q8N0W4": {"Enrichment": 0.13127737445251095, "Depletion": 0.868742625147497, "two-tailed": 0.2625547489050219}}