{"Q8N0Z6": {"Enrichment": 0.44577108457830844, "Depletion": 0.5542489150216996, "two-tailed": 0.8915421691566169}}