{"Q8N1G2": {"Enrichment": 0.6632667346653067, "Depletion": 0.3367532649347013, "two-tailed": 0.6735065298694026}}