{"Q8N335": {"Enrichment": 0.005299894002119957, "Depletion": 0.994720105597888, "two-tailed": 0.010599788004239915}}