{"Q8N465": {"Enrichment": 0.041679166416671666, "Depletion": 0.9583408331833363, "two-tailed": 0.08335833283334333}}