{"Q8N4T8": {"Enrichment": 0.994860102797944, "Depletion": 0.005159896802063958, "two-tailed": 0.010319793604127917}}