{"Q8N4E4": {"Enrichment": 0.6322073558528829, "Depletion": 0.3678126437471251, "two-tailed": 0.7356252874942502}}