{"Q8N4Q0": {"Enrichment": 0.9082218355632887, "Depletion": 0.09179816403671927, "two-tailed": 0.18359632807343854}}