{"Q8N4E4": {"Enrichment": 0.6439871202575949, "Depletion": 0.3560328793424132, "two-tailed": 0.7120657586848264}}