{"Q8N4E7": {"Enrichment": 0.9559408811823763, "Depletion": 0.044079118417631645, "two-tailed": 0.08815823683526329}}