{"Q8N4J0": {"Enrichment": 0.1999360012799744, "Depletion": 0.8000839983200336, "two-tailed": 0.3998720025599488}}