{"Q8N4A0": {"Enrichment": 0.9480610387792244, "Depletion": 0.051958960820783585, "two-tailed": 0.10391792164156717}}