{"Q8N4T8": {"Enrichment": 0.28149437011259776, "Depletion": 0.7185256294874103, "two-tailed": 0.5629887402251955}}