{"Q8N4A0": {"Enrichment": 0.990160196796064, "Depletion": 0.009859802803943921, "two-tailed": 0.019719605607887842}}