{"Q8N465": {"Enrichment": 0.08421831563368733, "Depletion": 0.9158016839663207, "two-tailed": 0.16843663126737465}}