{"Q8N4Q0": {"Enrichment": 0.880042399152017, "Depletion": 0.11997760044799104, "two-tailed": 0.23995520089598207}}