{"Q8N4E7": {"Enrichment": 0.636367272654547, "Depletion": 0.3636527269454611, "two-tailed": 0.7273054538909222}}