{"Q8N5Y2": {"Enrichment": 0.618987620247595, "Depletion": 0.38103237935241296, "two-tailed": 0.7620647587048259}}