{"Q8N5Y2": {"Enrichment": 0.6065478690426191, "Depletion": 0.39347213055738883, "two-tailed": 0.7869442611147777}}