{"Q8N5H7": {"Enrichment": 0.7830443391132177, "Depletion": 0.21697566048679026, "two-tailed": 0.4339513209735805}}