{"Q8N5H7": {"Enrichment": 0.7878842423151537, "Depletion": 0.21213575728485431, "two-tailed": 0.42427151456970863}}