{"Q8N539": {"Enrichment": 0.7745645087098258, "Depletion": 0.2254554908901822, "two-tailed": 0.4509109817803644}}