{"Q8N539": {"Enrichment": 0.7699046019079618, "Depletion": 0.23011539769204617, "two-tailed": 0.46023079538409234}}