{"Q8N6T3": {"Enrichment": 0.6104477910441791, "Depletion": 0.38957220855582886, "two-tailed": 0.7791444171116577}}