{"Q8N6T7": {"Enrichment": 0.7425251494970101, "Depletion": 0.25749485010299794, "two-tailed": 0.5149897002059959}}