{"Q8N6H7": {"Enrichment": 0.5883882322353553, "Depletion": 0.41163176736465273, "two-tailed": 0.8232635347293055}}