{"Q8N6R0": {"Enrichment": 0.4231915361692766, "Depletion": 0.5768284634307314, "two-tailed": 0.8463830723385533}}