{"Q8N6H7": {"Enrichment": 0.5881682366352673, "Depletion": 0.4118517629647407, "two-tailed": 0.8237035259294814}}