{"Q8N6R0": {"Enrichment": 0.743985120297594, "Depletion": 0.256034879302414, "two-tailed": 0.512069758604828}}