{"Q8N8Q3": {"Enrichment": 0.6567268654626908, "Depletion": 0.34329313413731727, "two-tailed": 0.6865862682746345}}