{"Q8N8N7": {"Enrichment": 0.617727645447091, "Depletion": 0.38229235415291696, "two-tailed": 0.7645847083058339}}