{"Q8N8Q3": {"Enrichment": 0.5938281234375312, "Depletion": 0.40619187616247676, "two-tailed": 0.8123837523249535}}