{"Q8N8S7": {"Enrichment": 0.00885982280354393, "Depletion": 0.9911601767964641, "two-tailed": 0.01771964560708786}}