{"Q8N9L9": {"Enrichment": 0.6683066338673227, "Depletion": 0.33171336573268534, "two-tailed": 0.6634267314653707}}