{"Q8NAT1": {"Enrichment": 0.7394452110957781, "Depletion": 0.26057478850422994, "two-tailed": 0.5211495770084599}}