{"Q8NAT1": {"Enrichment": 0.7670646587068258, "Depletion": 0.23295534089318215, "two-tailed": 0.4659106817863643}}