{"Q8NBJ7": {"Enrichment": 0.07975840483190336, "Depletion": 0.9202615947681047, "two-tailed": 0.1595168096638067}}