{"Q8NBK3": {"Enrichment": 0.2712945741085178, "Depletion": 0.7287254254914902, "two-tailed": 0.5425891482170356}}