{"Q8NB16": {"Enrichment": 0.18997620047599048, "Depletion": 0.8100437991240175, "two-tailed": 0.37995240095198096}}