{"Q8NBQ5": {"Enrichment": 0.09205815883682326, "Depletion": 0.9079618407631848, "two-tailed": 0.18411631767364653}}