{"Q8NBZ7": {"Enrichment": 0.23043539129217416, "Depletion": 0.7695846083078338, "two-tailed": 0.4608707825843483}}