{"Q8NB16": {"Enrichment": 0.05855882882342353, "Depletion": 0.9414611707765844, "two-tailed": 0.11711765764684706}}