{"Q8NBP7": {"Enrichment": 0.22147557048859023, "Depletion": 0.7785444291114177, "two-tailed": 0.44295114097718047}}