{"Q8NBS9": {"Enrichment": 0.633407331853363, "Depletion": 0.3666126677466451, "two-tailed": 0.7332253354932902}}