{"Q8NBZ7": {"Enrichment": 0.059078818423631524, "Depletion": 0.9409411811763765, "two-tailed": 0.11815763684726305}}