{"Q8NBQ5": {"Enrichment": 0.0871782564348713, "Depletion": 0.9128417431651367, "two-tailed": 0.1743565128697426}}