{"Q8NBL1": {"Enrichment": 0.3373732525349493, "Depletion": 0.6626467470650587, "two-tailed": 0.6747465050698986}}