{"Q8NBJ7": {"Enrichment": 0.0031999360012799744, "Depletion": 0.996820063598728, "two-tailed": 0.006399872002559949}}