{"Q8NCC3": {"Enrichment": 0.04289914201715966, "Depletion": 0.9571208575828484, "two-tailed": 0.08579828403431931}}