{"Q8NCC3": {"Enrichment": 0.15671686566268675, "Depletion": 0.8433031339373213, "two-tailed": 0.3134337313253735}}