{"Q8NE01": {"Enrichment": 0.8051438971220576, "Depletion": 0.19487610247795045, "two-tailed": 0.3897522049559009}}