{"Q8NEZ4": {"Enrichment": 0.048419031619367614, "Depletion": 0.9516009679806404, "two-tailed": 0.09683806323873523}}