{"Q8NEJ0": {"Enrichment": 0.885762284754305, "Depletion": 0.11425771484570309, "two-tailed": 0.22851542969140617}}