{"Q8NEZ4": {"Enrichment": 0.046919061618767625, "Depletion": 0.9531009379812404, "two-tailed": 0.09383812323753525}}