{"Q8NE01": {"Enrichment": 0.8034439311213776, "Depletion": 0.19657606847863043, "two-tailed": 0.39315213695726087}}