{"Q8NFU3": {"Enrichment": 0.6786064278714425, "Depletion": 0.32141357172856544, "two-tailed": 0.6428271434571309}}