{"Q8NFP9": {"Enrichment": 0.3857122857542849, "Depletion": 0.6143077138457231, "two-tailed": 0.7714245715085698}}