{"Q8NFP9": {"Enrichment": 0.37825243495130095, "Depletion": 0.621767564648707, "two-tailed": 0.7565048699026019}}