{"Q8NFQ8": {"Enrichment": 0.1363972720545589, "Depletion": 0.8636227275454491, "two-tailed": 0.2727945441091178}}