{"Q8NFH5": {"Enrichment": 0.6370872582548349, "Depletion": 0.3629327413451731, "two-tailed": 0.7258654826903462}}