{"Q8NFH5": {"Enrichment": 0.35275294494110115, "Depletion": 0.6472670546589068, "two-tailed": 0.7055058898822023}}