{"Q8NHP6": {"Enrichment": 0.9439211215775685, "Depletion": 0.05609887802243955, "two-tailed": 0.1121977560448791}}