{"Q8NHP6": {"Enrichment": 0.9441811163776724, "Depletion": 0.05583888322233555, "two-tailed": 0.1116777664446711}}