{"Q8NHJ6": {"Enrichment": 0.0025599488010239796, "Depletion": 0.997460050798984, "two-tailed": 0.005119897602047959}}