{"Q8NHJ6": {"Enrichment": 0.0037799244015119695, "Depletion": 0.996240075198496, "two-tailed": 0.007559848803023939}}