{"Q8NI60": {"Enrichment": 0.25445491090178196, "Depletion": 0.745565088698226, "two-tailed": 0.5089098218035639}}