{"Q8NI60": {"Enrichment": 0.25697486050278995, "Depletion": 0.743045139097218, "two-tailed": 0.5139497210055799}}