{"Q8TAF3": {"Enrichment": 0.4396312073758525, "Depletion": 0.5603887922241555, "two-tailed": 0.879262414751705}}