{"Q8TBE9": {"Enrichment": 0.377352452950941, "Depletion": 0.622667546649067, "two-tailed": 0.754704905901882}}