{"Q8TB45": {"Enrichment": 0.4375512489750205, "Depletion": 0.5624687506249875, "two-tailed": 0.875102497950041}}