{"Q8TBZ6": {"Enrichment": 0.07931841363172737, "Depletion": 0.9207015859682807, "two-tailed": 0.15863682726345474}}