{"Q8TB45": {"Enrichment": 0.4373512529749405, "Depletion": 0.5626687466250675, "two-tailed": 0.874702505949881}}