{"Q8TBE9": {"Enrichment": 0.37967240655186896, "Depletion": 0.620347593048139, "two-tailed": 0.7593448131037379}}