{"Q8TBC4": {"Enrichment": 0.00509989800203996, "Depletion": 0.9949201015979681, "two-tailed": 0.01019979600407992}}