{"Q8TCS8": {"Enrichment": 0.1352172956540869, "Depletion": 0.8648027039459211, "two-tailed": 0.2704345913081738}}