{"Q8TCE9": {"Enrichment": 0.9238015239695206, "Depletion": 0.07621847563048739, "two-tailed": 0.15243695126097478}}