{"Q8TCC3": {"Enrichment": 0.044079118417631645, "Depletion": 0.9559408811823763, "two-tailed": 0.08815823683526329}}