{"Q8TD30": {"Enrichment": 0.6786664266714666, "Depletion": 0.32135357292854144, "two-tailed": 0.6427071458570829}}