{"Q8TDX7": {"Enrichment": 0.4017719645607088, "Depletion": 0.5982480350392992, "two-tailed": 0.8035439291214176}}