{"Q8TDY4": {"Enrichment": 0.28293434131317374, "Depletion": 0.7170856582868342, "two-tailed": 0.5658686826263475}}