{"Q8TD30": {"Enrichment": 0.5089498210035799, "Depletion": 0.4910701785964281, "two-tailed": 0.9821403571928562}}