{"Q8TDQ0": {"Enrichment": 0.36877262454750903, "Depletion": 0.631247375052499, "two-tailed": 0.7375452490950181}}