{"Q8TDY4": {"Enrichment": 0.28367432651346974, "Depletion": 0.7163456730865383, "two-tailed": 0.5673486530269395}}