{"Q8TDX5": {"Enrichment": 0.6549869002619948, "Depletion": 0.34503309933801324, "two-tailed": 0.6900661986760265}}