{"Q8TDX7": {"Enrichment": 0.41855162896742065, "Depletion": 0.5814683706325874, "two-tailed": 0.8371032579348413}}