{"Q8TDX5": {"Enrichment": 0.6551468970620588, "Depletion": 0.3448731025379492, "two-tailed": 0.6897462050758985}}