{"Q8TE04": {"Enrichment": 0.8923221535569289, "Depletion": 0.10769784604307914, "two-tailed": 0.21539569208615827}}