{"Q8TED1": {"Enrichment": 0.2245755084898302, "Depletion": 0.7754444911101778, "two-tailed": 0.4491510169796604}}