{"Q8TEH3": {"Enrichment": 0.7311053778924421, "Depletion": 0.26891462170756586, "two-tailed": 0.5378292434151317}}