{"Q8TEK3": {"Enrichment": 0.08967820643587128, "Depletion": 0.9103417931641368, "two-tailed": 0.17935641287174256}}