{"Q8TEP8": {"Enrichment": 0.9739405211895762, "Depletion": 0.026079478410431792, "two-tailed": 0.052158956820863585}}