{"Q8TE04": {"Enrichment": 1.0, "Depletion": 1.999960000799984e-05, "two-tailed": 3.999920001599968e-05}}