{"Q8TEK3": {"Enrichment": 0.03665926681466371, "Depletion": 0.9633607327853443, "two-tailed": 0.07331853362932741}}