{"Q8TE69": {"Enrichment": 0.8174036519269614, "Depletion": 0.18261634767304655, "two-tailed": 0.3652326953460931}}