{"Q8TE69": {"Enrichment": 0.8193036139277214, "Depletion": 0.18071638567228657, "two-tailed": 0.36143277134457313}}