{"Q8TED1": {"Enrichment": 0.22305553888922222, "Depletion": 0.7769644607107857, "two-tailed": 0.44611107777844444}}