{"Q8TEH3": {"Enrichment": 0.6434871302573949, "Depletion": 0.35653286934261313, "two-tailed": 0.7130657386852263}}