{"Q8TF42": {"Enrichment": 0.4874902501949961, "Depletion": 0.512529749405012, "two-tailed": 0.9749805003899922}}