{"Q8TF76": {"Enrichment": 0.8579828403431932, "Depletion": 0.14203715925681487, "two-tailed": 0.28407431851362974}}