{"Q8TF65": {"Enrichment": 0.6623867522649547, "Depletion": 0.3376332473350533, "two-tailed": 0.6752664946701066}}