{"Q8TF42": {"Enrichment": 0.3248935021299574, "Depletion": 0.6751264974700506, "two-tailed": 0.6497870042599148}}