{"Q8WTX7": {"Enrichment": 0.5879082418351633, "Depletion": 0.4121117577648447, "two-tailed": 0.8242235155296894}}