{"Q8WTU0": {"Enrichment": 0.7423051538969221, "Depletion": 0.25771484570308595, "two-tailed": 0.5154296914061719}}