{"Q8WTR2": {"Enrichment": 0.6480870382592349, "Depletion": 0.3519329613407732, "two-tailed": 0.7038659226815464}}