{"Q8WTX7": {"Enrichment": 0.5675486490270195, "Depletion": 0.4324713505729885, "two-tailed": 0.864942701145977}}