{"Q8WTU0": {"Enrichment": 0.7465250694986101, "Depletion": 0.25349493010139795, "two-tailed": 0.5069898602027959}}