{"Q8WTT0": {"Enrichment": 0.3170336593268135, "Depletion": 0.6829863402731945, "two-tailed": 0.634067318653627}}