{"Q8WTT0": {"Enrichment": 0.3131337373252535, "Depletion": 0.6868862622747545, "two-tailed": 0.626267474650507}}