{"Q8WTR2": {"Enrichment": 0.6454870902581948, "Depletion": 0.35453290934181314, "two-tailed": 0.7090658186836263}}