{"Q8WUD1": {"Enrichment": 0.35807283854322913, "Depletion": 0.6419471610567788, "two-tailed": 0.7161456770864583}}