{"Q8WUI4": {"Enrichment": 0.745485090298194, "Depletion": 0.25453490930181394, "two-tailed": 0.5090698186036279}}