{"Q8WU08": {"Enrichment": 0.3362332753344933, "Depletion": 0.6637867242655147, "two-tailed": 0.6724665506689866}}