{"Q8WUJ0": {"Enrichment": 0.7935041299174016, "Depletion": 0.20651586968260635, "two-tailed": 0.4130317393652127}}