{"Q8WUJ0": {"Enrichment": 0.5612687746245075, "Depletion": 0.4387512249755005, "two-tailed": 0.877502449951001}}