{"Q8WU79": {"Enrichment": 0.6689466210675786, "Depletion": 0.33107337853242935, "two-tailed": 0.6621467570648587}}