{"Q8WV92": {"Enrichment": 0.9982200355992881, "Depletion": 0.0017999640007199855, "two-tailed": 0.003599928001439971}}