{"Q8WVQ1": {"Enrichment": 0.40471190576188476, "Depletion": 0.5953080938381232, "two-tailed": 0.8094238115237695}}