{"Q8WVM0": {"Enrichment": 0.5449491010179797, "Depletion": 0.45507089858202837, "two-tailed": 0.9101417971640567}}