{"Q8WVV9": {"Enrichment": 0.5775484490310194, "Depletion": 0.4224715505689886, "two-tailed": 0.8449431011379772}}