{"Q8WVN8": {"Enrichment": 0.5422091558168837, "Depletion": 0.4578108437831243, "two-tailed": 0.9156216875662486}}