{"Q8WVM0": {"Enrichment": 0.8108237835243295, "Depletion": 0.1891962160756785, "two-tailed": 0.378392432151357}}