{"Q8WVN8": {"Enrichment": 0.5382092358152837, "Depletion": 0.4618107637847243, "two-tailed": 0.9236215275694486}}