{"Q8WV92": {"Enrichment": 0.998320033599328, "Depletion": 0.0016999660006799865, "two-tailed": 0.003399932001359973}}