{"Q8WWA0": {"Enrichment": 0.8856022879542409, "Depletion": 0.11441771164576708, "two-tailed": 0.22883542329153417}}