{"Q8WWV3": {"Enrichment": 0.6842663146737066, "Depletion": 0.31575368492630146, "two-tailed": 0.6315073698526029}}