{"Q8WWZ1": {"Enrichment": 0.16605667886642267, "Depletion": 0.8339633207335854, "two-tailed": 0.33211335773284534}}