{"Q8WWA0": {"Enrichment": 0.9026619467610648, "Depletion": 0.09735805283894322, "two-tailed": 0.19471610567788644}}