{"Q8WWV3": {"Enrichment": 0.6721665566688666, "Depletion": 0.3278534429311414, "two-tailed": 0.6557068858622828}}