{"Q8WXD5": {"Enrichment": 0.07573848523029539, "Depletion": 0.9242815143697126, "two-tailed": 0.15147697046059078}}