{"Q8WXB1": {"Enrichment": 0.74742505149897, "Depletion": 0.252594948101038, "two-tailed": 0.505189896202076}}