{"Q8WXB1": {"Enrichment": 0.8837823243535129, "Depletion": 0.11623767524649507, "two-tailed": 0.23247535049299015}}