{"Q8WXD5": {"Enrichment": 0.19499610007799845, "Depletion": 0.8050238995220096, "two-tailed": 0.3899922001559969}}