{"Q8WXH5": {"Enrichment": 0.07035859282814344, "Depletion": 0.9296614067718646, "two-tailed": 0.14071718565628688}}