{"Q8WXH5": {"Enrichment": 0.06773864522709545, "Depletion": 0.9322813543729126, "two-tailed": 0.1354772904541909}}