{"Q8WXF7": {"Enrichment": 0.5209495810083798, "Depletion": 0.4790704185916282, "two-tailed": 0.9581408371832564}}