{"Q8WXF1": {"Enrichment": 0.20709585808283834, "Depletion": 0.7929241415171696, "two-tailed": 0.4141917161656767}}