{"Q8WY64": {"Enrichment": 0.5410091798164036, "Depletion": 0.4590108197836043, "two-tailed": 0.9180216395672086}}