{"Q8WY64": {"Enrichment": 0.6289874202515949, "Depletion": 0.37103257934841305, "two-tailed": 0.7420651586968261}}