{"Q8WZ42": {"Enrichment": 0.33221335573288535, "Depletion": 0.6678066438671226, "two-tailed": 0.6644267114657707}}