{"Q92466": {"Enrichment": 0.9935201295974081, "Depletion": 0.006499870002599948, "two-tailed": 0.012999740005199895}}