{"Q92484": {"Enrichment": 0.08581828363432731, "Depletion": 0.9142017159656807, "two-tailed": 0.17163656726865462}}