{"Q92466": {"Enrichment": 0.991520169596608, "Depletion": 0.008499830003399931, "two-tailed": 0.016999660006799863}}