{"Q92542": {"Enrichment": 0.0002999940001199976, "Depletion": 0.999720005599888, "two-tailed": 0.0005999880002399952}}