{"Q92583": {"Enrichment": 0.02361952760944781, "Depletion": 0.9764004719905602, "two-tailed": 0.04723905521889562}}