{"Q92583": {"Enrichment": 0.023959520809583808, "Depletion": 0.9760604787904242, "two-tailed": 0.047919041619167616}}