{"Q92522": {"Enrichment": 0.9727205455890883, "Depletion": 0.027299454010919783, "two-tailed": 0.054598908021839566}}