{"Q92530": {"Enrichment": 0.05979880402391952, "Depletion": 0.9402211955760885, "two-tailed": 0.11959760804783905}}