{"Q92506": {"Enrichment": 0.015659686806263874, "Depletion": 0.9843603127937441, "two-tailed": 0.03131937361252775}}