{"Q92598": {"Enrichment": 0.2018359632807344, "Depletion": 0.7981840363192736, "two-tailed": 0.4036719265614688}}