{"Q92692": {"Enrichment": 0.3819323613527729, "Depletion": 0.618087638247235, "two-tailed": 0.7638647227055458}}