{"Q92692": {"Enrichment": 0.3849523009539809, "Depletion": 0.6150676986460271, "two-tailed": 0.7699046019079618}}