{"Q92630": {"Enrichment": 0.029599408011839762, "Depletion": 0.9704205915881683, "two-tailed": 0.059198816023679525}}