{"Q92622": {"Enrichment": 0.8365032699346013, "Depletion": 0.1635167296654067, "two-tailed": 0.3270334593308134}}