{"Q92622": {"Enrichment": 0.7189256214875702, "Depletion": 0.28109437811243776, "two-tailed": 0.5621887562248755}}