{"Q92743": {"Enrichment": 0.8453430931381373, "Depletion": 0.15467690646187077, "two-tailed": 0.30935381292374153}}