{"Q92769": {"Enrichment": 0.1008979820403592, "Depletion": 0.8991220175596488, "two-tailed": 0.2017959640807184}}