{"Q92772": {"Enrichment": 0.25371492570148596, "Depletion": 0.7463050738985221, "two-tailed": 0.5074298514029719}}