{"Q92730": {"Enrichment": 0.45593088138237237, "Depletion": 0.5440891182176356, "two-tailed": 0.9118617627647447}}