{"Q92797": {"Enrichment": 0.07209855802883942, "Depletion": 0.9279214415711686, "two-tailed": 0.14419711605767885}}