{"Q92730": {"Enrichment": 0.5513489730205395, "Depletion": 0.4486710265794684, "two-tailed": 0.8973420531589368}}