{"Q92743": {"Enrichment": 0.8969420611587768, "Depletion": 0.10307793844123117, "two-tailed": 0.20615587688246234}}