{"Q92772": {"Enrichment": 0.08035839283214335, "Depletion": 0.9196616067678647, "two-tailed": 0.1607167856642867}}