{"Q92769": {"Enrichment": 0.04621907561848763, "Depletion": 0.9538009239815204, "two-tailed": 0.09243815123697526}}