{"Q92879": {"Enrichment": 0.15419691606167876, "Depletion": 0.8458230835383292, "two-tailed": 0.3083938321233575}}