{"Q92876": {"Enrichment": 0.7272254554908901, "Depletion": 0.2727945441091178, "two-tailed": 0.5455890882182356}}