{"Q92854": {"Enrichment": 0.09041819163616728, "Depletion": 0.9096018079638407, "two-tailed": 0.18083638327233456}}