{"Q92831": {"Enrichment": 0.5266694666106678, "Depletion": 0.4733505329893402, "two-tailed": 0.9467010659786804}}