{"Q92854": {"Enrichment": 0.08551828963420731, "Depletion": 0.9145017099658007, "two-tailed": 0.17103657926841462}}