{"Q92820": {"Enrichment": 0.1738165236695266, "Depletion": 0.8262034759304814, "two-tailed": 0.3476330473390532}}