{"Q92882": {"Enrichment": 0.999120017599648, "Depletion": 0.0008999820003599928, "two-tailed": 0.0017999640007199855}}