{"Q92876": {"Enrichment": 0.17825643487130258, "Depletion": 0.8217635647287054, "two-tailed": 0.35651286974260515}}