{"Q92841": {"Enrichment": 0.9343413131737365, "Depletion": 0.06567868642627148, "two-tailed": 0.13135737285254295}}