{"Q92841": {"Enrichment": 0.9710605787884242, "Depletion": 0.02895942081158377, "two-tailed": 0.05791884162316754}}