{"Q92879": {"Enrichment": 0.11537769244615108, "Depletion": 0.8846423071538569, "two-tailed": 0.23075538489230216}}