{"Q92830": {"Enrichment": 0.621767564648707, "Depletion": 0.37825243495130095, "two-tailed": 0.7565048699026019}}