{"Q92835": {"Enrichment": 0.881862362752745, "Depletion": 0.11815763684726305, "two-tailed": 0.2363152736945261}}