{"Q92820": {"Enrichment": 0.3508529829403412, "Depletion": 0.6491670166596668, "two-tailed": 0.7017059658806823}}