{"Q92831": {"Enrichment": 0.5250294994100118, "Depletion": 0.4749905001899962, "two-tailed": 0.9499810003799924}}