{"Q92835": {"Enrichment": 0.8435031299374013, "Depletion": 0.15651686966260675, "two-tailed": 0.3130337393252135}}