{"Q92838": {"Enrichment": 0.0126197476050479, "Depletion": 0.9874002519949601, "two-tailed": 0.0252394952100958}}