{"Q92900": {"Enrichment": 0.6953660926781464, "Depletion": 0.30465390692186156, "two-tailed": 0.6093078138437231}}