{"Q92918": {"Enrichment": 0.5366092678146437, "Depletion": 0.4634107317853643, "two-tailed": 0.9268214635707286}}