{"Q92979": {"Enrichment": 0.04143917121657567, "Depletion": 0.9585808283834323, "two-tailed": 0.08287834243315134}}