{"Q92900": {"Enrichment": 0.7027259454810904, "Depletion": 0.29729405411891763, "two-tailed": 0.5945881082378353}}