{"Q92918": {"Enrichment": 0.08263834723305534, "Depletion": 0.9173816523669527, "two-tailed": 0.16527669446611068}}