{"Q92993": {"Enrichment": 0.508189836203276, "Depletion": 0.4918301633967321, "two-tailed": 0.9836603267934642}}