{"Q92947": {"Enrichment": 0.2603347933041339, "Depletion": 0.7396852062958741, "two-tailed": 0.5206695866082678}}