{"Q92905": {"Enrichment": 0.6679866402671947, "Depletion": 0.33203335933281336, "two-tailed": 0.6640667186656267}}