{"Q92947": {"Enrichment": 0.26579468410631785, "Depletion": 0.7342253154936901, "two-tailed": 0.5315893682126357}}