{"Q93096": {"Enrichment": 0.47121057578848424, "Depletion": 0.5288094238115237, "two-tailed": 0.9424211515769685}}