{"Q93091": {"Enrichment": 0.3976720465590688, "Depletion": 0.6023479530409391, "two-tailed": 0.7953440931181376}}