{"Q93096": {"Enrichment": 0.26669466610667786, "Depletion": 0.7333253334933302, "two-tailed": 0.5333893322133557}}