{"Q969G6": {"Enrichment": 0.07705845883082338, "Depletion": 0.9229615407691846, "two-tailed": 0.15411691766164676}}