{"Q969H0": {"Enrichment": 0.4377512449751005, "Depletion": 0.5622687546249076, "two-tailed": 0.875502489950201}}