{"Q969V5": {"Enrichment": 0.994260114797704, "Depletion": 0.005759884802303954, "two-tailed": 0.011519769604607908}}