{"Q969V5": {"Enrichment": 0.99510009799804, "Depletion": 0.004919901601967961, "two-tailed": 0.009839803203935921}}