{"Q96AE4": {"Enrichment": 0.023039539209215816, "Depletion": 0.9769804603907922, "two-tailed": 0.04607907841843163}}