{"Q96AT9": {"Enrichment": 0.11663766724665507, "Depletion": 0.883382332353353, "two-tailed": 0.23327533449331014}}