{"Q96AB6": {"Enrichment": 0.15849683006339874, "Depletion": 0.8415231695366092, "two-tailed": 0.31699366012679747}}