{"Q96A44": {"Enrichment": 0.9509409811803764, "Depletion": 0.04907901841963161, "two-tailed": 0.09815803683926322}}