{"Q96AC1": {"Enrichment": 0.7321853562928742, "Depletion": 0.26783464330713386, "two-tailed": 0.5356692866142677}}