{"Q96A72": {"Enrichment": 0.6335473290534189, "Depletion": 0.36647267054658905, "two-tailed": 0.7329453410931781}}