{"Q96AP4": {"Enrichment": 0.2645347093058139, "Depletion": 0.7354852902941941, "two-tailed": 0.5290694186116278}}