{"Q96AT9": {"Enrichment": 0.11747765044699106, "Depletion": 0.882542349153017, "two-tailed": 0.23495530089398212}}