{"Q96AX1": {"Enrichment": 0.15301693966120677, "Depletion": 0.8470030599388012, "two-tailed": 0.30603387932241355}}