{"Q96A44": {"Enrichment": 0.9459010819783604, "Depletion": 0.05411891762164757, "two-tailed": 0.10823783524329514}}