{"Q96A72": {"Enrichment": 0.6300273994520109, "Depletion": 0.36999260014799706, "two-tailed": 0.7399852002959941}}