{"Q96AZ1": {"Enrichment": 0.2384152316953661, "Depletion": 0.7616047679046419, "two-tailed": 0.4768304633907322}}