{"Q96AP4": {"Enrichment": 0.40997180056398874, "Depletion": 0.5900481990360192, "two-tailed": 0.8199436011279775}}