{"Q96AX1": {"Enrichment": 0.15625687486250275, "Depletion": 0.8437631247375053, "two-tailed": 0.3125137497250055}}