{"Q96A58": {"Enrichment": 0.9055018899622007, "Depletion": 0.09451810963780724, "two-tailed": 0.18903621927561448}}