{"Q96AZ1": {"Enrichment": 0.4479310413791724, "Depletion": 0.5520889582208356, "two-tailed": 0.8958620827583448}}