{"Q96BM9": {"Enrichment": 0.7263654726905462, "Depletion": 0.2736545269094618, "two-tailed": 0.5473090538189236}}