{"Q96BZ9": {"Enrichment": 0.751364972700546, "Depletion": 0.248655026899462, "two-tailed": 0.497310053798924}}