{"Q96BN8": {"Enrichment": 0.8165436691266175, "Depletion": 0.18347633047339054, "two-tailed": 0.3669526609467811}}