{"Q96BM9": {"Enrichment": 0.38063238735225297, "Depletion": 0.6193876122477551, "two-tailed": 0.7612647747045059}}