{"Q96CW9": {"Enrichment": 0.6378872422551549, "Depletion": 0.3621327573448531, "two-tailed": 0.7242655146897062}}