{"Q96C86": {"Enrichment": 0.01867962640747185, "Depletion": 0.9813403731925362, "two-tailed": 0.0373592528149437}}