{"Q96CW9": {"Enrichment": 0.6381472370552589, "Depletion": 0.3618727625447491, "two-tailed": 0.7237455250894982}}