{"Q96C45": {"Enrichment": 0.1505969880602388, "Depletion": 0.8494230115397692, "two-tailed": 0.3011939761204776}}