{"Q96C10": {"Enrichment": 0.5152296954060919, "Depletion": 0.4847903041939161, "two-tailed": 0.9695806083878322}}