{"Q96CB9": {"Enrichment": 0.2891942161156777, "Depletion": 0.7108257834843303, "two-tailed": 0.5783884322313554}}