{"Q96DU7": {"Enrichment": 0.876482470350593, "Depletion": 0.12353752924941501, "two-tailed": 0.24707505849883002}}