{"Q96DN0": {"Enrichment": 0.9010019799604008, "Depletion": 0.09901801963960721, "two-tailed": 0.19803603927921443}}