{"Q96D42": {"Enrichment": 0.35473290534189317, "Depletion": 0.6452870942581148, "two-tailed": 0.7094658106837863}}