{"Q96DA0": {"Enrichment": 0.622767544649107, "Depletion": 0.377252454950901, "two-tailed": 0.754504909901802}}