{"Q96DA2": {"Enrichment": 0.7683846323073539, "Depletion": 0.23163536729265416, "two-tailed": 0.4632707345853083}}