{"Q96DA2": {"Enrichment": 0.7960640787184257, "Depletion": 0.20395592088158238, "two-tailed": 0.40791184176316475}}