{"Q96DN0": {"Enrichment": 0.7295654086918262, "Depletion": 0.27045459090818186, "two-tailed": 0.5409091818163637}}