{"Q96EF0": {"Enrichment": 0.1640167196656067, "Depletion": 0.8360032799344013, "two-tailed": 0.3280334393312134}}