{"Q96EY8": {"Enrichment": 0.1872762544749105, "Depletion": 0.8127437451250975, "two-tailed": 0.374552508949821}}