{"Q96EP0": {"Enrichment": 0.4268114637707246, "Depletion": 0.5732085358292834, "two-tailed": 0.8536229275414492}}