{"Q96ES7": {"Enrichment": 0.7080258394832103, "Depletion": 0.2919941601167977, "two-tailed": 0.5839883202335954}}