{"Q96EY8": {"Enrichment": 0.5388092238155237, "Depletion": 0.46121077578448433, "two-tailed": 0.9224215515689687}}