{"Q96E14": {"Enrichment": 0.0029799404011919763, "Depletion": 0.997040059198816, "two-tailed": 0.0059598808023839525}}