{"Q96EP0": {"Enrichment": 0.7861242775144497, "Depletion": 0.2138957220855583, "two-tailed": 0.4277914441711166}}