{"Q96FZ2": {"Enrichment": 0.11677766444671106, "Depletion": 0.883242335153297, "two-tailed": 0.23355532889342212}}