{"Q96FI4": {"Enrichment": 0.5246495070098598, "Depletion": 0.4753704925901482, "two-tailed": 0.9507409851802964}}