{"Q96FJ0": {"Enrichment": 0.13123737525249496, "Depletion": 0.8687826243475131, "two-tailed": 0.2624747505049899}}