{"Q96FI4": {"Enrichment": 0.746865062698746, "Depletion": 0.25315493690126195, "two-tailed": 0.5063098738025239}}