{"Q96FJ0": {"Enrichment": 0.15095698086038278, "Depletion": 0.8490630187396252, "two-tailed": 0.30191396172076557}}