{"Q96GA7": {"Enrichment": 0.4481910361792764, "Depletion": 0.5518289634207316, "two-tailed": 0.8963820723585528}}