{"Q96GD3": {"Enrichment": 0.12913741725165498, "Depletion": 0.870882582348353, "two-tailed": 0.25827483450330996}}