{"Q96GX9": {"Enrichment": 0.8456630867382652, "Depletion": 0.15435691286174277, "two-tailed": 0.30871382572348555}}