{"Q96GD0": {"Enrichment": 0.6865262694746105, "Depletion": 0.3134937301253975, "two-tailed": 0.626987460250795}}