{"Q96GX9": {"Enrichment": 0.8508629827403452, "Depletion": 0.14915701685966282, "two-tailed": 0.29831403371932563}}