{"Q96GD3": {"Enrichment": 0.09079818403631927, "Depletion": 0.9092218155636888, "two-tailed": 0.18159636807263854}}