{"Q96GD0": {"Enrichment": 0.4803303933921322, "Depletion": 0.5196896062078759, "two-tailed": 0.9606607867842644}}