{"Q96H15": {"Enrichment": 0.8083238335233295, "Depletion": 0.19169616607667847, "two-tailed": 0.38339233215335694}}