{"Q96HA8": {"Enrichment": 0.022799544009119817, "Depletion": 0.9772204555908882, "two-tailed": 0.045599088018239635}}