{"Q96H15": {"Enrichment": 0.8072238555228896, "Depletion": 0.19279614407711845, "two-tailed": 0.3855922881542369}}