{"Q96HU8": {"Enrichment": 0.5129097418051639, "Depletion": 0.4871102577948441, "two-tailed": 0.9742205155896883}}