{"Q96HN2": {"Enrichment": 0.4348913021739565, "Depletion": 0.5651286974260514, "two-tailed": 0.869782604347913}}