{"Q96I15": {"Enrichment": 0.5414891702165957, "Depletion": 0.45853082938341233, "two-tailed": 0.9170616587668247}}