{"Q96IY4": {"Enrichment": 0.041659166816663665, "Depletion": 0.9583608327833444, "two-tailed": 0.08331833363332733}}