{"Q96IJ6": {"Enrichment": 0.9674606507869843, "Depletion": 0.03255934881302374, "two-tailed": 0.06511869762604748}}