{"Q96I15": {"Enrichment": 0.5387892242155157, "Depletion": 0.4612307753844923, "two-tailed": 0.9224615507689846}}