{"Q96I99": {"Enrichment": 0.6768664626707466, "Depletion": 0.3231535369292614, "two-tailed": 0.6463070738585228}}