{"Q96IU4": {"Enrichment": 0.8631427371452571, "Depletion": 0.1368772624547509, "two-tailed": 0.2737545249095018}}