{"Q96I99": {"Enrichment": 0.8851022979540409, "Depletion": 0.11491770164596708, "two-tailed": 0.22983540329193416}}