{"Q96IU4": {"Enrichment": 0.7261254774904502, "Depletion": 0.27389452210955784, "two-tailed": 0.5477890442191157}}