{"Q96IY4": {"Enrichment": 0.22585548289034219, "Depletion": 0.7741645167096658, "two-tailed": 0.45171096578068437}}