{"Q96JM7": {"Enrichment": 0.5695286094278115, "Depletion": 0.43049139017219656, "two-tailed": 0.8609827803443931}}