{"Q96JM7": {"Enrichment": 0.4356912861742765, "Depletion": 0.5643287134257314, "two-tailed": 0.871382572348553}}