{"Q96JA3": {"Enrichment": 0.08045839083218335, "Depletion": 0.9195616087678247, "two-tailed": 0.1609167816643667}}