{"Q96KC2": {"Enrichment": 0.19369612607747844, "Depletion": 0.8063238735225295, "two-tailed": 0.3873922521549569}}