{"Q96KQ7": {"Enrichment": 0.2625147497050059, "Depletion": 0.7375052498950021, "two-tailed": 0.5250294994100118}}