{"Q96KS0": {"Enrichment": 0.9134017319653607, "Depletion": 0.0866182676346473, "two-tailed": 0.1732365352692946}}