{"Q96KP4": {"Enrichment": 0.5905281894362113, "Depletion": 0.4094918101637967, "two-tailed": 0.8189836203275934}}