{"Q96KP4": {"Enrichment": 0.07149857002859943, "Depletion": 0.9285214295714086, "two-tailed": 0.14299714005719885}}