{"Q96KS0": {"Enrichment": 0.7616247675046499, "Depletion": 0.2383952320953581, "two-tailed": 0.4767904641907162}}