{"Q96KC2": {"Enrichment": 0.5600687986240275, "Depletion": 0.4399512009759805, "two-tailed": 0.879902401951961}}