{"Q96KB5": {"Enrichment": 0.031779364412711744, "Depletion": 0.9682406351872963, "two-tailed": 0.06355872882542349}}