{"Q96KN2": {"Enrichment": 0.250454990900182, "Depletion": 0.749565008699826, "two-tailed": 0.500909981800364}}