{"Q96KQ7": {"Enrichment": 0.5223295534089318, "Depletion": 0.4776904461910762, "two-tailed": 0.9553808923821524}}