{"Q96L34": {"Enrichment": 0.00497990040199196, "Depletion": 0.9950400991980161, "two-tailed": 0.00995980080398392}}