{"Q96LA8": {"Enrichment": 0.7130857382852342, "Depletion": 0.28693426131477373, "two-tailed": 0.5738685226295475}}