{"Q96L73": {"Enrichment": 0.17083658326833465, "Depletion": 0.8291834163316734, "two-tailed": 0.3416731665366693}}