{"Q96LB9": {"Enrichment": 0.27091458170836585, "Depletion": 0.7291054178916422, "two-tailed": 0.5418291634167317}}