{"Q96LB9": {"Enrichment": 0.28345433091338174, "Depletion": 0.7165656686866263, "two-tailed": 0.5669086618267635}}