{"Q96L34": {"Enrichment": 0.09117817643647128, "Depletion": 0.9088418231635367, "two-tailed": 0.18235635287294255}}