{"Q96MU7": {"Enrichment": 0.009259814803703926, "Depletion": 0.9907601847963041, "two-tailed": 0.018519629607407852}}