{"Q96MU8": {"Enrichment": 0.008159836803263935, "Depletion": 0.991860162796744, "two-tailed": 0.01631967360652787}}