{"Q96MK3": {"Enrichment": 0.8298434031319374, "Depletion": 0.17017659646807065, "two-tailed": 0.3403531929361413}}