{"Q96MU8": {"Enrichment": 0.2867142657146857, "Depletion": 0.7133057338853223, "two-tailed": 0.5734285314293714}}