{"Q96MU7": {"Enrichment": 0.004819903601927962, "Depletion": 0.99520009599808, "two-tailed": 0.009639807203855924}}