{"Q96PD4": {"Enrichment": 0.11399772004559909, "Depletion": 0.8860222795544089, "two-tailed": 0.22799544009119818}}