{"Q96PU5": {"Enrichment": 0.10555788884222315, "Depletion": 0.8944621107577848, "two-tailed": 0.2111157776844463}}