{"Q96PN6": {"Enrichment": 0.09651806963860723, "Depletion": 0.9035019299614008, "two-tailed": 0.19303613927721447}}