{"Q96PP8": {"Enrichment": 0.6677266454670907, "Depletion": 0.33229335413291733, "two-tailed": 0.6645867082658347}}