{"Q96PS8": {"Enrichment": 0.6885262294754105, "Depletion": 0.3114937701245975, "two-tailed": 0.622987540249195}}