{"Q96P47": {"Enrichment": 0.43159136817263655, "Depletion": 0.5684286314273714, "two-tailed": 0.8631827363452731}}