{"Q96P47": {"Enrichment": 0.32239355212895743, "Depletion": 0.6776264474710506, "two-tailed": 0.6447871042579149}}