{"Q96PD4": {"Enrichment": 0.11547769044619108, "Depletion": 0.8845423091538169, "two-tailed": 0.23095538089238216}}