{"Q96PY6": {"Enrichment": 0.126617467650647, "Depletion": 0.873402531949361, "two-tailed": 0.253234935301294}}