{"Q96PP8": {"Enrichment": 0.6681466370672586, "Depletion": 0.33187336253274935, "two-tailed": 0.6637467250654987}}