{"Q96Q04": {"Enrichment": 0.8970420591588169, "Depletion": 0.10297794044119117, "two-tailed": 0.20595588088238234}}