{"Q96Q83": {"Enrichment": 0.6418071638567229, "Depletion": 0.3582128357432851, "two-tailed": 0.7164256714865702}}