{"Q96QE5": {"Enrichment": 0.253114937701246, "Depletion": 0.746905061898762, "two-tailed": 0.506229875402492}}