{"Q96Q04": {"Enrichment": 0.7590048199036019, "Depletion": 0.24101517969640607, "two-tailed": 0.48203035939281214}}