{"Q96RS0": {"Enrichment": 0.5425491490170197, "Depletion": 0.45747085058298836, "two-tailed": 0.9149417011659767}}