{"Q96RU8": {"Enrichment": 0.9143217135657287, "Depletion": 0.08569828603427931, "two-tailed": 0.17139657206855863}}