{"Q96RG2": {"Enrichment": 0.28435431291374175, "Depletion": 0.7156656866862663, "two-tailed": 0.5687086258274835}}