{"Q96RG2": {"Enrichment": 0.16677666446671066, "Depletion": 0.8332433351332973, "two-tailed": 0.3335533289334213}}