{"Q96RU8": {"Enrichment": 0.9080818383632328, "Depletion": 0.09193816123677527, "two-tailed": 0.18387632247355054}}