{"Q96SY0": {"Enrichment": 0.09269814603707925, "Depletion": 0.9073218535629287, "two-tailed": 0.1853962920741585}}