{"Q96SL4": {"Enrichment": 0.871582568348633, "Depletion": 0.12843743125137497, "two-tailed": 0.25687486250274993}}