{"Q96S59": {"Enrichment": 0.02115957680846383, "Depletion": 0.9788604227915442, "two-tailed": 0.04231915361692766}}