{"Q96S59": {"Enrichment": 0.01865962680746385, "Depletion": 0.9813603727925442, "two-tailed": 0.0373192536149277}}