{"Q96SY0": {"Enrichment": 0.0868382632347353, "Depletion": 0.9131817363652727, "two-tailed": 0.1736765264694706}}