{"Q96SW2": {"Enrichment": 0.19447611047779045, "Depletion": 0.8055438891222175, "two-tailed": 0.3889522209555809}}