{"Q96SW2": {"Enrichment": 0.25461490770184597, "Depletion": 0.7454050918981621, "two-tailed": 0.5092298154036919}}