{"Q96SB4": {"Enrichment": 0.0016599668006639866, "Depletion": 0.998360032799344, "two-tailed": 0.0033199336013279733}}