{"Q96SL4": {"Enrichment": 0.7763644727105458, "Depletion": 0.22365552688946222, "two-tailed": 0.44731105377892444}}