{"Q96T58": {"Enrichment": 0.7615647687046259, "Depletion": 0.2384552308953821, "two-tailed": 0.4769104617907642}}