{"Q96T58": {"Enrichment": 0.7241655166896662, "Depletion": 0.2758544829103418, "two-tailed": 0.5517089658206836}}