{"Q96T88": {"Enrichment": 0.4467710645787084, "Depletion": 0.5532489350212996, "two-tailed": 0.8935421291574168}}