{"Q99062": {"Enrichment": 0.35479290414191716, "Depletion": 0.6452270954580909, "two-tailed": 0.7095858082838343}}