{"Q99259": {"Enrichment": 0.7113857722845544, "Depletion": 0.2886342273154537, "two-tailed": 0.5772684546309074}}