{"Q99250": {"Enrichment": 0.018219635607287853, "Depletion": 0.9818003639927202, "two-tailed": 0.03643927121457571}}