{"Q99259": {"Enrichment": 0.6364072718545629, "Depletion": 0.36361272774544506, "two-tailed": 0.7272254554908901}}