{"Q99459": {"Enrichment": 0.9440211195776085, "Depletion": 0.055998880022399555, "two-tailed": 0.11199776004479911}}