{"Q99497": {"Enrichment": 0.878602427951441, "Depletion": 0.12141757164856704, "two-tailed": 0.24283514329713407}}