{"Q99469": {"Enrichment": 0.11985760284794304, "Depletion": 0.880162396752065, "two-tailed": 0.23971520569588609}}