{"Q99459": {"Enrichment": 0.9480010399792004, "Depletion": 0.05201895962080758, "two-tailed": 0.10403791924161516}}