{"Q99536": {"Enrichment": 0.7101257974840504, "Depletion": 0.2898942021159577, "two-tailed": 0.5797884042319154}}