{"Q99594": {"Enrichment": 0.2732345353092938, "Depletion": 0.7267854642907142, "two-tailed": 0.5464690706185876}}