{"Q99593": {"Enrichment": 0.6042079158416832, "Depletion": 0.39581208375832483, "two-tailed": 0.7916241675166497}}