{"Q99536": {"Enrichment": 0.7129857402851943, "Depletion": 0.2870342593148137, "two-tailed": 0.5740685186296274}}