{"Q99538": {"Enrichment": 0.18883622327553448, "Depletion": 0.8111837763244735, "two-tailed": 0.37767244655106896}}