{"Q99594": {"Enrichment": 0.4484710305793884, "Depletion": 0.5515489690206196, "two-tailed": 0.8969420611587768}}