{"Q99523": {"Enrichment": 0.9139217215655687, "Depletion": 0.08609827803443931, "two-tailed": 0.17219655606887863}}