{"Q99638": {"Enrichment": 0.9186016279674406, "Depletion": 0.08141837163256735, "two-tailed": 0.1628367432651347}}