{"Q99616": {"Enrichment": 0.020959580808383834, "Depletion": 0.9790604187916242, "two-tailed": 0.04191916161676767}}