{"Q99616": {"Enrichment": 0.02029959400811984, "Depletion": 0.9797204055918881, "two-tailed": 0.04059918801623968}}