{"Q99640": {"Enrichment": 0.035319293614127716, "Depletion": 0.9647007059858803, "two-tailed": 0.07063858722825543}}