{"Q99685": {"Enrichment": 0.9286014279714405, "Depletion": 0.07141857162856743, "two-tailed": 0.14283714325713487}}