{"Q99728": {"Enrichment": 0.006939861202775945, "Depletion": 0.9930801383972321, "two-tailed": 0.01387972240555189}}