{"Q99720": {"Enrichment": 0.2131757364852703, "Depletion": 0.7868442631147377, "two-tailed": 0.4263514729705406}}