{"Q99757": {"Enrichment": 0.29195416091678167, "Depletion": 0.7080658386832264, "two-tailed": 0.5839083218335633}}