{"Q99717": {"Enrichment": 0.7768044639107218, "Depletion": 0.2232155356892862, "two-tailed": 0.4464310713785724}}