{"Q99707": {"Enrichment": 0.11427771444571108, "Depletion": 0.8857422851542969, "two-tailed": 0.22855542889142216}}