{"Q99757": {"Enrichment": 0.1373772524549509, "Depletion": 0.8626427471450571, "two-tailed": 0.2747545049099018}}