{"Q99748": {"Enrichment": 0.5535089298214035, "Depletion": 0.44651106977860444, "two-tailed": 0.8930221395572089}}