{"Q99714": {"Enrichment": 0.8365432691346173, "Depletion": 0.16347673046539068, "two-tailed": 0.32695346093078137}}