{"Q99748": {"Enrichment": 0.5531489370212596, "Depletion": 0.4468710625787484, "two-tailed": 0.8937421251574968}}