{"Q99706": {"Enrichment": 0.8025039499210016, "Depletion": 0.19751604967900643, "two-tailed": 0.39503209935801287}}