{"Q99707": {"Enrichment": 0.11711765764684706, "Depletion": 0.882902341953161, "two-tailed": 0.23423531529369412}}