{"Q99873": {"Enrichment": 0.8180436391272174, "Depletion": 0.18197636047279053, "two-tailed": 0.36395272094558107}}