{"Q99835": {"Enrichment": 0.8505829883402332, "Depletion": 0.1494370112597748, "two-tailed": 0.2988740225195496}}