{"Q99895": {"Enrichment": 0.06351872962540749, "Depletion": 0.9365012699746005, "two-tailed": 0.12703745925081497}}