{"Q99873": {"Enrichment": 0.756304873902522, "Depletion": 0.24371512569748605, "two-tailed": 0.4874302513949721}}