{"Q99835": {"Enrichment": 0.8510629787404252, "Depletion": 0.14895702085958282, "two-tailed": 0.29791404171916563}}