{"Q99952": {"Enrichment": 0.34481310373792523, "Depletion": 0.6552068958620828, "two-tailed": 0.6896262074758505}}