{"Q99956": {"Enrichment": 0.39375212495750084, "Depletion": 0.6062678746425072, "two-tailed": 0.7875042499150017}}