{"Q99986": {"Enrichment": 0.16327673446531069, "Depletion": 0.8367432651346973, "two-tailed": 0.32655346893062137}}