{"Q99952": {"Enrichment": 0.34409311813763727, "Depletion": 0.6559268814623708, "two-tailed": 0.6881862362752745}}