{"Q99986": {"Enrichment": 0.1624767504649907, "Depletion": 0.8375432491350173, "two-tailed": 0.3249535009299814}}