{"Q9BPX1": {"Enrichment": 0.8411031779364413, "Depletion": 0.15891682166356672, "two-tailed": 0.31783364332713343}}