{"Q9BPZ7": {"Enrichment": 0.5418091638167236, "Depletion": 0.4582108357832843, "two-tailed": 0.9164216715665686}}