{"Q9BPU6": {"Enrichment": 0.5134497310053799, "Depletion": 0.4865702685946281, "two-tailed": 0.9731405371892562}}