{"Q9BPU6": {"Enrichment": 0.4650106997860043, "Depletion": 0.5350092998140037, "two-tailed": 0.9300213995720086}}