{"Q9BPZ7": {"Enrichment": 0.6824663506729866, "Depletion": 0.3175536489270215, "two-tailed": 0.635107297854043}}