{"Q9BQA1": {"Enrichment": 0.6116877662446751, "Depletion": 0.3883322333553329, "two-tailed": 0.7766644667106658}}