{"Q9BQG2": {"Enrichment": 0.0750984980300394, "Depletion": 0.9249215015699686, "two-tailed": 0.1501969960600788}}