{"Q9BQ69": {"Enrichment": 0.25051498970020597, "Depletion": 0.749505009899802, "two-tailed": 0.5010299794004119}}