{"Q9BQ69": {"Enrichment": 0.16577668446631066, "Depletion": 0.8342433151336973, "two-tailed": 0.33155336893262133}}