{"Q9BQA1": {"Enrichment": 0.4317913641727165, "Depletion": 0.5682286354272914, "two-tailed": 0.863582728345433}}