{"Q9BQG2": {"Enrichment": 0.1623567528649427, "Depletion": 0.8376632467350653, "two-tailed": 0.3247135057298854}}