{"Q9BQQ3": {"Enrichment": 0.051038979220415594, "Depletion": 0.9489810203795924, "two-tailed": 0.10207795844083119}}