{"Q9BQ15": {"Enrichment": 0.15499690006199876, "Depletion": 0.8450230995380092, "two-tailed": 0.3099938001239975}}