{"Q9BQQ3": {"Enrichment": 0.05079898402031959, "Depletion": 0.9492210155796884, "two-tailed": 0.10159796804063918}}