{"Q9BRJ7": {"Enrichment": 0.22957540849183017, "Depletion": 0.7704445911081779, "two-tailed": 0.45915081698366034}}