{"Q9BRA2": {"Enrichment": 0.10251794964100717, "Depletion": 0.8975020499590008, "two-tailed": 0.20503589928201435}}