{"Q9BRZ2": {"Enrichment": 0.9900201995960081, "Depletion": 0.00999980000399992, "two-tailed": 0.01999960000799984}}