{"Q9BRT9": {"Enrichment": 0.17009659806803865, "Depletion": 0.8299234015319693, "two-tailed": 0.3401931961360773}}