{"Q9BRZ2": {"Enrichment": 0.990860182796344, "Depletion": 0.009159816803663927, "two-tailed": 0.018319633607327853}}