{"Q9BRS2": {"Enrichment": 0.09441811163776724, "Depletion": 0.9056018879622407, "two-tailed": 0.18883622327553448}}