{"Q9BRJ7": {"Enrichment": 0.8558428831423371, "Depletion": 0.14417711645767084, "two-tailed": 0.2883542329153417}}