{"Q9BSB4": {"Enrichment": 0.6363472730545389, "Depletion": 0.3636727265454691, "two-tailed": 0.7273454530909382}}