{"Q9BS26": {"Enrichment": 0.6361272774544509, "Depletion": 0.36389272214555707, "two-tailed": 0.7277854442911141}}