{"Q9BSB4": {"Enrichment": 0.6411271774564509, "Depletion": 0.3588928221435571, "two-tailed": 0.7177856442871142}}