{"Q9BT73": {"Enrichment": 0.4845103097938041, "Depletion": 0.5155096898062039, "two-tailed": 0.9690206195876082}}