{"Q9BTZ2": {"Enrichment": 0.24063518729625408, "Depletion": 0.7593848123037539, "two-tailed": 0.48127037459250815}}