{"Q9BTZ2": {"Enrichment": 0.998480030399392, "Depletion": 0.0015399692006159878, "two-tailed": 0.0030799384012319755}}