{"Q9BTP7": {"Enrichment": 0.8599428011439771, "Depletion": 0.14007719845603087, "two-tailed": 0.28015439691206173}}