{"Q9BT73": {"Enrichment": 0.4762304753904922, "Depletion": 0.5237895242095159, "two-tailed": 0.9524609507809844}}