{"Q9BUI4": {"Enrichment": 0.9822803543929122, "Depletion": 0.01773964520709586, "two-tailed": 0.03547929041419172}}