{"Q9BUZ4": {"Enrichment": 0.055878882422351554, "Depletion": 0.9441411171776565, "two-tailed": 0.11175776484470311}}