{"Q9BUP3": {"Enrichment": 0.990260194796104, "Depletion": 0.009759804803903921, "two-tailed": 0.019519609607807843}}