{"Q9BUI4": {"Enrichment": 0.4623907521849563, "Depletion": 0.5376292474150517, "two-tailed": 0.9247815043699126}}