{"Q9BUT1": {"Enrichment": 0.25587488250234997, "Depletion": 0.7441451170976581, "two-tailed": 0.5117497650046999}}