{"Q9BV47": {"Enrichment": 0.6630867382652347, "Depletion": 0.3369332613347733, "two-tailed": 0.6738665226695466}}