{"Q9BV86": {"Enrichment": 0.025279494410111798, "Depletion": 0.9747405051898962, "two-tailed": 0.050558988820223597}}