{"Q9BVM4": {"Enrichment": 0.0020599588008239837, "Depletion": 0.997960040799184, "two-tailed": 0.004119917601647967}}