{"Q9BV20": {"Enrichment": 0.029159416811663768, "Depletion": 0.9708605827883442, "two-tailed": 0.058318833623327536}}