{"Q9BV79": {"Enrichment": 0.9050618987620248, "Depletion": 0.09495810083798324, "two-tailed": 0.18991620167596648}}