{"Q9BVJ7": {"Enrichment": 0.40289194216115676, "Depletion": 0.5971280574388512, "two-tailed": 0.8057838843223135}}