{"Q9BVS4": {"Enrichment": 0.8917421651566969, "Depletion": 0.10827783444331113, "two-tailed": 0.21655566888662225}}