{"Q9BV23": {"Enrichment": 0.6018479630407392, "Depletion": 0.3981720365592688, "two-tailed": 0.7963440731185376}}