{"Q9BV86": {"Enrichment": 0.05717885642287154, "Depletion": 0.9428411431771364, "two-tailed": 0.11435771284574309}}