{"Q9BV47": {"Enrichment": 0.6649667006659867, "Depletion": 0.3350532989340213, "two-tailed": 0.6701065978680426}}