{"Q9BVG8": {"Enrichment": 0.6664266714665706, "Depletion": 0.33359332813343734, "two-tailed": 0.6671866562668747}}