{"Q9BV23": {"Enrichment": 0.7360852782944342, "Depletion": 0.2639347213055739, "two-tailed": 0.5278694426111478}}