{"Q9BV79": {"Enrichment": 0.9184416311673766, "Depletion": 0.08157836843263135, "two-tailed": 0.1631567368652627}}