{"Q9BVS4": {"Enrichment": 0.8925021499570008, "Depletion": 0.10751784964300715, "two-tailed": 0.2150356992860143}}