{"Q9BVA6": {"Enrichment": 0.17065658686826263, "Depletion": 0.8293634127317454, "two-tailed": 0.34131317373652525}}