{"Q9BW91": {"Enrichment": 0.2611747765044699, "Depletion": 0.7388452230955381, "two-tailed": 0.5223495530089398}}