{"Q9BWV1": {"Enrichment": 0.6839463210735786, "Depletion": 0.3160736785264295, "two-tailed": 0.632147357052859}}