{"Q9BWD1": {"Enrichment": 0.8177436451270974, "Depletion": 0.18227635447291055, "two-tailed": 0.3645527089458211}}