{"Q9BWD1": {"Enrichment": 0.9122217555648887, "Depletion": 0.0877982440351193, "two-tailed": 0.1755964880702386}}