{"Q9BW91": {"Enrichment": 0.31939361212775746, "Depletion": 0.6806263874722506, "two-tailed": 0.6387872242555149}}