{"Q9BWS9": {"Enrichment": 0.14201715965680686, "Depletion": 0.8580028399432011, "two-tailed": 0.2840343193136137}}