{"Q9BWT3": {"Enrichment": 0.036039279214415715, "Depletion": 0.9639807203855922, "two-tailed": 0.07207855842883143}}