{"Q9BWS9": {"Enrichment": 0.20979580408391832, "Depletion": 0.7902241955160897, "two-tailed": 0.41959160816783664}}