{"Q9BXR0": {"Enrichment": 0.3312133757324853, "Depletion": 0.6688066238675227, "two-tailed": 0.6624267514649707}}