{"Q9BX66": {"Enrichment": 0.004419911601767965, "Depletion": 0.9956000879982401, "two-tailed": 0.00883982320353593}}