{"Q9BXR5": {"Enrichment": 0.6751664966700666, "Depletion": 0.3248535029299414, "two-tailed": 0.6497070058598828}}