{"Q9BXD5": {"Enrichment": 0.6046079078418432, "Depletion": 0.39541209175816483, "two-tailed": 0.7908241835163297}}