{"Q9BX70": {"Enrichment": 0.5159896802063959, "Depletion": 0.48403031939361213, "two-tailed": 0.9680606387872243}}