{"Q9BXS1": {"Enrichment": 0.4018119637607248, "Depletion": 0.5982080358392832, "two-tailed": 0.8036239275214496}}