{"Q9BXT4": {"Enrichment": 0.3918321633567329, "Depletion": 0.6081878362432751, "two-tailed": 0.7836643267134658}}