{"Q9BX70": {"Enrichment": 0.8496430071398572, "Depletion": 0.1503769924601508, "two-tailed": 0.3007539849203016}}