{"Q9BXS1": {"Enrichment": 0.2369552608947821, "Depletion": 0.7630647387052258, "two-tailed": 0.4739105217895642}}