{"Q9BXJ7": {"Enrichment": 0.2148957020859583, "Depletion": 0.7851242975140498, "two-tailed": 0.4297914041719166}}