{"Q9BYF1": {"Enrichment": 0.27943441131177377, "Depletion": 0.7205855882882343, "two-tailed": 0.5588688226235475}}