{"Q9BYC5": {"Enrichment": 0.7893242135157297, "Depletion": 0.2106957860842783, "two-tailed": 0.4213915721685566}}