{"Q9BYD2": {"Enrichment": 0.5982280354392913, "Depletion": 0.4017919641607168, "two-tailed": 0.8035839283214335}}