{"Q9BY32": {"Enrichment": 0.9185816283674326, "Depletion": 0.08143837123257534, "two-tailed": 0.1628767424651507}}