{"Q9BYJ9": {"Enrichment": 0.37997240055198894, "Depletion": 0.6200475990480191, "two-tailed": 0.7599448011039779}}