{"Q9BY32": {"Enrichment": 0.6667266654666907, "Depletion": 0.33329333413331735, "two-tailed": 0.6665866682666347}}