{"Q9BYN0": {"Enrichment": 0.004039919201615967, "Depletion": 0.995980080398392, "two-tailed": 0.008079838403231935}}