{"Q9BYT8": {"Enrichment": 0.9290014199716006, "Depletion": 0.07101857962840744, "two-tailed": 0.14203715925681487}}