{"Q9BYJ9": {"Enrichment": 0.375032499350013, "Depletion": 0.624987500249995, "two-tailed": 0.750064998700026}}