{"Q9BYC5": {"Enrichment": 0.874382512349753, "Depletion": 0.125637487250255, "two-tailed": 0.25127497450051}}