{"Q9BYP7": {"Enrichment": 0.27229455410891784, "Depletion": 0.7277254454910902, "two-tailed": 0.5445891082178357}}