{"Q9BY49": {"Enrichment": 0.622447551048979, "Depletion": 0.377572448551029, "two-tailed": 0.755144897102058}}