{"Q9BY41": {"Enrichment": 0.02261954760904782, "Depletion": 0.9774004519909602, "two-tailed": 0.04523909521809564}}