{"Q9BY84": {"Enrichment": 0.6642067158656827, "Depletion": 0.33581328373432534, "two-tailed": 0.6716265674686507}}