{"Q9BYW2": {"Enrichment": 0.05957880842383152, "Depletion": 0.9404411911761765, "two-tailed": 0.11915761684766304}}