{"Q9BYP7": {"Enrichment": 0.3072538549229015, "Depletion": 0.6927661446771065, "two-tailed": 0.614507709845803}}