{"Q9BYF1": {"Enrichment": 0.14181716365672686, "Depletion": 0.8582028359432812, "two-tailed": 0.2836343273134537}}