{"Q9BY41": {"Enrichment": 0.0250794984100318, "Depletion": 0.9749405011899762, "two-tailed": 0.0501589968200636}}