{"Q9BZD4": {"Enrichment": 0.620207595848083, "Depletion": 0.379812403751925, "two-tailed": 0.75962480750385}}