{"Q9BZ23": {"Enrichment": 0.9933201335973281, "Depletion": 0.006699866002679946, "two-tailed": 0.013399732005359892}}