{"Q9BZP6": {"Enrichment": 0.9026219475610487, "Depletion": 0.09739805203895922, "two-tailed": 0.19479610407791845}}