{"Q9BZ95": {"Enrichment": 0.35547289054218917, "Depletion": 0.6445471090578189, "two-tailed": 0.7109457810843783}}