{"Q9BZE9": {"Enrichment": 0.7932441351172976, "Depletion": 0.20677586448271035, "two-tailed": 0.4135517289654207}}