{"Q9BZP6": {"Enrichment": 0.7053258934821304, "Depletion": 0.29469410611787766, "two-tailed": 0.5893882122357553}}