{"Q9BZD4": {"Enrichment": 0.6143477130457391, "Depletion": 0.38567228655426894, "two-tailed": 0.7713445731085379}}