{"Q9BZX2": {"Enrichment": 0.03877922441551169, "Depletion": 0.9612407751844964, "two-tailed": 0.07755844883102338}}