{"Q9C0J8": {"Enrichment": 0.9747205055898882, "Depletion": 0.025299494010119796, "two-tailed": 0.05059898802023959}}