{"Q9C040": {"Enrichment": 0.44353112937741246, "Depletion": 0.5564888702225955, "two-tailed": 0.8870622587548249}}