{"Q9C026": {"Enrichment": 0.8987420251594969, "Depletion": 0.10127797444051119, "two-tailed": 0.20255594888102238}}