{"Q9C026": {"Enrichment": 0.8979420411591769, "Depletion": 0.10207795844083119, "two-tailed": 0.20415591688166237}}