{"Q9C029": {"Enrichment": 0.627367452650947, "Depletion": 0.372652546949061, "two-tailed": 0.745305093898122}}