{"Q9C0J8": {"Enrichment": 0.9546409071818563, "Depletion": 0.045379092418151634, "two-tailed": 0.09075818483630327}}