{"Q9C040": {"Enrichment": 0.44229115417691645, "Depletion": 0.5577288454230915, "two-tailed": 0.8845823083538329}}