{"Q9C029": {"Enrichment": 0.09193816123677527, "Depletion": 0.9080818383632328, "two-tailed": 0.18387632247355054}}