{"Q9GZT4": {"Enrichment": 0.18093638127237455, "Depletion": 0.8190836183276334, "two-tailed": 0.3618727625447491}}