{"Q9GZZ1": {"Enrichment": 0.4707905841883162, "Depletion": 0.5292294154116918, "two-tailed": 0.9415811683766324}}