{"Q9GZU7": {"Enrichment": 0.6453870922581548, "Depletion": 0.35463290734185315, "two-tailed": 0.7092658146837063}}