{"Q9GZU7": {"Enrichment": 0.38545229095418093, "Depletion": 0.6145677086458271, "two-tailed": 0.7709045819083619}}