{"Q9GZN7": {"Enrichment": 0.252894942101158, "Depletion": 0.74712505749885, "two-tailed": 0.505789884202316}}