{"Q9GZS3": {"Enrichment": 0.5432891342173156, "Depletion": 0.45673086538269236, "two-tailed": 0.9134617307653847}}