{"Q9GZZ9": {"Enrichment": 0.0062798744025119495, "Depletion": 0.9937401251974961, "two-tailed": 0.012559748805023899}}