{"Q9GZT4": {"Enrichment": 0.04433911321773565, "Depletion": 0.9556808863822723, "two-tailed": 0.0886782264354713}}