{"Q9GZX6": {"Enrichment": 0.6834663306733866, "Depletion": 0.31655366892662146, "two-tailed": 0.6331073378532429}}