{"Q9GZT9": {"Enrichment": 0.006479870402591948, "Depletion": 0.9935401291974161, "two-tailed": 0.012959740805183896}}