{"Q9GZT9": {"Enrichment": 0.014779704405911882, "Depletion": 0.9852402951940962, "two-tailed": 0.029559408811823763}}