{"Q9GZN7": {"Enrichment": 0.2571148577028459, "Depletion": 0.7429051418971621, "two-tailed": 0.5142297154056918}}