{"Q9H0P0": {"Enrichment": 0.31003379932401354, "Depletion": 0.6899862002759944, "two-tailed": 0.6200675986480271}}