{"Q9H008": {"Enrichment": 0.015079698406031879, "Depletion": 0.9849403011939761, "two-tailed": 0.030159396812063758}}