{"Q9H0S4": {"Enrichment": 0.7303053938921221, "Depletion": 0.26971460570788586, "two-tailed": 0.5394292114157717}}