{"Q9H0H5": {"Enrichment": 0.17843643127137457, "Depletion": 0.8215835683286334, "two-tailed": 0.35687286254274914}}