{"Q9H008": {"Enrichment": 0.7406851862962741, "Depletion": 0.2593348133037339, "two-tailed": 0.5186696266074678}}