{"Q9H082": {"Enrichment": 0.6029679406411872, "Depletion": 0.39705205895882084, "two-tailed": 0.7941041179176417}}