{"Q9H0R4": {"Enrichment": 0.7646847063058739, "Depletion": 0.2353352932941341, "two-tailed": 0.4706705865882682}}