{"Q9H0R8": {"Enrichment": 0.9539609207815843, "Depletion": 0.04605907881842363, "two-tailed": 0.09211815763684726}}