{"Q9H040": {"Enrichment": 0.01771964560708786, "Depletion": 0.9823003539929201, "two-tailed": 0.03543929121417572}}