{"Q9H0M0": {"Enrichment": 0.30259394812103757, "Depletion": 0.6974260514789704, "two-tailed": 0.6051878962420751}}