{"Q9H0H5": {"Enrichment": 0.18077638447231056, "Depletion": 0.8192436151276975, "two-tailed": 0.36155276894462113}}