{"Q9H0U4": {"Enrichment": 0.37899242015159695, "Depletion": 0.621027579448411, "two-tailed": 0.7579848403031939}}