{"Q9H0P0": {"Enrichment": 0.01645967080658387, "Depletion": 0.9835603287934241, "two-tailed": 0.03291934161316774}}