{"Q9H0U4": {"Enrichment": 0.5822483550328993, "Depletion": 0.41777164456710864, "two-tailed": 0.8355432891342173}}