{"Q9H1Y0": {"Enrichment": 0.4346513069738605, "Depletion": 0.5653686926261475, "two-tailed": 0.869302613947721}}