{"Q9H1D9": {"Enrichment": 0.510229795404092, "Depletion": 0.48979020419591607, "two-tailed": 0.9795804083918321}}