{"Q9H1Y0": {"Enrichment": 0.9211415771684567, "Depletion": 0.07887842243155137, "two-tailed": 0.15775684486310274}}