{"Q9H1K6": {"Enrichment": 0.40597188056238875, "Depletion": 0.5940481190376192, "two-tailed": 0.8119437611247775}}