{"Q9H1D9": {"Enrichment": 0.7263454730905382, "Depletion": 0.27367452650946983, "two-tailed": 0.5473490530189397}}