{"Q9H1R2": {"Enrichment": 0.6663666726665467, "Depletion": 0.33365332693346134, "two-tailed": 0.6673066538669227}}