{"Q9H1R2": {"Enrichment": 0.6672466550668986, "Depletion": 0.33277334453310936, "two-tailed": 0.6655466890662187}}