{"Q9H2K8": {"Enrichment": 0.7139257214855703, "Depletion": 0.2860942781144377, "two-tailed": 0.5721885562288754}}