{"Q9H2X6": {"Enrichment": 0.33271334573308536, "Depletion": 0.6673066538669227, "two-tailed": 0.6654266914661707}}