{"Q9H2G2": {"Enrichment": 0.13045739085218297, "Depletion": 0.8695626087478251, "two-tailed": 0.26091478170436594}}