{"Q9H2K8": {"Enrichment": 0.8073438531229375, "Depletion": 0.19267614647707046, "two-tailed": 0.3853522929541409}}