{"Q9H2G2": {"Enrichment": 0.13103737925241496, "Depletion": 0.868982620347593, "two-tailed": 0.2620747585048299}}