{"Q9H227": {"Enrichment": 0.006799864002719946, "Depletion": 0.9932201355972881, "two-tailed": 0.013599728005439892}}