{"Q9H2K2": {"Enrichment": 0.00015999680006399873, "Depletion": 0.999860002799944, "two-tailed": 0.00031999360012799745}}