{"Q9H2X3": {"Enrichment": 0.20295594088118238, "Depletion": 0.7970640587188256, "two-tailed": 0.40591188176236476}}