{"Q9H3D4": {"Enrichment": 0.5789284214315714, "Depletion": 0.4210915781684366, "two-tailed": 0.8421831563368732}}