{"Q9H3L0": {"Enrichment": 0.19297614047719044, "Depletion": 0.8070438591228175, "two-tailed": 0.3859522809543809}}