{"Q9H3D4": {"Enrichment": 0.5800083998320034, "Depletion": 0.4200115997680046, "two-tailed": 0.8400231995360092}}