{"Q9H3M9": {"Enrichment": 0.127017459650807, "Depletion": 0.873002539949201, "two-tailed": 0.254034919301614}}