{"Q9H4G4": {"Enrichment": 0.5520889582208356, "Depletion": 0.4479310413791724, "two-tailed": 0.8958620827583448}}