{"Q9H4B4": {"Enrichment": 0.3355532889342213, "Depletion": 0.6644667106657867, "two-tailed": 0.6711065778684426}}