{"Q9H477": {"Enrichment": 0.4126317473650527, "Depletion": 0.5873882522349553, "two-tailed": 0.8252634947301054}}