{"Q9H4B4": {"Enrichment": 0.11713765724685506, "Depletion": 0.8828823423531529, "two-tailed": 0.2342753144937101}}