{"Q9H4Y5": {"Enrichment": 0.6844863102737945, "Depletion": 0.31553368932621345, "two-tailed": 0.6310673786524269}}