{"Q9H477": {"Enrichment": 0.4586708265834683, "Depletion": 0.5413491730165396, "two-tailed": 0.9173416531669366}}