{"Q9H4G4": {"Enrichment": 0.125277494450111, "Depletion": 0.874742505149897, "two-tailed": 0.250554988900222}}