{"Q9H4A6": {"Enrichment": 0.9477410451790964, "Depletion": 0.05227895442091158, "two-tailed": 0.10455790884182316}}