{"Q9H4Y5": {"Enrichment": 0.6416671666566669, "Depletion": 0.35835283294334114, "two-tailed": 0.7167056658866823}}