{"Q9H4L5": {"Enrichment": 0.10675786484270315, "Depletion": 0.8932621347573049, "two-tailed": 0.2135157296854063}}