{"Q9H6W3": {"Enrichment": 0.05101897962040759, "Depletion": 0.9490010199796004, "two-tailed": 0.10203795924081518}}