{"Q9H6E5": {"Enrichment": 0.0874582508349833, "Depletion": 0.9125617487650247, "two-tailed": 0.1749165016699666}}