{"Q9H6E5": {"Enrichment": 0.03363932721345573, "Depletion": 0.9663806723865522, "two-tailed": 0.06727865442691146}}