{"Q9H611": {"Enrichment": 0.13431731365372693, "Depletion": 0.8657026859462811, "two-tailed": 0.26863462730745385}}