{"Q9H6Z4": {"Enrichment": 0.9035819283614328, "Depletion": 0.09643807123857523, "two-tailed": 0.19287614247715046}}