{"Q9H6X2": {"Enrichment": 0.8923821523569528, "Depletion": 0.10763784724305514, "two-tailed": 0.21527569448611028}}