{"Q9H6X2": {"Enrichment": 0.7697646047079059, "Depletion": 0.23025539489210214, "two-tailed": 0.4605107897842043}}