{"Q9H7X0": {"Enrichment": 0.5400291994160117, "Depletion": 0.4599908001839963, "two-tailed": 0.9199816003679926}}