{"Q9H7X0": {"Enrichment": 0.5518689626207476, "Depletion": 0.4481510369792604, "two-tailed": 0.8963020739585208}}