{"Q9H7B4": {"Enrichment": 0.05377892442151157, "Depletion": 0.9462410751784964, "two-tailed": 0.10755784884302313}}