{"Q9H7B4": {"Enrichment": 0.06901861962760744, "Depletion": 0.9310013799724005, "two-tailed": 0.13803723925521488}}