{"Q9H8V3": {"Enrichment": 0.6635267294654107, "Depletion": 0.3364932701345973, "two-tailed": 0.6729865402691946}}