{"Q9H8V3": {"Enrichment": 0.6614067718645628, "Depletion": 0.3386132277354453, "two-tailed": 0.6772264554708906}}