{"Q9H867": {"Enrichment": 0.005139897202055959, "Depletion": 0.994880102397952, "two-tailed": 0.010279794404111918}}