{"Q9H9S5": {"Enrichment": 0.5426891462170756, "Depletion": 0.45733085338293233, "two-tailed": 0.9146617067658647}}