{"Q9H9S5": {"Enrichment": 0.5443691126177477, "Depletion": 0.45565088698226036, "two-tailed": 0.9113017739645207}}