{"Q9H999": {"Enrichment": 0.8473230535389292, "Depletion": 0.15269694606107878, "two-tailed": 0.30539389212215756}}