{"Q9H9B1": {"Enrichment": 0.14297714045719084, "Depletion": 0.8570428591428172, "two-tailed": 0.2859542809143817}}