{"Q9H981": {"Enrichment": 0.23331533369332613, "Depletion": 0.7667046659066818, "two-tailed": 0.46663066738665226}}