{"Q9H981": {"Enrichment": 0.20207595848083038, "Depletion": 0.7979440411191776, "two-tailed": 0.40415191696166075}}