{"Q9H999": {"Enrichment": 0.993580128397432, "Depletion": 0.006439871202575949, "two-tailed": 0.012879742405151898}}