{"Q9HAZ1": {"Enrichment": 0.16591668166636667, "Depletion": 0.8341033179336413, "two-tailed": 0.33183336333273333}}