{"Q9HAU4": {"Enrichment": 0.23439531209375813, "Depletion": 0.7656246875062499, "two-tailed": 0.46879062418751627}}