{"Q9HAR2": {"Enrichment": 0.008039839203215935, "Depletion": 0.991980160396792, "two-tailed": 0.01607967840643187}}