{"Q9HAZ1": {"Enrichment": 0.13037739245215096, "Depletion": 0.869642607147857, "two-tailed": 0.26075478490430193}}