{"Q9HBL8": {"Enrichment": 0.5561888762224756, "Depletion": 0.44383112337753244, "two-tailed": 0.8876622467550649}}