{"Q9HBL8": {"Enrichment": 0.3283734325313494, "Depletion": 0.6716465670686587, "two-tailed": 0.6567468650626987}}