{"Q9HC62": {"Enrichment": 0.7260054798904022, "Depletion": 0.27401451970960583, "two-tailed": 0.5480290394192117}}