{"Q9HCE5": {"Enrichment": 0.5659686806263875, "Depletion": 0.43405131897362054, "two-tailed": 0.8681026379472411}}