{"Q9HC16": {"Enrichment": 0.8922021559568809, "Depletion": 0.10781784364312713, "two-tailed": 0.21563568728625426}}