{"Q9HCL0": {"Enrichment": 0.1882762344753105, "Depletion": 0.8117437651246975, "two-tailed": 0.376552468950621}}