{"Q9HCN6": {"Enrichment": 0.8905221895562089, "Depletion": 0.10949781004379912, "two-tailed": 0.21899562008759824}}