{"Q9HCB6": {"Enrichment": 0.3862322753544929, "Depletion": 0.6137877242455151, "two-tailed": 0.7724645507089858}}