{"Q9HCG8": {"Enrichment": 0.8427231455370893, "Depletion": 0.15729685406291874, "two-tailed": 0.3145937081258375}}