{"Q9HC73": {"Enrichment": 0.3637527249455011, "Depletion": 0.6362672746545069, "two-tailed": 0.7275054498910022}}