{"Q9HCB6": {"Enrichment": 0.4021919561608768, "Depletion": 0.5978280434391312, "two-tailed": 0.8043839123217535}}