{"Q9HCE7": {"Enrichment": 0.1624967500649987, "Depletion": 0.8375232495350093, "two-tailed": 0.3249935001299974}}