{"Q9HCP0": {"Enrichment": 0.010439791204175916, "Depletion": 0.989580208395832, "two-tailed": 0.020879582408351832}}