{"Q9HD67": {"Enrichment": 0.6018279634407312, "Depletion": 0.39819203615927684, "two-tailed": 0.7963840723185537}}