{"Q9HD40": {"Enrichment": 0.025419491610167797, "Depletion": 0.9746005079898402, "two-tailed": 0.050838983220335594}}