{"Q9HD67": {"Enrichment": 0.8004239915201696, "Depletion": 0.1995960080798384, "two-tailed": 0.3991920161596768}}