{"Q9HD40": {"Enrichment": 0.054478910421791565, "Depletion": 0.9455410891782164, "two-tailed": 0.10895782084358313}}