{"Q9NNX6": {"Enrichment": 0.6757864842703146, "Depletion": 0.3242335153296934, "two-tailed": 0.6484670306593868}}