{"Q9NNX6": {"Enrichment": 0.6767264654706906, "Depletion": 0.32329353412931744, "two-tailed": 0.6465870682586349}}