{"Q9NP72": {"Enrichment": 0.7625447491050179, "Depletion": 0.2374752504949901, "two-tailed": 0.4749505009899802}}