{"Q9NP95": {"Enrichment": 0.4479510409791804, "Depletion": 0.5520689586208276, "two-tailed": 0.8959020819583609}}