{"Q9NPH0": {"Enrichment": 0.40781184376312474, "Depletion": 0.5922081558368832, "two-tailed": 0.8156236875262495}}