{"Q9NP90": {"Enrichment": 0.7240655186896262, "Depletion": 0.27595448091038177, "two-tailed": 0.5519089618207635}}