{"Q9NPF7": {"Enrichment": 0.020819583608327835, "Depletion": 0.9792004159916802, "two-tailed": 0.04163916721665567}}