{"Q9NPH0": {"Enrichment": 0.368892622147557, "Depletion": 0.631127377452451, "two-tailed": 0.737785244295114}}