{"Q9NPZ5": {"Enrichment": 0.6708065838683226, "Depletion": 0.3292134157316854, "two-tailed": 0.6584268314633708}}