{"Q9NPF4": {"Enrichment": 0.43033139337213255, "Depletion": 0.5696886062278754, "two-tailed": 0.8606627867442651}}