{"Q9NP58": {"Enrichment": 0.47973040539189216, "Depletion": 0.5202895942081158, "two-tailed": 0.9594608107837843}}