{"Q9NPB1": {"Enrichment": 0.8112237755244895, "Depletion": 0.1887962240755185, "two-tailed": 0.377592448151037}}