{"Q9NPZ5": {"Enrichment": 0.6724465510689787, "Depletion": 0.3275734485310294, "two-tailed": 0.6551468970620588}}