{"Q9NPB8": {"Enrichment": 0.20153596928061437, "Depletion": 0.7984840303193936, "two-tailed": 0.40307193856122875}}