{"Q9NP99": {"Enrichment": 0.2760344793104138, "Depletion": 0.7239855202895942, "two-tailed": 0.5520689586208276}}