{"Q9NPF7": {"Enrichment": 0.5773484530309394, "Depletion": 0.42267154656906863, "two-tailed": 0.8453430931381373}}