{"Q9NP72": {"Enrichment": 0.33879322413551727, "Depletion": 0.6612267754644907, "two-tailed": 0.6775864482710345}}