{"Q9NP90": {"Enrichment": 0.46681066378672426, "Depletion": 0.5332093358132838, "two-tailed": 0.9336213275734485}}