{"Q9NP95": {"Enrichment": 0.4528309433811324, "Depletion": 0.5471890562188756, "two-tailed": 0.9056618867622648}}