{"Q9NPB8": {"Enrichment": 0.2011959760804784, "Depletion": 0.7988240235195296, "two-tailed": 0.4023919521609568}}