{"Q9NQU5": {"Enrichment": 0.5791084178316434, "Depletion": 0.42091158176836463, "two-tailed": 0.8418231635367293}}