{"Q9NQH7": {"Enrichment": 0.14391712165756684, "Depletion": 0.8561028779424411, "two-tailed": 0.2878342433151337}}