{"Q9NQV7": {"Enrichment": 0.7789444211115778, "Depletion": 0.22107557848843024, "two-tailed": 0.44215115697686047}}