{"Q9NQV5": {"Enrichment": 0.32011359772804543, "Depletion": 0.6799064018719626, "two-tailed": 0.6402271954560909}}