{"Q9NQV7": {"Enrichment": 0.8517229655406892, "Depletion": 0.14829703405931882, "two-tailed": 0.29659406811863764}}