{"Q9NQH7": {"Enrichment": 0.3607727845443091, "Depletion": 0.6392472150556989, "two-tailed": 0.7215455690886182}}