{"Q9NQU5": {"Enrichment": 0.5188696226075479, "Depletion": 0.48115037699246016, "two-tailed": 0.9623007539849203}}