{"Q9NQV5": {"Enrichment": 0.3179536409271815, "Depletion": 0.6820663586728265, "two-tailed": 0.635907281854363}}