{"Q9NQR1": {"Enrichment": 0.06013879722405552, "Depletion": 0.9398812023759525, "two-tailed": 0.12027759444811104}}