{"Q9NQW7": {"Enrichment": 0.23505529889402213, "Depletion": 0.7649647007059859, "two-tailed": 0.47011059778804426}}