{"Q9NQL2": {"Enrichment": 0.6566268674626508, "Depletion": 0.3433931321373572, "two-tailed": 0.6867862642747145}}