{"Q9NQW7": {"Enrichment": 0.6316473670526589, "Depletion": 0.36837263254734903, "two-tailed": 0.7367452650946981}}