{"Q9NRK6": {"Enrichment": 0.6356472870542589, "Depletion": 0.3643727125457491, "two-tailed": 0.7287454250914982}}