{"Q9NRG7": {"Enrichment": 0.07841843163136737, "Depletion": 0.9216015679686407, "two-tailed": 0.15683686326273474}}