{"Q9NRR6": {"Enrichment": 0.7895642087158257, "Depletion": 0.21045579088418231, "two-tailed": 0.42091158176836463}}