{"Q9NRG1": {"Enrichment": 0.8248635027299454, "Depletion": 0.1751564968700626, "two-tailed": 0.3503129937401252}}