{"Q9NR22": {"Enrichment": 0.867022659546809, "Depletion": 0.13299734005319894, "two-tailed": 0.2659946801063979}}