{"Q9NRW3": {"Enrichment": 0.1766764664706706, "Depletion": 0.8233435331293374, "two-tailed": 0.3533529329413412}}