{"Q9NRN9": {"Enrichment": 0.9871202575948481, "Depletion": 0.012899742005159897, "two-tailed": 0.025799484010319795}}