{"Q9NR22": {"Enrichment": 0.874602507949841, "Depletion": 0.125417491650167, "two-tailed": 0.250834983300334}}