{"Q9NRW4": {"Enrichment": 0.6071078578428432, "Depletion": 0.3929121417571649, "two-tailed": 0.7858242835143298}}