{"Q9NR30": {"Enrichment": 0.9250414991700165, "Depletion": 0.07497850042999141, "two-tailed": 0.14995700085998281}}