{"Q9NRH2": {"Enrichment": 0.7059658806823863, "Depletion": 0.2940541189176216, "two-tailed": 0.5881082378352432}}