{"Q9NR30": {"Enrichment": 0.7947041059178817, "Depletion": 0.20531589368212635, "two-tailed": 0.4106317873642527}}