{"Q9NRN9": {"Enrichment": 0.9279414411711766, "Depletion": 0.07207855842883143, "two-tailed": 0.14415711685766286}}