{"Q9NRG1": {"Enrichment": 0.8651426971460571, "Depletion": 0.1348773024539509, "two-tailed": 0.2697546049079018}}