{"Q9NRG4": {"Enrichment": 0.0630187396252075, "Depletion": 0.9370012599748005, "two-tailed": 0.126037479250415}}