{"Q9NR48": {"Enrichment": 0.4502709945801084, "Depletion": 0.5497490050198997, "two-tailed": 0.9005419891602168}}