{"Q9NRF8": {"Enrichment": 0.9847403051938961, "Depletion": 0.015279694406111878, "two-tailed": 0.030559388812223757}}