{"Q9NRF8": {"Enrichment": 0.998880022399552, "Depletion": 0.001139977200455991, "two-tailed": 0.002279954400911982}}