{"Q9NRW4": {"Enrichment": 0.6070678586428272, "Depletion": 0.39295214095718084, "two-tailed": 0.7859042819143617}}