{"Q9NRW3": {"Enrichment": 0.0747385052298954, "Depletion": 0.9252814943701126, "two-tailed": 0.1494770104597908}}