{"Q9NRG7": {"Enrichment": 0.07871842563148737, "Depletion": 0.9213015739685206, "two-tailed": 0.15743685126297474}}