{"Q9NSC5": {"Enrichment": 0.9966200675986481, "Depletion": 0.003399932001359973, "two-tailed": 0.006799864002719946}}