{"Q9NS18": {"Enrichment": 0.3500129997400052, "Depletion": 0.6500069998600028, "two-tailed": 0.7000259994800104}}