{"Q9NSY1": {"Enrichment": 0.010179796404071918, "Depletion": 0.9898402031959361, "two-tailed": 0.020359592808143836}}