{"Q9NS18": {"Enrichment": 0.3563128737425251, "Depletion": 0.6437071258574828, "two-tailed": 0.7126257474850503}}