{"Q9NS91": {"Enrichment": 0.8859022819543609, "Depletion": 0.11411771764564708, "two-tailed": 0.22823543529129417}}