{"Q9NTM9": {"Enrichment": 0.41827163456730865, "Depletion": 0.5817483650326993, "two-tailed": 0.8365432691346173}}