{"Q9NTG7": {"Enrichment": 0.03277934441311174, "Depletion": 0.9672406551868963, "two-tailed": 0.06555868882622348}}