{"Q9NTJ3": {"Enrichment": 0.41541169176616466, "Depletion": 0.5846083078338433, "two-tailed": 0.8308233835323293}}