{"Q9NTM9": {"Enrichment": 0.7618447631047379, "Depletion": 0.2381752364952701, "two-tailed": 0.4763504729905402}}