{"Q9NTJ3": {"Enrichment": 0.37201255974880504, "Depletion": 0.628007439851203, "two-tailed": 0.7440251194976101}}