{"Q9NTG7": {"Enrichment": 0.020339593208135838, "Depletion": 0.9796804063918721, "two-tailed": 0.040679186416271676}}