{"Q9NUX5": {"Enrichment": 0.4219115617687646, "Depletion": 0.5781084378312433, "two-tailed": 0.8438231235375292}}