{"Q9NUI1": {"Enrichment": 0.378112437751245, "Depletion": 0.6219075618487631, "two-tailed": 0.75622487550249}}