{"Q9NUX5": {"Enrichment": 0.47929041419171614, "Depletion": 0.5207295854082918, "two-tailed": 0.9585808283834323}}