{"Q9NUW8": {"Enrichment": 0.3840323193536129, "Depletion": 0.615987680246395, "two-tailed": 0.7680646387072259}}