{"Q9NUI1": {"Enrichment": 0.38205235895282097, "Depletion": 0.617967640647187, "two-tailed": 0.7641047179056419}}