{"Q9NV96": {"Enrichment": 0.4603907921841563, "Depletion": 0.5396292074158516, "two-tailed": 0.9207815843683126}}