{"Q9NVP1": {"Enrichment": 0.8114237715245695, "Depletion": 0.1885962280754385, "two-tailed": 0.377192456150877}}