{"Q9NV96": {"Enrichment": 0.9210815783684326, "Depletion": 0.07893842123157536, "two-tailed": 0.15787684246315073}}