{"Q9NVS9": {"Enrichment": 0.3384332313353733, "Depletion": 0.6615867682646347, "two-tailed": 0.6768664626707466}}