{"Q9NVS9": {"Enrichment": 0.24553508929821405, "Depletion": 0.754484910301794, "two-tailed": 0.4910701785964281}}