{"Q9NWM8": {"Enrichment": 0.9644207115857683, "Depletion": 0.03559928801423971, "two-tailed": 0.07119857602847943}}