{"Q9NW64": {"Enrichment": 0.1856162876742465, "Depletion": 0.8144037119257614, "two-tailed": 0.371232575348493}}