{"Q9NW64": {"Enrichment": 0.1860562788744225, "Depletion": 0.8139637207255855, "two-tailed": 0.372112557748845}}