{"Q9NWU1": {"Enrichment": 0.07757844843103139, "Depletion": 0.9224415511689766, "two-tailed": 0.15515689686206277}}