{"Q9NWT6": {"Enrichment": 0.05853882922341553, "Depletion": 0.9414811703765925, "two-tailed": 0.11707765844683106}}