{"Q9NWB1": {"Enrichment": 0.6726865462690746, "Depletion": 0.3273334533309334, "two-tailed": 0.6546669066618668}}