{"Q9NWB1": {"Enrichment": 0.6657866842663147, "Depletion": 0.3342333153336933, "two-tailed": 0.6684666306673867}}