{"Q9NWV4": {"Enrichment": 0.01875962480750385, "Depletion": 0.9812603747925042, "two-tailed": 0.0375192496150077}}