{"Q9NWT6": {"Enrichment": 0.010479790404191917, "Depletion": 0.9895402091958161, "two-tailed": 0.020959580808383834}}