{"Q9NWU5": {"Enrichment": 0.18349633007339852, "Depletion": 0.8165236695266095, "two-tailed": 0.36699266014679705}}