{"Q9NWZ3": {"Enrichment": 0.19355612887742246, "Depletion": 0.8064638707225855, "two-tailed": 0.3871122577548449}}