{"Q9NX46": {"Enrichment": 0.013179736405271895, "Depletion": 0.9868402631947361, "two-tailed": 0.02635947281054379}}