{"Q9NX74": {"Enrichment": 0.9107017859642808, "Depletion": 0.08931821363572728, "two-tailed": 0.17863642727145457}}