{"Q9NXA8": {"Enrichment": 0.6376472470550589, "Depletion": 0.3623727525449491, "two-tailed": 0.7247455050898982}}