{"Q9NXS2": {"Enrichment": 0.1745965080698386, "Depletion": 0.8254234915301694, "two-tailed": 0.3491930161396772}}