{"Q9NXS2": {"Enrichment": 0.6487670246595069, "Depletion": 0.3512529749405012, "two-tailed": 0.7025059498810023}}