{"Q9NXG6": {"Enrichment": 0.3225135497290054, "Depletion": 0.6775064498710026, "two-tailed": 0.6450270994580108}}