{"Q9NXA8": {"Enrichment": 0.30633387332253353, "Depletion": 0.6936861262774745, "two-tailed": 0.6126677466450671}}