{"Q9NX01": {"Enrichment": 0.6902661946761065, "Depletion": 0.30975380492390153, "two-tailed": 0.6195076098478031}}