{"Q9NYG8": {"Enrichment": 0.9023019539609208, "Depletion": 0.09771804563908722, "two-tailed": 0.19543609127817443}}