{"Q9NY33": {"Enrichment": 0.5455290894182117, "Depletion": 0.4544909101817964, "two-tailed": 0.9089818203635928}}