{"Q9NYA1": {"Enrichment": 0.8370632587348253, "Depletion": 0.1629567408651827, "two-tailed": 0.3259134817303654}}