{"Q9NYK5": {"Enrichment": 0.18931621367572649, "Depletion": 0.8107037859242815, "two-tailed": 0.37863242735145297}}