{"Q9NYY3": {"Enrichment": 0.06517869642607148, "Depletion": 0.9348413031739365, "two-tailed": 0.13035739285214296}}