{"Q9NY56": {"Enrichment": 0.19137617247655048, "Depletion": 0.8086438271234575, "two-tailed": 0.38275234495310095}}