{"Q9NYV4": {"Enrichment": 0.5875482490350193, "Depletion": 0.4124717505649887, "two-tailed": 0.8249435011299774}}