{"Q9NY97": {"Enrichment": 0.8091638167236656, "Depletion": 0.19085618287634248, "two-tailed": 0.38171236575268497}}