{"Q9NYV4": {"Enrichment": 0.6606267874642507, "Depletion": 0.3393932121357573, "two-tailed": 0.6787864242715146}}