{"Q9NYA1": {"Enrichment": 0.3617727645447091, "Depletion": 0.6382472350552989, "two-tailed": 0.7235455290894182}}