{"Q9NY97": {"Enrichment": 0.7842043159136817, "Depletion": 0.21581568368632628, "two-tailed": 0.43163136737265256}}