{"Q9NYY1": {"Enrichment": 0.2383152336953261, "Depletion": 0.761704765904682, "two-tailed": 0.4766304673906522}}