{"Q9NYL2": {"Enrichment": 0.15891682166356672, "Depletion": 0.8411031779364413, "two-tailed": 0.31783364332713343}}