{"Q9NYY3": {"Enrichment": 0.06451870962580748, "Depletion": 0.9355012899742006, "two-tailed": 0.12903741925161497}}