{"Q9NYG8": {"Enrichment": 0.9031619367612648, "Depletion": 0.09685806283874322, "two-tailed": 0.19371612567748644}}