{"Q9NZQ7": {"Enrichment": 0.9961600767984641, "Depletion": 0.0038599228015439692, "two-tailed": 0.0077198456030879384}}