{"Q9NZI8": {"Enrichment": 0.6722265554688907, "Depletion": 0.3277934441311174, "two-tailed": 0.6555868882622348}}