{"Q9NZL9": {"Enrichment": 0.34165316693666126, "Depletion": 0.6583668326633467, "two-tailed": 0.6833063338733225}}