{"Q9NZH6": {"Enrichment": 0.029139417211655767, "Depletion": 0.9708805823883523, "two-tailed": 0.05827883442331153}}