{"Q9NZI8": {"Enrichment": 0.6456270874582508, "Depletion": 0.35439291214175717, "two-tailed": 0.7087858242835143}}