{"Q9NZ08": {"Enrichment": 0.043299134017319656, "Depletion": 0.9567208655826883, "two-tailed": 0.08659826803463931}}