{"Q9NZK5": {"Enrichment": 0.10981780364392713, "Depletion": 0.8902021959560809, "two-tailed": 0.21963560728785425}}