{"Q9NZQ7": {"Enrichment": 0.997060058798824, "Depletion": 0.0029599408011839762, "two-tailed": 0.0059198816023679525}}