{"Q9NZK5": {"Enrichment": 0.26859462810743784, "Depletion": 0.7314253714925701, "two-tailed": 0.5371892562148757}}