{"Q9NZH6": {"Enrichment": 0.029039419211615767, "Depletion": 0.9709805803883922, "two-tailed": 0.058078838423231534}}