{"Q9P0M2": {"Enrichment": 0.40759184816303673, "Depletion": 0.5924281514369713, "two-tailed": 0.8151836963260735}}