{"Q9P0M6": {"Enrichment": 0.03599928001439971, "Depletion": 0.9640207195856083, "two-tailed": 0.07199856002879942}}