{"Q9P016": {"Enrichment": 0.7979840403191936, "Depletion": 0.2020359592808144, "two-tailed": 0.4040719185616288}}