{"Q9P016": {"Enrichment": 0.8006039879202416, "Depletion": 0.19941601167976641, "two-tailed": 0.39883202335953283}}