{"Q9P0L2": {"Enrichment": 0.7577248455030899, "Depletion": 0.24229515409691807, "two-tailed": 0.48459030819383614}}