{"Q9P0M2": {"Enrichment": 0.20419591608167836, "Depletion": 0.7958240835183297, "two-tailed": 0.4083918321633567}}