{"Q9P0M6": {"Enrichment": 0.036739265214695706, "Depletion": 0.9632807343853123, "two-tailed": 0.07347853042939141}}