{"Q9P0L2": {"Enrichment": 0.75222495550089, "Depletion": 0.247795044099118, "two-tailed": 0.495590088198236}}