{"Q9P0L0": {"Enrichment": 0.4424311513769725, "Depletion": 0.5575888482230356, "two-tailed": 0.884862302753945}}