{"Q9P1W8": {"Enrichment": 0.9884802303953921, "Depletion": 0.011539769204615908, "two-tailed": 0.023079538409231815}}