{"Q9P289": {"Enrichment": 0.1505769884602308, "Depletion": 0.8494430111397772, "two-tailed": 0.3011539769204616}}