{"Q9P286": {"Enrichment": 0.5843683126337473, "Depletion": 0.41565168696626065, "two-tailed": 0.8313033739325213}}