{"Q9P2J5": {"Enrichment": 0.8316833663326734, "Depletion": 0.16833663326733464, "two-tailed": 0.3366732665346693}}