{"Q9P2W7": {"Enrichment": 0.7937841243175137, "Depletion": 0.20623587528249435, "two-tailed": 0.4124717505649887}}