{"Q9P2W7": {"Enrichment": 0.7928041439171216, "Depletion": 0.20721585568288634, "two-tailed": 0.41443171136577267}}