{"Q9P258": {"Enrichment": 0.8852422951540969, "Depletion": 0.11477770444591108, "two-tailed": 0.22955540889182216}}