{"Q9P2F6": {"Enrichment": 0.5054898902021959, "Depletion": 0.49453010939781206, "two-tailed": 0.9890602187956241}}