{"Q9P2R7": {"Enrichment": 0.16793664126717467, "Depletion": 0.8320833583328333, "two-tailed": 0.33587328253434934}}