{"Q9P2T1": {"Enrichment": 0.3426531469370613, "Depletion": 0.6573668526629467, "two-tailed": 0.6853062938741226}}