{"Q9P2E7": {"Enrichment": 0.4552908941821164, "Depletion": 0.5447291054178917, "two-tailed": 0.9105817883642328}}