{"Q9P286": {"Enrichment": 0.4509509809803804, "Depletion": 0.5490690186196276, "two-tailed": 0.9019019619607608}}