{"Q9P2F6": {"Enrichment": 0.50944981100378, "Depletion": 0.4905701885962281, "two-tailed": 0.9811403771924562}}