{"Q9P2R7": {"Enrichment": 0.020639587208255834, "Depletion": 0.9793804123917522, "two-tailed": 0.04127917441651167}}