{"Q9P289": {"Enrichment": 0.08207835843283134, "Depletion": 0.9179416411671767, "two-tailed": 0.1641567168656627}}