{"Q9P2T1": {"Enrichment": 0.18577628447431052, "Depletion": 0.8142437151256975, "two-tailed": 0.37155256894862104}}