{"Q9UBP9": {"Enrichment": 0.879902401951961, "Depletion": 0.12011759764804704, "two-tailed": 0.24023519529609408}}