{"Q9UBL3": {"Enrichment": 0.9938801223975521, "Depletion": 0.006139877202455951, "two-tailed": 0.012279754404911901}}