{"Q9UBS5": {"Enrichment": 0.882242355152897, "Depletion": 0.11777764444711106, "two-tailed": 0.23555528889422211}}