{"Q9UBP9": {"Enrichment": 0.8842223155536889, "Depletion": 0.11579768404631907, "two-tailed": 0.23159536809263814}}