{"Q9UBN7": {"Enrichment": 0.05241895162096758, "Depletion": 0.9476010479790404, "two-tailed": 0.10483790324193516}}