{"Q9UBU8": {"Enrichment": 0.6017679646407071, "Depletion": 0.39825203495930084, "two-tailed": 0.7965040699186017}}