{"Q9UBV7": {"Enrichment": 0.6780064398712026, "Depletion": 0.3220135597288054, "two-tailed": 0.6440271194576108}}