{"Q9UBU9": {"Enrichment": 0.23415531689366212, "Depletion": 0.7658646827063459, "two-tailed": 0.46831063378732424}}