{"Q9UBT2": {"Enrichment": 0.1485970280594388, "Depletion": 0.8514229715405692, "two-tailed": 0.2971940561188776}}