{"Q9UBC3": {"Enrichment": 0.044099118017639646, "Depletion": 0.9559208815823683, "two-tailed": 0.08819823603527929}}