{"Q9UBC3": {"Enrichment": 0.014459710805783885, "Depletion": 0.9855602887942241, "two-tailed": 0.02891942161156777}}