{"Q9UBT2": {"Enrichment": 0.7620247595048099, "Depletion": 0.2379952400951981, "two-tailed": 0.4759904801903962}}