{"Q9UBU8": {"Enrichment": 0.6059678806423872, "Depletion": 0.3940521189576208, "two-tailed": 0.7881042379152416}}