{"Q9UBQ7": {"Enrichment": 0.6722865542689146, "Depletion": 0.3277334453310934, "two-tailed": 0.6554668906621868}}