{"Q9UBR2": {"Enrichment": 0.06125877482450351, "Depletion": 0.9387612247755045, "two-tailed": 0.12251754964900702}}