{"Q9UDY8": {"Enrichment": 0.9130217395652087, "Depletion": 0.08699826003479931, "two-tailed": 0.17399652006959862}}