{"Q9UDX4": {"Enrichment": 0.0375192496150077, "Depletion": 0.9625007499850003, "two-tailed": 0.0750384992300154}}