{"Q9UDR5": {"Enrichment": 0.09459810803783925, "Depletion": 0.9054218915621688, "two-tailed": 0.1891962160756785}}