{"Q9UDX3": {"Enrichment": 0.027639447211055778, "Depletion": 0.9723805523889523, "two-tailed": 0.055278894422111556}}