{"Q9UDY8": {"Enrichment": 0.9148417031659367, "Depletion": 0.08517829643407132, "two-tailed": 0.17035659286814264}}