{"Q9UDX3": {"Enrichment": 0.014099718005639887, "Depletion": 0.9859202815943681, "two-tailed": 0.028199436011279774}}