{"Q9UEF7": {"Enrichment": 0.2678146437071259, "Depletion": 0.7322053558928822, "two-tailed": 0.5356292874142518}}