{"Q9UEF7": {"Enrichment": 0.251694966100678, "Depletion": 0.74832503349933, "two-tailed": 0.503389932201356}}