{"Q9UGM1": {"Enrichment": 0.5244695106097879, "Depletion": 0.4755504889902202, "two-tailed": 0.9511009779804404}}