{"Q9UGN5": {"Enrichment": 0.11973760524789505, "Depletion": 0.880282394352113, "two-tailed": 0.2394752104957901}}