{"Q9UGM1": {"Enrichment": 0.5279694406111878, "Depletion": 0.4720505589888202, "two-tailed": 0.9441011179776404}}