{"Q9UGN5": {"Enrichment": 0.25623487530249395, "Depletion": 0.7437851242975141, "two-tailed": 0.5124697506049879}}