{"Q9UGM6": {"Enrichment": 0.5772084558308834, "Depletion": 0.4228115437691246, "two-tailed": 0.8456230875382492}}