{"Q9UGP5": {"Enrichment": 0.28985420291594166, "Depletion": 0.7101657966840663, "two-tailed": 0.5797084058318833}}