{"Q9UGL1": {"Enrichment": 0.024659506809863802, "Depletion": 0.9753604927901443, "two-tailed": 0.049319013619727604}}