{"Q9UGP5": {"Enrichment": 0.5825683486330273, "Depletion": 0.41745165096698067, "two-tailed": 0.8349033019339613}}