{"Q9UGM3": {"Enrichment": 0.06911861762764744, "Depletion": 0.9309013819723605, "two-tailed": 0.13823723525529488}}