{"Q9UGM3": {"Enrichment": 0.07793844123117538, "Depletion": 0.9220815583688327, "two-tailed": 0.15587688246235076}}