{"Q9UGN4": {"Enrichment": 0.7628047439051219, "Depletion": 0.2372152556948861, "two-tailed": 0.4744305113897722}}