{"Q9UHW9": {"Enrichment": 0.27755444891102177, "Depletion": 0.7224655506889862, "two-tailed": 0.5551088978220435}}