{"Q9UH77": {"Enrichment": 0.31935361292774145, "Depletion": 0.6806663866722665, "two-tailed": 0.6387072258554829}}