{"Q9UH99": {"Enrichment": 0.1502169956600868, "Depletion": 0.8498030039399213, "two-tailed": 0.3004339913201736}}