{"Q9UHP7": {"Enrichment": 0.47923041539169214, "Depletion": 0.5207895842083158, "two-tailed": 0.9584608307833843}}