{"Q9UHD8": {"Enrichment": 0.5987480250394992, "Depletion": 0.4012719745605088, "two-tailed": 0.8025439491210176}}