{"Q9UHD2": {"Enrichment": 0.37217255654886905, "Depletion": 0.6278474430511389, "two-tailed": 0.7443451130977381}}