{"Q9UHI8": {"Enrichment": 0.4165316693666127, "Depletion": 0.5834883302333953, "two-tailed": 0.8330633387332254}}