{"Q9UHY7": {"Enrichment": 0.4151116977660447, "Depletion": 0.5849083018339634, "two-tailed": 0.8302233955320893}}