{"Q9UHI8": {"Enrichment": 0.32741345173096537, "Depletion": 0.6726065478690426, "two-tailed": 0.6548269034619307}}