{"Q9UHD2": {"Enrichment": 0.375592488150237, "Depletion": 0.624427511449771, "two-tailed": 0.751184976300474}}