{"Q9UH03": {"Enrichment": 0.6435071298574029, "Depletion": 0.35651286974260515, "two-tailed": 0.7130257394852103}}