{"Q9UHI6": {"Enrichment": 0.7174456510869782, "Depletion": 0.28257434851302976, "two-tailed": 0.5651486970260595}}