{"Q9UHF4": {"Enrichment": 0.2366152676946461, "Depletion": 0.7634047319053618, "two-tailed": 0.4732305353892922}}