{"Q9UHC6": {"Enrichment": 0.3607327853442931, "Depletion": 0.6392872142557149, "two-tailed": 0.7214655706885862}}