{"Q9UH99": {"Enrichment": 0.15559688806223876, "Depletion": 0.8444231115377693, "two-tailed": 0.3111937761244775}}