{"Q9UHL4": {"Enrichment": 0.7983440331193377, "Depletion": 0.20167596648067038, "two-tailed": 0.40335193296134075}}