{"Q9UHI5": {"Enrichment": 0.046819063618727626, "Depletion": 0.9532009359812804, "two-tailed": 0.09363812723745525}}