{"Q9UHL0": {"Enrichment": 0.9502609947801044, "Depletion": 0.0497590048199036, "two-tailed": 0.0995180096398072}}