{"Q9UHX1": {"Enrichment": 0.26891462170756586, "Depletion": 0.7311053778924421, "two-tailed": 0.5378292434151317}}