{"Q9UH03": {"Enrichment": 0.6400271994560108, "Depletion": 0.3599928001439971, "two-tailed": 0.7199856002879942}}