{"Q9UH77": {"Enrichment": 0.4120117597648047, "Depletion": 0.5880082398352033, "two-tailed": 0.8240235195296094}}