{"Q9UHX1": {"Enrichment": 0.5151296974060519, "Depletion": 0.4848903021939561, "two-tailed": 0.9697806043879122}}