{"Q9UIQ6": {"Enrichment": 0.0996180076398472, "Depletion": 0.9004019919601608, "two-tailed": 0.1992360152796944}}