{"Q9UIC8": {"Enrichment": 0.05731885362292754, "Depletion": 0.9427011459770804, "two-tailed": 0.11463770724585508}}