{"Q9UI32": {"Enrichment": 0.11115777684446311, "Depletion": 0.8888622227555449, "two-tailed": 0.22231555368892622}}