{"Q9UI43": {"Enrichment": 0.7685646287074258, "Depletion": 0.23145537089258214, "two-tailed": 0.4629107417851643}}