{"Q9UIV1": {"Enrichment": 0.44235115297694044, "Depletion": 0.5576688466230676, "two-tailed": 0.8847023059538809}}