{"Q9UIJ7": {"Enrichment": 0.4659106817863643, "Depletion": 0.5341093178136437, "two-tailed": 0.9318213635727286}}