{"Q9UI32": {"Enrichment": 0.03867922641547169, "Depletion": 0.9613407731845363, "two-tailed": 0.07735845283094338}}