{"Q9UII6": {"Enrichment": 0.29133417331653366, "Depletion": 0.7086858262834743, "two-tailed": 0.5826683466330673}}