{"Q9UIJ7": {"Enrichment": 0.45783084338313235, "Depletion": 0.5421891562168757, "two-tailed": 0.9156616867662647}}