{"Q9UIF7": {"Enrichment": 0.49689006219875603, "Depletion": 0.503129937401252, "two-tailed": 0.9937801243975121}}