{"Q9UI42": {"Enrichment": 0.2009959800803984, "Depletion": 0.7990240195196097, "two-tailed": 0.4019919601607968}}