{"Q9UI30": {"Enrichment": 0.5261894762104757, "Depletion": 0.4738305233895322, "two-tailed": 0.9476610467790644}}