{"Q9UIF7": {"Enrichment": 0.4152116957660847, "Depletion": 0.5848083038339233, "two-tailed": 0.8304233915321694}}