{"Q9UI42": {"Enrichment": 0.24481510369792603, "Depletion": 0.755204895902082, "two-tailed": 0.48963020739585206}}