{"Q9UI95": {"Enrichment": 0.7046859062818743, "Depletion": 0.29533409331813365, "two-tailed": 0.5906681866362673}}