{"Q9UIK4": {"Enrichment": 0.6007079858402832, "Depletion": 0.3993120137597248, "two-tailed": 0.7986240275194496}}