{"Q9UI95": {"Enrichment": 0.7055658886822264, "Depletion": 0.2944541109177816, "two-tailed": 0.5889082218355632}}