{"Q9UII6": {"Enrichment": 0.35395292094158115, "Depletion": 0.6460670786584268, "two-tailed": 0.7079058418831623}}