{"Q9UIV1": {"Enrichment": 0.4399512009759805, "Depletion": 0.5600687986240275, "two-tailed": 0.879902401951961}}