{"Q9UJW3": {"Enrichment": 0.9680406391872163, "Depletion": 0.031979360412791744, "two-tailed": 0.06395872082558349}}