{"Q9UJ71": {"Enrichment": 0.4811903761924762, "Depletion": 0.5188296234075318, "two-tailed": 0.9623807523849524}}