{"Q9UJV9": {"Enrichment": 0.7874442511149777, "Depletion": 0.2125757484850303, "two-tailed": 0.4251514969700606}}