{"Q9UJA9": {"Enrichment": 0.025319493610127797, "Depletion": 0.9747005059898802, "two-tailed": 0.050638987220255595}}