{"Q9UKV3": {"Enrichment": 0.6261274774504509, "Depletion": 0.373892522149557, "two-tailed": 0.747785044299114}}