{"Q9UKK9": {"Enrichment": 0.45487090258194834, "Depletion": 0.5451490970180597, "two-tailed": 0.9097418051638967}}