{"Q9UKV8": {"Enrichment": 0.3644327113457731, "Depletion": 0.6355872882542349, "two-tailed": 0.7288654226915462}}