{"Q9UKA9": {"Enrichment": 0.7143457130857382, "Depletion": 0.28567428651426974, "two-tailed": 0.5713485730285395}}