{"Q9UKE5": {"Enrichment": 0.16339673206535868, "Depletion": 0.8366232675346493, "two-tailed": 0.32679346413071736}}