{"Q9UKA9": {"Enrichment": 0.7107657846843063, "Depletion": 0.2892542149157017, "two-tailed": 0.5785084298314034}}