{"Q9UKE5": {"Enrichment": 0.14495710085798283, "Depletion": 0.8550628987420251, "two-tailed": 0.28991420171596566}}