{"Q9UKK9": {"Enrichment": 0.4580308393832123, "Depletion": 0.5419891602167957, "two-tailed": 0.9160616787664246}}