{"Q9UKU7": {"Enrichment": 0.6007879842403152, "Depletion": 0.3992320153596928, "two-tailed": 0.7984640307193857}}