{"Q9UK32": {"Enrichment": 0.6591668166636667, "Depletion": 0.34085318293634126, "two-tailed": 0.6817063658726825}}