{"Q9UKV3": {"Enrichment": 0.625327493450131, "Depletion": 0.374692506149877, "two-tailed": 0.749385012299754}}