{"Q9UKV8": {"Enrichment": 0.3606127877442451, "Depletion": 0.6394072118557629, "two-tailed": 0.7212255754884902}}