{"Q9UK32": {"Enrichment": 0.6580468390632187, "Depletion": 0.3419731605367893, "two-tailed": 0.6839463210735786}}