{"Q9UKU7": {"Enrichment": 0.6017879642407152, "Depletion": 0.3982320353592928, "two-tailed": 0.7964640707185856}}