{"Q9UKB1": {"Enrichment": 0.7849843003139937, "Depletion": 0.2150356992860143, "two-tailed": 0.4300713985720286}}