{"Q9ULU4": {"Enrichment": 0.45881082378352434, "Depletion": 0.5412091758164836, "two-tailed": 0.9176216475670487}}