{"Q9ULU4": {"Enrichment": 0.45779084418311633, "Depletion": 0.5422291554168917, "two-tailed": 0.9155816883662327}}