{"Q9UL52": {"Enrichment": 0.01637967240655187, "Depletion": 0.9836403271934562, "two-tailed": 0.03275934481310374}}