{"Q9ULA0": {"Enrichment": 0.054458910821783564, "Depletion": 0.9455610887782244, "two-tailed": 0.10891782164356713}}