{"Q9ULY5": {"Enrichment": 0.07049859002819944, "Depletion": 0.9295214095718085, "two-tailed": 0.14099718005639889}}