{"Q9ULX7": {"Enrichment": 0.5401891962160756, "Depletion": 0.45983080338393234, "two-tailed": 0.9196616067678647}}