{"Q9ULD4": {"Enrichment": 0.8539629207415852, "Depletion": 0.14605707885842284, "two-tailed": 0.2921141577168457}}