{"Q9UL01": {"Enrichment": 0.40277194456110876, "Depletion": 0.5972480550388992, "two-tailed": 0.8055438891222175}}