{"Q9UL52": {"Enrichment": 0.3377332453350933, "Depletion": 0.6622867542649147, "two-tailed": 0.6754664906701866}}