{"Q9UL51": {"Enrichment": 0.07283854322913541, "Depletion": 0.9271814563708726, "two-tailed": 0.14567708645827082}}