{"Q9ULD4": {"Enrichment": 0.8546829063418732, "Depletion": 0.14533709325813485, "two-tailed": 0.2906741865162697}}