{"Q9UL18": {"Enrichment": 0.025459490810183796, "Depletion": 0.9745605087898243, "two-tailed": 0.05091898162036759}}