{"Q9UL25": {"Enrichment": 0.5784884302313954, "Depletion": 0.42153156936861264, "two-tailed": 0.8430631387372253}}