{"Q9ULC4": {"Enrichment": 0.09417811643767125, "Depletion": 0.9058418831623367, "two-tailed": 0.1883562328753425}}