{"Q9UMR7": {"Enrichment": 0.12143757124857503, "Depletion": 0.878582428351433, "two-tailed": 0.24287514249715006}}