{"Q9UM07": {"Enrichment": 0.14499710005799885, "Depletion": 0.8550228995420092, "two-tailed": 0.2899942001159977}}