{"Q9UM47": {"Enrichment": 0.17265654686906262, "Depletion": 0.8273634527309454, "two-tailed": 0.34531309373812524}}