{"Q9UMF0": {"Enrichment": 0.37923241535169294, "Depletion": 0.620787584248315, "two-tailed": 0.7584648307033859}}