{"Q9UM22": {"Enrichment": 0.508409831803364, "Depletion": 0.49161016779664407, "two-tailed": 0.9832203355932881}}