{"Q9UMS4": {"Enrichment": 0.006059878802423951, "Depletion": 0.993960120797584, "two-tailed": 0.012119757604847903}}