{"Q9UMN6": {"Enrichment": 0.124977500449991, "Depletion": 0.875042499150017, "two-tailed": 0.249955000899982}}