{"Q9UMS4": {"Enrichment": 0.00011999760004799904, "Depletion": 0.99990000199996, "two-tailed": 0.00023999520009599807}}