{"Q9UMX1": {"Enrichment": 0.21527569448611028, "Depletion": 0.7847443051138977, "two-tailed": 0.43055138897222056}}