{"Q9UMN6": {"Enrichment": 0.12123757524849503, "Depletion": 0.878782424351513, "two-tailed": 0.24247515049699006}}