{"Q9UM47": {"Enrichment": 0.1730965380692386, "Depletion": 0.8269234615307693, "two-tailed": 0.3461930761384772}}