{"Q9UN19": {"Enrichment": 0.08927821443571128, "Depletion": 0.9107417851642967, "two-tailed": 0.17855642887142256}}