{"Q9UNA0": {"Enrichment": 0.5820483590328194, "Depletion": 0.41797164056718866, "two-tailed": 0.8359432811343773}}