{"Q9UN36": {"Enrichment": 0.4871502569948601, "Depletion": 0.512869742605148, "two-tailed": 0.9743005139897202}}