{"Q9UNQ2": {"Enrichment": 0.5539289214215716, "Depletion": 0.4460910781784364, "two-tailed": 0.8921821563568728}}