{"Q9UNQ2": {"Enrichment": 0.044699106017879645, "Depletion": 0.9553208935821283, "two-tailed": 0.08939821203575929}}