{"Q9UNI6": {"Enrichment": 0.49259014819703606, "Depletion": 0.5074298514029719, "two-tailed": 0.9851802963940721}}