{"Q9UN36": {"Enrichment": 0.11833763324733505, "Depletion": 0.8816823663526729, "two-tailed": 0.2366752664946701}}