{"Q9UNA0": {"Enrichment": 0.6136277274454511, "Depletion": 0.3863922721545569, "two-tailed": 0.7727845443091138}}