{"Q9UNA4": {"Enrichment": 0.6506469870602588, "Depletion": 0.34937301253974923, "two-tailed": 0.6987460250794985}}