{"Q9UPN3": {"Enrichment": 0.24073518529629406, "Depletion": 0.759284814303714, "two-tailed": 0.4814703705925881}}