{"Q9UPN3": {"Enrichment": 0.24033519329613406, "Depletion": 0.7596848063038739, "two-tailed": 0.48067038659226813}}