{"Q9UPP1": {"Enrichment": 0.12361752764944701, "Depletion": 0.876402471950561, "two-tailed": 0.24723505529889403}}