{"Q9UQR0": {"Enrichment": 0.6053078938421231, "Depletion": 0.39471210575788485, "two-tailed": 0.7894242115157697}}