{"Q9UQ84": {"Enrichment": 0.10347793044139117, "Depletion": 0.8965420691586168, "two-tailed": 0.20695586088278234}}