{"Q9UQM7": {"Enrichment": 0.08401831963360733, "Depletion": 0.9160016799664007, "two-tailed": 0.16803663926721465}}