{"Q9UQB9": {"Enrichment": 0.02725945481090378, "Depletion": 0.9727605447891042, "two-tailed": 0.05451890962180756}}