{"Q9UQB9": {"Enrichment": 0.03375932481350373, "Depletion": 0.9662606747865042, "two-tailed": 0.06751864962700746}}