{"Q9UQ80": {"Enrichment": 0.7974440511189776, "Depletion": 0.2025759484810304, "two-tailed": 0.4051518969620608}}