{"Q9UQE7": {"Enrichment": 0.006679866402671947, "Depletion": 0.993340133197336, "two-tailed": 0.013359732805343893}}