{"Q9UQ80": {"Enrichment": 0.7176056478870423, "Depletion": 0.28241435171296575, "two-tailed": 0.5648287034259315}}