{"Q9UQQ1": {"Enrichment": 0.8007239855202896, "Depletion": 0.1992960140797184, "two-tailed": 0.3985920281594368}}