{"Q9UQQ1": {"Enrichment": 0.8844423111537769, "Depletion": 0.11557768844623108, "two-tailed": 0.23115537689246216}}