{"Q9Y2C4": {"Enrichment": 0.74942501149977, "Depletion": 0.250594988100238, "two-tailed": 0.501189976200476}}