{"Q9Y223": {"Enrichment": 0.3519929601407972, "Depletion": 0.6480270394592108, "two-tailed": 0.7039859202815943}}