{"Q9Y275": {"Enrichment": 0.11075778484430311, "Depletion": 0.8892622147557049, "two-tailed": 0.22151556968860622}}