{"Q9Y2M5": {"Enrichment": 0.15781684366312673, "Depletion": 0.8422031559368812, "two-tailed": 0.31563368732625346}}