{"Q9Y235": {"Enrichment": 0.28137437251254976, "Depletion": 0.7186456270874583, "two-tailed": 0.5627487450250995}}