{"Q9Y2H9": {"Enrichment": 0.045279094418111634, "Depletion": 0.9547409051818964, "two-tailed": 0.09055818883622327}}