{"Q9Y2U8": {"Enrichment": 0.3133137337253255, "Depletion": 0.6867062658746825, "two-tailed": 0.626627467450651}}