{"Q9Y2Z4": {"Enrichment": 0.004279914401711966, "Depletion": 0.995740085198296, "two-tailed": 0.008559828803423932}}