{"Q9Y2Q3": {"Enrichment": 0.5547289054218916, "Depletion": 0.44529109417811646, "two-tailed": 0.8905821883562329}}