{"Q9Y223": {"Enrichment": 0.2640547189056219, "Depletion": 0.7359652806943862, "two-tailed": 0.5281094378112438}}