{"Q9Y2A7": {"Enrichment": 0.127817443651127, "Depletion": 0.8722025559488811, "two-tailed": 0.255634887302254}}