{"Q9Y2C4": {"Enrichment": 0.6603067938641227, "Depletion": 0.33971320573588526, "two-tailed": 0.6794264114717705}}