{"Q9Y2A7": {"Enrichment": 0.5703285934281315, "Depletion": 0.42969140617187657, "two-tailed": 0.8593828123437531}}