{"Q9Y2J8": {"Enrichment": 0.15839683206335872, "Depletion": 0.8416231675366492, "two-tailed": 0.31679366412671744}}