{"Q9Y2J8": {"Enrichment": 0.08975820483590329, "Depletion": 0.9102617947641047, "two-tailed": 0.17951640967180657}}