{"Q9Y2R4": {"Enrichment": 0.8445031099378012, "Depletion": 0.15551688966220675, "two-tailed": 0.3110337793244135}}