{"Q9Y2H2": {"Enrichment": 0.8991820163596728, "Depletion": 0.10083798324033519, "two-tailed": 0.20167596648067038}}