{"Q9Y253": {"Enrichment": 0.7290854182916342, "Depletion": 0.27093458130837383, "two-tailed": 0.5418691626167477}}