{"Q9Y2G5": {"Enrichment": 0.1005179896402072, "Depletion": 0.8995020099598008, "two-tailed": 0.2010359792804144}}