{"Q9Y227": {"Enrichment": 0.10295794084118318, "Depletion": 0.8970620587588248, "two-tailed": 0.20591588168236635}}