{"Q9Y235": {"Enrichment": 0.12871742565148697, "Depletion": 0.8713025739485211, "two-tailed": 0.25743485130297394}}