{"Q9Y2M5": {"Enrichment": 0.024059518809623807, "Depletion": 0.9759604807903842, "two-tailed": 0.048119037619247615}}