{"Q9Y259": {"Enrichment": 0.6705465890682186, "Depletion": 0.32947341053178936, "two-tailed": 0.6589468210635787}}