{"Q9Y251": {"Enrichment": 0.9838803223935522, "Depletion": 0.01613967720645587, "two-tailed": 0.03227935441291174}}