{"Q9Y2T3": {"Enrichment": 0.39231215375692485, "Depletion": 0.6077078458430831, "two-tailed": 0.7846243075138497}}