{"Q9Y297": {"Enrichment": 0.7115457690846183, "Depletion": 0.2884742305153897, "two-tailed": 0.5769484610307793}}