{"Q9Y2S2": {"Enrichment": 0.03113937721245575, "Depletion": 0.9688806223875522, "two-tailed": 0.0622787544249115}}