{"Q9Y2W6": {"Enrichment": 0.989140217195656, "Depletion": 0.010879782404351912, "two-tailed": 0.021759564808703825}}