{"Q9Y275": {"Enrichment": 0.15319693606127877, "Depletion": 0.8468230635387293, "two-tailed": 0.30639387212255753}}