{"Q9Y2W6": {"Enrichment": 0.988680226395472, "Depletion": 0.01133977320453591, "two-tailed": 0.02267954640907182}}