{"Q9Y2Q3": {"Enrichment": 0.6450870982580348, "Depletion": 0.35493290134197314, "two-tailed": 0.7098658026839463}}