{"Q9Y2R2": {"Enrichment": 0.634307313853723, "Depletion": 0.36571268574628507, "two-tailed": 0.7314253714925701}}