{"Q9Y2U8": {"Enrichment": 0.41815163696726065, "Depletion": 0.5818683626327473, "two-tailed": 0.8363032739345213}}