{"Q9Y3B4": {"Enrichment": 0.3357732845343093, "Depletion": 0.6642467150656987, "two-tailed": 0.6715465690686186}}