{"Q9Y303": {"Enrichment": 0.8173636527269454, "Depletion": 0.18265634687306254, "two-tailed": 0.3653126937461251}}