{"Q9Y3Q0": {"Enrichment": 0.10965780684386313, "Depletion": 0.8903621927561449, "two-tailed": 0.21931561368772626}}