{"Q9Y3C6": {"Enrichment": 0.125577488450231, "Depletion": 0.874442511149777, "two-tailed": 0.251154976900462}}