{"Q9Y3Q4": {"Enrichment": 0.015259694806103877, "Depletion": 0.9847603047939041, "two-tailed": 0.030519389612207754}}