{"Q9Y3C8": {"Enrichment": 0.5174896502069959, "Depletion": 0.48253034939301215, "two-tailed": 0.9650606987860243}}