{"Q9Y3B8": {"Enrichment": 0.006499870002599948, "Depletion": 0.9935201295974081, "two-tailed": 0.012999740005199895}}