{"Q9Y3D8": {"Enrichment": 0.6720865582688347, "Depletion": 0.32793344133117336, "two-tailed": 0.6558668826623467}}