{"Q9Y388": {"Enrichment": 0.870422591548169, "Depletion": 0.12959740805183897, "two-tailed": 0.25919481610367795}}