{"Q9Y3C6": {"Enrichment": 0.08219835603287934, "Depletion": 0.9178216435671287, "two-tailed": 0.16439671206575868}}