{"Q9Y3P9": {"Enrichment": 0.7773044539109217, "Depletion": 0.22271554568908622, "two-tailed": 0.44543109137817244}}