{"Q9Y3Z3": {"Enrichment": 0.28297434051318976, "Depletion": 0.7170456590868183, "two-tailed": 0.5659486810263795}}