{"Q9Y3P9": {"Enrichment": 0.8406431871362573, "Depletion": 0.15937681246375074, "two-tailed": 0.3187536249275015}}