{"Q9Y3E1": {"Enrichment": 0.9927601447971041, "Depletion": 0.007259854802903942, "two-tailed": 0.014519709605807883}}