{"Q9Y3Q0": {"Enrichment": 0.3099938001239975, "Depletion": 0.6900261994760105, "two-tailed": 0.619987600247995}}