{"Q9Y3E1": {"Enrichment": 0.624467510649787, "Depletion": 0.375552488950221, "two-tailed": 0.751104977900442}}