{"Q9Y3R0": {"Enrichment": 0.33547329053418934, "Depletion": 0.6645467090658187, "two-tailed": 0.6709465810683787}}