{"Q9Y337": {"Enrichment": 0.6034879302413951, "Depletion": 0.39653206935861285, "two-tailed": 0.7930641387172257}}