{"Q9Y3C4": {"Enrichment": 0.9679606407871842, "Depletion": 0.03205935881282374, "two-tailed": 0.06411871762564748}}