{"Q9Y3Z3": {"Enrichment": 0.4247915041699166, "Depletion": 0.5752284954300914, "two-tailed": 0.8495830083398332}}