{"Q9Y3C4": {"Enrichment": 0.9678606427871442, "Depletion": 0.03215935681286374, "two-tailed": 0.06431871362572748}}