{"Q9Y3Q4": {"Enrichment": 0.016919661606767864, "Depletion": 0.9831003379932401, "two-tailed": 0.03383932321353573}}