{"Q9Y468": {"Enrichment": 0.9467210655786884, "Depletion": 0.05329893402131957, "two-tailed": 0.10659786804263914}}