{"Q9Y4E8": {"Enrichment": 0.12167756644867103, "Depletion": 0.878342433151337, "two-tailed": 0.24335513289734206}}