{"Q9Y4B6": {"Enrichment": 0.5247295054098918, "Depletion": 0.4752904941901162, "two-tailed": 0.9505809883802324}}