{"Q9Y483": {"Enrichment": 0.9371612567748645, "Depletion": 0.06285874282514349, "two-tailed": 0.12571748565028698}}