{"Q9Y4W6": {"Enrichment": 0.621987560248795, "Depletion": 0.378032439351213, "two-tailed": 0.756064878702426}}