{"Q9Y468": {"Enrichment": 0.9586408271834563, "Depletion": 0.04137917241655167, "two-tailed": 0.08275834483310333}}