{"Q9Y478": {"Enrichment": 0.9821803563928722, "Depletion": 0.017839643207135856, "two-tailed": 0.03567928641427171}}