{"Q9Y4E8": {"Enrichment": 0.6542669146617067, "Depletion": 0.34575308493830126, "two-tailed": 0.6915061698766025}}