{"Q9Y483": {"Enrichment": 0.9845403091938161, "Depletion": 0.015479690406191876, "two-tailed": 0.030959380812383752}}