{"Q9Y4W6": {"Enrichment": 0.04493910121797564, "Depletion": 0.9550808983820324, "two-tailed": 0.08987820243595128}}