{"Q9Y5P4": {"Enrichment": 0.049539009219815605, "Depletion": 0.9504809903801924, "two-tailed": 0.09907801843963121}}