{"Q9Y5N5": {"Enrichment": 0.41495170096598066, "Depletion": 0.5850682986340273, "two-tailed": 0.8299034019319613}}