{"Q9Y5S9": {"Enrichment": 0.15601687966240677, "Depletion": 0.8440031199376012, "two-tailed": 0.31203375932481353}}