{"Q9Y5Y6": {"Enrichment": 0.8837423251534969, "Depletion": 0.11627767444651108, "two-tailed": 0.23255534889302215}}