{"Q9Y5S2": {"Enrichment": 0.08225835483290334, "Depletion": 0.9177616447671046, "two-tailed": 0.16451670966580667}}