{"Q9Y5K5": {"Enrichment": 0.10275794484110318, "Depletion": 0.8972620547589049, "two-tailed": 0.20551588968220635}}