{"Q9Y5P8": {"Enrichment": 0.11763764724705505, "Depletion": 0.8823823523529529, "two-tailed": 0.2352752944941101}}