{"Q9Y5P4": {"Enrichment": 0.014279714405711887, "Depletion": 0.9857402851942961, "two-tailed": 0.028559428811423773}}