{"Q9Y5K2": {"Enrichment": 0.5381892362152757, "Depletion": 0.4618307633847323, "two-tailed": 0.9236615267694646}}