{"Q9Y5P6": {"Enrichment": 0.9513409731805363, "Depletion": 0.04867902641947161, "two-tailed": 0.09735805283894322}}