{"Q9Y530": {"Enrichment": 0.4878902421951561, "Depletion": 0.5121297574048519, "two-tailed": 0.9757804843903122}}