{"Q9Y5S2": {"Enrichment": 0.14523709525809483, "Depletion": 0.8547829043419132, "two-tailed": 0.29047419051618967}}