{"Q9Y5X1": {"Enrichment": 0.625987480250395, "Depletion": 0.374032519349613, "two-tailed": 0.748065038699226}}