{"Q9Y580": {"Enrichment": 0.8657226855462891, "Depletion": 0.13429731405371892, "two-tailed": 0.26859462810743784}}