{"Q9Y5X1": {"Enrichment": 0.626847463050739, "Depletion": 0.373172536549269, "two-tailed": 0.746345073098538}}