{"Q9Y5Y6": {"Enrichment": 0.8201035979280414, "Depletion": 0.17991640167196657, "two-tailed": 0.35983280334393314}}