{"Q9Y5Z4": {"Enrichment": 0.6535269294614108, "Depletion": 0.3464930701385972, "two-tailed": 0.6929861402771944}}