{"Q9Y5Z4": {"Enrichment": 0.6547269054618907, "Depletion": 0.34529309413811726, "two-tailed": 0.6905861882762345}}