{"Q9Y5K2": {"Enrichment": 0.5395292094158117, "Depletion": 0.4604907901841963, "two-tailed": 0.9209815803683926}}