{"Q9Y5N5": {"Enrichment": 0.14659706805863884, "Depletion": 0.8534229315413692, "two-tailed": 0.2931941361172777}}