{"Q9Y606": {"Enrichment": 0.9085618287634247, "Depletion": 0.09145817083658327, "two-tailed": 0.18291634167316653}}