{"Q9Y6X5": {"Enrichment": 0.2242155156896862, "Depletion": 0.7758044839103218, "two-tailed": 0.4484310313793724}}