{"Q9Y663": {"Enrichment": 0.07099858002839943, "Depletion": 0.9290214195716086, "two-tailed": 0.14199716005679885}}