{"Q9Y6A2": {"Enrichment": 0.6072478550428991, "Depletion": 0.39277214455710885, "two-tailed": 0.7855442891142177}}