{"Q9Y6K1": {"Enrichment": 0.7997640047199056, "Depletion": 0.2002559948801024, "two-tailed": 0.4005119897602048}}