{"Q9Y663": {"Enrichment": 0.24043519129617408, "Depletion": 0.7595848083038339, "two-tailed": 0.48087038259234816}}