{"Q9Y6K8": {"Enrichment": 0.050558988820223597, "Depletion": 0.9494610107797844, "two-tailed": 0.10111797764044719}}