{"Q9Y600": {"Enrichment": 0.2230955380892382, "Depletion": 0.7769244615107698, "two-tailed": 0.4461910761784764}}