{"Q9Y606": {"Enrichment": 0.38241235175296495, "Depletion": 0.617607647847043, "two-tailed": 0.7648247035059299}}