{"Q9Y6A2": {"Enrichment": 0.6100877982440351, "Depletion": 0.3899322013559729, "two-tailed": 0.7798644027119458}}