{"Q9Y6K5": {"Enrichment": 0.7364052718945621, "Depletion": 0.2636147277054459, "two-tailed": 0.5272294554108918}}