{"Q9Y6M4": {"Enrichment": 0.11459770804583909, "Depletion": 0.885422291554169, "two-tailed": 0.22919541609167818}}