{"Q9Y617": {"Enrichment": 0.08871822563548729, "Depletion": 0.9113017739645207, "two-tailed": 0.17743645127097457}}