{"Q9Y600": {"Enrichment": 0.5666686666266675, "Depletion": 0.43335133297334055, "two-tailed": 0.8667026659466811}}