{"Q9Y6E0": {"Enrichment": 0.1888562228755425, "Depletion": 0.8111637767244655, "two-tailed": 0.377712445751085}}