{"Q9Y657": {"Enrichment": 0.9230615387692246, "Depletion": 0.07695846083078338, "two-tailed": 0.15391692166156676}}