{"Q9Y6W6": {"Enrichment": 0.5761484770304593, "Depletion": 0.42387152256954863, "two-tailed": 0.8477430451390973}}