{"Q9Y6N5": {"Enrichment": 0.7930441391172176, "Depletion": 0.20697586048279035, "two-tailed": 0.4139517209655807}}