{"Q9Y6F1": {"Enrichment": 0.15467690646187077, "Depletion": 0.8453430931381373, "two-tailed": 0.30935381292374153}}