{"Q9Y666": {"Enrichment": 0.35551288974220513, "Depletion": 0.6445071098578028, "two-tailed": 0.7110257794844103}}