{"Q9Y6W6": {"Enrichment": 0.5774484510309794, "Depletion": 0.4225715485690286, "two-tailed": 0.8451430971380572}}