{"Q9Y6R0": {"Enrichment": 0.9028219435611288, "Depletion": 0.09719805603887922, "two-tailed": 0.19439611207775845}}