{"Q9Y6M4": {"Enrichment": 0.16061678766424672, "Depletion": 0.8394032119357613, "two-tailed": 0.32123357532849345}}