{"Q9Y697": {"Enrichment": 0.010939781204375913, "Depletion": 0.9890802183956321, "two-tailed": 0.021879562408751826}}