{"Q9Y6N9": {"Enrichment": 0.19775604487910242, "Depletion": 0.8022639547209056, "two-tailed": 0.39551208975820484}}