{"Q9Y6K5": {"Enrichment": 0.7339853202935941, "Depletion": 0.2660346793064139, "two-tailed": 0.5320693586128278}}