{"Q9Y6W3": {"Enrichment": 0.6937861242775144, "Depletion": 0.3062338753224936, "two-tailed": 0.6124677506449872}}