{"Q9Y6K1": {"Enrichment": 0.7965040699186017, "Depletion": 0.20351592968140636, "two-tailed": 0.4070318593628127}}