{"A6H8Y1": {"Enrichment": 0.8161836763264735, "Depletion": 0.18383632327353452, "two-tailed": 0.36767264654706905}}