{"A6H8Y1": {"Enrichment": 0.8212035759284815, "Depletion": 0.17881642367152656, "two-tailed": 0.3576328473430531}}