{"O00411": {"Enrichment": 0.4098918021639567, "Depletion": 0.5901281974360513, "two-tailed": 0.8197836043279134}}