{"O14862": {"Enrichment": 0.7283054338913222, "Depletion": 0.27171456570868585, "two-tailed": 0.5434291314173717}}