{"O14862": {"Enrichment": 0.7309253814923702, "Depletion": 0.26909461810763785, "two-tailed": 0.5381892362152757}}