{"O14802": {"Enrichment": 0.39545209095818085, "Depletion": 0.6045679086418272, "two-tailed": 0.7909041819163617}}