{"O15178": {"Enrichment": 0.7296254074918501, "Depletion": 0.27039459210815786, "two-tailed": 0.5407891842163157}}