{"O15198": {"Enrichment": 0.7694646107077858, "Depletion": 0.23055538889222216, "two-tailed": 0.4611107777844443}}