{"O15527": {"Enrichment": 0.9651606967860643, "Depletion": 0.03485930281394372, "two-tailed": 0.06971860562788744}}