{"O15527": {"Enrichment": 0.9265614687706246, "Depletion": 0.07345853082938342, "two-tailed": 0.14691706165876683}}