{"O43435": {"Enrichment": 0.03373932521349573, "Depletion": 0.9662806743865122, "two-tailed": 0.06747865042699146}}