{"O43435": {"Enrichment": 0.03465930681386372, "Depletion": 0.9653606927861442, "two-tailed": 0.06931861362772744}}