{"O60930": {"Enrichment": 0.49619007619847605, "Depletion": 0.503829923401532, "two-tailed": 0.9923801523969521}}