{"O60930": {"Enrichment": 0.49241015179696407, "Depletion": 0.507609847803044, "two-tailed": 0.9848203035939281}}