{"O94916": {"Enrichment": 0.14289714205715887, "Depletion": 0.8571228575428491, "two-tailed": 0.28579428411431773}}