{"P01583": {"Enrichment": 0.9937401251974961, "Depletion": 0.0062798744025119495, "two-tailed": 0.012559748805023899}}