{"P04637": {"Enrichment": 0.7034459310813783, "Depletion": 0.2965740685186296, "two-tailed": 0.5931481370372592}}