{"P04637": {"Enrichment": 0.6667866642667146, "Depletion": 0.33323333533329336, "two-tailed": 0.6664666706665867}}