{"P06746": {"Enrichment": 0.751484970300594, "Depletion": 0.248535029299414, "two-tailed": 0.497070058598828}}