{"P06746": {"Enrichment": 0.11945761084778304, "Depletion": 0.8805623887522249, "two-tailed": 0.2389152216955661}}