{"P09651": {"Enrichment": 0.21597568048639026, "Depletion": 0.7840443191136177, "two-tailed": 0.43195136097278053}}