{"P09651": {"Enrichment": 0.3608127837443251, "Depletion": 0.6392072158556829, "two-tailed": 0.7216255674886503}}