{"P09884": {"Enrichment": 0.9714005719885602, "Depletion": 0.02861942761144777, "two-tailed": 0.05723885522289554}}