{"P09884": {"Enrichment": 0.7105257894842103, "Depletion": 0.2894942101157977, "two-tailed": 0.5789884202315954}}