{"P11388": {"Enrichment": 0.25823483530329394, "Depletion": 0.741785164296714, "two-tailed": 0.5164696706065879}}