{"P11387": {"Enrichment": 0.10361792764144717, "Depletion": 0.8964020719585608, "two-tailed": 0.20723585528289434}}