{"P11388": {"Enrichment": 0.5025099498010039, "Depletion": 0.49751004979900404, "two-tailed": 0.9950200995980081}}