{"P11473": {"Enrichment": 0.37361252774944503, "Depletion": 0.626407471850563, "two-tailed": 0.7472250554988901}}