{"P11473": {"Enrichment": 0.37847243055138896, "Depletion": 0.6215475690486191, "two-tailed": 0.7569448611027779}}