{"P13010": {"Enrichment": 0.0994380112397752, "Depletion": 0.9005819883602328, "two-tailed": 0.1988760224795504}}