{"P13010": {"Enrichment": 0.07393852122957541, "Depletion": 0.9260814783704326, "two-tailed": 0.14787704245915081}}