{"P18858": {"Enrichment": 0.005159896802063958, "Depletion": 0.994860102797944, "two-tailed": 0.010319793604127917}}