{"P18858": {"Enrichment": 0.15451690966180676, "Depletion": 0.8455030899382012, "two-tailed": 0.3090338193236135}}