{"P19388": {"Enrichment": 0.8974220515589688, "Depletion": 0.10259794804103918, "two-tailed": 0.20519589608207836}}