{"P19388": {"Enrichment": 0.8938421231575369, "Depletion": 0.10617787644247115, "two-tailed": 0.2123557528849423}}