{"P19447": {"Enrichment": 0.04109917801643967, "Depletion": 0.9589208215835683, "two-tailed": 0.08219835603287934}}