{"P19447": {"Enrichment": 0.045699086018279635, "Depletion": 0.9543209135817283, "two-tailed": 0.09139817203655927}}