{"P19838": {"Enrichment": 0.16645667086658267, "Depletion": 0.8335633287334253, "two-tailed": 0.33291334173316534}}