{"P19838": {"Enrichment": 0.5348093038139238, "Depletion": 0.46521069578608426, "two-tailed": 0.9304213915721685}}