{"P20393": {"Enrichment": 0.010999780004399912, "Depletion": 0.989020219595608, "two-tailed": 0.021999560008799823}}