{"P20585": {"Enrichment": 0.43919121617567647, "Depletion": 0.5608287834243315, "two-tailed": 0.8783824323513529}}