{"P22392": {"Enrichment": 0.6855262894742106, "Depletion": 0.31449371012579747, "two-tailed": 0.6289874202515949}}