{"P22392": {"Enrichment": 0.7992240155196896, "Depletion": 0.2007959840803184, "two-tailed": 0.4015919681606368}}