{"P23025": {"Enrichment": 0.20569588608227835, "Depletion": 0.7943241135177297, "two-tailed": 0.4113917721645567}}