{"P23025": {"Enrichment": 0.3009539809203816, "Depletion": 0.6990660186796264, "two-tailed": 0.6019079618407632}}