{"P29558": {"Enrichment": 0.6273874522509549, "Depletion": 0.37263254734905304, "two-tailed": 0.7452650946981061}}