{"P31941": {"Enrichment": 0.5869082618347633, "Depletion": 0.4131117377652447, "two-tailed": 0.8262234755304894}}