{"P31941": {"Enrichment": 0.3121137577248455, "Depletion": 0.6879062418751625, "two-tailed": 0.624227515449691}}