{"P43246": {"Enrichment": 0.41719165616687665, "Depletion": 0.5828283434331314, "two-tailed": 0.8343833123337533}}