{"P46063": {"Enrichment": 0.89001099890011, "Depletion": 0.1100889911008899, "two-tailed": 0.2201779822017798}}