{"P49917": {"Enrichment": 0.032899342013159735, "Depletion": 0.9671206575868483, "two-tailed": 0.06579868402631947}}