{"P49917": {"Enrichment": 0.03245935081298374, "Depletion": 0.9675606487870243, "two-tailed": 0.06491870162596748}}