{"P52701": {"Enrichment": 0.42017159656806863, "Depletion": 0.5798484030319394, "two-tailed": 0.8403431931361373}}