{"P55318": {"Enrichment": 0.0038599228015439692, "Depletion": 0.9961600767984641, "two-tailed": 0.0077198456030879384}}