{"Q00653": {"Enrichment": 0.004759904801903962, "Depletion": 0.9952600947981041, "two-tailed": 0.009519809603807924}}