{"Q02880": {"Enrichment": 0.10673786524269514, "Depletion": 0.8932821343573129, "two-tailed": 0.21347573048539029}}