{"Q13485": {"Enrichment": 0.7223055538889223, "Depletion": 0.2777144457110858, "two-tailed": 0.5554288914221716}}