{"Q13469": {"Enrichment": 0.16837663246735066, "Depletion": 0.8316433671326573, "two-tailed": 0.3367532649347013}}