{"Q13469": {"Enrichment": 0.05869882602347953, "Depletion": 0.9413211735765284, "two-tailed": 0.11739765204695907}}