{"Q14527": {"Enrichment": 0.9965200695986081, "Depletion": 0.003499930001399972, "two-tailed": 0.006999860002799944}}