{"Q14527": {"Enrichment": 0.993260134797304, "Depletion": 0.006759864802703946, "two-tailed": 0.013519729605407892}}