{"Q15306": {"Enrichment": 0.5345893082138358, "Depletion": 0.46543069138617227, "two-tailed": 0.9308613827723445}}