{"Q16666": {"Enrichment": 0.4276914461710766, "Depletion": 0.5723285534289314, "two-tailed": 0.8553828923421531}}