{"Q16666": {"Enrichment": 0.4286514269714606, "Depletion": 0.5713685726285475, "two-tailed": 0.8573028539429212}}