{"Q6N021": {"Enrichment": 0.10539789204215916, "Depletion": 0.8946221075578489, "two-tailed": 0.21079578408431832}}