{"Q6NS38": {"Enrichment": 0.09323813523729525, "Depletion": 0.9067818643627128, "two-tailed": 0.1864762704745905}}