{"Q6NS38": {"Enrichment": 0.030439391212175756, "Depletion": 0.9695806083878322, "two-tailed": 0.06087878242435151}}