{"Q7Z2E3": {"Enrichment": 0.2874342513149737, "Depletion": 0.7125857482850343, "two-tailed": 0.5748685026299474}}