{"Q7Z2E3": {"Enrichment": 0.2891742165156697, "Depletion": 0.7108457830843383, "two-tailed": 0.5783484330313394}}