{"Q7Z5Q5": {"Enrichment": 0.7735645287094258, "Depletion": 0.22645547089058218, "two-tailed": 0.45291094178116437}}