{"Q8IUH3": {"Enrichment": 0.22115557688846224, "Depletion": 0.7788644227115458, "two-tailed": 0.4423111537769245}}