{"Q92466": {"Enrichment": 0.9111417771644567, "Depletion": 0.08887822243555128, "two-tailed": 0.17775644487110256}}