{"Q92466": {"Enrichment": 0.7688646227075459, "Depletion": 0.23115537689246216, "two-tailed": 0.4623107537849243}}