{"Q92522": {"Enrichment": 0.9719805603887922, "Depletion": 0.028039439211215777, "two-tailed": 0.056078878422431554}}