{"Q92522": {"Enrichment": 0.9728205435891282, "Depletion": 0.027199456010879784, "two-tailed": 0.05439891202175957}}