{"Q96FZ2": {"Enrichment": 0.9678406431871363, "Depletion": 0.03217935641287174, "two-tailed": 0.06435871282574349}}