{"Q96T88": {"Enrichment": 0.44489110217795647, "Depletion": 0.5551288974220515, "two-tailed": 0.8897822043559129}}