{"Q96T88": {"Enrichment": 0.6644067118657627, "Depletion": 0.3356132877342453, "two-tailed": 0.6712265754684906}}