{"Q99717": {"Enrichment": 0.7767844643107138, "Depletion": 0.2232355352892942, "two-tailed": 0.4464710705785884}}