{"Q9BQ15": {"Enrichment": 0.49803003939921203, "Depletion": 0.501989960200796, "two-tailed": 0.9960600787984241}}