{"Q9BQ15": {"Enrichment": 0.4932501349973, "Depletion": 0.5067698646027079, "two-tailed": 0.9865002699946}}