{"Q9BTP7": {"Enrichment": 0.8625227495450091, "Depletion": 0.1374972500549989, "two-tailed": 0.2749945001099978}}