{"Q9BTP7": {"Enrichment": 0.8610227795444091, "Depletion": 0.1389972200555989, "two-tailed": 0.2779944401111978}}