{"Q9H3D4": {"Enrichment": 0.5216295674086519, "Depletion": 0.4783904321913562, "two-tailed": 0.9567808643827124}}