{"Q9H3D4": {"Enrichment": 0.5226295474090518, "Depletion": 0.47739045219095616, "two-tailed": 0.9547809043819123}}