{"Q9NQR1": {"Enrichment": 0.08977820443591128, "Depletion": 0.9102417951640968, "two-tailed": 0.17955640887182256}}