{"Q9NW08": {"Enrichment": 0.875462490750185, "Depletion": 0.124557508849823, "two-tailed": 0.249115017699646}}