{"Q9P016": {"Enrichment": 0.7374652506949861, "Depletion": 0.2625547489050219, "two-tailed": 0.5251094978100438}}