{"Q9P016": {"Enrichment": 0.7389652206955861, "Depletion": 0.2610547789044219, "two-tailed": 0.5221095578088438}}