{"Q9UBC3": {"Enrichment": 0.4175516489670207, "Depletion": 0.5824683506329873, "two-tailed": 0.8351032979340414}}