{"Q9UBC3": {"Enrichment": 0.35491290174196516, "Depletion": 0.6451070978580429, "two-tailed": 0.7098258034839303}}