{"Q9UGP5": {"Enrichment": 0.5877282454350913, "Depletion": 0.4122917541649167, "two-tailed": 0.8245835083298334}}