{"Q9UGP5": {"Enrichment": 0.29271414571708565, "Depletion": 0.7073058538829223, "two-tailed": 0.5854282914341713}}