{"Q9UNA4": {"Enrichment": 0.6467670646587068, "Depletion": 0.35325293494130117, "two-tailed": 0.7065058698826023}}