{"Q9UNA4": {"Enrichment": 0.6477470450590989, "Depletion": 0.3522729545409092, "two-tailed": 0.7045459090818184}}