{"Q9UQ84": {"Enrichment": 0.10271794564108717, "Depletion": 0.8973020539589208, "two-tailed": 0.20543589128217435}}