{"Q9UQ84": {"Enrichment": 0.02837943241135177, "Depletion": 0.9716405671886562, "two-tailed": 0.05675886482270354}}