{"Q9Y253": {"Enrichment": 0.7172056558868822, "Depletion": 0.28281434371312575, "two-tailed": 0.5656286874262515}}