{"Q9Y253": {"Enrichment": 0.5865082698346034, "Depletion": 0.4135117297654047, "two-tailed": 0.8270234595308094}}