{"Q9Y2M0": {"Enrichment": 0.1376972460550789, "Depletion": 0.8623227535449292, "two-tailed": 0.2753944921101578}}