{"Q9Y2C4": {"Enrichment": 0.7080458390832184, "Depletion": 0.29197416051678965, "two-tailed": 0.5839483210335793}}