{"Q9Y2C4": {"Enrichment": 0.6060678786424272, "Depletion": 0.39395212095758086, "two-tailed": 0.7879042419151617}}