{"Q9Y2M0": {"Enrichment": 0.247195056098878, "Depletion": 0.7528249435011299, "two-tailed": 0.494390112197756}}