{"Q9Y3E1": {"Enrichment": 0.6602667946641068, "Depletion": 0.3397532049359013, "two-tailed": 0.6795064098718026}}