{"P00175": {"Enrichment": 0.988560228795424, "Depletion": 0.011459770804583908, "two-tailed": 0.022919541609167815}}