{"P00431": {"Enrichment": 0.017319653606927863, "Depletion": 0.9827003459930801, "two-tailed": 0.034639307213855726}}