{"P00817": {"Enrichment": 0.3685526289474211, "Depletion": 0.631467370652587, "two-tailed": 0.7371052578948422}}