{"P00817": {"Enrichment": 0.20683586328273434, "Depletion": 0.7931841363172737, "two-tailed": 0.4136717265654687}}