{"P00924": {"Enrichment": 0.023199536009279813, "Depletion": 0.9768204635907282, "two-tailed": 0.046399072018559626}}