{"P00942": {"Enrichment": 0.8682226355472891, "Depletion": 0.13179736405271894, "two-tailed": 0.2635947281054379}}