{"P00950": {"Enrichment": 0.4627907441851163, "Depletion": 0.5372292554148917, "two-tailed": 0.9255814883702326}}