{"P00942": {"Enrichment": 0.6992260154796904, "Depletion": 0.3007939841203176, "two-tailed": 0.6015879682406352}}