{"P03962": {"Enrichment": 0.4480710385792284, "Depletion": 0.5519489610207796, "two-tailed": 0.8961420771584568}}