{"P04385": {"Enrichment": 0.03579928401431971, "Depletion": 0.9642207155856883, "two-tailed": 0.07159856802863943}}