{"P04397": {"Enrichment": 0.013599728005439892, "Depletion": 0.9864202715945681, "two-tailed": 0.027199456010879784}}