{"P05373": {"Enrichment": 0.18457630847383052, "Depletion": 0.8154436911261774, "two-tailed": 0.36915261694766105}}