{"P05373": {"Enrichment": 0.09575808483830324, "Depletion": 0.9042619147617048, "two-tailed": 0.19151616967660648}}