{"P06244": {"Enrichment": 0.9639607207855843, "Depletion": 0.03605927881442371, "two-tailed": 0.07211855762884742}}