{"P06244": {"Enrichment": 0.881402371952561, "Depletion": 0.11861762764744706, "two-tailed": 0.23723525529489412}}