{"P06786": {"Enrichment": 0.6519069618607628, "Depletion": 0.34811303773924523, "two-tailed": 0.6962260754784905}}