{"P06786": {"Enrichment": 0.8373432531349373, "Depletion": 0.1626767464650707, "two-tailed": 0.3253534929301414}}