{"P08536": {"Enrichment": 0.8772424551508969, "Depletion": 0.12277754444911101, "two-tailed": 0.24555508889822203}}