{"P09620": {"Enrichment": 0.11905761884762305, "Depletion": 0.880962380752385, "two-tailed": 0.2381152376952461}}