{"P09624": {"Enrichment": 0.986960260794784, "Depletion": 0.013059738805223896, "two-tailed": 0.02611947761044779}}