{"P09950": {"Enrichment": 0.4073118537629247, "Depletion": 0.5927081458370833, "two-tailed": 0.8146237075258494}}