{"P10363": {"Enrichment": 0.249695006099878, "Depletion": 0.75032499350013, "two-tailed": 0.499390012199756}}