{"P10507": {"Enrichment": 0.30357392852142956, "Depletion": 0.6964460710785785, "two-tailed": 0.6071478570428591}}