{"P13134": {"Enrichment": 0.7846243075138497, "Depletion": 0.21539569208615827, "two-tailed": 0.43079138417231655}}