{"P15790": {"Enrichment": 0.8888622227555449, "Depletion": 0.11115777684446311, "two-tailed": 0.22231555368892622}}