{"P15790": {"Enrichment": 0.8823023539529209, "Depletion": 0.11771764564708706, "two-tailed": 0.23543529129417412}}