{"P15807": {"Enrichment": 0.4169916601667967, "Depletion": 0.5830283394332113, "two-tailed": 0.8339833203335933}}