{"P15807": {"Enrichment": 0.249635007299854, "Depletion": 0.750384992300154, "two-tailed": 0.499270014599708}}