{"P16622": {"Enrichment": 0.6868062638747225, "Depletion": 0.3132137357252855, "two-tailed": 0.626427471450571}}