{"P16862": {"Enrichment": 0.9117817643647127, "Depletion": 0.0882382352352953, "two-tailed": 0.1764764704705906}}