{"P16892": {"Enrichment": 0.8805623887522249, "Depletion": 0.11945761084778304, "two-tailed": 0.2389152216955661}}