{"P16862": {"Enrichment": 0.865182696346073, "Depletion": 0.13483730325393492, "two-tailed": 0.26967460650786984}}