{"P16861": {"Enrichment": 0.9027619447611048, "Depletion": 0.09725805483890322, "two-tailed": 0.19451610967780644}}