{"P17157": {"Enrichment": 0.8301833963320734, "Depletion": 0.16983660326793465, "two-tailed": 0.3396732065358693}}