{"P17967": {"Enrichment": 0.6764064718705626, "Depletion": 0.3236135277294454, "two-tailed": 0.6472270554588908}}