{"P21375": {"Enrichment": 0.06589868202635947, "Depletion": 0.9341213175736486, "two-tailed": 0.13179736405271894}}