{"P21524": {"Enrichment": 0.8328233435331294, "Depletion": 0.16719665606687867, "two-tailed": 0.33439331213375734}}