{"P21524": {"Enrichment": 0.7858442831143377, "Depletion": 0.2141757164856703, "two-tailed": 0.4283514329713406}}