{"P22217": {"Enrichment": 0.3282934341313174, "Depletion": 0.6717265654686906, "two-tailed": 0.6565868682626348}}