{"P22515": {"Enrichment": 0.4220115597688046, "Depletion": 0.5780084398312034, "two-tailed": 0.8440231195376092}}