{"P22515": {"Enrichment": 0.2975940481190376, "Depletion": 0.7024259514809704, "two-tailed": 0.5951880962380752}}