{"P22803": {"Enrichment": 0.45983080338393234, "Depletion": 0.5401891962160756, "two-tailed": 0.9196616067678647}}