{"P22803": {"Enrichment": 0.29659406811863764, "Depletion": 0.7034259314813703, "two-tailed": 0.5931881362372753}}