{"P23291": {"Enrichment": 0.7184656306873862, "Depletion": 0.28155436891262176, "two-tailed": 0.5631087378252435}}