{"P23291": {"Enrichment": 0.8095038099238016, "Depletion": 0.19051618967620648, "two-tailed": 0.38103237935241296}}