{"P23776": {"Enrichment": 0.41169176616467673, "Depletion": 0.5883282334353312, "two-tailed": 0.8233835323293535}}