{"P23776": {"Enrichment": 0.4133917321653567, "Depletion": 0.5866282674346514, "two-tailed": 0.8267834643307134}}