{"P25043": {"Enrichment": 0.07279854402911942, "Depletion": 0.9272214555708885, "two-tailed": 0.14559708805823884}}