{"P25372": {"Enrichment": 0.26623467530649386, "Depletion": 0.7337853242935142, "two-tailed": 0.5324693506129877}}