{"P27809": {"Enrichment": 0.4045119097618048, "Depletion": 0.5955080898382032, "two-tailed": 0.8090238195236096}}