{"P27809": {"Enrichment": 0.2896942061158777, "Depletion": 0.7103257934841303, "two-tailed": 0.5793884122317554}}