{"P28240": {"Enrichment": 0.9112217755644887, "Depletion": 0.08879822403551929, "two-tailed": 0.17759644807103858}}