{"P28321": {"Enrichment": 0.21635567288654228, "Depletion": 0.7836643267134658, "two-tailed": 0.43271134577308457}}