{"P28321": {"Enrichment": 0.44457110857782844, "Depletion": 0.5554488910221795, "two-tailed": 0.8891422171556569}}