{"P29029": {"Enrichment": 0.6060278794424111, "Depletion": 0.3939921201575968, "two-tailed": 0.7879842403151937}}