{"P29029": {"Enrichment": 0.7806443871122578, "Depletion": 0.21937561248775025, "two-tailed": 0.4387512249755005}}