{"P30656": {"Enrichment": 0.2020359592808144, "Depletion": 0.7979840403191936, "two-tailed": 0.4040719185616288}}