{"P32356": {"Enrichment": 0.994620107597848, "Depletion": 0.005399892002159957, "two-tailed": 0.010799784004319914}}