{"P32419": {"Enrichment": 0.0032199356012879744, "Depletion": 0.99680006399872, "two-tailed": 0.006439871202575949}}