{"P32419": {"Enrichment": 0.06605867882642347, "Depletion": 0.9339613207735845, "two-tailed": 0.13211735765284693}}