{"P32660": {"Enrichment": 0.38779224415511687, "Depletion": 0.612227755444891, "two-tailed": 0.7755844883102337}}