{"P32656": {"Enrichment": 0.7929441411171777, "Depletion": 0.20707585848283033, "two-tailed": 0.41415171696566067}}