{"P32656": {"Enrichment": 0.9345413091738165, "Depletion": 0.06547869042619148, "two-tailed": 0.13095738085238295}}