{"P32906": {"Enrichment": 0.05261894762104758, "Depletion": 0.9474010519789604, "two-tailed": 0.10523789524209516}}