{"P33322": {"Enrichment": 0.5116897662046759, "Depletion": 0.4883302333953321, "two-tailed": 0.9766604667906642}}