{"P33734": {"Enrichment": 0.5788484230315394, "Depletion": 0.42117157656846865, "two-tailed": 0.8423431531369373}}