{"P33734": {"Enrichment": 0.6534669306613867, "Depletion": 0.3465530689386212, "two-tailed": 0.6931061378772424}}