{"P34227": {"Enrichment": 0.25753484930301396, "Depletion": 0.742485150296994, "two-tailed": 0.5150696986060279}}