{"P34227": {"Enrichment": 0.08507829843403132, "Depletion": 0.9149417011659767, "two-tailed": 0.17015659686806264}}