{"P36156": {"Enrichment": 0.17223655526889461, "Depletion": 0.8277834443311134, "two-tailed": 0.34447311053778923}}