{"P36136": {"Enrichment": 0.8158636827263455, "Depletion": 0.18415631687366252, "two-tailed": 0.36831263374732504}}