{"P38013": {"Enrichment": 0.7206055878882422, "Depletion": 0.2794144117117658, "two-tailed": 0.5588288234235316}}