{"P38013": {"Enrichment": 0.5569488610227795, "Depletion": 0.44307113857722846, "two-tailed": 0.8861422771544569}}