{"P38074": {"Enrichment": 0.7013459730805384, "Depletion": 0.2986740265194696, "two-tailed": 0.5973480530389392}}