{"P38131": {"Enrichment": 0.049639007219855605, "Depletion": 0.9503809923801524, "two-tailed": 0.09927801443971121}}