{"P38624": {"Enrichment": 0.21543569128617426, "Depletion": 0.7845843083138337, "two-tailed": 0.4308713825723485}}