{"P38765": {"Enrichment": 0.5885682286354272, "Depletion": 0.4114517709645807, "two-tailed": 0.8229035419291614}}