{"P38720": {"Enrichment": 0.5395692086158277, "Depletion": 0.4604507909841803, "two-tailed": 0.9209015819683606}}