{"P38720": {"Enrichment": 0.614167716645667, "Depletion": 0.38585228295434093, "two-tailed": 0.7717045659086819}}