{"P38862": {"Enrichment": 0.9436811263774725, "Depletion": 0.05633887322253555, "two-tailed": 0.1126777464450711}}