{"P38862": {"Enrichment": 0.994960100797984, "Depletion": 0.00505989880202396, "two-tailed": 0.01011979760404792}}