{"P38998": {"Enrichment": 0.757484850302994, "Depletion": 0.24253514929701406, "two-tailed": 0.4850702985940281}}