{"P39524": {"Enrichment": 0.08185836283274335, "Depletion": 0.9181616367672647, "two-tailed": 0.1637167256654867}}