{"P39524": {"Enrichment": 0.125797484050319, "Depletion": 0.874222515549689, "two-tailed": 0.251594968100638}}