{"P40087": {"Enrichment": 0.03597928041439171, "Depletion": 0.9640407191856163, "two-tailed": 0.07195856082878342}}