{"P40347": {"Enrichment": 0.06539869202615947, "Depletion": 0.9346213075738485, "two-tailed": 0.13079738405231894}}