{"P40347": {"Enrichment": 0.06949861002779945, "Depletion": 0.9305213895722085, "two-tailed": 0.1389972200555989}}