{"P40479": {"Enrichment": 0.5425691486170277, "Depletion": 0.45745085098298033, "two-tailed": 0.9149017019659607}}