{"P40553": {"Enrichment": 0.3137137257254855, "Depletion": 0.6863062738745225, "two-tailed": 0.627427451450971}}