{"P40579": {"Enrichment": 0.05969880602387952, "Depletion": 0.9403211935761284, "two-tailed": 0.11939761204775905}}