{"P40553": {"Enrichment": 0.5812283754324914, "Depletion": 0.41879162416751664, "two-tailed": 0.8375832483350333}}