{"P41277": {"Enrichment": 0.17979640407191858, "Depletion": 0.8202235955280894, "two-tailed": 0.35959280814383715}}