{"P41338": {"Enrichment": 0.18783624327513448, "Depletion": 0.8121837563248735, "two-tailed": 0.37567248655026897}}