{"P41338": {"Enrichment": 0.08013839723205536, "Depletion": 0.9198816023679527, "two-tailed": 0.16027679446411072}}