{"P41734": {"Enrichment": 0.04191916161676767, "Depletion": 0.9581008379832403, "two-tailed": 0.08383832323353534}}