{"P41816": {"Enrichment": 0.2351352972940541, "Depletion": 0.7648847023059538, "two-tailed": 0.4702705945881082}}