{"P43616": {"Enrichment": 0.21999560008799823, "Depletion": 0.7800243995120097, "two-tailed": 0.43999120017599647}}