{"P47016": {"Enrichment": 0.020499590008199835, "Depletion": 0.9795204095918082, "two-tailed": 0.04099918001639967}}