{"P50102": {"Enrichment": 0.49745005099898004, "Depletion": 0.502569948601028, "two-tailed": 0.9949001019979601}}