{"P50102": {"Enrichment": 0.5322093558128838, "Depletion": 0.4678106437871243, "two-tailed": 0.9356212875742486}}