{"P50861": {"Enrichment": 0.8629227415451691, "Depletion": 0.1370972580548389, "two-tailed": 0.2741945161096778}}