{"P50861": {"Enrichment": 0.6413871722565548, "Depletion": 0.35863282734345314, "two-tailed": 0.7172656546869063}}