{"P53043": {"Enrichment": 0.09443811123777525, "Depletion": 0.9055818883622327, "two-tailed": 0.1888762224755505}}