{"P53008": {"Enrichment": 0.9889602207955841, "Depletion": 0.011059778804423912, "two-tailed": 0.022119557608847824}}