{"P53051": {"Enrichment": 0.4013919721605568, "Depletion": 0.5986280274394512, "two-tailed": 0.8027839443211136}}