{"P53051": {"Enrichment": 0.44447111057778843, "Depletion": 0.5555488890222195, "two-tailed": 0.8889422211555769}}