{"P53184": {"Enrichment": 0.1878562428751425, "Depletion": 0.8121637567248655, "two-tailed": 0.375712485750285}}