{"P53686": {"Enrichment": 0.21949561008779825, "Depletion": 0.7805243895122097, "two-tailed": 0.4389912201755965}}