{"P53757": {"Enrichment": 0.013919721605567889, "Depletion": 0.9861002779944401, "two-tailed": 0.027839443211135777}}