{"P53965": {"Enrichment": 0.24369512609747804, "Depletion": 0.75632487350253, "two-tailed": 0.4873902521949561}}