{"Q01159": {"Enrichment": 0.21675566488670225, "Depletion": 0.7832643347133057, "two-tailed": 0.4335113297734045}}