{"Q01159": {"Enrichment": 0.22351552968940622, "Depletion": 0.7765044699106017, "two-tailed": 0.44703105937881243}}