{"Q01532": {"Enrichment": 0.2781744365112698, "Depletion": 0.7218455630887383, "two-tailed": 0.5563488730225395}}