{"Q02046": {"Enrichment": 0.5405691886162277, "Depletion": 0.4594508109837803, "two-tailed": 0.9189016219675606}}