{"Q02724": {"Enrichment": 0.7097858042839144, "Depletion": 0.2902341953160937, "two-tailed": 0.5804683906321874}}