{"Q02890": {"Enrichment": 0.6176676466470671, "Depletion": 0.38235235295294095, "two-tailed": 0.7647047059058819}}