{"Q03018": {"Enrichment": 0.08361832763344733, "Depletion": 0.9164016719665606, "two-tailed": 0.16723665526689466}}