{"Q03034": {"Enrichment": 0.3243335133297334, "Depletion": 0.6756864862702746, "two-tailed": 0.6486670266594668}}