{"Q03018": {"Enrichment": 0.1355372892542149, "Depletion": 0.864482710345793, "two-tailed": 0.2710745785084298}}