{"Q03148": {"Enrichment": 0.6458870822583548, "Depletion": 0.35413291734165314, "two-tailed": 0.7082658346833063}}