{"Q03103": {"Enrichment": 0.1121777564448711, "Depletion": 0.8878422431551369, "two-tailed": 0.2243555128897422}}