{"Q03148": {"Enrichment": 0.41893162136757267, "Depletion": 0.5810883782324353, "two-tailed": 0.8378632427351453}}