{"Q03330": {"Enrichment": 0.29483410331793364, "Depletion": 0.7051858962820744, "two-tailed": 0.5896682066358673}}