{"Q03957": {"Enrichment": 0.9512009759804804, "Depletion": 0.04881902361952761, "two-tailed": 0.09763804723905523}}