{"Q04066": {"Enrichment": 0.7408251834963301, "Depletion": 0.25919481610367795, "two-tailed": 0.5183896322073559}}