{"Q04120": {"Enrichment": 0.028019439611207776, "Depletion": 0.9720005599888002, "two-tailed": 0.05603887922241555}}