{"Q04120": {"Enrichment": 0.21073578528429432, "Depletion": 0.7892842143157137, "two-tailed": 0.42147157056858864}}