{"Q04432": {"Enrichment": 0.8810223795524089, "Depletion": 0.11899762004759905, "two-tailed": 0.2379952400951981}}