{"Q05016": {"Enrichment": 0.03497930041399172, "Depletion": 0.9650406991860163, "two-tailed": 0.06995860082798344}}