{"Q05016": {"Enrichment": 0.6002079958400832, "Depletion": 0.3998120037599248, "two-tailed": 0.7996240075198496}}