{"Q06151": {"Enrichment": 0.07303853922921541, "Depletion": 0.9269814603707925, "two-tailed": 0.14607707845843082}}