{"Q06151": {"Enrichment": 0.5500889982200357, "Depletion": 0.4499310013799724, "two-tailed": 0.8998620027599448}}