{"Q06224": {"Enrichment": 0.0008999820003599928, "Depletion": 0.999120017599648, "two-tailed": 0.0017999640007199855}}