{"Q07794": {"Enrichment": 0.12273754524909501, "Depletion": 0.877282454350913, "two-tailed": 0.24547509049819002}}