{"Q08225": {"Enrichment": 0.8861822763544729, "Depletion": 0.1138377232455351, "two-tailed": 0.2276754464910702}}