{"Q08225": {"Enrichment": 0.6492070158596828, "Depletion": 0.3508129837403252, "two-tailed": 0.7016259674806504}}