{"Q08686": {"Enrichment": 0.9665606687866243, "Depletion": 0.03345933081338373, "two-tailed": 0.06691866162676746}}