{"Q08686": {"Enrichment": 0.9798004039919201, "Depletion": 0.020219595608087837, "two-tailed": 0.040439191216175674}}