{"Q08649": {"Enrichment": 0.9880002399952001, "Depletion": 0.012019759604807903, "two-tailed": 0.024039519209615806}}