{"Q08742": {"Enrichment": 0.16559668806623867, "Depletion": 0.8344233115337694, "two-tailed": 0.33119337613247735}}