{"Q08742": {"Enrichment": 0.11931761364772704, "Depletion": 0.880702385952281, "two-tailed": 0.23863522729545408}}