{"Q08914": {"Enrichment": 0.8425431491370172, "Depletion": 0.15747685046299073, "two-tailed": 0.31495370092598146}}