{"Q12009": {"Enrichment": 0.3357332853342933, "Depletion": 0.6642867142657147, "two-tailed": 0.6714665706685866}}