{"Q12068": {"Enrichment": 0.41977160456790863, "Depletion": 0.5802483950320994, "two-tailed": 0.8395432091358173}}