{"Q12068": {"Enrichment": 0.4172116557668847, "Depletion": 0.5828083438331233, "two-tailed": 0.8344233115337694}}