{"Q12178": {"Enrichment": 0.9713405731885363, "Depletion": 0.02867942641147177, "two-tailed": 0.05735885282294354}}