{"Q12178": {"Enrichment": 0.9688606227875443, "Depletion": 0.03115937681246375, "two-tailed": 0.0623187536249275}}