{"Q12154": {"Enrichment": 0.31741365172696545, "Depletion": 0.6826063478730425, "two-tailed": 0.6348273034539309}}