{"Q12305": {"Enrichment": 0.31987360252794944, "Depletion": 0.6801463970720586, "two-tailed": 0.6397472050558989}}