{"P00175": {"Enrichment": 0.9885202295954081, "Depletion": 0.011499770004599908, "two-tailed": 0.022999540009199817}}