{"P00729": {"Enrichment": 0.2707745845083098, "Depletion": 0.7292454150916982, "two-tailed": 0.5415491690166196}}