{"P00950": {"Enrichment": 0.19781604367912642, "Depletion": 0.8022039559208816, "two-tailed": 0.39563208735825284}}