{"P04385": {"Enrichment": 0.2738345233095338, "Depletion": 0.7261854762904741, "two-tailed": 0.5476690466190676}}