{"P08417": {"Enrichment": 0.002879942401151977, "Depletion": 0.997140057198856, "two-tailed": 0.005759884802303954}}