{"P08536": {"Enrichment": 0.8654626907461851, "Depletion": 0.13455730885382292, "two-tailed": 0.26911461770764583}}