{"P09620": {"Enrichment": 0.373412531749365, "Depletion": 0.626607467850643, "two-tailed": 0.74682506349873}}