{"P09950": {"Enrichment": 0.4663306733865323, "Depletion": 0.5336893262134758, "two-tailed": 0.9326613467730646}}