{"P09938": {"Enrichment": 0.019319613607727847, "Depletion": 0.9807003859922802, "two-tailed": 0.03863922721545569}}