{"P10507": {"Enrichment": 0.4369112617747645, "Depletion": 0.5631087378252435, "two-tailed": 0.873822523549529}}