{"P16622": {"Enrichment": 0.6870062598748025, "Depletion": 0.3130137397252055, "two-tailed": 0.626027479450411}}