{"P16892": {"Enrichment": 0.7954240915181696, "Depletion": 0.20459590808183836, "two-tailed": 0.4091918161636767}}