{"P16861": {"Enrichment": 0.8079038419231616, "Depletion": 0.19211615767684645, "two-tailed": 0.3842323153536929}}