{"P17967": {"Enrichment": 0.48141037179256413, "Depletion": 0.5186096278074438, "two-tailed": 0.9628207435851283}}