{"P22217": {"Enrichment": 0.38573228535429294, "Depletion": 0.614287714245715, "two-tailed": 0.7714645707085859}}