{"P25372": {"Enrichment": 0.30659386812263756, "Depletion": 0.6934261314773704, "two-tailed": 0.6131877362452751}}