{"P28240": {"Enrichment": 0.879002419951601, "Depletion": 0.12101757964840704, "two-tailed": 0.24203515929681407}}