{"P30656": {"Enrichment": 0.2010959780804384, "Depletion": 0.7989240215195696, "two-tailed": 0.4021919561608768}}