{"P36156": {"Enrichment": 0.14009719805603887, "Depletion": 0.8599228015439692, "two-tailed": 0.28019439611207775}}