{"P38115": {"Enrichment": 0.1774764504709906, "Depletion": 0.8225435491290174, "two-tailed": 0.3549529009419812}}