{"P38624": {"Enrichment": 0.21513569728605428, "Depletion": 0.7848843023139537, "two-tailed": 0.43027139457210856}}