{"P38777": {"Enrichment": 0.6712665746685066, "Depletion": 0.3287534249315014, "two-tailed": 0.6575068498630028}}