{"P40087": {"Enrichment": 0.10337793244135117, "Depletion": 0.8966420671586568, "two-tailed": 0.20675586488270234}}