{"P40579": {"Enrichment": 0.05783884322313554, "Depletion": 0.9421811563768725, "two-tailed": 0.11567768644627108}}