{"P41277": {"Enrichment": 0.9173016539669206, "Depletion": 0.08271834563308735, "two-tailed": 0.1654366912661747}}