{"P41734": {"Enrichment": 0.04283914321713566, "Depletion": 0.9571808563828723, "two-tailed": 0.08567828643427132}}