{"P41816": {"Enrichment": 0.19487610247795045, "Depletion": 0.8051438971220576, "two-tailed": 0.3897522049559009}}