{"P41921": {"Enrichment": 0.7116657666846663, "Depletion": 0.2883542329153417, "two-tailed": 0.5767084658306834}}