{"P43534": {"Enrichment": 0.620947581048379, "Depletion": 0.379072418551629, "two-tailed": 0.758144837103258}}