{"P43616": {"Enrichment": 0.1988360232795344, "Depletion": 0.8011839763204736, "two-tailed": 0.3976720465590688}}