{"P46151": {"Enrichment": 0.22879542409151818, "Depletion": 0.7712245755084899, "two-tailed": 0.45759084818303636}}