{"P53043": {"Enrichment": 0.27877442451150974, "Depletion": 0.7212455750884982, "two-tailed": 0.5575488490230195}}