{"P53008": {"Enrichment": 0.9893202135957281, "Depletion": 0.010699786004279914, "two-tailed": 0.02139957200855983}}