{"P53184": {"Enrichment": 0.6548469030619387, "Depletion": 0.3451730965380692, "two-tailed": 0.6903461930761384}}