{"P53686": {"Enrichment": 0.2239555208895822, "Depletion": 0.7760644787104258, "two-tailed": 0.4479110417791644}}