{"P53757": {"Enrichment": 0.023179536409271815, "Depletion": 0.9768404631907361, "two-tailed": 0.04635907281854363}}