{"Q00684": {"Enrichment": 0.5951280974380513, "Depletion": 0.40489190216195675, "two-tailed": 0.8097838043239135}}