{"Q01532": {"Enrichment": 0.2981740365192696, "Depletion": 0.7018459630807384, "two-tailed": 0.5963480730385392}}