{"Q02724": {"Enrichment": 0.7117457650846983, "Depletion": 0.2882742345153097, "two-tailed": 0.5765484690306194}}