{"Q03034": {"Enrichment": 0.4547709045819084, "Depletion": 0.5452490950180996, "two-tailed": 0.9095418091638168}}