{"Q03957": {"Enrichment": 0.9499010019799604, "Depletion": 0.0501189976200476, "two-tailed": 0.1002379952400952}}