{"Q12009": {"Enrichment": 0.6916061678766424, "Depletion": 0.3084138317233655, "two-tailed": 0.616827663446731}}