{"Q12154": {"Enrichment": 0.8618827623447531, "Depletion": 0.1381372372552549, "two-tailed": 0.2762744745105098}}