{"A6H8Y1": {"Enrichment": 0.99890002199956, "Depletion": 0.001119977600447991, "two-tailed": 0.002239955200895982}}