{"A6H8Y1": {"Enrichment": 0.999160016799664, "Depletion": 0.0008599828003439931, "two-tailed": 0.0017199656006879863}}