{"O00411": {"Enrichment": 0.3057138857222855, "Depletion": 0.6943061138777225, "two-tailed": 0.611427771444571}}