{"O00411": {"Enrichment": 0.2377152456950861, "Depletion": 0.7623047539049219, "two-tailed": 0.4754304913901722}}