{"O14802": {"Enrichment": 0.33063338733225334, "Depletion": 0.6693866122677546, "two-tailed": 0.6612667746645067}}