{"O15091": {"Enrichment": 0.0759184816303674, "Depletion": 0.9241015179696406, "two-tailed": 0.1518369632607348}}