{"O15091": {"Enrichment": 0.25833483330333396, "Depletion": 0.741685166296674, "two-tailed": 0.5166696666066679}}