{"O43660": {"Enrichment": 0.9870402591948161, "Depletion": 0.012979740405191896, "two-tailed": 0.02595948081038379}}