{"O43660": {"Enrichment": 0.9861402771944561, "Depletion": 0.01387972240555189, "two-tailed": 0.02775944481110378}}