{"O60306": {"Enrichment": 0.7893642127157456, "Depletion": 0.2106557868842623, "two-tailed": 0.4213115737685246}}