{"O60306": {"Enrichment": 0.7741225877412259, "Depletion": 0.22597740225977403, "two-tailed": 0.45195480451954806}}