{"O60508": {"Enrichment": 0.869162616747665, "Depletion": 0.13085738285234294, "two-tailed": 0.2617147657046859}}