{"O60930": {"Enrichment": 0.005319893602127958, "Depletion": 0.9947001059978801, "two-tailed": 0.010639787204255916}}