{"O75817": {"Enrichment": 0.36899262014759704, "Depletion": 0.6310273794524109, "two-tailed": 0.7379852402951941}}