{"O75817": {"Enrichment": 0.022639547209055817, "Depletion": 0.9773804523909522, "two-tailed": 0.045279094418111634}}