{"O95319": {"Enrichment": 0.09327813443731126, "Depletion": 0.9067418651626967, "two-tailed": 0.1865562688746225}}