{"O95319": {"Enrichment": 0.07263854722905543, "Depletion": 0.9273814523709526, "two-tailed": 0.14527709445811085}}