{"O95786": {"Enrichment": 0.50264994700106, "Depletion": 0.497370052598948, "two-tailed": 0.994740105197896}}