{"P05455": {"Enrichment": 0.5885282294354113, "Depletion": 0.4114917701645967, "two-tailed": 0.8229835403291934}}