{"P05455": {"Enrichment": 0.7026259474810503, "Depletion": 0.29739405211895764, "two-tailed": 0.5947881042379153}}