{"P08621": {"Enrichment": 0.038139237215255695, "Depletion": 0.9618807623847523, "two-tailed": 0.07627847443051139}}