{"P08865": {"Enrichment": 0.35943281134377314, "Depletion": 0.6405871882562348, "two-tailed": 0.7188656226875463}}