{"P08865": {"Enrichment": 0.3531729365412692, "Depletion": 0.6468470630587388, "two-tailed": 0.7063458730825384}}