{"P09001": {"Enrichment": 0.4102517949641007, "Depletion": 0.5897682046359073, "two-tailed": 0.8205035899282014}}