{"P14678": {"Enrichment": 0.43039139217215655, "Depletion": 0.5696286074278515, "two-tailed": 0.8607827843443131}}