{"P15880": {"Enrichment": 0.2966340673186536, "Depletion": 0.7033859322813544, "two-tailed": 0.5932681346373072}}