{"P22626": {"Enrichment": 0.6106477870442591, "Depletion": 0.3893722125557489, "two-tailed": 0.7787444251114978}}