{"P23396": {"Enrichment": 0.005439891202175956, "Depletion": 0.9945801083978321, "two-tailed": 0.010879782404351912}}