{"P25398": {"Enrichment": 0.007599848003039939, "Depletion": 0.9924201515969681, "two-tailed": 0.015199696006079878}}