{"P25398": {"Enrichment": 0.006119877602447951, "Depletion": 0.9939001219975601, "two-tailed": 0.012239755204895902}}