{"P26368": {"Enrichment": 0.0023199536009279815, "Depletion": 0.99770004599908, "two-tailed": 0.004639907201855963}}