{"P26368": {"Enrichment": 0.05663886722265555, "Depletion": 0.9433811323773524, "two-tailed": 0.1132777344453111}}