{"P26378": {"Enrichment": 0.09025819483610328, "Depletion": 0.9097618047639047, "two-tailed": 0.18051638967220657}}