{"P38919": {"Enrichment": 0.5358892822143557, "Depletion": 0.4641307173856523, "two-tailed": 0.9282614347713046}}