{"P46782": {"Enrichment": 0.6328673426531469, "Depletion": 0.36715265694686106, "two-tailed": 0.7343053138937221}}