{"P46782": {"Enrichment": 0.6355472890542189, "Depletion": 0.36447271054578906, "two-tailed": 0.7289454210915781}}