{"P55769": {"Enrichment": 0.29455410891782163, "Depletion": 0.7054658906821863, "two-tailed": 0.5891082178356433}}