{"P60842": {"Enrichment": 0.6478270434591308, "Depletion": 0.3521929561408772, "two-tailed": 0.7043859122817544}}