{"P60842": {"Enrichment": 0.5547089058218836, "Depletion": 0.44531109377812444, "two-tailed": 0.8906221875562489}}