{"P61247": {"Enrichment": 0.45481090378192435, "Depletion": 0.5452090958180836, "two-tailed": 0.9096218075638487}}