{"P61247": {"Enrichment": 0.45557088858222833, "Depletion": 0.5444491110177796, "two-tailed": 0.9111417771644567}}