{"P62701": {"Enrichment": 0.8669426611467771, "Depletion": 0.13307733845323094, "two-tailed": 0.2661546769064619}}