{"P62753": {"Enrichment": 0.38299234015319694, "Depletion": 0.617027659446811, "two-tailed": 0.7659846803063939}}