{"P62701": {"Enrichment": 0.7573848523029539, "Depletion": 0.24263514729705407, "two-tailed": 0.48527029459410814}}