{"P63244": {"Enrichment": 0.36625267494650104, "Depletion": 0.6337673246535069, "two-tailed": 0.7325053498930021}}