{"P63244": {"Enrichment": 0.374732505349893, "Depletion": 0.625287494250115, "two-tailed": 0.749465010699786}}