{"Q05823": {"Enrichment": 0.5738485230295394, "Depletion": 0.4261714765704686, "two-tailed": 0.8523429531409372}}