{"Q12849": {"Enrichment": 0.26503469930601387, "Depletion": 0.7349853002939941, "two-tailed": 0.5300693986120277}}