{"Q15029": {"Enrichment": 0.02981940361192776, "Depletion": 0.9702005959880803, "two-tailed": 0.05963880722385552}}