{"Q15029": {"Enrichment": 0.04575908481830363, "Depletion": 0.9542609147817044, "two-tailed": 0.09151816963660726}}