{"Q15717": {"Enrichment": 0.07021859562808744, "Depletion": 0.9298014039719206, "two-tailed": 0.14043719125617488}}