{"Q2TBE0": {"Enrichment": 0.8355432891342173, "Depletion": 0.16447671046579068, "two-tailed": 0.32895342093158136}}