{"Q2TBE0": {"Enrichment": 0.11811763764724706, "Depletion": 0.881902361952761, "two-tailed": 0.23623527529449412}}