{"Q4G0J3": {"Enrichment": 0.31713365732685345, "Depletion": 0.6828863422731546, "two-tailed": 0.6342673146537069}}