{"Q5RL73": {"Enrichment": 0.9728805423891522, "Depletion": 0.027139457210855783, "two-tailed": 0.054278914421711566}}