{"Q5RL73": {"Enrichment": 0.43197136057278857, "Depletion": 0.5680486390272195, "two-tailed": 0.8639427211455771}}