{"Q5T653": {"Enrichment": 0.623087538249235, "Depletion": 0.37693246135077296, "two-tailed": 0.7538649227015459}}