{"Q6P2Q9": {"Enrichment": 0.9719405611887763, "Depletion": 0.028079438411231776, "two-tailed": 0.05615887682246355}}