{"Q6P2Q9": {"Enrichment": 0.621647567048659, "Depletion": 0.37837243255134895, "two-tailed": 0.7567448651026979}}