{"Q7RTV0": {"Enrichment": 0.8268834623307534, "Depletion": 0.17313653726925463, "two-tailed": 0.34627307453850925}}