{"Q7Z2E3": {"Enrichment": 0.3371332573348533, "Depletion": 0.6628867422651546, "two-tailed": 0.6742665146697066}}