{"Q7Z2E3": {"Enrichment": 0.3392932141357173, "Depletion": 0.6607267854642908, "two-tailed": 0.6785864282714346}}