{"Q7Z739": {"Enrichment": 0.8507149285071492, "Depletion": 0.1493850614938506, "two-tailed": 0.2987701229877012}}