{"Q7Z739": {"Enrichment": 0.8509429811403771, "Depletion": 0.1490770184596308, "two-tailed": 0.2981540369192616}}