{"Q8IV48": {"Enrichment": 0.9211615767684647, "Depletion": 0.07885842283154337, "two-tailed": 0.15771684566308675}}