{"Q8IYB8": {"Enrichment": 0.6519469610607788, "Depletion": 0.3480730385392292, "two-tailed": 0.6961460770784584}}