{"Q8IYB8": {"Enrichment": 0.3385332293354133, "Depletion": 0.6614867702645947, "two-tailed": 0.6770664586708266}}