{"Q8N1G2": {"Enrichment": 0.5576888462230756, "Depletion": 0.44233115337693246, "two-tailed": 0.8846623067538649}}