{"Q8N983": {"Enrichment": 0.21505569888602227, "Depletion": 0.7849643007139857, "two-tailed": 0.43011139777204455}}