{"Q8TCC3": {"Enrichment": 0.05747885042299154, "Depletion": 0.9425411491770165, "two-tailed": 0.11495770084598309}}