{"Q8WVM0": {"Enrichment": 0.5449291014179717, "Depletion": 0.45509089818203635, "two-tailed": 0.9101817963640727}}