{"Q8WVM0": {"Enrichment": 0.8086438271234575, "Depletion": 0.19137617247655048, "two-tailed": 0.38275234495310095}}