{"Q92879": {"Enrichment": 0.15187696246075078, "Depletion": 0.8481430371392572, "two-tailed": 0.30375392492150155}}