{"Q92879": {"Enrichment": 0.11573768524629507, "Depletion": 0.884282314353713, "two-tailed": 0.23147537049259015}}