{"Q92841": {"Enrichment": 0.2248555028899422, "Depletion": 0.7751644967100658, "two-tailed": 0.4497110057798844}}