{"Q96C10": {"Enrichment": 0.5150096998060039, "Depletion": 0.4850102997940041, "two-tailed": 0.9700205995880082}}