{"Q99459": {"Enrichment": 0.7375452490950181, "Depletion": 0.2624747505049899, "two-tailed": 0.5249495010099798}}