{"Q99459": {"Enrichment": 0.7312653746925062, "Depletion": 0.26875462490750185, "two-tailed": 0.5375092498150037}}