{"Q99714": {"Enrichment": 0.6148077038459231, "Depletion": 0.38521229575408494, "two-tailed": 0.7704245915081699}}