{"Q9BRS2": {"Enrichment": 0.6099278014439711, "Depletion": 0.3900921981560369, "two-tailed": 0.7801843963120738}}