{"Q9BYD1": {"Enrichment": 0.9958400831983361, "Depletion": 0.004179916401671966, "two-tailed": 0.008359832803343932}}