{"Q9BYD2": {"Enrichment": 0.6106077878442431, "Depletion": 0.3894122117557649, "two-tailed": 0.7788244235115298}}