{"Q9BYJ9": {"Enrichment": 0.5475090498190036, "Depletion": 0.45251094978100437, "two-tailed": 0.9050218995620087}}