{"Q9BYD3": {"Enrichment": 0.9393212135757285, "Depletion": 0.060698786024279514, "two-tailed": 0.12139757204855903}}