{"Q9BYJ9": {"Enrichment": 0.5499490010199796, "Depletion": 0.4500709985800284, "two-tailed": 0.9001419971600568}}