{"Q9HD40": {"Enrichment": 0.1608567828643427, "Depletion": 0.8391632167356653, "two-tailed": 0.3217135657286854}}