{"Q9NR30": {"Enrichment": 0.495590088198236, "Depletion": 0.504429911401772, "two-tailed": 0.991180176396472}}