{"Q9NR30": {"Enrichment": 0.5932481350372992, "Depletion": 0.40677186456270875, "two-tailed": 0.8135437291254175}}