{"Q9NW64": {"Enrichment": 0.16447671046579068, "Depletion": 0.8355432891342173, "two-tailed": 0.32895342093158136}}