{"Q9NWU5": {"Enrichment": 0.17867642647147058, "Depletion": 0.8213435731285375, "two-tailed": 0.35735285294294117}}