{"Q9NW08": {"Enrichment": 0.17277654446911062, "Depletion": 0.8272434551308974, "two-tailed": 0.34555308893822123}}