{"Q9NW64": {"Enrichment": 0.1606567868642627, "Depletion": 0.8393632127357453, "two-tailed": 0.3213135737285254}}