{"Q9NW08": {"Enrichment": 0.15449691006179878, "Depletion": 0.8455230895382092, "two-tailed": 0.30899382012359755}}