{"Q9UKV8": {"Enrichment": 0.11683766324673507, "Depletion": 0.8831823363532729, "two-tailed": 0.23367532649347014}}