{"Q9UKV8": {"Enrichment": 0.1124577508449831, "Depletion": 0.8875622487550249, "two-tailed": 0.2249155016899662}}