{"Q9UL18": {"Enrichment": 0.004499910001799964, "Depletion": 0.995520089598208, "two-tailed": 0.008999820003599928}}