{"Q9Y388": {"Enrichment": 0.47979040419191615, "Depletion": 0.5202295954080919, "two-tailed": 0.9595808083838323}}