{"Q9Y388": {"Enrichment": 0.4760304793904122, "Depletion": 0.5239895202095958, "two-tailed": 0.9520609587808244}}