{"Q9Y3B8": {"Enrichment": 0.005699886002279954, "Depletion": 0.9943201135977281, "two-tailed": 0.011399772004559909}}