{"Q9Y6K5": {"Enrichment": 0.7324653506929861, "Depletion": 0.26755464890702185, "two-tailed": 0.5351092978140437}}