{"Q9Y6K5": {"Enrichment": 0.7357452850942982, "Depletion": 0.2642747145057099, "two-tailed": 0.5285494290114198}}