{"P00175": {"Enrichment": 0.28071438571228574, "Depletion": 0.7193056138877223, "two-tailed": 0.5614287714245715}}