{"P00175": {"Enrichment": 0.2783944321113578, "Depletion": 0.7216255674886503, "two-tailed": 0.5567888642227156}}