{"P00163": {"Enrichment": 0.374152516949661, "Depletion": 0.625867482650347, "two-tailed": 0.748305033899322}}