{"P00330": {"Enrichment": 0.7268254634907302, "Depletion": 0.2731945361092778, "two-tailed": 0.5463890722185556}}