{"P00330": {"Enrichment": 0.6806663866722665, "Depletion": 0.31935361292774145, "two-tailed": 0.6387072258554829}}