{"P00572": {"Enrichment": 0.125637487250255, "Depletion": 0.874382512349753, "two-tailed": 0.25127497450051}}