{"P00560": {"Enrichment": 0.10907781844363112, "Depletion": 0.8909421811563769, "two-tailed": 0.21815563688726225}}