{"P00549": {"Enrichment": 0.9630007399852003, "Depletion": 0.037019259614807704, "two-tailed": 0.07403851922961541}}