{"P00729": {"Enrichment": 0.1002179956400872, "Depletion": 0.8998020039599208, "two-tailed": 0.2004359912801744}}