{"P00729": {"Enrichment": 0.24097518049639008, "Depletion": 0.7590448191036179, "two-tailed": 0.48195036099278016}}