{"P00729": {"Enrichment": 0.10211795764084718, "Depletion": 0.8979020419591608, "two-tailed": 0.20423591528169435}}