{"P00817": {"Enrichment": 0.05341893162136757, "Depletion": 0.9466010679786404, "two-tailed": 0.10683786324273514}}