{"P00950": {"Enrichment": 0.5378692426151477, "Depletion": 0.4621507569848603, "two-tailed": 0.9243015139697206}}