{"P00942": {"Enrichment": 0.5082698346033079, "Depletion": 0.49175016499670005, "two-tailed": 0.9835003299934001}}