{"P00924": {"Enrichment": 0.01113977720445591, "Depletion": 0.9888802223955521, "two-tailed": 0.02227955440891182}}