{"P00924": {"Enrichment": 0.01513969720605588, "Depletion": 0.9848803023939521, "two-tailed": 0.03027939441211176}}