{"P00942": {"Enrichment": 0.6528269434611308, "Depletion": 0.34719305613887724, "two-tailed": 0.6943861122777545}}