{"P00950": {"Enrichment": 0.4535709285814284, "Depletion": 0.5464490710185796, "two-tailed": 0.9071418571628568}}