{"P01123": {"Enrichment": 0.5533089338213236, "Depletion": 0.4467110657786844, "two-tailed": 0.8934221315573688}}