{"P04385": {"Enrichment": 0.2901541969160617, "Depletion": 0.7098658026839463, "two-tailed": 0.5803083938321234}}