{"P04397": {"Enrichment": 0.015639687206255876, "Depletion": 0.9843803123937521, "two-tailed": 0.03127937441251175}}