{"P04385": {"Enrichment": 0.03459930801383972, "Depletion": 0.9654206915861683, "two-tailed": 0.06919861602767945}}