{"P04397": {"Enrichment": 0.020999580008399833, "Depletion": 0.9790204195916081, "two-tailed": 0.041999160016799666}}