{"P04385": {"Enrichment": 0.028999420011599768, "Depletion": 0.9710205795884083, "two-tailed": 0.057998840023199535}}