{"P04806": {"Enrichment": 0.08129837403251935, "Depletion": 0.9187216255674886, "two-tailed": 0.1625967480650387}}