{"P04806": {"Enrichment": 0.3370732585348293, "Depletion": 0.6629467410651787, "two-tailed": 0.6741465170696586}}