{"P04807": {"Enrichment": 0.3138937221255575, "Depletion": 0.6861262774744505, "two-tailed": 0.627787444251115}}