{"P06169": {"Enrichment": 0.31123377532449353, "Depletion": 0.6887862242755145, "two-tailed": 0.6224675506489871}}