{"P06780": {"Enrichment": 0.2846143077138457, "Depletion": 0.7154056918861623, "two-tailed": 0.5692286154276914}}