{"P06780": {"Enrichment": 0.2851342973140537, "Depletion": 0.7148857022859543, "two-tailed": 0.5702685946281074}}