{"P07143": {"Enrichment": 0.870242595148097, "Depletion": 0.12977740445191097, "two-tailed": 0.25955480890382193}}