{"P07170": {"Enrichment": 0.24049519009619807, "Depletion": 0.75952480950381, "two-tailed": 0.48099038019239615}}