{"P07143": {"Enrichment": 0.9345813083738326, "Depletion": 0.06543869122617547, "two-tailed": 0.13087738245235095}}