{"P07271": {"Enrichment": 0.49495010099798004, "Depletion": 0.505069898602028, "two-tailed": 0.9899002019959601}}