{"P07236": {"Enrichment": 0.5166696666066679, "Depletion": 0.4833503329933401, "two-tailed": 0.9667006659866803}}