{"P07251": {"Enrichment": 0.636827263454731, "Depletion": 0.3631927361452771, "two-tailed": 0.7263854722905542}}