{"P07267": {"Enrichment": 0.6822263554728906, "Depletion": 0.31779364412711747, "two-tailed": 0.6355872882542349}}