{"P07342": {"Enrichment": 0.10501789964200715, "Depletion": 0.8950020999580008, "two-tailed": 0.2100357992840143}}