{"P07342": {"Enrichment": 0.08493830123397532, "Depletion": 0.9150816983660327, "two-tailed": 0.16987660246795064}}