{"P07884": {"Enrichment": 0.09329813403731925, "Depletion": 0.9067218655626887, "two-tailed": 0.1865962680746385}}