{"P08536": {"Enrichment": 0.8457030859382813, "Depletion": 0.15431691366172676, "two-tailed": 0.3086338273234535}}