{"P09201": {"Enrichment": 0.9653006939861203, "Depletion": 0.034719305613887724, "two-tailed": 0.06943861122777545}}