{"P09624": {"Enrichment": 0.006739865202695946, "Depletion": 0.9932801343973121, "two-tailed": 0.013479730405391892}}