{"P09959": {"Enrichment": 0.032599348013039736, "Depletion": 0.9674206515869682, "two-tailed": 0.06519869602607947}}