{"P09959": {"Enrichment": 0.19847603047939041, "Depletion": 0.8015439691206175, "two-tailed": 0.39695206095878083}}