{"P10363": {"Enrichment": 0.5942681146377072, "Depletion": 0.40575188496230075, "two-tailed": 0.8115037699246015}}