{"P10363": {"Enrichment": 0.5339493210135797, "Depletion": 0.46607067858642826, "two-tailed": 0.9321413571728565}}