{"P10614": {"Enrichment": 0.007859842803143937, "Depletion": 0.9921601567968641, "two-tailed": 0.015719685606287875}}