{"P11484": {"Enrichment": 5.999880002399952e-05, "Depletion": 0.999960000799984, "two-tailed": 0.00011999760004799904}}