{"P11484": {"Enrichment": 0.003539929201415972, "Depletion": 0.996480070398592, "two-tailed": 0.007079858402831944}}