{"P11978": {"Enrichment": 0.876502469950601, "Depletion": 0.12351752964940702, "two-tailed": 0.24703505929881403}}