{"P11914": {"Enrichment": 0.21753564928701427, "Depletion": 0.7824843503129938, "two-tailed": 0.43507129857402854}}