{"P12689": {"Enrichment": 0.7952240955180896, "Depletion": 0.20479590408191836, "two-tailed": 0.4095918081638367}}