{"P12689": {"Enrichment": 0.6436671266574668, "Depletion": 0.35635287294254114, "two-tailed": 0.7127057458850823}}