{"P12612": {"Enrichment": 0.994720105597888, "Depletion": 0.005299894002119957, "two-tailed": 0.010599788004239915}}