{"P12904": {"Enrichment": 0.46875062498750025, "Depletion": 0.5312693746125078, "two-tailed": 0.9375012499750005}}