{"P13045": {"Enrichment": 0.2125557488850223, "Depletion": 0.7874642507149857, "two-tailed": 0.4251114977700446}}