{"P13188": {"Enrichment": 0.9545009099818004, "Depletion": 0.04551908961820764, "two-tailed": 0.09103817923641527}}