{"P13298": {"Enrichment": 0.5849283014339713, "Depletion": 0.4150916981660367, "two-tailed": 0.8301833963320734}}