{"P13298": {"Enrichment": 0.5876682466350673, "Depletion": 0.4123517529649407, "two-tailed": 0.8247035059298814}}