{"P14242": {"Enrichment": 0.9459210815783684, "Depletion": 0.05409891802163957, "two-tailed": 0.10819783604327914}}