{"P14908": {"Enrichment": 0.07031859362812744, "Depletion": 0.9297014059718806, "two-tailed": 0.14063718725625488}}