{"P14908": {"Enrichment": 0.15847683046339073, "Depletion": 0.8415431691366173, "two-tailed": 0.31695366092678146}}