{"P15303": {"Enrichment": 0.9245415091698166, "Depletion": 0.07547849043019139, "two-tailed": 0.15095698086038278}}