{"P15303": {"Enrichment": 0.9243615127697447, "Depletion": 0.0756584868302634, "two-tailed": 0.1513169736605268}}