{"P15436": {"Enrichment": 0.07387852242955141, "Depletion": 0.9261414771704566, "two-tailed": 0.14775704485910282}}