{"P15424": {"Enrichment": 0.6478670426591469, "Depletion": 0.3521529569408612, "two-tailed": 0.7043059138817224}}