{"P15454": {"Enrichment": 0.13121737565248695, "Depletion": 0.8688026239475211, "two-tailed": 0.2624347513049739}}