{"P15424": {"Enrichment": 0.6837263254734905, "Depletion": 0.3162936741265175, "two-tailed": 0.632587348253035}}