{"P15790": {"Enrichment": 0.03493930121397572, "Depletion": 0.9650806983860323, "two-tailed": 0.06987860242795144}}