{"P15807": {"Enrichment": 0.1620967580648387, "Depletion": 0.8379232415351693, "two-tailed": 0.3241935161296774}}