{"P15807": {"Enrichment": 0.15985680286394272, "Depletion": 0.8401631967360653, "two-tailed": 0.31971360572788543}}