{"P16474": {"Enrichment": 0.32679346413071736, "Depletion": 0.6732265354692906, "two-tailed": 0.6535869282614347}}