{"P16474": {"Enrichment": 0.3277734445311094, "Depletion": 0.6722465550688986, "two-tailed": 0.6555468890622188}}