{"P16521": {"Enrichment": 0.23895522089558208, "Depletion": 0.7610647787044259, "two-tailed": 0.47791044179116415}}