{"P16603": {"Enrichment": 0.42039159216815664, "Depletion": 0.5796284074318514, "two-tailed": 0.8407831843363133}}