{"P16861": {"Enrichment": 0.501129977400452, "Depletion": 0.498890022199556, "two-tailed": 0.997780044399112}}