{"P16862": {"Enrichment": 0.05653886922261555, "Depletion": 0.9434811303773925, "two-tailed": 0.1130777384452311}}