{"P16862": {"Enrichment": 0.05549889002219956, "Depletion": 0.9445211095778084, "two-tailed": 0.11099778004439911}}