{"P16892": {"Enrichment": 0.7146657066858663, "Depletion": 0.2853542929141417, "two-tailed": 0.5707085858282834}}