{"P16861": {"Enrichment": 0.49121017579648407, "Depletion": 0.5088098238035239, "two-tailed": 0.9824203515929681}}