{"P17157": {"Enrichment": 0.03487930241395172, "Depletion": 0.9651406971860563, "two-tailed": 0.06975860482790344}}