{"P17157": {"Enrichment": 0.07725845483090338, "Depletion": 0.9227615447691047, "two-tailed": 0.15451690966180676}}