{"P17157": {"Enrichment": 0.07823843523129538, "Depletion": 0.9217815643687126, "two-tailed": 0.15647687046259076}}