{"P19146": {"Enrichment": 0.3237935241295174, "Depletion": 0.6762264754704906, "two-tailed": 0.6475870482590348}}