{"P19146": {"Enrichment": 0.3321933561328773, "Depletion": 0.6678266434671306, "two-tailed": 0.6643867122657546}}