{"P20051": {"Enrichment": 0.4335513289734205, "Depletion": 0.5664686706265875, "two-tailed": 0.867102657946841}}