{"P20051": {"Enrichment": 0.3386332273354533, "Depletion": 0.6613867722645547, "two-tailed": 0.6772664546709066}}