{"P20081": {"Enrichment": 0.5769284614307714, "Depletion": 0.4230915381692366, "two-tailed": 0.8461830763384732}}