{"P20449": {"Enrichment": 0.8264234715305694, "Depletion": 0.17359652806943862, "two-tailed": 0.34719305613887724}}