{"P21375": {"Enrichment": 0.0050198996020079595, "Depletion": 0.995000099998, "two-tailed": 0.010039799204015919}}