{"P21524": {"Enrichment": 0.7766244675106498, "Depletion": 0.22339553208935822, "two-tailed": 0.44679106417871645}}