{"P21524": {"Enrichment": 0.612807743845123, "Depletion": 0.3872122557548849, "two-tailed": 0.7744245115097698}}