{"P21825": {"Enrichment": 0.45379092418151634, "Depletion": 0.5462290754184916, "two-tailed": 0.9075818483630327}}