{"P21954": {"Enrichment": 0.23923521529569408, "Depletion": 0.760784784304314, "two-tailed": 0.47847043059138816}}