{"P21951": {"Enrichment": 0.39489210215795684, "Depletion": 0.6051278974420512, "two-tailed": 0.7897842043159137}}