{"P21954": {"Enrichment": 0.16857662846743066, "Depletion": 0.8314433711325774, "two-tailed": 0.3371532569348613}}