{"P22138": {"Enrichment": 0.13363732725345492, "Depletion": 0.8663826723465531, "two-tailed": 0.26727465450690985}}