{"P22336": {"Enrichment": 0.00493990120197596, "Depletion": 0.995080098398032, "two-tailed": 0.00987980240395192}}