{"P22515": {"Enrichment": 0.04895902081958361, "Depletion": 0.9510609787804244, "two-tailed": 0.09791804163916722}}