{"P23291": {"Enrichment": 0.9490410191796164, "Depletion": 0.05097898042039159, "two-tailed": 0.10195796084078318}}