{"P23394": {"Enrichment": 0.4260314793704126, "Depletion": 0.5739885202295955, "two-tailed": 0.8520629587408252}}