{"P23542": {"Enrichment": 0.36843263134737303, "Depletion": 0.631587368252635, "two-tailed": 0.7368652626947461}}