{"P23776": {"Enrichment": 0.5959680806383872, "Depletion": 0.4040519189616208, "two-tailed": 0.8081038379232416}}