{"P25043": {"Enrichment": 0.4559708805823883, "Depletion": 0.5440491190176197, "two-tailed": 0.9119417611647767}}