{"P25043": {"Enrichment": 0.45365092698146037, "Depletion": 0.5463690726185476, "two-tailed": 0.9073018539629207}}