{"P25373": {"Enrichment": 0.25701485970280596, "Depletion": 0.7430051398972021, "two-tailed": 0.5140297194056119}}