{"P25373": {"Enrichment": 0.2630747385052299, "Depletion": 0.7369452610947781, "two-tailed": 0.5261494770104598}}