{"P25389": {"Enrichment": 0.5435691286174277, "Depletion": 0.45645087098258036, "two-tailed": 0.9129017419651607}}