{"P25627": {"Enrichment": 0.8607627847443051, "Depletion": 0.1392572148557029, "two-tailed": 0.2785144297114058}}