{"P26449": {"Enrichment": 0.35571288574228516, "Depletion": 0.6443071138577229, "two-tailed": 0.7114257714845703}}