{"P27796": {"Enrichment": 0.7215255694886102, "Depletion": 0.2784944301113978, "two-tailed": 0.5569888602227956}}