{"P27809": {"Enrichment": 0.20875582488350233, "Depletion": 0.7912641747165057, "two-tailed": 0.41751164976700467}}