{"P27809": {"Enrichment": 0.5997680046399072, "Depletion": 0.4002519949601008, "two-tailed": 0.8005039899202016}}