{"P28321": {"Enrichment": 0.1503769924601508, "Depletion": 0.8496430071398572, "two-tailed": 0.3007539849203016}}