{"P29029": {"Enrichment": 0.3049139017219656, "Depletion": 0.6951060978780425, "two-tailed": 0.6098278034439312}}