{"P29029": {"Enrichment": 0.3100537989240215, "Depletion": 0.6899662006759865, "two-tailed": 0.620107597848043}}