{"P29468": {"Enrichment": 0.9133817323653527, "Depletion": 0.0866382672346553, "two-tailed": 0.1732765344693106}}