{"P29468": {"Enrichment": 0.9136617267654646, "Depletion": 0.08635827283454331, "two-tailed": 0.17271654566908662}}