{"P29509": {"Enrichment": 0.5750684986300274, "Depletion": 0.4249515009699806, "two-tailed": 0.8499030019399612}}