{"P29509": {"Enrichment": 0.4605907881842363, "Depletion": 0.5394292114157717, "two-tailed": 0.9211815763684726}}