{"P30771": {"Enrichment": 0.023519529609407813, "Depletion": 0.9765004699906001, "two-tailed": 0.047039059218815626}}