{"P31412": {"Enrichment": 0.4118317633647327, "Depletion": 0.5881882362352753, "two-tailed": 0.8236635267294654}}