{"P31412": {"Enrichment": 0.35773284534309313, "Depletion": 0.6422871542569148, "two-tailed": 0.7154656906861863}}