{"P32179": {"Enrichment": 0.20829583408331834, "Depletion": 0.7917241655166897, "two-tailed": 0.4165916681666367}}