{"P32178": {"Enrichment": 0.8100437991240175, "Depletion": 0.18997620047599048, "two-tailed": 0.37995240095198096}}