{"P32288": {"Enrichment": 0.3380532389352213, "Depletion": 0.6619667606647867, "two-tailed": 0.6761064778704426}}