{"P32356": {"Enrichment": 0.9469410611787764, "Depletion": 0.053078938421231577, "two-tailed": 0.10615787684246315}}