{"P32340": {"Enrichment": 0.00023999520009599807, "Depletion": 0.999780004399912, "two-tailed": 0.00047999040019199615}}