{"P32356": {"Enrichment": 0.9478010439791205, "Depletion": 0.05221895562088758, "two-tailed": 0.10443791124177516}}