{"P32449": {"Enrichment": 0.7220855582888343, "Depletion": 0.2779344413111738, "two-tailed": 0.5558688826223476}}