{"P32477": {"Enrichment": 0.03619927601447971, "Depletion": 0.9638207235855283, "two-tailed": 0.07239855202895942}}