{"P32419": {"Enrichment": 0.4095318093638127, "Depletion": 0.5904881902361953, "two-tailed": 0.8190636187276255}}