{"P32582": {"Enrichment": 0.6319473610527789, "Depletion": 0.36807263854722905, "two-tailed": 0.7361452770944581}}