{"P32589": {"Enrichment": 0.5902081958360833, "Depletion": 0.40981180376392473, "two-tailed": 0.8196236075278495}}