{"P32656": {"Enrichment": 0.18995620087598247, "Depletion": 0.8100637987240256, "two-tailed": 0.37991240175196495}}