{"P32660": {"Enrichment": 0.9303013939721205, "Depletion": 0.06971860562788744, "two-tailed": 0.13943721125577488}}