{"P32643": {"Enrichment": 0.059518809623807525, "Depletion": 0.9405011899762005, "two-tailed": 0.11903761924761505}}