{"P32656": {"Enrichment": 0.14367712645747086, "Depletion": 0.8563428731425371, "two-tailed": 0.2873542529149417}}