{"P32656": {"Enrichment": 0.14519709605807885, "Depletion": 0.8548229035419291, "two-tailed": 0.2903941921161577}}