{"P32768": {"Enrichment": 0.8840023199536009, "Depletion": 0.11601767964640707, "two-tailed": 0.23203535929281413}}