{"P32835": {"Enrichment": 0.5352892942141158, "Depletion": 0.4647307053858923, "two-tailed": 0.9294614107717846}}