{"P32939": {"Enrichment": 0.2000959980800384, "Depletion": 0.7999240015199696, "two-tailed": 0.4001919961600768}}