{"P32939": {"Enrichment": 0.28555428891422174, "Depletion": 0.7144657106857862, "two-tailed": 0.5711085778284435}}