{"P32914": {"Enrichment": 0.22799544009119818, "Depletion": 0.7720245595088098, "two-tailed": 0.45599088018239636}}