{"P33317": {"Enrichment": 0.29043419131617365, "Depletion": 0.7095858082838343, "two-tailed": 0.5808683826323473}}