{"P34162": {"Enrichment": 0.43937121257574846, "Depletion": 0.5606487870242595, "two-tailed": 0.8787424251514969}}