{"P34162": {"Enrichment": 0.1899362012759745, "Depletion": 0.8100837983240335, "two-tailed": 0.379872402551949}}