{"P34760": {"Enrichment": 0.5116697666046679, "Depletion": 0.4883502329953401, "two-tailed": 0.9767004659906802}}