{"P34760": {"Enrichment": 0.501669966600668, "Depletion": 0.49835003299934, "two-tailed": 0.99670006599868}}