{"P35195": {"Enrichment": 0.08953820923581528, "Depletion": 0.9104817903641927, "two-tailed": 0.17907641847163056}}