{"P35195": {"Enrichment": 0.09309813803723925, "Depletion": 0.9069218615627688, "two-tailed": 0.1861962760744785}}