{"P35202": {"Enrichment": 0.6573068538629228, "Depletion": 0.3427131457370853, "two-tailed": 0.6854262914741706}}