{"P35201": {"Enrichment": 0.9939801203975921, "Depletion": 0.006039879202415952, "two-tailed": 0.012079758404831904}}