{"P36006": {"Enrichment": 0.7452850942981141, "Depletion": 0.25473490530189397, "two-tailed": 0.5094698106037879}}