{"P36017": {"Enrichment": 0.3848923021539569, "Depletion": 0.6151276974460511, "two-tailed": 0.7697846043079138}}