{"P36151": {"Enrichment": 0.6596268074638507, "Depletion": 0.34039319213615726, "two-tailed": 0.6807863842723145}}