{"P36144": {"Enrichment": 0.625427491450171, "Depletion": 0.374592508149837, "two-tailed": 0.749185016299674}}