{"P36136": {"Enrichment": 0.991540169196616, "Depletion": 0.008479830403391932, "two-tailed": 0.016959660806783863}}