{"P36136": {"Enrichment": 0.9145617087658247, "Depletion": 0.08545829083418331, "two-tailed": 0.17091658166836662}}