{"P36136": {"Enrichment": 0.868922621547569, "Depletion": 0.13109737805243896, "two-tailed": 0.2621947561048779}}