{"P38075": {"Enrichment": 0.5252894942101158, "Depletion": 0.4747305053898922, "two-tailed": 0.9494610107797844}}