{"P38121": {"Enrichment": 0.2761144777104458, "Depletion": 0.7239055218895623, "two-tailed": 0.5522289554208916}}