{"P38131": {"Enrichment": 0.9677606447871042, "Depletion": 0.03225935481290374, "two-tailed": 0.06451870962580748}}