{"P38115": {"Enrichment": 0.004259914801703966, "Depletion": 0.995760084798304, "two-tailed": 0.008519829603407933}}