{"P38121": {"Enrichment": 0.6620267594648107, "Depletion": 0.33799324013519727, "two-tailed": 0.6759864802703945}}