{"P38169": {"Enrichment": 0.01001979960400792, "Depletion": 0.9900001999960001, "two-tailed": 0.02003959920801584}}