{"P38247": {"Enrichment": 0.8540629187416252, "Depletion": 0.14595708085838283, "two-tailed": 0.29191416171676565}}