{"P38636": {"Enrichment": 0.4244515109697806, "Depletion": 0.5755684886302274, "two-tailed": 0.8489030219395612}}