{"P38629": {"Enrichment": 0.505209895802084, "Depletion": 0.49481010379792406, "two-tailed": 0.9896202075958481}}