{"P38624": {"Enrichment": 0.248515029699406, "Depletion": 0.751504969900602, "two-tailed": 0.497030059398812}}