{"P38624": {"Enrichment": 0.250414991700166, "Depletion": 0.749605007899842, "two-tailed": 0.500829983400332}}