{"P38630": {"Enrichment": 0.9519609607807844, "Depletion": 0.04805903881922362, "two-tailed": 0.09611807763844724}}