{"P38720": {"Enrichment": 0.2371352572948541, "Depletion": 0.7628847423051539, "two-tailed": 0.4742705145897082}}