{"P38720": {"Enrichment": 0.3981320373592528, "Depletion": 0.6018879622407551, "two-tailed": 0.7962640747185056}}