{"P38720": {"Enrichment": 0.2766744665106698, "Depletion": 0.7233455330893382, "two-tailed": 0.5533489330213396}}