{"P38760": {"Enrichment": 0.8594028119437611, "Depletion": 0.14061718765624687, "two-tailed": 0.28123437531249373}}