{"P38768": {"Enrichment": 0.997460050798984, "Depletion": 0.0025599488010239796, "two-tailed": 0.005119897602047959}}