{"P38825": {"Enrichment": 0.6044279114417712, "Depletion": 0.3955920881582368, "two-tailed": 0.7911841763164736}}