{"P38800": {"Enrichment": 0.5059698806023879, "Depletion": 0.49405011899762, "two-tailed": 0.98810023799524}}