{"P38894": {"Enrichment": 0.9507009859802804, "Depletion": 0.049319013619727604, "two-tailed": 0.09863802723945521}}