{"P38825": {"Enrichment": 0.6049679006419871, "Depletion": 0.39505209895802085, "two-tailed": 0.7901041979160417}}