{"P38993": {"Enrichment": 0.8889622207555848, "Depletion": 0.11105777884442311, "two-tailed": 0.22211555768884622}}