{"P38998": {"Enrichment": 0.7196856062878743, "Depletion": 0.2803343933121338, "two-tailed": 0.5606687866242676}}