{"P38920": {"Enrichment": 0.47721045579088417, "Depletion": 0.5228095438091238, "two-tailed": 0.9544209115817683}}