{"P38998": {"Enrichment": 0.745085098298034, "Depletion": 0.25493490130197394, "two-tailed": 0.5098698026039479}}