{"P38989": {"Enrichment": 0.48143037139257217, "Depletion": 0.5185896282074358, "two-tailed": 0.9628607427851443}}