{"P38989": {"Enrichment": 0.47933041339173216, "Depletion": 0.5206895862082759, "two-tailed": 0.9586608267834643}}