{"P39076": {"Enrichment": 0.999240015199696, "Depletion": 0.0007799844003119938, "two-tailed": 0.0015599688006239876}}