{"P39077": {"Enrichment": 0.994540109197816, "Depletion": 0.005479890402191956, "two-tailed": 0.010959780804383912}}