{"P39079": {"Enrichment": 0.9857202855942881, "Depletion": 0.014299714005719886, "two-tailed": 0.028599428011439772}}