{"P39077": {"Enrichment": 0.995080098398032, "Depletion": 0.00493990120197596, "two-tailed": 0.00987980240395192}}