{"P39078": {"Enrichment": 0.998840023199536, "Depletion": 0.0011799764004719905, "two-tailed": 0.002359952800943981}}