{"P39076": {"Enrichment": 0.99520009599808, "Depletion": 0.004819903601927962, "two-tailed": 0.009639807203855924}}