{"P39107": {"Enrichment": 0.3233135337293254, "Depletion": 0.6767064658706826, "two-tailed": 0.6466270674586508}}