{"P39524": {"Enrichment": 0.9579408411831764, "Depletion": 0.042079158416831665, "two-tailed": 0.08415831683366333}}