{"P39683": {"Enrichment": 0.10781784364312713, "Depletion": 0.8922021559568809, "two-tailed": 0.21563568728625426}}