{"P40011": {"Enrichment": 0.8238635227295454, "Depletion": 0.1761564768704626, "two-tailed": 0.3523129537409252}}