{"P40011": {"Enrichment": 0.8187636247275054, "Depletion": 0.18125637487250254, "two-tailed": 0.3625127497450051}}