{"P40029": {"Enrichment": 0.6971060578788424, "Depletion": 0.3029139417211656, "two-tailed": 0.6058278834423312}}