{"P40165": {"Enrichment": 0.8063638727225455, "Depletion": 0.19365612687746245, "two-tailed": 0.3873122537549249}}