{"P40165": {"Enrichment": 0.9059818803623928, "Depletion": 0.09403811923761525, "two-tailed": 0.1880762384752305}}