{"P40202": {"Enrichment": 0.9058818823623528, "Depletion": 0.09413811723765525, "two-tailed": 0.1882762344753105}}