{"P40347": {"Enrichment": 0.006839863202735945, "Depletion": 0.9931801363972721, "two-tailed": 0.01367972640547189}}