{"P40348": {"Enrichment": 0.5351692966140678, "Depletion": 0.4648507029859403, "two-tailed": 0.9297014059718806}}