{"P40339": {"Enrichment": 0.2110557788844223, "Depletion": 0.7889642207155857, "two-tailed": 0.4221115577688446}}