{"P40347": {"Enrichment": 0.02863942721145577, "Depletion": 0.9713805723885522, "two-tailed": 0.05727885442291154}}