{"P40460": {"Enrichment": 0.17725645487090258, "Depletion": 0.8227635447291054, "two-tailed": 0.35451290974180516}}