{"P40454": {"Enrichment": 0.8039639207215856, "Depletion": 0.19605607887842244, "two-tailed": 0.3921121577568449}}