{"P40454": {"Enrichment": 0.8061638767224656, "Depletion": 0.19385612287754245, "two-tailed": 0.3877122457550849}}