{"P40506": {"Enrichment": 0.39471210575788485, "Depletion": 0.6053078938421231, "two-tailed": 0.7894242115157697}}