{"P40554": {"Enrichment": 0.4414511709765805, "Depletion": 0.5585688286234275, "two-tailed": 0.882902341953161}}