{"P40893": {"Enrichment": 0.994940101197976, "Depletion": 0.005079898402031959, "two-tailed": 0.010159796804063918}}