{"P41277": {"Enrichment": 0.6773064538709226, "Depletion": 0.3227135457290854, "two-tailed": 0.6454270914581708}}