{"P41921": {"Enrichment": 0.9611207775844484, "Depletion": 0.03889922201555969, "two-tailed": 0.07779844403111938}}