{"P41921": {"Enrichment": 0.9607607847843043, "Depletion": 0.039259214815703686, "two-tailed": 0.07851842963140737}}