{"P42838": {"Enrichment": 0.373252534949301, "Depletion": 0.626767464650707, "two-tailed": 0.746505069898602}}