{"P42938": {"Enrichment": 0.24773504529909401, "Depletion": 0.752284954300914, "two-tailed": 0.49547009059818803}}