{"P42943": {"Enrichment": 0.9904401911961761, "Depletion": 0.009579808403831923, "two-tailed": 0.019159616807663846}}