{"P42943": {"Enrichment": 0.989940201195976, "Depletion": 0.01007979840403192, "two-tailed": 0.02015959680806384}}