{"P43534": {"Enrichment": 0.3284734305313894, "Depletion": 0.6715465690686186, "two-tailed": 0.6569468610627788}}