{"P43534": {"Enrichment": 0.13173736525269494, "Depletion": 0.868282634347313, "two-tailed": 0.2634747305053899}}