{"P43616": {"Enrichment": 0.21081578368432632, "Depletion": 0.7892042159156817, "two-tailed": 0.42163156736865265}}