{"P43616": {"Enrichment": 0.18261634767304655, "Depletion": 0.8174036519269614, "two-tailed": 0.3652326953460931}}