{"P46948": {"Enrichment": 0.7233055338893222, "Depletion": 0.2767144657106858, "two-tailed": 0.5534289314213716}}