{"P46948": {"Enrichment": 0.7178456430871383, "Depletion": 0.28217435651286976, "two-tailed": 0.5643487130257395}}