{"P47047": {"Enrichment": 0.9858802823943521, "Depletion": 0.014139717205655888, "two-tailed": 0.028279434411311775}}