{"P47079": {"Enrichment": 0.997780044399112, "Depletion": 0.002239955200895982, "two-tailed": 0.004479910401791964}}