{"P48362": {"Enrichment": 0.3352932941341173, "Depletion": 0.6647267054658906, "two-tailed": 0.6705865882682346}}