{"P50102": {"Enrichment": 0.46555068898622026, "Depletion": 0.5344693106137878, "two-tailed": 0.9311013779724405}}