{"P50264": {"Enrichment": 0.00019998000199980003, "Depletion": 0.9999000099990001, "two-tailed": 0.00039996000399960006}}