{"P50874": {"Enrichment": 0.3617527649447011, "Depletion": 0.6382672346553069, "two-tailed": 0.7235055298894022}}