{"P50861": {"Enrichment": 0.9502409951800964, "Depletion": 0.0497790044199116, "two-tailed": 0.0995580088398232}}