{"P50861": {"Enrichment": 0.9070618587628247, "Depletion": 0.09295814083718326, "two-tailed": 0.18591628167436652}}