{"P51996": {"Enrichment": 0.6385272294554108, "Depletion": 0.36149277014459713, "two-tailed": 0.7229855402891943}}