{"P51996": {"Enrichment": 0.5907881842363153, "Depletion": 0.40923181536369274, "two-tailed": 0.8184636307273855}}