{"P53043": {"Enrichment": 0.2102357952840943, "Depletion": 0.7897842043159137, "two-tailed": 0.4204715905681886}}