{"P53090": {"Enrichment": 0.7791444171116577, "Depletion": 0.22087558248835024, "two-tailed": 0.44175116497670047}}