{"P53008": {"Enrichment": 0.46913061738765227, "Depletion": 0.5308893822123557, "two-tailed": 0.9382612347753045}}