{"P53131": {"Enrichment": 0.5669686606267874, "Depletion": 0.4330513389732205, "two-tailed": 0.866102677946441}}