{"P53131": {"Enrichment": 0.5947081058378832, "Depletion": 0.40531189376212473, "two-tailed": 0.8106237875242495}}