{"P53254": {"Enrichment": 0.29595408091838166, "Depletion": 0.7040659186816264, "two-tailed": 0.5919081618367633}}