{"P53256": {"Enrichment": 0.1621767564648707, "Depletion": 0.8378432431351373, "two-tailed": 0.3243535129297414}}