{"P53215": {"Enrichment": 0.7595448091038179, "Depletion": 0.24047519049619007, "two-tailed": 0.48095038099238013}}