{"P53617": {"Enrichment": 0.014519709605807883, "Depletion": 0.9855002899942001, "two-tailed": 0.029039419211615767}}