{"P53686": {"Enrichment": 0.8561028779424411, "Depletion": 0.14391712165756684, "two-tailed": 0.2878342433151337}}