{"P53686": {"Enrichment": 0.7727845443091138, "Depletion": 0.22723545529089417, "two-tailed": 0.45447091058178835}}