{"P53848": {"Enrichment": 0.02639947201055979, "Depletion": 0.9736205275894482, "two-tailed": 0.05279894402111958}}