{"P53848": {"Enrichment": 0.6910261794764104, "Depletion": 0.30899382012359755, "two-tailed": 0.6179876402471951}}