{"P53929": {"Enrichment": 0.0753584928301434, "Depletion": 0.9246615067698646, "two-tailed": 0.1507169856602868}}