{"P53927": {"Enrichment": 0.627887442251155, "Depletion": 0.37213255734885303, "two-tailed": 0.7442651146977061}}