{"P53934": {"Enrichment": 0.20701585968280634, "Depletion": 0.7930041399172016, "two-tailed": 0.41403171936561267}}