{"P53965": {"Enrichment": 0.45229095418091636, "Depletion": 0.5477290454190916, "two-tailed": 0.9045819083618327}}