{"P53965": {"Enrichment": 0.37807243855122896, "Depletion": 0.621947561048779, "two-tailed": 0.7561448771024579}}