{"P54860": {"Enrichment": 0.2023759524809504, "Depletion": 0.7976440471190576, "two-tailed": 0.4047519049619008}}