{"P54860": {"Enrichment": 0.20545589088218236, "Depletion": 0.7945641087178257, "two-tailed": 0.4109117817643647}}