{"P60010": {"Enrichment": 0.2868942621147577, "Depletion": 0.7131257374852503, "two-tailed": 0.5737885242295154}}