{"P60010": {"Enrichment": 0.2860542789144217, "Depletion": 0.7139657206855863, "two-tailed": 0.5721085578288434}}