{"P80428": {"Enrichment": 0.03675926481470371, "Depletion": 0.9632607347853043, "two-tailed": 0.07351852962940741}}