{"Q01217": {"Enrichment": 0.2765544689106218, "Depletion": 0.7234655306893862, "two-tailed": 0.5531089378212436}}