{"Q01217": {"Enrichment": 0.2781544369112618, "Depletion": 0.7218655626887462, "two-tailed": 0.5563088738225236}}