{"Q01574": {"Enrichment": 0.8494230115397692, "Depletion": 0.1505969880602388, "two-tailed": 0.3011939761204776}}