{"Q01574": {"Enrichment": 0.7337053258934821, "Depletion": 0.2663146737065259, "two-tailed": 0.5326293474130518}}