{"Q01926": {"Enrichment": 0.24669506609867803, "Depletion": 0.75332493350133, "two-tailed": 0.49339013219735606}}