{"Q02197": {"Enrichment": 0.4377912441751165, "Depletion": 0.5622287554248915, "two-tailed": 0.875582488350233}}