{"Q02197": {"Enrichment": 0.4239115217695646, "Depletion": 0.5761084778304434, "two-tailed": 0.8478230435391292}}