{"Q02206": {"Enrichment": 0.6375672486550269, "Depletion": 0.3624527509449811, "two-tailed": 0.7249055018899622}}