{"Q02784": {"Enrichment": 0.35799284014319716, "Depletion": 0.6420271594568109, "two-tailed": 0.7159856802863943}}