{"Q02890": {"Enrichment": 0.24757504849903003, "Depletion": 0.752444951100978, "two-tailed": 0.49515009699806006}}