{"Q02890": {"Enrichment": 0.24665506689866204, "Depletion": 0.753364932701346, "two-tailed": 0.4933101337973241}}