{"Q02890": {"Enrichment": 0.24487510249795005, "Depletion": 0.755144897102058, "two-tailed": 0.4897502049959001}}