{"Q03036": {"Enrichment": 0.48373032539349214, "Depletion": 0.5162896742065158, "two-tailed": 0.9674606507869843}}