{"Q03034": {"Enrichment": 0.1489770204595908, "Depletion": 0.8510429791404172, "two-tailed": 0.2979540409191816}}