{"Q03036": {"Enrichment": 0.4884902301953961, "Depletion": 0.5115297694046119, "two-tailed": 0.9769804603907922}}