{"Q03161": {"Enrichment": 0.6191676166476671, "Depletion": 0.380852382952341, "two-tailed": 0.761704765904682}}