{"Q03195": {"Enrichment": 0.4610107797844043, "Depletion": 0.5390092198156037, "two-tailed": 0.9220215595688086}}