{"Q03103": {"Enrichment": 0.7216655666886662, "Depletion": 0.27835443291134176, "two-tailed": 0.5567088658226835}}