{"Q03148": {"Enrichment": 0.7719845603087938, "Depletion": 0.22803543929121417, "two-tailed": 0.45607087858242834}}