{"Q03103": {"Enrichment": 0.7589848203035939, "Depletion": 0.24103517929641408, "two-tailed": 0.48207035859282815}}