{"Q03161": {"Enrichment": 0.4896902061958761, "Depletion": 0.5103297934041319, "two-tailed": 0.9793804123917522}}