{"Q03338": {"Enrichment": 0.9686206275874483, "Depletion": 0.03139937201255975, "two-tailed": 0.0627987440251195}}