{"Q03338": {"Enrichment": 0.9978800423991521, "Depletion": 0.002139957200855983, "two-tailed": 0.004279914401711966}}