{"Q03557": {"Enrichment": 0.004099918001639967, "Depletion": 0.995920081598368, "two-tailed": 0.008199836003279934}}