{"Q03629": {"Enrichment": 0.028039439211215777, "Depletion": 0.9719805603887922, "two-tailed": 0.056078878422431554}}