{"Q03723": {"Enrichment": 0.9287414251714966, "Depletion": 0.07127857442851143, "two-tailed": 0.14255714885702286}}