{"Q03705": {"Enrichment": 0.012819743605127897, "Depletion": 0.9872002559948801, "two-tailed": 0.025639487210255794}}