{"Q03835": {"Enrichment": 0.5207095858082839, "Depletion": 0.4793104137917242, "two-tailed": 0.9586208275834484}}