{"Q03835": {"Enrichment": 0.5176896462070758, "Depletion": 0.4823303533929321, "two-tailed": 0.9646607067858642}}