{"Q03957": {"Enrichment": 0.9042219155616887, "Depletion": 0.09579808403831923, "two-tailed": 0.19159616807663846}}