{"Q03957": {"Enrichment": 0.9055418891622168, "Depletion": 0.09447811043779124, "two-tailed": 0.18895622087558248}}