{"Q04049": {"Enrichment": 0.3344733105337893, "Depletion": 0.6655466890662187, "two-tailed": 0.6689466210675786}}