{"Q04049": {"Enrichment": 0.3269334613307734, "Depletion": 0.6730865382692346, "two-tailed": 0.6538669226615468}}