{"Q04178": {"Enrichment": 0.00747985040299194, "Depletion": 0.992540149197016, "two-tailed": 0.01495970080598388}}