{"Q04371": {"Enrichment": 0.4025719485610288, "Depletion": 0.5974480510389792, "two-tailed": 0.8051438971220576}}