{"Q04437": {"Enrichment": 0.9780404391912162, "Depletion": 0.021979560408791825, "two-tailed": 0.04395912081758365}}