{"Q04437": {"Enrichment": 0.9791204175916481, "Depletion": 0.020899582008359834, "two-tailed": 0.04179916401671967}}