{"Q05016": {"Enrichment": 0.619087618247635, "Depletion": 0.38093238135237295, "two-tailed": 0.7618647627047459}}