{"Q05016": {"Enrichment": 0.1121377572448551, "Depletion": 0.8878822423551529, "two-tailed": 0.2242755144897102}}