{"Q05016": {"Enrichment": 0.6176876462470751, "Depletion": 0.3823323533529329, "two-tailed": 0.7646647067058658}}