{"Q05506": {"Enrichment": 0.14025719485610288, "Depletion": 0.8597628047439051, "two-tailed": 0.28051438971220577}}