{"Q05506": {"Enrichment": 0.08639827203455931, "Depletion": 0.9136217275654487, "two-tailed": 0.17279654406911862}}