{"Q05636": {"Enrichment": 0.005759884802303954, "Depletion": 0.994260114797704, "two-tailed": 0.011519769604607908}}