{"Q06078": {"Enrichment": 0.08923821523569529, "Depletion": 0.9107817843643127, "two-tailed": 0.17847643047139058}}