{"Q06151": {"Enrichment": 0.022059558808823824, "Depletion": 0.9779604407911842, "two-tailed": 0.04411911761764765}}