{"Q06151": {"Enrichment": 0.25595488090238194, "Depletion": 0.744065118697626, "two-tailed": 0.5119097618047639}}