{"Q06390": {"Enrichment": 0.8323033539329213, "Depletion": 0.16771664566708666, "two-tailed": 0.3354332913341733}}