{"Q06321": {"Enrichment": 0.08103837923241536, "Depletion": 0.9189816203675927, "two-tailed": 0.16207675846483072}}