{"Q06488": {"Enrichment": 0.8414031719365612, "Depletion": 0.15861682766344673, "two-tailed": 0.31723365532689346}}