{"Q06696": {"Enrichment": 0.5803883922321553, "Depletion": 0.41963160736785265, "two-tailed": 0.8392632147357053}}