{"Q07381": {"Enrichment": 0.24253514929701406, "Depletion": 0.757484850302994, "two-tailed": 0.4850702985940281}}