{"Q07478": {"Enrichment": 0.8849223015539689, "Depletion": 0.11509769804603907, "two-tailed": 0.23019539609207815}}