{"Q07794": {"Enrichment": 0.7213655726885462, "Depletion": 0.27865442691146175, "two-tailed": 0.5573088538229235}}