{"Q07729": {"Enrichment": 0.7644847103057939, "Depletion": 0.2355352892942141, "two-tailed": 0.4710705785884282}}