{"Q07729": {"Enrichment": 0.7647847043059138, "Depletion": 0.23523529529409412, "two-tailed": 0.47047059058818824}}