{"Q08224": {"Enrichment": 0.6100477990440191, "Depletion": 0.38997220055598886, "two-tailed": 0.7799444011119777}}