{"Q08282": {"Enrichment": 0.033119337613247736, "Depletion": 0.9669006619867603, "two-tailed": 0.06623867522649547}}