{"Q08282": {"Enrichment": 0.02901941961160777, "Depletion": 0.9710005799884003, "two-tailed": 0.05803883922321554}}