{"Q08285": {"Enrichment": 0.3427131457370853, "Depletion": 0.6573068538629228, "two-tailed": 0.6854262914741706}}