{"Q08491": {"Enrichment": 0.8194636107277854, "Depletion": 0.18055638887222256, "two-tailed": 0.3611127777444451}}