{"Q08491": {"Enrichment": 0.4374712505749885, "Depletion": 0.5625487490250195, "two-tailed": 0.874942501149977}}