{"Q08686": {"Enrichment": 0.9432211355772885, "Depletion": 0.056798864022719546, "two-tailed": 0.11359772804543909}}