{"Q08685": {"Enrichment": 0.9792004159916802, "Depletion": 0.020819583608327835, "two-tailed": 0.04163916721665567}}