{"Q08685": {"Enrichment": 0.9852202955940881, "Depletion": 0.014799704005919881, "two-tailed": 0.029599408011839762}}