{"Q08924": {"Enrichment": 0.6989860202795944, "Depletion": 0.3010339793204136, "two-tailed": 0.6020679586408272}}