{"Q08924": {"Enrichment": 0.6978060438791224, "Depletion": 0.3022139557208856, "two-tailed": 0.6044279114417712}}