{"Q08914": {"Enrichment": 0.5432691346173076, "Depletion": 0.45675086498270034, "two-tailed": 0.9135017299654007}}