{"Q10740": {"Enrichment": 0.46755064898702026, "Depletion": 0.5324693506129877, "two-tailed": 0.9351012979740405}}