{"Q12009": {"Enrichment": 0.623027539449211, "Depletion": 0.37699246015079696, "two-tailed": 0.7539849203015939}}