{"Q12009": {"Enrichment": 0.6191476170476591, "Depletion": 0.38087238255234895, "two-tailed": 0.7617447651046979}}