{"Q12154": {"Enrichment": 0.755544889102218, "Depletion": 0.24447511049779005, "two-tailed": 0.4889502209955801}}