{"Q12109": {"Enrichment": 0.030919381612367753, "Depletion": 0.9691006179876402, "two-tailed": 0.061838763224735506}}