{"Q12178": {"Enrichment": 0.15685686286274275, "Depletion": 0.8431631367372653, "two-tailed": 0.3137137257254855}}