{"Q12178": {"Enrichment": 0.15637687246255075, "Depletion": 0.8436431271374573, "two-tailed": 0.3127537449251015}}