{"Q12178": {"Enrichment": 0.1610367792644147, "Depletion": 0.8389832203355932, "two-tailed": 0.3220735585288294}}