{"Q12154": {"Enrichment": 0.74432511349773, "Depletion": 0.255694886102278, "two-tailed": 0.511389772204556}}