{"Q12277": {"Enrichment": 0.4595908081838363, "Depletion": 0.5404291914161716, "two-tailed": 0.9191816163676726}}