{"Q12267": {"Enrichment": 0.45393092138157237, "Depletion": 0.5460890782184357, "two-tailed": 0.9078618427631447}}