{"Q12386": {"Enrichment": 0.34515309693806123, "Depletion": 0.6548669026619468, "two-tailed": 0.6903061938761225}}