{"Q12305": {"Enrichment": 0.3487730245395092, "Depletion": 0.6512469750604988, "two-tailed": 0.6975460490790184}}