{"Q12386": {"Enrichment": 0.9698006039879202, "Depletion": 0.03021939561208776, "two-tailed": 0.06043879122417552}}