{"Q12396": {"Enrichment": 0.44805103897922044, "Depletion": 0.5519689606207876, "two-tailed": 0.8961020779584409}}