{"Q12400": {"Enrichment": 0.0627387452250955, "Depletion": 0.9372812543749125, "two-tailed": 0.125477490450191}}