{"Q12400": {"Enrichment": 0.0637387252254955, "Depletion": 0.9362812743745125, "two-tailed": 0.127477450450991}}