{"Q12404": {"Enrichment": 0.372312553748925, "Depletion": 0.627707445851083, "two-tailed": 0.74462510749785}}