{"Q12404": {"Enrichment": 0.6943261134777304, "Depletion": 0.30569388612227755, "two-tailed": 0.6113877722445551}}