{"Q12438": {"Enrichment": 0.8203035939281215, "Depletion": 0.17971640567188657, "two-tailed": 0.35943281134377314}}