{"Q3E833": {"Enrichment": 0.7214655706885862, "Depletion": 0.2785544289114218, "two-tailed": 0.5571088578228436}}