{"Q99321": {"Enrichment": 0.47927041459170816, "Depletion": 0.5207495850082998, "two-tailed": 0.9585408291834163}}