{"Q99321": {"Enrichment": 0.5347893042139157, "Depletion": 0.4652306953860923, "two-tailed": 0.9304613907721846}}