{"Q99385": {"Enrichment": 0.5416491670166597, "Depletion": 0.4583708325833483, "two-tailed": 0.9167416651666966}}